============================================================================================== 
Warning! Mixing Conda and module environments may lead to corruption of the
user environment. 
We do not recommend users mixing those two environments unless absolutely
necessary. Note that 
SURF does not provide any support for Conda environment.
For more information, please refer to our software policy page:
https://servicedesk.surf.nl/wiki/display/WIKI/Software+policy+Snellius#SoftwarepolicySnellius-UseofAnacondaandMinicondaenvironmentsonSnellius 

Remember that many packages have already been installed on the system and can
be loaded using 
the 'module load <package__name>' command. If you are uncertain if a package is
already available 
on the system, please use 'module avail' or 'module spider' to search for it.
============================================================================================== 
Loading model Qwen/Qwen3-8B...
GPU memory available: 39.49 GB
`torch_dtype` is deprecated! Use `dtype` instead!
Flash Attention 2 not available (FlashAttention2 has been toggled on, but it cannot be used due to the following error: the package flash_attn seems to be not installed. Please refer to the documentation of https://huggingface.co/docs/transformers/perf_infer_gpu_one#flashattention-2 to install Flash Attention 2.), using default attention
Loading checkpoint shards:   0%|          | 0/5 [00:00<?, ?it/s]Loading checkpoint shards:  20%|██        | 1/5 [00:04<00:17,  4.39s/it]Loading checkpoint shards:  40%|████      | 2/5 [00:08<00:13,  4.38s/it]Loading checkpoint shards:  60%|██████    | 3/5 [00:13<00:08,  4.36s/it]Loading checkpoint shards:  80%|████████  | 4/5 [00:16<00:04,  4.03s/it]Loading checkpoint shards: 100%|██████████| 5/5 [00:17<00:00,  3.06s/it]Loading checkpoint shards: 100%|██████████| 5/5 [00:17<00:00,  3.59s/it]
Model loaded with default attention
Model device: cuda:0
GPU memory allocated: 15.26 GB, reserved: 15.26 GB
Model loaded. Loading tokenizer...
Model Qwen/Qwen3-8B and tokenizer loaded.
alph_0
a b c d e f g h i j k l m n o p q r s t u v w x y z
Problem type: larger_int - 1/20
trial 1 of 10...

=== PROMPT ===

System message: You are able to solve letter-string analogies

User message: Use the following alphabet to complete the pattern.

a b c d e f g h i j k l m n o p q r s t u v w x y z

Note that the alphabet may be in an unfamiliar order. Complete the pattern using this order. Answer with only the final answer and nothing else. Put your final answer between double brackets.

[f g h i] [e g h i]
[k m o q] [


--- TARGET LETTERS ---

['i', 'm', 'o', 'q']
The following generation flags are not valid and may be ignored: ['temperature', 'top_k']. Set `TRANSFORMERS_VERBOSITY=info` for more details.
Full Qwen output: [[k m o q]]
Filtered Qwen output: k m o q
trial 2 of 10...
trial 3 of 10...
trial 4 of 10...
trial 5 of 10...
trial 6 of 10...
trial 7 of 10...
trial 8 of 10...
trial 9 of 10...
trial 10 of 10...
Problem type: longer_targ - 2/20
trial 1 of 10...

=== PROMPT ===

System message: You are able to solve letter-string analogies

User message: Use the following alphabet to complete the pattern.

a b c d e f g h i j k l m n o p q r s t u v w x y z

Note that the alphabet may be in an unfamiliar order. Complete the pattern using this order. Answer with only the final answer and nothing else. Put your final answer between double brackets.

[d e f g] [d e f h]
[c d e f g h i j] [


--- TARGET LETTERS ---

['c', 'd', 'e', 'f', 'g', 'h', 'i', 'k']
Full Qwen output: [ c d e f g h i j k ]
trial 2 of 10...
trial 3 of 10...
trial 4 of 10...
trial 5 of 10...
trial 6 of 10...
trial 7 of 10...
trial 8 of 10...
trial 9 of 10...
trial 10 of 10...
Problem type: group - 3/20
trial 1 of 10...

=== PROMPT ===

System message: You are able to solve letter-string analogies

User message: Use the following alphabet to complete the pattern.

a b c d e f g h i j k l m n o p q r s t u v w x y z

Note that the alphabet may be in an unfamiliar order. Complete the pattern using this order. Answer with only the final answer and nothing else. Put your final answer between double brackets.

[c d e f] [c d e f g]
[d d e e f f g g] [


--- TARGET LETTERS ---

['d', 'd', 'e', 'e', 'f', 'f', 'g', 'g', 'h', 'h']
Full Qwen output: [c d e e f f g g]
trial 2 of 10...
trial 3 of 10...
trial 4 of 10...
trial 5 of 10...
trial 6 of 10...
trial 7 of 10...
trial 8 of 10...
trial 9 of 10...
trial 10 of 10...
Problem type: interleaved - 4/20
trial 1 of 10...

=== PROMPT ===

System message: You are able to solve letter-string analogies

User message: Use the following alphabet to complete the pattern.

a b c d e f g h i j k l m n o p q r s t u v w x y z

Note that the alphabet may be in an unfamiliar order. Complete the pattern using this order. Answer with only the final answer and nothing else. Put your final answer between double brackets.

[q r s t c] [q r s t u]
[p x h x i x j x k x] [


--- TARGET LETTERS ---

['g', 'x', 'h', 'x', 'i', 'x', 'j', 'x', 'k', 'x']
Full Qwen output: [ p x h x i x j x k x ] [ p x h x i x j x k x l ]
trial 2 of 10...
trial 3 of 10...
trial 4 of 10...
trial 5 of 10...
trial 6 of 10...
trial 7 of 10...
trial 8 of 10...
trial 9 of 10...
trial 10 of 10...
Problem type: letter2num - 5/20
trial 1 of 10...

=== PROMPT ===

System message: You are able to solve letter-string analogies

User message: Use the following alphabet to complete the pattern.

a b c d e f g h i j k l m n o p q r s t u v w x y z

Note that the alphabet may be in an unfamiliar order. Complete the pattern using this order. Answer with only the final answer and nothing else. Put your final answer between double brackets.

[k l l m n o] [k l m n o]
[3 4 4 5 6 7] [


--- TARGET LETTERS ---

[np.int64(3), np.int64(4), np.int64(5), np.int64(6), np.int64(7)]
Full Qwen output: [3 4 5 6 7]
trial 2 of 10...
trial 3 of 10...
trial 4 of 10...
trial 5 of 10...
trial 6 of 10...
trial 7 of 10...
trial 8 of 10...
trial 9 of 10...
trial 10 of 10...
Problem type: reverse - 6/20
trial 1 of 10...

=== PROMPT ===

System message: You are able to solve letter-string analogies

User message: Use the following alphabet to complete the pattern.

a b c d e f g h i j k l m n o p q r s t u v w x y z

Note that the alphabet may be in an unfamiliar order. Complete the pattern using this order. Answer with only the final answer and nothing else. Put your final answer between double brackets.

[b c d e e f] [b c d e f]
[h g g f e d] [


--- TARGET LETTERS ---

['h', 'g', 'f', 'e', 'd']
Full Qwen output: [b c d e e f] [b c d e f]  
[h g g f e d] [h g f e]  

[[h g f e]]
Filtered Qwen output: h g f e
trial 2 of 10...
trial 3 of 10...
trial 4 of 10...
trial 5 of 10...
trial 6 of 10...
trial 7 of 10...
trial 8 of 10...
trial 9 of 10...
trial 10 of 10...
Problem type: 2gen_split1 - 7/20
trial 1 of 10...

=== PROMPT ===

System message: You are able to solve letter-string analogies

User message: Use the following alphabet to complete the pattern.

a b c d e f g h i j k l m n o p q r s t u v w x y z

Note that the alphabet may be in an unfamiliar order. Complete the pattern using this order. Answer with only the final answer and nothing else. Put your final answer between double brackets.

[l m n o] [k m n o]
[6 7 8 9 10 11 12 13] [


--- TARGET LETTERS ---

[np.int64(5), np.int64(7), np.int64(8), np.int64(9), np.int64(10), np.int64(11), np.int64(12), np.int64(13)]
Full Qwen output: [5 6 7 8 9 10 11 12]
trial 2 of 10...
trial 3 of 10...
trial 4 of 10...
trial 5 of 10...
trial 6 of 10...
trial 7 of 10...
trial 8 of 10...
trial 9 of 10...
trial 10 of 10...
Problem type: 2gen_split2 - 8/20
trial 1 of 10...

=== PROMPT ===

System message: You are able to solve letter-string analogies

User message: Use the following alphabet to complete the pattern.

a b c d e f g h i j k l m n o p q r s t u v w x y z

Note that the alphabet may be in an unfamiliar order. Complete the pattern using this order. Answer with only the final answer and nothing else. Put your final answer between double brackets.

[e f g h] [e f g i]
[y w u s] [


--- TARGET LETTERS ---

['y', 'w', 'u', 'q']
Full Qwen output: [ y w u r ]
trial 2 of 10...
trial 3 of 10...
trial 4 of 10...
trial 5 of 10...
trial 6 of 10...
trial 7 of 10...
trial 8 of 10...
trial 9 of 10...
trial 10 of 10...
Problem type: 2gen_split3 - 9/20
trial 1 of 10...

=== PROMPT ===

System message: You are able to solve letter-string analogies

User message: Use the following alphabet to complete the pattern.

a b c d e f g h i j k l m n o p q r s t u v w x y z

Note that the alphabet may be in an unfamiliar order. Complete the pattern using this order. Answer with only the final answer and nothing else. Put your final answer between double brackets.

[s t u v c] [s t u v w]
[f x h x c x l x n x] [


--- TARGET LETTERS ---

['f', 'x', 'h', 'x', 'j', 'x', 'l', 'x', 'n', 'x']
Full Qwen output: [ f x h x c x l x n x ] [ f x h x c x l x n x ]
trial 2 of 10...
trial 3 of 10...
trial 4 of 10...
trial 5 of 10...
trial 6 of 10...
trial 7 of 10...
trial 8 of 10...
trial 9 of 10...
trial 10 of 10...
Problem type: 2gen_split4 - 10/20
trial 1 of 10...

=== PROMPT ===

System message: You are able to solve letter-string analogies

User message: Use the following alphabet to complete the pattern.

a b c d e f g h i j k l m n o p q r s t u v w x y z

Note that the alphabet may be in an unfamiliar order. Complete the pattern using this order. Answer with only the final answer and nothing else. Put your final answer between double brackets.

[g h i j] [f h i j]
[13 15 17 19] [


--- TARGET LETTERS ---

[np.int64(11), np.int64(15), np.int64(17), np.int64(19)]
Full Qwen output: [13 15 17 19] [11 15 17 19]
trial 2 of 10...
trial 3 of 10...
trial 4 of 10...
trial 5 of 10...
trial 6 of 10...
trial 7 of 10...
trial 8 of 10...
trial 9 of 10...
trial 10 of 10...
Problem type: 2gen_split5 - 11/20
trial 1 of 10...

=== PROMPT ===

System message: You are able to solve letter-string analogies

User message: Use the following alphabet to complete the pattern.

a b c d e f g h i j k l m n o p q r s t u v w x y z

Note that the alphabet may be in an unfamiliar order. Complete the pattern using this order. Answer with only the final answer and nothing else. Put your final answer between double brackets.

[s t u v] [s t u w]
[11 12 13 14 15 16 17 18] [


--- TARGET LETTERS ---

[np.int64(11), np.int64(12), np.int64(13), np.int64(14), np.int64(15), np.int64(16), np.int64(17), np.int64(19)]
Full Qwen output: [11 12 13 14 15 16 17 18] [11 12 13 14 15 16 17 18]
trial 2 of 10...
trial 3 of 10...
trial 4 of 10...
trial 5 of 10...
trial 6 of 10...
trial 7 of 10...
trial 8 of 10...
trial 9 of 10...
trial 10 of 10...
Problem type: 2gen_split6 - 12/20
trial 1 of 10...

=== PROMPT ===

System message: You are able to solve letter-string analogies

User message: Use the following alphabet to complete the pattern.

a b c d e f g h i j k l m n o p q r s t u v w x y z

Note that the alphabet may be in an unfamiliar order. Complete the pattern using this order. Answer with only the final answer and nothing else. Put your final answer between double brackets.

[m n o p] [m n o q]
[x x w w v v u u] [


--- TARGET LETTERS ---

['x', 'x', 'w', 'w', 'v', 'v', 't', 't']
Full Qwen output: [ x x w w v v t t ]
trial 2 of 10...
trial 3 of 10...
trial 4 of 10...
trial 5 of 10...
trial 6 of 10...
trial 7 of 10...
trial 8 of 10...
trial 9 of 10...
trial 10 of 10...
Problem type: 2gensplit7 - 13/20
trial 1 of 10...

=== PROMPT ===

System message: You are able to solve letter-string analogies

User message: Use the following alphabet to complete the pattern.

a b c d e f g h i j k l m n o p q r s t u v w x y z

Note that the alphabet may be in an unfamiliar order. Complete the pattern using this order. Answer with only the final answer and nothing else. Put your final answer between double brackets.

[h k j i l] [h i j k l]
[f f e e d d b b c c] [


--- TARGET LETTERS ---

['f', 'f', 'e', 'e', 'd', 'd', 'c', 'c', 'b', 'b']
Full Qwen output: [ f f e e d d b b c c ] [ f f e e d d b b c c ]
trial 2 of 10...
trial 3 of 10...
trial 4 of 10...
trial 5 of 10...
trial 6 of 10...
trial 7 of 10...
trial 8 of 10...
trial 9 of 10...
trial 10 of 10...
Problem type: 3gen_split1 - 14/20
trial 1 of 10...

=== PROMPT ===

System message: You are able to solve letter-string analogies

User message: Use the following alphabet to complete the pattern.

a b c d e f g h i j k l m n o p q r s t u v w x y z

Note that the alphabet may be in an unfamiliar order. Complete the pattern using this order. Answer with only the final answer and nothing else. Put your final answer between double brackets.

[v w x y] [u w x y]
[22 0 21 0 20 0 19 0] [


--- TARGET LETTERS ---

[np.int64(23), '0', np.int64(21), '0', np.int64(20), '0', np.int64(19), '0']
Full Qwen output: [22 0 21 0 20 0 19 0] [22 0 21 0 20 0 19 0]
trial 2 of 10...
trial 3 of 10...
trial 4 of 10...
trial 5 of 10...
trial 6 of 10...
trial 7 of 10...
trial 8 of 10...
trial 9 of 10...
trial 10 of 10...
Problem type: 3gen_split2 - 15/20
trial 1 of 10...

=== PROMPT ===

System message: You are able to solve letter-string analogies

User message: Use the following alphabet to complete the pattern.

a b c d e f g h i j k l m n o p q r s t u v w x y z

Note that the alphabet may be in an unfamiliar order. Complete the pattern using this order. Answer with only the final answer and nothing else. Put your final answer between double brackets.

[j m n o p] [l m n o p]
[p p x x e e x x f f x x g g x x h h x x i i x x j j x x k k x x l l x x] [


--- TARGET LETTERS ---

['d', 'd', 'x', 'x', 'e', 'e', 'x', 'x', 'f', 'f', 'x', 'x', 'g', 'g', 'x', 'x', 'h', 'h', 'x', 'x', 'i', 'i', 'x', 'x', 'j', 'j', 'x', 'x', 'k', 'k', 'x', 'x', 'l', 'l', 'x', 'x']
Full Qwen output: [ j m n o p ] [ l m n o p ] [ p p x x e e x x f f x x g g x x h h x x i i x x j j x x k k x x l l x x ] [ m m x x ]
trial 2 of 10...
trial 3 of 10...
trial 4 of 10...
trial 5 of 10...
trial 6 of 10...
trial 7 of 10...
trial 8 of 10...
trial 9 of 10...
trial 10 of 10...
Problem type: 3gen_split3 - 16/20
trial 1 of 10...

=== PROMPT ===

System message: You are able to solve letter-string analogies

User message: Use the following alphabet to complete the pattern.

a b c d e f g h i j k l m n o p q r s t u v w x y z

Note that the alphabet may be in an unfamiliar order. Complete the pattern using this order. Answer with only the final answer and nothing else. Put your final answer between double brackets.

[f g h i] [f g h j]
[2 4 6 8 10 12 14 16] [


--- TARGET LETTERS ---

[np.int64(2), np.int64(4), np.int64(6), np.int64(8), np.int64(10), np.int64(12), np.int64(14), np.int64(18)]
Full Qwen output: [2 4 6 8 10 12 14 16] [2 4 6 8 10 12 14 16]
trial 2 of 10...
trial 3 of 10...
trial 4 of 10...
trial 5 of 10...
trial 6 of 10...
trial 7 of 10...
trial 8 of 10...
trial 9 of 10...
trial 10 of 10...
Problem type: 3gen_split4 - 17/20
trial 1 of 10...

=== PROMPT ===

System message: You are able to solve letter-string analogies

User message: Use the following alphabet to complete the pattern.

a b c d e f g h i j k l m n o p q r s t u v w x y z

Note that the alphabet may be in an unfamiliar order. Complete the pattern using this order. Answer with only the final answer and nothing else. Put your final answer between double brackets.

[g k i j h] [g h i j k]
[10 15 14 13 12 11 16 9 8] [


--- TARGET LETTERS ---

[np.int64(16), np.int64(15), np.int64(14), np.int64(13), np.int64(12), np.int64(11), np.int64(10), np.int64(9), np.int64(8)]
Full Qwen output: [10 15 14 13 12 11 16 9 8] [10 15 14 13 12 11 16 9 8]
trial 2 of 10...
trial 3 of 10...
trial 4 of 10...
trial 5 of 10...
trial 6 of 10...
trial 7 of 10...
trial 8 of 10...
trial 9 of 10...
trial 10 of 10...
Problem type: 3gen_split5 - 18/20
trial 1 of 10...

=== PROMPT ===

System message: You are able to solve letter-string analogies

User message: Use the following alphabet to complete the pattern.

a b c d e f g h i j k l m n o p q r s t u v w x y z

Note that the alphabet may be in an unfamiliar order. Complete the pattern using this order. Answer with only the final answer and nothing else. Put your final answer between double brackets.

[e f g h] [e f g i]
[8 0 9 0 10 0 11 0 12 0 13 0 14 0 15 0] [


--- TARGET LETTERS ---

[np.int64(8), '0', np.int64(9), '0', np.int64(10), '0', np.int64(11), '0', np.int64(12), '0', np.int64(13), '0', np.int64(14), '0', np.int64(16), '0']
Full Qwen output: [8 0 9 0 10 0 11 0 12 0 13 0 14 0 15 0] [8 0 9 0 10 0 11 0 12 0 13 0 14 0 15 0]
trial 2 of 10...
trial 3 of 10...
trial 4 of 10...
trial 5 of 10...
trial 6 of 10...
trial 7 of 10...
trial 8 of 10...
trial 9 of 10...
trial 10 of 10...
Problem type: 3gen_split6 - 19/20
trial 1 of 10...

=== PROMPT ===

System message: You are able to solve letter-string analogies

User message: Use the following alphabet to complete the pattern.

a b c d e f g h i j k l m n o p q r s t u v w x y z

Note that the alphabet may be in an unfamiliar order. Complete the pattern using this order. Answer with only the final answer and nothing else. Put your final answer between double brackets.

[j g h i f] [f g h i j]
[r x t x p x n x l x] [


--- TARGET LETTERS ---

['t', 'x', 'r', 'x', 'p', 'x', 'n', 'x', 'l', 'x']
Full Qwen output: [ r x t x p x n x l x ] [ m x o x q x s x u x ]
trial 2 of 10...
trial 3 of 10...
trial 4 of 10...
trial 5 of 10...
trial 6 of 10...
trial 7 of 10...
trial 8 of 10...
trial 9 of 10...
trial 10 of 10...
Problem type: 3gensplit7 - 20/20
trial 1 of 10...

=== PROMPT ===

System message: You are able to solve letter-string analogies

User message: Use the following alphabet to complete the pattern.

a b c d e f g h i j k l m n o p q r s t u v w x y z

Note that the alphabet may be in an unfamiliar order. Complete the pattern using this order. Answer with only the final answer and nothing else. Put your final answer between double brackets.

[m n o p] [m n o p q]
[25 23 21] [


--- TARGET LETTERS ---

[np.int64(25), np.int64(23), np.int64(21), np.int64(19)]
Full Qwen output: [25 23 21 19]
trial 2 of 10...
trial 3 of 10...
trial 4 of 10...
trial 5 of 10...
trial 6 of 10...
trial 7 of 10...
trial 8 of 10...
trial 9 of 10...
trial 10 of 10...
alph_1
a b c d e f g h i j k l m n o p q r s t u v w x y z
Problem type: larger_int - 1/20
trial 1 of 10...

=== PROMPT ===

System message: You are able to solve letter-string analogies

User message: Use the following alphabet to complete the pattern.

a b c d e f g h i j k l m n o p q r s t u v w x y z

Note that the alphabet may be in an unfamiliar order. Complete the pattern using this order. Answer with only the final answer and nothing else. Put your final answer between double brackets.

[a b c d] [a b c e]
[e g i k] [


--- TARGET LETTERS ---

['e', 'g', 'i', 'm']
Full Qwen output: [ e g i m ]
trial 2 of 10...
trial 3 of 10...
trial 4 of 10...
trial 5 of 10...
trial 6 of 10...
trial 7 of 10...
trial 8 of 10...
trial 9 of 10...
trial 10 of 10...
Problem type: longer_targ - 2/20
trial 1 of 10...

=== PROMPT ===

System message: You are able to solve letter-string analogies

User message: Use the following alphabet to complete the pattern.

a b c d e f g h i j k l m n o p q r s t u v w x y z

Note that the alphabet may be in an unfamiliar order. Complete the pattern using this order. Answer with only the final answer and nothing else. Put your final answer between double brackets.

[g h i j] [g h i k]
[b c d e f g h i] [


--- TARGET LETTERS ---

['b', 'c', 'd', 'e', 'f', 'g', 'h', 'j']
Full Qwen output: [b c d e f g h i j]
trial 2 of 10...
trial 3 of 10...
trial 4 of 10...
trial 5 of 10...
trial 6 of 10...
trial 7 of 10...
trial 8 of 10...
trial 9 of 10...
trial 10 of 10...
Problem type: group - 3/20
trial 1 of 10...

=== PROMPT ===

System message: You are able to solve letter-string analogies

User message: Use the following alphabet to complete the pattern.

a b c d e f g h i j k l m n o p q r s t u v w x y z

Note that the alphabet may be in an unfamiliar order. Complete the pattern using this order. Answer with only the final answer and nothing else. Put your final answer between double brackets.

[b c d e] [a c d e]
[k k l l m m n n] [


--- TARGET LETTERS ---

['j', 'j', 'l', 'l', 'm', 'm', 'n', 'n']
Full Qwen output: [b c d e] [a c d e]  
[k k l l m m n n] [k k l l m m n n]  

[[k k l l m m n n]]
Filtered Qwen output: k k l l m m n n
trial 2 of 10...
trial 3 of 10...
trial 4 of 10...
trial 5 of 10...
trial 6 of 10...
trial 7 of 10...
trial 8 of 10...
trial 9 of 10...
trial 10 of 10...
Problem type: interleaved - 4/20
trial 1 of 10...

=== PROMPT ===

System message: You are able to solve letter-string analogies

User message: Use the following alphabet to complete the pattern.

a b c d e f g h i j k l m n o p q r s t u v w x y z

Note that the alphabet may be in an unfamiliar order. Complete the pattern using this order. Answer with only the final answer and nothing else. Put your final answer between double brackets.

[a b g d e] [a b c d e]
[j x k x l x m x p x] [


--- TARGET LETTERS ---

['j', 'x', 'k', 'x', 'l', 'x', 'm', 'x', 'n', 'x']
Full Qwen output: [ j x k x l x m x p x ] [ j x k x l x m x p x ]
trial 2 of 10...
trial 3 of 10...
trial 4 of 10...
trial 5 of 10...
trial 6 of 10...
trial 7 of 10...
trial 8 of 10...
trial 9 of 10...
trial 10 of 10...
Problem type: letter2num - 5/20
trial 1 of 10...

=== PROMPT ===

System message: You are able to solve letter-string analogies

User message: Use the following alphabet to complete the pattern.

a b c d e f g h i j k l m n o p q r s t u v w x y z

Note that the alphabet may be in an unfamiliar order. Complete the pattern using this order. Answer with only the final answer and nothing else. Put your final answer between double brackets.

[h i j k] [h i j l]
[4 5 6 7] [


--- TARGET LETTERS ---

[np.int64(4), np.int64(5), np.int64(6), np.int64(8)]
Full Qwen output: [4 5 6 8]
trial 2 of 10...
trial 3 of 10...
trial 4 of 10...
trial 5 of 10...
trial 6 of 10...
trial 7 of 10...
trial 8 of 10...
trial 9 of 10...
trial 10 of 10...
Problem type: reverse - 6/20
trial 1 of 10...

=== PROMPT ===

System message: You are able to solve letter-string analogies

User message: Use the following alphabet to complete the pattern.

a b c d e f g h i j k l m n o p q r s t u v w x y z

Note that the alphabet may be in an unfamiliar order. Complete the pattern using this order. Answer with only the final answer and nothing else. Put your final answer between double brackets.

[v w w x y z] [v w x y z]
[n n m l k j] [


--- TARGET LETTERS ---

['n', 'm', 'l', 'k', 'j']
Full Qwen output: [ n m l k j ]
trial 2 of 10...
trial 3 of 10...
trial 4 of 10...
trial 5 of 10...
trial 6 of 10...
trial 7 of 10...
trial 8 of 10...
trial 9 of 10...
trial 10 of 10...
Problem type: 2gen_split1 - 7/20
trial 1 of 10...

=== PROMPT ===

System message: You are able to solve letter-string analogies

User message: Use the following alphabet to complete the pattern.

a b c d e f g h i j k l m n o p q r s t u v w x y z

Note that the alphabet may be in an unfamiliar order. Complete the pattern using this order. Answer with only the final answer and nothing else. Put your final answer between double brackets.

[f n o p q] [m n o p q]
[14 16 18 20 9] [


--- TARGET LETTERS ---

[np.int64(14), np.int64(16), np.int64(18), np.int64(20), np.int64(22)]
Full Qwen output: [14 16 18 20 9] [13 15 17 19 8]
trial 2 of 10...
trial 3 of 10...
trial 4 of 10...
trial 5 of 10...
trial 6 of 10...
trial 7 of 10...
trial 8 of 10...
trial 9 of 10...
trial 10 of 10...
Problem type: 2gen_split2 - 8/20
trial 1 of 10...

=== PROMPT ===

System message: You are able to solve letter-string analogies

User message: Use the following alphabet to complete the pattern.

a b c d e f g h i j k l m n o p q r s t u v w x y z

Note that the alphabet may be in an unfamiliar order. Complete the pattern using this order. Answer with only the final answer and nothing else. Put your final answer between double brackets.

[o p q r] [o p q s]
[g x h x i x j x k x l x m x n x] [


--- TARGET LETTERS ---

['g', 'x', 'h', 'x', 'i', 'x', 'j', 'x', 'k', 'x', 'l', 'x', 'm', 'x', 'o', 'x']
Full Qwen output: [ o p q r ] [ o p q s ] [ g x h x i x j x k x l x m x n x ] [ g x h x i x j x k x l x m x n x o ]
trial 2 of 10...
trial 3 of 10...
trial 4 of 10...
trial 5 of 10...
trial 6 of 10...
trial 7 of 10...
trial 8 of 10...
trial 9 of 10...
trial 10 of 10...
Problem type: 2gen_split3 - 9/20
trial 1 of 10...

=== PROMPT ===

System message: You are able to solve letter-string analogies

User message: Use the following alphabet to complete the pattern.

a b c d e f g h i j k l m n o p q r s t u v w x y z

Note that the alphabet may be in an unfamiliar order. Complete the pattern using this order. Answer with only the final answer and nothing else. Put your final answer between double brackets.

[a b b c d e] [a b c d e]
[f f x x g g x x h h x x h h x x i i x x j j x x] [


--- TARGET LETTERS ---

['f', 'f', 'x', 'x', 'g', 'g', 'x', 'x', 'h', 'h', 'x', 'x', 'i', 'i', 'x', 'x', 'j', 'j', 'x', 'x']
Full Qwen output: [ a b c d e f g h i j k l m n o p q r s t u v w x y z ]  
[ a b c d e ]  
[ f f x x g g x x h h x x h h x x i i x x j j x x ]  
[ k k x x l l x x m m x x n n x x o o x x p p x x ]  

[[k k x x l l x x m m x x n n x x o o x x p p x x]]
Filtered Qwen output: k k x x l l x x m m x x n n x x o o x x p p x x
trial 2 of 10...
trial 3 of 10...
trial 4 of 10...
trial 5 of 10...
trial 6 of 10...
trial 7 of 10...
trial 8 of 10...
trial 9 of 10...
trial 10 of 10...
Problem type: 2gen_split4 - 10/20
trial 1 of 10...

=== PROMPT ===

System message: You are able to solve letter-string analogies

User message: Use the following alphabet to complete the pattern.

a b c d e f g h i j k l m n o p q r s t u v w x y z

Note that the alphabet may be in an unfamiliar order. Complete the pattern using this order. Answer with only the final answer and nothing else. Put your final answer between double brackets.

[i j k l] [i j k m]
[t t s s r r q q] [


--- TARGET LETTERS ---

['t', 't', 's', 's', 'r', 'r', 'p', 'p']
Full Qwen output: [i j k l] [i j k m]  
[t t s s r r q q] [t t s s r r q r]  

[[t t s s r r q r]]
Filtered Qwen output: t t s s r r q r
trial 2 of 10...
trial 3 of 10...
trial 4 of 10...
trial 5 of 10...
trial 6 of 10...
trial 7 of 10...
trial 8 of 10...
trial 9 of 10...
trial 10 of 10...
Problem type: 2gen_split5 - 11/20
trial 1 of 10...

=== PROMPT ===

System message: You are able to solve letter-string analogies

User message: Use the following alphabet to complete the pattern.

a b c d e f g h i j k l m n o p q r s t u v w x y z

Note that the alphabet may be in an unfamiliar order. Complete the pattern using this order. Answer with only the final answer and nothing else. Put your final answer between double brackets.

[t d e f g] [c d e f g]
[a x r x q x p x o x] [


--- TARGET LETTERS ---

['s', 'x', 'r', 'x', 'q', 'x', 'p', 'x', 'o', 'x']
Full Qwen output: [ a x r x q x p x o x ] [ a x r x q x p x o x ]
trial 2 of 10...
trial 3 of 10...
trial 4 of 10...
trial 5 of 10...
trial 6 of 10...
trial 7 of 10...
trial 8 of 10...
trial 9 of 10...
trial 10 of 10...
Problem type: 2gen_split6 - 12/20
trial 1 of 10...

=== PROMPT ===

System message: You are able to solve letter-string analogies

User message: Use the following alphabet to complete the pattern.

a b c d e f g h i j k l m n o p q r s t u v w x y z

Note that the alphabet may be in an unfamiliar order. Complete the pattern using this order. Answer with only the final answer and nothing else. Put your final answer between double brackets.

[d e f g g h] [d e f g h]
[o o p p q q r r s s t t t t u u v v w w] [


--- TARGET LETTERS ---

['o', 'o', 'p', 'p', 'q', 'q', 'r', 'r', 's', 's', 't', 't', 'u', 'u', 'v', 'v', 'w', 'w']
Full Qwen output: [oo pp qq rr ss tt uu vv ww]
trial 2 of 10...
trial 3 of 10...
trial 4 of 10...
trial 5 of 10...
trial 6 of 10...
trial 7 of 10...
trial 8 of 10...
trial 9 of 10...
trial 10 of 10...
Problem type: 2gensplit7 - 13/20
trial 1 of 10...

=== PROMPT ===

System message: You are able to solve letter-string analogies

User message: Use the following alphabet to complete the pattern.

a b c d e f g h i j k l m n o p q r s t u v w x y z

Note that the alphabet may be in an unfamiliar order. Complete the pattern using this order. Answer with only the final answer and nothing else. Put your final answer between double brackets.

[v w x y] [u w x y]
[9 0 10 0 11 0 12 0] [


--- TARGET LETTERS ---

[np.int64(8), '0', np.int64(10), '0', np.int64(11), '0', np.int64(12), '0']
Full Qwen output: [9 0 11 0 13 0 14 0]
trial 2 of 10...
trial 3 of 10...
trial 4 of 10...
trial 5 of 10...
trial 6 of 10...
trial 7 of 10...
trial 8 of 10...
trial 9 of 10...
trial 10 of 10...
Problem type: 3gen_split1 - 14/20
trial 1 of 10...

=== PROMPT ===

System message: You are able to solve letter-string analogies

User message: Use the following alphabet to complete the pattern.

a b c d e f g h i j k l m n o p q r s t u v w x y z

Note that the alphabet may be in an unfamiliar order. Complete the pattern using this order. Answer with only the final answer and nothing else. Put your final answer between double brackets.

[l m n o] [k m n o]
[i x k x m x o x q x s x u x w x] [


--- TARGET LETTERS ---

['g', 'x', 'k', 'x', 'm', 'x', 'o', 'x', 'q', 'x', 's', 'x', 'u', 'x', 'w', 'x']
Full Qwen output: [ l m n o ] [ k m n o ] [ i x k x m x o x q x s x u x w x ] [ j x l x n x p x r x t x v x ]
trial 2 of 10...
trial 3 of 10...
trial 4 of 10...
trial 5 of 10...
trial 6 of 10...
trial 7 of 10...
trial 8 of 10...
trial 9 of 10...
trial 10 of 10...
Problem type: 3gen_split2 - 15/20
trial 1 of 10...

=== PROMPT ===

System message: You are able to solve letter-string analogies

User message: Use the following alphabet to complete the pattern.

a b c d e f g h i j k l m n o p q r s t u v w x y z

Note that the alphabet may be in an unfamiliar order. Complete the pattern using this order. Answer with only the final answer and nothing else. Put your final answer between double brackets.

[a b p d e] [a b c d e]
[3 0 5 0 7 0 4 0 11 0] [


--- TARGET LETTERS ---

[np.int64(3), '0', np.int64(5), '0', np.int64(7), '0', np.int64(9), '0', np.int64(11), '0']
Full Qwen output: [3 0 5 0 7 0 4 0 11 0] [3 0 5 0 7 0 4 0 11 0]
trial 2 of 10...
trial 3 of 10...
trial 4 of 10...
trial 5 of 10...
trial 6 of 10...
trial 7 of 10...
trial 8 of 10...
trial 9 of 10...
trial 10 of 10...
Problem type: 3gen_split3 - 16/20
trial 1 of 10...

=== PROMPT ===

System message: You are able to solve letter-string analogies

User message: Use the following alphabet to complete the pattern.

a b c d e f g h i j k l m n o p q r s t u v w x y z

Note that the alphabet may be in an unfamiliar order. Complete the pattern using this order. Answer with only the final answer and nothing else. Put your final answer between double brackets.

[m n o p w] [m n o p q]
[u u x x t t x x g g x x r r x x q q x x] [


--- TARGET LETTERS ---

['u', 'u', 'x', 'x', 't', 't', 'x', 'x', 's', 's', 'x', 'x', 'r', 'r', 'x', 'x', 'q', 'q', 'x', 'x']
Full Qwen output: [ m n o p w ] [ m n o p q ]  
[ u u x x t t x x g g x x r r x x q q x x ] [ u u x x p p x x ]  

[[u u x x p p x x]]
Filtered Qwen output: u u x x p p x x
trial 2 of 10...
trial 3 of 10...
trial 4 of 10...
trial 5 of 10...
trial 6 of 10...
trial 7 of 10...
trial 8 of 10...
trial 9 of 10...
trial 10 of 10...
Problem type: 3gen_split4 - 17/20
trial 1 of 10...

=== PROMPT ===

System message: You are able to solve letter-string analogies

User message: Use the following alphabet to complete the pattern.

a b c d e f g h i j k l m n o p q r s t u v w x y z

Note that the alphabet may be in an unfamiliar order. Complete the pattern using this order. Answer with only the final answer and nothing else. Put your final answer between double brackets.

[p q r s] [p q r t]
[16 0 15 0 14 0 13 0] [


--- TARGET LETTERS ---

[np.int64(16), '0', np.int64(15), '0', np.int64(14), '0', np.int64(12), '0']
Full Qwen output: [16 0 15 0 14 0 12 0]
trial 2 of 10...
trial 3 of 10...
trial 4 of 10...
trial 5 of 10...
trial 6 of 10...
trial 7 of 10...
trial 8 of 10...
trial 9 of 10...
trial 10 of 10...
Problem type: 3gen_split5 - 18/20
trial 1 of 10...

=== PROMPT ===

System message: You are able to solve letter-string analogies

User message: Use the following alphabet to complete the pattern.

a b c d e f g h i j k l m n o p q r s t u v w x y z

Note that the alphabet may be in an unfamiliar order. Complete the pattern using this order. Answer with only the final answer and nothing else. Put your final answer between double brackets.

[r p q o s] [o p q r s]
[k k m m o o i i g g] [


--- TARGET LETTERS ---

['o', 'o', 'm', 'm', 'k', 'k', 'i', 'i', 'g', 'g']
Full Qwen output: [ k k m m o o i i g g ] [ k k m m o o i i g g ]
trial 2 of 10...
trial 3 of 10...
trial 4 of 10...
trial 5 of 10...
trial 6 of 10...
trial 7 of 10...
trial 8 of 10...
trial 9 of 10...
trial 10 of 10...
Problem type: 3gen_split6 - 19/20
trial 1 of 10...

=== PROMPT ===

System message: You are able to solve letter-string analogies

User message: Use the following alphabet to complete the pattern.

a b c d e f g h i j k l m n o p q r s t u v w x y z

Note that the alphabet may be in an unfamiliar order. Complete the pattern using this order. Answer with only the final answer and nothing else. Put your final answer between double brackets.

[b b c d e f] [b c d e f]
[f f h h j j l l n n n n p p r r t t v v] [


--- TARGET LETTERS ---

['f', 'f', 'h', 'h', 'j', 'j', 'l', 'l', 'n', 'n', 'p', 'p', 'r', 'r', 't', 't', 'v', 'v']
Full Qwen output: [b b c d e f] [b c d e f]  
[f f h h j j l l n n n n p p r r t t v v] [f h j l n p r t v]  

[[f h j l n p r t v]]
Filtered Qwen output: f h j l n p r t v
trial 2 of 10...
trial 3 of 10...
trial 4 of 10...
trial 5 of 10...
trial 6 of 10...
trial 7 of 10...
trial 8 of 10...
trial 9 of 10...
trial 10 of 10...
Problem type: 3gensplit7 - 20/20
trial 1 of 10...

=== PROMPT ===

System message: You are able to solve letter-string analogies

User message: Use the following alphabet to complete the pattern.

a b c d e f g h i j k l m n o p q r s t u v w x y z

Note that the alphabet may be in an unfamiliar order. Complete the pattern using this order. Answer with only the final answer and nothing else. Put your final answer between double brackets.

[u v w x x y] [u v w x y]
[17 17 0 0 17 17 0 0 18 18 0 0 19 19 0 0 20 20 0 0 21 21 0 0] [


--- TARGET LETTERS ---

[np.int64(17), np.int64(17), '0', '0', np.int64(18), np.int64(18), '0', '0', np.int64(19), np.int64(19), '0', '0', np.int64(20), np.int64(20), '0', '0', np.int64(21), np.int64(21), '0', '0']
Full Qwen output: [17 17 0 0 17 17 0 0 18 18 0 0 19 19 0 0 20 20 0 0 21 21 0 0 22 22 0 0]
trial 2 of 10...
trial 3 of 10...
trial 4 of 10...
trial 5 of 10...
trial 6 of 10...
trial 7 of 10...
trial 8 of 10...
trial 9 of 10...
trial 10 of 10...
alph_2
a b c d e f g h i j k l m n o p q r s t u v w x y z
Problem type: larger_int - 1/20
trial 1 of 10...

=== PROMPT ===

System message: You are able to solve letter-string analogies

User message: Use the following alphabet to complete the pattern.

a b c d e f g h i j k l m n o p q r s t u v w x y z

Note that the alphabet may be in an unfamiliar order. Complete the pattern using this order. Answer with only the final answer and nothing else. Put your final answer between double brackets.

[i b k l m] [i j k l m]
[p r t v e] [


--- TARGET LETTERS ---

['p', 'r', 't', 'v', 'x']
Full Qwen output: [i b k l m] [i j k l m]  
[p r t v e] [p s u w e]  

[[p s u w e]]
Filtered Qwen output: p s u w e
trial 2 of 10...
trial 3 of 10...
trial 4 of 10...
trial 5 of 10...
trial 6 of 10...
trial 7 of 10...
trial 8 of 10...
trial 9 of 10...
trial 10 of 10...
Problem type: longer_targ - 2/20
trial 1 of 10...

=== PROMPT ===

System message: You are able to solve letter-string analogies

User message: Use the following alphabet to complete the pattern.

a b c d e f g h i j k l m n o p q r s t u v w x y z

Note that the alphabet may be in an unfamiliar order. Complete the pattern using this order. Answer with only the final answer and nothing else. Put your final answer between double brackets.

[m n o p] [l n o p]
[r s t u v w x y] [


--- TARGET LETTERS ---

['q', 's', 't', 'u', 'v', 'w', 'x', 'y']
Full Qwen output: [ q r s t u v w x y ]
trial 2 of 10...
trial 3 of 10...
trial 4 of 10...
trial 5 of 10...
trial 6 of 10...
trial 7 of 10...
trial 8 of 10...
trial 9 of 10...
trial 10 of 10...
Problem type: group - 3/20
trial 1 of 10...

=== PROMPT ===

System message: You are able to solve letter-string analogies

User message: Use the following alphabet to complete the pattern.

a b c d e f g h i j k l m n o p q r s t u v w x y z

Note that the alphabet may be in an unfamiliar order. Complete the pattern using this order. Answer with only the final answer and nothing else. Put your final answer between double brackets.

[r s t a v] [r s t u v]
[j j k k c c m m n n] [


--- TARGET LETTERS ---

['j', 'j', 'k', 'k', 'l', 'l', 'm', 'm', 'n', 'n']
Full Qwen output: [ j j k k c c m m n n ] [ j j k k c c m m n n ]
trial 2 of 10...
trial 3 of 10...
trial 4 of 10...
trial 5 of 10...
trial 6 of 10...
trial 7 of 10...
trial 8 of 10...
trial 9 of 10...
trial 10 of 10...
Problem type: interleaved - 4/20
trial 1 of 10...

=== PROMPT ===

System message: You are able to solve letter-string analogies

User message: Use the following alphabet to complete the pattern.

a b c d e f g h i j k l m n o p q r s t u v w x y z

Note that the alphabet may be in an unfamiliar order. Complete the pattern using this order. Answer with only the final answer and nothing else. Put your final answer between double brackets.

[c d e f] [c d e g]
[o x p x q x r x] [


--- TARGET LETTERS ---

['o', 'x', 'p', 'x', 'q', 'x', 's', 'x']
Full Qwen output: [ o x p x q x r x ] [ o x p x q x r x ]
trial 2 of 10...
trial 3 of 10...
trial 4 of 10...
trial 5 of 10...
trial 6 of 10...
trial 7 of 10...
trial 8 of 10...
trial 9 of 10...
trial 10 of 10...
Problem type: letter2num - 5/20
trial 1 of 10...

=== PROMPT ===

System message: You are able to solve letter-string analogies

User message: Use the following alphabet to complete the pattern.

a b c d e f g h i j k l m n o p q r s t u v w x y z

Note that the alphabet may be in an unfamiliar order. Complete the pattern using this order. Answer with only the final answer and nothing else. Put your final answer between double brackets.

[r s u t v] [r s t u v]
[5 9 7 8 6] [


--- TARGET LETTERS ---

[np.int64(5), np.int64(6), np.int64(7), np.int64(8), np.int64(9)]
Full Qwen output: [5 9 7 8 6] [5 9 8 7 6]
trial 2 of 10...
trial 3 of 10...
trial 4 of 10...
trial 5 of 10...
trial 6 of 10...
trial 7 of 10...
trial 8 of 10...
trial 9 of 10...
trial 10 of 10...
Problem type: reverse - 6/20
trial 1 of 10...

=== PROMPT ===

System message: You are able to solve letter-string analogies

User message: Use the following alphabet to complete the pattern.

a b c d e f g h i j k l m n o p q r s t u v w x y z

Note that the alphabet may be in an unfamiliar order. Complete the pattern using this order. Answer with only the final answer and nothing else. Put your final answer between double brackets.

[h i j k] [h i j k l]
[m l k j] [


--- TARGET LETTERS ---

['m', 'l', 'k', 'j', 'i']
Full Qwen output: [[m l k j i]]
Filtered Qwen output: m l k j i
trial 2 of 10...
trial 3 of 10...
trial 4 of 10...
trial 5 of 10...
trial 6 of 10...
trial 7 of 10...
trial 8 of 10...
trial 9 of 10...
trial 10 of 10...
Problem type: 2gen_split1 - 7/20
trial 1 of 10...

=== PROMPT ===

System message: You are able to solve letter-string analogies

User message: Use the following alphabet to complete the pattern.

a b c d e f g h i j k l m n o p q r s t u v w x y z

Note that the alphabet may be in an unfamiliar order. Complete the pattern using this order. Answer with only the final answer and nothing else. Put your final answer between double brackets.

[g h i j] [g h i k]
[n n p p r r t t] [


--- TARGET LETTERS ---

['n', 'n', 'p', 'p', 'r', 'r', 'v', 'v']
Full Qwen output: [ n n p p r r v v ]
trial 2 of 10...
trial 3 of 10...
trial 4 of 10...
trial 5 of 10...
trial 6 of 10...
trial 7 of 10...
trial 8 of 10...
trial 9 of 10...
trial 10 of 10...
Problem type: 2gen_split2 - 8/20
trial 1 of 10...

=== PROMPT ===

System message: You are able to solve letter-string analogies

User message: Use the following alphabet to complete the pattern.

a b c d e f g h i j k l m n o p q r s t u v w x y z

Note that the alphabet may be in an unfamiliar order. Complete the pattern using this order. Answer with only the final answer and nothing else. Put your final answer between double brackets.

[j k l m] [j k l n]
[f f e e d d c c] [


--- TARGET LETTERS ---

['f', 'f', 'e', 'e', 'd', 'd', 'b', 'b']
Full Qwen output: [ f f e e d d c b ]
trial 2 of 10...
trial 3 of 10...
trial 4 of 10...
trial 5 of 10...
trial 6 of 10...
trial 7 of 10...
trial 8 of 10...
trial 9 of 10...
trial 10 of 10...
Problem type: 2gen_split3 - 9/20
trial 1 of 10...

=== PROMPT ===

System message: You are able to solve letter-string analogies

User message: Use the following alphabet to complete the pattern.

a b c d e f g h i j k l m n o p q r s t u v w x y z

Note that the alphabet may be in an unfamiliar order. Complete the pattern using this order. Answer with only the final answer and nothing else. Put your final answer between double brackets.

[t q r s p] [p q r s t]
[l x m x n x o x s x q x r x p x t x] [


--- TARGET LETTERS ---

['l', 'x', 'm', 'x', 'n', 'x', 'o', 'x', 'p', 'x', 'q', 'x', 'r', 'x', 's', 'x', 't', 'x']
Full Qwen output: [ t q r s p ] [ p q r s t ] [ l x m x n x o x s x q x r x p x t x ] [ s x q x r x p x t x l x m x n x o x ]
trial 2 of 10...
trial 3 of 10...
trial 4 of 10...
trial 5 of 10...
trial 6 of 10...
trial 7 of 10...
trial 8 of 10...
trial 9 of 10...
trial 10 of 10...
Problem type: 2gen_split4 - 10/20
trial 1 of 10...

=== PROMPT ===

System message: You are able to solve letter-string analogies

User message: Use the following alphabet to complete the pattern.

a b c d e f g h i j k l m n o p q r s t u v w x y z

Note that the alphabet may be in an unfamiliar order. Complete the pattern using this order. Answer with only the final answer and nothing else. Put your final answer between double brackets.

[i j k l] [i j k l m]
[h x i x j x k x l x m x n x o x] [


--- TARGET LETTERS ---

['h', 'x', 'i', 'x', 'j', 'x', 'k', 'x', 'l', 'x', 'm', 'x', 'n', 'x', 'o', 'x', 'p', 'x']
Full Qwen output: [i j k l] [i j k l m] [h x i x j x k x l x m x n x o x] [h x i x j x k x l x m x n x o x p x]
trial 2 of 10...
trial 3 of 10...
trial 4 of 10...
trial 5 of 10...
trial 6 of 10...
trial 7 of 10...
trial 8 of 10...
trial 9 of 10...
trial 10 of 10...
Problem type: 2gen_split5 - 11/20
trial 1 of 10...

=== PROMPT ===

System message: You are able to solve letter-string analogies

User message: Use the following alphabet to complete the pattern.

a b c d e f g h i j k l m n o p q r s t u v w x y z

Note that the alphabet may be in an unfamiliar order. Complete the pattern using this order. Answer with only the final answer and nothing else. Put your final answer between double brackets.

[c d e f] [c d e f g]
[18 18 19 19 20 20 21 21] [


--- TARGET LETTERS ---

[np.int64(18), np.int64(18), np.int64(19), np.int64(19), np.int64(20), np.int64(20), np.int64(21), np.int64(21), np.int64(22), np.int64(22)]
Full Qwen output: [18 18 19 19 20 20 21 21 22 22]
trial 2 of 10...
trial 3 of 10...
trial 4 of 10...
trial 5 of 10...
trial 6 of 10...
trial 7 of 10...
trial 8 of 10...
trial 9 of 10...
trial 10 of 10...
Problem type: 2gen_split6 - 12/20
trial 1 of 10...

=== PROMPT ===

System message: You are able to solve letter-string analogies

User message: Use the following alphabet to complete the pattern.

a b c d e f g h i j k l m n o p q r s t u v w x y z

Note that the alphabet may be in an unfamiliar order. Complete the pattern using this order. Answer with only the final answer and nothing else. Put your final answer between double brackets.

[d e f g h h] [d e f g h]
[e e g i k m o q s u] [


--- TARGET LETTERS ---

['e', 'g', 'i', 'k', 'm', 'o', 'q', 's', 'u']
Full Qwen output: [ e e g i k m o q s u ] [ e e g i k m o q s u ]
trial 2 of 10...
trial 3 of 10...
trial 4 of 10...
trial 5 of 10...
trial 6 of 10...
trial 7 of 10...
trial 8 of 10...
trial 9 of 10...
trial 10 of 10...
Problem type: 2gensplit7 - 13/20
trial 1 of 10...

=== PROMPT ===

System message: You are able to solve letter-string analogies

User message: Use the following alphabet to complete the pattern.

a b c d e f g h i j k l m n o p q r s t u v w x y z

Note that the alphabet may be in an unfamiliar order. Complete the pattern using this order. Answer with only the final answer and nothing else. Put your final answer between double brackets.

[h i j k] [h i j l]
[b d f h j l n p] [


--- TARGET LETTERS ---

['b', 'd', 'f', 'h', 'j', 'l', 'n', 'r']
Full Qwen output: [b d f h j l n p r t v x]
trial 2 of 10...
trial 3 of 10...
trial 4 of 10...
trial 5 of 10...
trial 6 of 10...
trial 7 of 10...
trial 8 of 10...
trial 9 of 10...
trial 10 of 10...
Problem type: 3gen_split1 - 14/20
trial 1 of 10...

=== PROMPT ===

System message: You are able to solve letter-string analogies

User message: Use the following alphabet to complete the pattern.

a b c d e f g h i j k l m n o p q r s t u v w x y z

Note that the alphabet may be in an unfamiliar order. Complete the pattern using this order. Answer with only the final answer and nothing else. Put your final answer between double brackets.

[h i k j l] [h i j k l]
[8 8 6 6 7 7 5 5 4 4] [


--- TARGET LETTERS ---

[np.int64(8), np.int64(8), np.int64(7), np.int64(7), np.int64(6), np.int64(6), np.int64(5), np.int64(5), np.int64(4), np.int64(4)]
Full Qwen output: [8 8 6 6 7 7 5 5 4 4] [8 8 6 6 7 7 5 5 4 4]
trial 2 of 10...
trial 3 of 10...
trial 4 of 10...
trial 5 of 10...
trial 6 of 10...
trial 7 of 10...
trial 8 of 10...
trial 9 of 10...
trial 10 of 10...
Problem type: 3gen_split2 - 15/20
trial 1 of 10...

=== PROMPT ===

System message: You are able to solve letter-string analogies

User message: Use the following alphabet to complete the pattern.

a b c d e f g h i j k l m n o p q r s t u v w x y z

Note that the alphabet may be in an unfamiliar order. Complete the pattern using this order. Answer with only the final answer and nothing else. Put your final answer between double brackets.

[r a t u v] [r s t u v]
[v x t x r x w x n x] [


--- TARGET LETTERS ---

['v', 'x', 't', 'x', 'r', 'x', 'p', 'x', 'n', 'x']
Full Qwen output: [r a t u v] [r s t u v]  
[v x t x r x w x n x] [v x w x n x]  

[[v x w x n x]]
Filtered Qwen output: v x w x n x
trial 2 of 10...
trial 3 of 10...
trial 4 of 10...
trial 5 of 10...
trial 6 of 10...
trial 7 of 10...
trial 8 of 10...
trial 9 of 10...
trial 10 of 10...
Problem type: 3gen_split3 - 16/20
trial 1 of 10...

=== PROMPT ===

System message: You are able to solve letter-string analogies

User message: Use the following alphabet to complete the pattern.

a b c d e f g h i j k l m n o p q r s t u v w x y z

Note that the alphabet may be in an unfamiliar order. Complete the pattern using this order. Answer with only the final answer and nothing else. Put your final answer between double brackets.

[m n o p] [m n o q]
[7 0 9 0 11 0 13 0] [


--- TARGET LETTERS ---

[np.int64(7), '0', np.int64(9), '0', np.int64(11), '0', np.int64(15), '0']
Full Qwen output: [7 0 9 0 11 0 13 0] [7 0 9 0 11 0 13 0]
trial 2 of 10...
trial 3 of 10...
trial 4 of 10...
trial 5 of 10...
trial 6 of 10...
trial 7 of 10...
trial 8 of 10...
trial 9 of 10...
trial 10 of 10...
Problem type: 3gen_split4 - 17/20
trial 1 of 10...

=== PROMPT ===

System message: You are able to solve letter-string analogies

User message: Use the following alphabet to complete the pattern.

a b c d e f g h i j k l m n o p q r s t u v w x y z

Note that the alphabet may be in an unfamiliar order. Complete the pattern using this order. Answer with only the final answer and nothing else. Put your final answer between double brackets.

[b c c d e f] [b c d e f]
[11 11 0 0 11 11 0 0 12 12 0 0 13 13 0 0 14 14 0 0 15 15 0 0] [


--- TARGET LETTERS ---

[np.int64(11), np.int64(11), '0', '0', np.int64(12), np.int64(12), '0', '0', np.int64(13), np.int64(13), '0', '0', np.int64(14), np.int64(14), '0', '0', np.int64(15), np.int64(15), '0', '0']
Full Qwen output: [[b c d e f]]
Filtered Qwen output: b c d e f
trial 2 of 10...
trial 3 of 10...
trial 4 of 10...
trial 5 of 10...
trial 6 of 10...
trial 7 of 10...
trial 8 of 10...
trial 9 of 10...
trial 10 of 10...
Problem type: 3gen_split5 - 18/20
trial 1 of 10...

=== PROMPT ===

System message: You are able to solve letter-string analogies

User message: Use the following alphabet to complete the pattern.

a b c d e f g h i j k l m n o p q r s t u v w x y z

Note that the alphabet may be in an unfamiliar order. Complete the pattern using this order. Answer with only the final answer and nothing else. Put your final answer between double brackets.

[o p q r s s] [o p q r s]
[r r r r p p n n l l j j] [


--- TARGET LETTERS ---

['r', 'r', 'p', 'p', 'n', 'n', 'l', 'l', 'j', 'j']
Full Qwen output: [ o p q r s s ] [ o p q r s ]  
[ r r r r p p n n l l j j ] [ **k k i i g g e e c c a a** ]  

[[k k i i g g e e c c a a]]
Filtered Qwen output: k k i i g g e e c c a a
trial 2 of 10...
trial 3 of 10...
trial 4 of 10...
trial 5 of 10...
trial 6 of 10...
trial 7 of 10...
trial 8 of 10...
trial 9 of 10...
trial 10 of 10...
Problem type: 3gen_split6 - 19/20
trial 1 of 10...

=== PROMPT ===

System message: You are able to solve letter-string analogies

User message: Use the following alphabet to complete the pattern.

a b c d e f g h i j k l m n o p q r s t u v w x y z

Note that the alphabet may be in an unfamiliar order. Complete the pattern using this order. Answer with only the final answer and nothing else. Put your final answer between double brackets.

[b c d e] [b c d f]
[d d x x f f x x h h x x j j x x] [


--- TARGET LETTERS ---

['d', 'd', 'x', 'x', 'f', 'f', 'x', 'x', 'h', 'h', 'x', 'x', 'l', 'l', 'x', 'x']
Full Qwen output: [b c d e] [b c d f] [d d x x f f x x h h x x j j x x] [l l x x n n x x p p x x r r x x]
trial 2 of 10...
trial 3 of 10...
trial 4 of 10...
trial 5 of 10...
trial 6 of 10...
trial 7 of 10...
trial 8 of 10...
trial 9 of 10...
trial 10 of 10...
Problem type: 3gensplit7 - 20/20
trial 1 of 10...

=== PROMPT ===

System message: You are able to solve letter-string analogies

User message: Use the following alphabet to complete the pattern.

a b c d e f g h i j k l m n o p q r s t u v w x y z

Note that the alphabet may be in an unfamiliar order. Complete the pattern using this order. Answer with only the final answer and nothing else. Put your final answer between double brackets.

[a b c c d e] [a b c d e]
[p p x x r r x x t t x x v v x x x x x x x x x x] [


--- TARGET LETTERS ---

['p', 'p', 'x', 'x', 'r', 'r', 'x', 'x', 't', 't', 'x', 'x', 'v', 'v', 'x', 'x', 'x', 'x', 'x', 'x']
Full Qwen output: [ a b c d e ] [ a b c d e ]  
[ p p x x r r x x t t x x v v x x x x x x x x x x ] [ p p x x r r x x t t x x v v x x x x x x x x x x ]  

[[p p x x r r x x t t x x v v x x x x x x x x x x]]
Filtered Qwen output: p p x x r r x x t t x x v v x x x x x x x x x x
trial 2 of 10...
trial 3 of 10...
trial 4 of 10...
trial 5 of 10...
trial 6 of 10...
trial 7 of 10...
trial 8 of 10...
trial 9 of 10...
trial 10 of 10...
alph_3
a b c d e f g h i j k l m n o p q r s t u v w x y z
Problem type: larger_int - 1/20
trial 1 of 10...

=== PROMPT ===

System message: You are able to solve letter-string analogies

User message: Use the following alphabet to complete the pattern.

a b c d e f g h i j k l m n o p q r s t u v w x y z

Note that the alphabet may be in an unfamiliar order. Complete the pattern using this order. Answer with only the final answer and nothing else. Put your final answer between double brackets.

[b c d e] [a c d e]
[i k m o] [


--- TARGET LETTERS ---

['g', 'k', 'm', 'o']
Full Qwen output: [[g h j l]]
Filtered Qwen output: g h j l
trial 2 of 10...
trial 3 of 10...
trial 4 of 10...
trial 5 of 10...
trial 6 of 10...
trial 7 of 10...
trial 8 of 10...
trial 9 of 10...
trial 10 of 10...
Problem type: longer_targ - 2/20
trial 1 of 10...

=== PROMPT ===

System message: You are able to solve letter-string analogies

User message: Use the following alphabet to complete the pattern.

a b c d e f g h i j k l m n o p q r s t u v w x y z

Note that the alphabet may be in an unfamiliar order. Complete the pattern using this order. Answer with only the final answer and nothing else. Put your final answer between double brackets.

[k l m n] [k l m o]
[n o p q r s t u] [


--- TARGET LETTERS ---

['n', 'o', 'p', 'q', 'r', 's', 't', 'v']
Full Qwen output: [k l m n] [k l m o]  
[n o p q r s t u] [n o p q r s t o]  

[[n o p q r s t o]]
Filtered Qwen output: n o p q r s t o
trial 2 of 10...
trial 3 of 10...
trial 4 of 10...
trial 5 of 10...
trial 6 of 10...
trial 7 of 10...
trial 8 of 10...
trial 9 of 10...
trial 10 of 10...
Problem type: group - 3/20
trial 1 of 10...

=== PROMPT ===

System message: You are able to solve letter-string analogies

User message: Use the following alphabet to complete the pattern.

a b c d e f g h i j k l m n o p q r s t u v w x y z

Note that the alphabet may be in an unfamiliar order. Complete the pattern using this order. Answer with only the final answer and nothing else. Put your final answer between double brackets.

[c u e f g] [c d e f g]
[r r s s t t u u g g] [


--- TARGET LETTERS ---

['r', 'r', 's', 's', 't', 't', 'u', 'u', 'v', 'v']
Full Qwen output: [rrss tt uu gg]
trial 2 of 10...
trial 3 of 10...
trial 4 of 10...
trial 5 of 10...
trial 6 of 10...
trial 7 of 10...
trial 8 of 10...
trial 9 of 10...
trial 10 of 10...
Problem type: interleaved - 4/20
trial 1 of 10...

=== PROMPT ===

System message: You are able to solve letter-string analogies

User message: Use the following alphabet to complete the pattern.

a b c d e f g h i j k l m n o p q r s t u v w x y z

Note that the alphabet may be in an unfamiliar order. Complete the pattern using this order. Answer with only the final answer and nothing else. Put your final answer between double brackets.

[q r s u t] [q r s t u]
[m x n x q x p x o x] [


--- TARGET LETTERS ---

['m', 'x', 'n', 'x', 'o', 'x', 'p', 'x', 'q', 'x']
Full Qwen output: [ m x n x q x p x o x ] [ m x n x q x p x o x ]
trial 2 of 10...
trial 3 of 10...
trial 4 of 10...
trial 5 of 10...
trial 6 of 10...
trial 7 of 10...
trial 8 of 10...
trial 9 of 10...
trial 10 of 10...
Problem type: letter2num - 5/20
trial 1 of 10...

=== PROMPT ===

System message: You are able to solve letter-string analogies

User message: Use the following alphabet to complete the pattern.

a b c d e f g h i j k l m n o p q r s t u v w x y z

Note that the alphabet may be in an unfamiliar order. Complete the pattern using this order. Answer with only the final answer and nothing else. Put your final answer between double brackets.

[q r w t u] [q r s t u]
[9 10 5 12 13] [


--- TARGET LETTERS ---

[np.int64(9), np.int64(10), np.int64(11), np.int64(12), np.int64(13)]
Full Qwen output: [9 10 6 12 13]
trial 2 of 10...
trial 3 of 10...
trial 4 of 10...
trial 5 of 10...
trial 6 of 10...
trial 7 of 10...
trial 8 of 10...
trial 9 of 10...
trial 10 of 10...
Problem type: reverse - 6/20
trial 1 of 10...

=== PROMPT ===

System message: You are able to solve letter-string analogies

User message: Use the following alphabet to complete the pattern.

a b c d e f g h i j k l m n o p q r s t u v w x y z

Note that the alphabet may be in an unfamiliar order. Complete the pattern using this order. Answer with only the final answer and nothing else. Put your final answer between double brackets.

[s t u v] [s t u w]
[h g f e] [


--- TARGET LETTERS ---

['h', 'g', 'f', 'd']
Full Qwen output: [[h g f d]]
Filtered Qwen output: h g f d
trial 2 of 10...
trial 3 of 10...
trial 4 of 10...
trial 5 of 10...
trial 6 of 10...
trial 7 of 10...
trial 8 of 10...
trial 9 of 10...
trial 10 of 10...
Problem type: 2gen_split1 - 7/20
trial 1 of 10...

=== PROMPT ===

System message: You are able to solve letter-string analogies

User message: Use the following alphabet to complete the pattern.

a b c d e f g h i j k l m n o p q r s t u v w x y z

Note that the alphabet may be in an unfamiliar order. Complete the pattern using this order. Answer with only the final answer and nothing else. Put your final answer between double brackets.

[a b c d] [a b c e]
[m x o x q x s x] [


--- TARGET LETTERS ---

['m', 'x', 'o', 'x', 'q', 'x', 'u', 'x']
Full Qwen output: [ m x o x q x s x ] [ m x o x q x s x ]
trial 2 of 10...
trial 3 of 10...
trial 4 of 10...
trial 5 of 10...
trial 6 of 10...
trial 7 of 10...
trial 8 of 10...
trial 9 of 10...
trial 10 of 10...
Problem type: 2gen_split2 - 8/20
trial 1 of 10...

=== PROMPT ===

System message: You are able to solve letter-string analogies

User message: Use the following alphabet to complete the pattern.

a b c d e f g h i j k l m n o p q r s t u v w x y z

Note that the alphabet may be in an unfamiliar order. Complete the pattern using this order. Answer with only the final answer and nothing else. Put your final answer between double brackets.

[d e f g] [d e f g h]
[m x n x o x p x q x r x s x t x] [


--- TARGET LETTERS ---

['m', 'x', 'n', 'x', 'o', 'x', 'p', 'x', 'q', 'x', 'r', 'x', 's', 'x', 't', 'x', 'u', 'x']
Full Qwen output: [m x n x o x p x q x r x s x t x u x]
trial 2 of 10...
trial 3 of 10...
trial 4 of 10...
trial 5 of 10...
trial 6 of 10...
trial 7 of 10...
trial 8 of 10...
trial 9 of 10...
trial 10 of 10...
Problem type: 2gen_split3 - 9/20
trial 1 of 10...

=== PROMPT ===

System message: You are able to solve letter-string analogies

User message: Use the following alphabet to complete the pattern.

a b c d e f g h i j k l m n o p q r s t u v w x y z

Note that the alphabet may be in an unfamiliar order. Complete the pattern using this order. Answer with only the final answer and nothing else. Put your final answer between double brackets.

[d e f g] [d e f g h]
[a x b x c x d x e x f x g x h x] [


--- TARGET LETTERS ---

['a', 'x', 'b', 'x', 'c', 'x', 'd', 'x', 'e', 'x', 'f', 'x', 'g', 'x', 'h', 'x', 'i', 'x']
Full Qwen output: [d e f g] [d e f g h] [a x b x c x d x e x f x g x h x] [a x b x c x d x e x f x g x h x i x]
trial 2 of 10...
trial 3 of 10...
trial 4 of 10...
trial 5 of 10...
trial 6 of 10...
trial 7 of 10...
trial 8 of 10...
trial 9 of 10...
trial 10 of 10...
Problem type: 2gen_split4 - 10/20
trial 1 of 10...

=== PROMPT ===

System message: You are able to solve letter-string analogies

User message: Use the following alphabet to complete the pattern.

a b c d e f g h i j k l m n o p q r s t u v w x y z

Note that the alphabet may be in an unfamiliar order. Complete the pattern using this order. Answer with only the final answer and nothing else. Put your final answer between double brackets.

[j k l m] [i k l m]
[m l k j i h g f] [


--- TARGET LETTERS ---

['n', 'l', 'k', 'j', 'i', 'h', 'g', 'f']
Full Qwen output: [ m l k j i h g f ] [ n o p q r s t u v w x y z ]
trial 2 of 10...
trial 3 of 10...
trial 4 of 10...
trial 5 of 10...
trial 6 of 10...
trial 7 of 10...
trial 8 of 10...
trial 9 of 10...
trial 10 of 10...
Problem type: 2gen_split5 - 11/20
trial 1 of 10...

=== PROMPT ===

System message: You are able to solve letter-string analogies

User message: Use the following alphabet to complete the pattern.

a b c d e f g h i j k l m n o p q r s t u v w x y z

Note that the alphabet may be in an unfamiliar order. Complete the pattern using this order. Answer with only the final answer and nothing else. Put your final answer between double brackets.

[e f g h] [e f g h i]
[k k l l m m n n o o p p q q r r] [


--- TARGET LETTERS ---

['k', 'k', 'l', 'l', 'm', 'm', 'n', 'n', 'o', 'o', 'p', 'p', 'q', 'q', 'r', 'r', 's', 's']
Full Qwen output: [ k k l l m m n n o o p p q q r r s s t t u u v v ]
trial 2 of 10...
trial 3 of 10...
trial 4 of 10...
trial 5 of 10...
trial 6 of 10...
trial 7 of 10...
trial 8 of 10...
trial 9 of 10...
trial 10 of 10...
Problem type: 2gen_split6 - 12/20
trial 1 of 10...

=== PROMPT ===

System message: You are able to solve letter-string analogies

User message: Use the following alphabet to complete the pattern.

a b c d e f g h i j k l m n o p q r s t u v w x y z

Note that the alphabet may be in an unfamiliar order. Complete the pattern using this order. Answer with only the final answer and nothing else. Put your final answer between double brackets.

[g g h i j k] [g h i j k]
[i x k x m x m x o x q x] [


--- TARGET LETTERS ---

['i', 'x', 'k', 'x', 'm', 'x', 'o', 'x', 'q', 'x']
Full Qwen output: [ g g h i j k ] [ g h i j k ]  
[ i x k x m x m x o x q x ] [ i x k x m x m x o x q x ]  

The pattern is repeating the same sequence. The final answer is:  
[[i x k x m x m x o x q x]]
Filtered Qwen output: i x k x m x m x o x q x
trial 2 of 10...
trial 3 of 10...
trial 4 of 10...
trial 5 of 10...
trial 6 of 10...
trial 7 of 10...
trial 8 of 10...
trial 9 of 10...
trial 10 of 10...
Problem type: 2gensplit7 - 13/20
trial 1 of 10...

=== PROMPT ===

System message: You are able to solve letter-string analogies

User message: Use the following alphabet to complete the pattern.

a b c d e f g h i j k l m n o p q r s t u v w x y z

Note that the alphabet may be in an unfamiliar order. Complete the pattern using this order. Answer with only the final answer and nothing else. Put your final answer between double brackets.

[t u v w] [t u v w x]
[21 21 22 22 23 23 24 24] [


--- TARGET LETTERS ---

[np.int64(21), np.int64(21), np.int64(22), np.int64(22), np.int64(23), np.int64(23), np.int64(24), np.int64(24), np.int64(25), np.int64(25)]
Full Qwen output: [21 21 22 22 23 23 24 24 25]
trial 2 of 10...
trial 3 of 10...
trial 4 of 10...
trial 5 of 10...
trial 6 of 10...
trial 7 of 10...
trial 8 of 10...
trial 9 of 10...
trial 10 of 10...
Problem type: 3gen_split1 - 14/20
trial 1 of 10...

=== PROMPT ===

System message: You are able to solve letter-string analogies

User message: Use the following alphabet to complete the pattern.

a b c d e f g h i j k l m n o p q r s t u v w x y z

Note that the alphabet may be in an unfamiliar order. Complete the pattern using this order. Answer with only the final answer and nothing else. Put your final answer between double brackets.

[c e d f g] [c d e f g]
[7 7 8 8 9 9 12 12 11 11 10 10 13 13 14 14 15 15] [


--- TARGET LETTERS ---

[np.int64(7), np.int64(7), np.int64(8), np.int64(8), np.int64(9), np.int64(9), np.int64(10), np.int64(10), np.int64(11), np.int64(11), np.int64(12), np.int64(12), np.int64(13), np.int64(13), np.int64(14), np.int64(14), np.int64(15), np.int64(15)]
Full Qwen output: [7 7 8 8 9 9 12 12 11 11 10 10 13 13 14 14 15 15] [7 7 8 8 9 9 12 12 11 11 10 10 13 13 14 14 15 15]
trial 2 of 10...
trial 3 of 10...
trial 4 of 10...
trial 5 of 10...
trial 6 of 10...
trial 7 of 10...
trial 8 of 10...
trial 9 of 10...
trial 10 of 10...
Problem type: 3gen_split2 - 15/20
trial 1 of 10...

=== PROMPT ===

System message: You are able to solve letter-string analogies

User message: Use the following alphabet to complete the pattern.

a b c d e f g h i j k l m n o p q r s t u v w x y z

Note that the alphabet may be in an unfamiliar order. Complete the pattern using this order. Answer with only the final answer and nothing else. Put your final answer between double brackets.

[v u t w x] [t u v w x]
[i o m k q g e c a] [


--- TARGET LETTERS ---

['q', 'o', 'm', 'k', 'i', 'g', 'e', 'c', 'a']
Full Qwen output: [ i o m k q g e c a ] [ m k q g e c a ]
trial 2 of 10...
trial 3 of 10...
trial 4 of 10...
trial 5 of 10...
trial 6 of 10...
trial 7 of 10...
trial 8 of 10...
trial 9 of 10...
trial 10 of 10...
Problem type: 3gen_split3 - 16/20
trial 1 of 10...

=== PROMPT ===

System message: You are able to solve letter-string analogies

User message: Use the following alphabet to complete the pattern.

a b c d e f g h i j k l m n o p q r s t u v w x y z

Note that the alphabet may be in an unfamiliar order. Complete the pattern using this order. Answer with only the final answer and nothing else. Put your final answer between double brackets.

[u v w x] [t v w x]
[18 0 19 0 20 0 21 0 22 0 23 0 24 0 25 0] [


--- TARGET LETTERS ---

[np.int64(17), '0', np.int64(19), '0', np.int64(20), '0', np.int64(21), '0', np.int64(22), '0', np.int64(23), '0', np.int64(24), '0', np.int64(25), '0']
Full Qwen output: [18 0 19 0 20 0 21 0 22 0 23 0 24 0 25 0] [18 0 19 0 20 0 21 0 22 0 23 0 24 0 25 0]
trial 2 of 10...
trial 3 of 10...
trial 4 of 10...
trial 5 of 10...
trial 6 of 10...
trial 7 of 10...
trial 8 of 10...
trial 9 of 10...
trial 10 of 10...
Problem type: 3gen_split4 - 17/20
trial 1 of 10...

=== PROMPT ===

System message: You are able to solve letter-string analogies

User message: Use the following alphabet to complete the pattern.

a b c d e f g h i j k l m n o p q r s t u v w x y z

Note that the alphabet may be in an unfamiliar order. Complete the pattern using this order. Answer with only the final answer and nothing else. Put your final answer between double brackets.

[e f g h] [e f g i]
[z x v t r p n l] [


--- TARGET LETTERS ---

['z', 'x', 'v', 't', 'r', 'p', 'n', 'j']
Full Qwen output: [ z x v t r p n l j ]
trial 2 of 10...
trial 3 of 10...
trial 4 of 10...
trial 5 of 10...
trial 6 of 10...
trial 7 of 10...
trial 8 of 10...
trial 9 of 10...
trial 10 of 10...
Problem type: 3gen_split5 - 18/20
trial 1 of 10...

=== PROMPT ===

System message: You are able to solve letter-string analogies

User message: Use the following alphabet to complete the pattern.

a b c d e f g h i j k l m n o p q r s t u v w x y z

Note that the alphabet may be in an unfamiliar order. Complete the pattern using this order. Answer with only the final answer and nothing else. Put your final answer between double brackets.

[r s t u v v] [r s t u v]
[l l x x k k x x k k x x j j x x i i x x h h x x] [


--- TARGET LETTERS ---

['l', 'l', 'x', 'x', 'k', 'k', 'x', 'x', 'j', 'j', 'x', 'x', 'i', 'i', 'x', 'x', 'h', 'h', 'x', 'x']
Full Qwen output: [rrss tt uu vv vv] [rrss tt uu vv]
trial 2 of 10...
trial 3 of 10...
trial 4 of 10...
trial 5 of 10...
trial 6 of 10...
trial 7 of 10...
trial 8 of 10...
trial 9 of 10...
trial 10 of 10...
Problem type: 3gen_split6 - 19/20
trial 1 of 10...

=== PROMPT ===

System message: You are able to solve letter-string analogies

User message: Use the following alphabet to complete the pattern.

a b c d e f g h i j k l m n o p q r s t u v w x y z

Note that the alphabet may be in an unfamiliar order. Complete the pattern using this order. Answer with only the final answer and nothing else. Put your final answer between double brackets.

[a b c c d e] [a b c d e]
[k k j j i i h h g g f f e e d d c c c c] [


--- TARGET LETTERS ---

['k', 'k', 'j', 'j', 'i', 'i', 'h', 'h', 'g', 'g', 'f', 'f', 'e', 'e', 'd', 'd', 'c', 'c']
Full Qwen output: [ k k j j i i h h g g f f e e d d c c b b a a ]
trial 2 of 10...
trial 3 of 10...
trial 4 of 10...
trial 5 of 10...
trial 6 of 10...
trial 7 of 10...
trial 8 of 10...
trial 9 of 10...
trial 10 of 10...
Problem type: 3gensplit7 - 20/20
trial 1 of 10...

=== PROMPT ===

System message: You are able to solve letter-string analogies

User message: Use the following alphabet to complete the pattern.

a b c d e f g h i j k l m n o p q r s t u v w x y z

Note that the alphabet may be in an unfamiliar order. Complete the pattern using this order. Answer with only the final answer and nothing else. Put your final answer between double brackets.

[c c d e f g] [c d e f g]
[d d x x e e x x f f x x g g x x h h x x i i x x i i x x j j x x k k x x l l x x] [


--- TARGET LETTERS ---

['d', 'd', 'x', 'x', 'e', 'e', 'x', 'x', 'f', 'f', 'x', 'x', 'g', 'g', 'x', 'x', 'h', 'h', 'x', 'x', 'i', 'i', 'x', 'x', 'j', 'j', 'x', 'x', 'k', 'k', 'x', 'x', 'l', 'l', 'x', 'x']
Full Qwen output: [ c c d e f g ] [ c d e f g ] [ d d x x e e x x f f x x g g x x h h x x i i x x j j x x k k x x l l x x ] [ d d x x e e x x f f x x g g x x h h x x i i x x j j x x k k x x l l x x ]
trial 2 of 10...
trial 3 of 10...
trial 4 of 10...
trial 5 of 10...
trial 6 of 10...
trial 7 of 10...
trial 8 of 10...
trial 9 of 10...
trial 10 of 10...
alph_4
a b c d e f g h i j k l m n o p q r s t u v w x y z
Problem type: larger_int - 1/20
trial 1 of 10...

=== PROMPT ===

System message: You are able to solve letter-string analogies

User message: Use the following alphabet to complete the pattern.

a b c d e f g h i j k l m n o p q r s t u v w x y z

Note that the alphabet may be in an unfamiliar order. Complete the pattern using this order. Answer with only the final answer and nothing else. Put your final answer between double brackets.

[u v w x] [u v w x y]
[r t v x] [


--- TARGET LETTERS ---

['r', 't', 'v', 'x', 'z']
Full Qwen output: [ r t v x y ]
trial 2 of 10...
trial 3 of 10...
trial 4 of 10...
trial 5 of 10...
trial 6 of 10...
trial 7 of 10...
trial 8 of 10...
trial 9 of 10...
trial 10 of 10...
Problem type: longer_targ - 2/20
trial 1 of 10...

=== PROMPT ===

System message: You are able to solve letter-string analogies

User message: Use the following alphabet to complete the pattern.

a b c d e f g h i j k l m n o p q r s t u v w x y z

Note that the alphabet may be in an unfamiliar order. Complete the pattern using this order. Answer with only the final answer and nothing else. Put your final answer between double brackets.

[g h i j] [g h i k]
[b c d e f g h i] [


--- TARGET LETTERS ---

['b', 'c', 'd', 'e', 'f', 'g', 'h', 'j']
Full Qwen output: [b c d e f g h i j]
trial 2 of 10...
trial 3 of 10...
trial 4 of 10...
trial 5 of 10...
trial 6 of 10...
trial 7 of 10...
trial 8 of 10...
trial 9 of 10...
trial 10 of 10...
Problem type: group - 3/20
trial 1 of 10...

=== PROMPT ===

System message: You are able to solve letter-string analogies

User message: Use the following alphabet to complete the pattern.

a b c d e f g h i j k l m n o p q r s t u v w x y z

Note that the alphabet may be in an unfamiliar order. Complete the pattern using this order. Answer with only the final answer and nothing else. Put your final answer between double brackets.

[d b c a e] [a b c d e]
[e e h h g g f f i i] [


--- TARGET LETTERS ---

['e', 'e', 'f', 'f', 'g', 'g', 'h', 'h', 'i', 'i']
Full Qwen output: [ e e h h g g f f i i ] [ e e h h g g f f i i ]
trial 2 of 10...
trial 3 of 10...
trial 4 of 10...
trial 5 of 10...
trial 6 of 10...
trial 7 of 10...
trial 8 of 10...
trial 9 of 10...
trial 10 of 10...
Problem type: interleaved - 4/20
trial 1 of 10...

=== PROMPT ===

System message: You are able to solve letter-string analogies

User message: Use the following alphabet to complete the pattern.

a b c d e f g h i j k l m n o p q r s t u v w x y z

Note that the alphabet may be in an unfamiliar order. Complete the pattern using this order. Answer with only the final answer and nothing else. Put your final answer between double brackets.

[s t u v] [r t u v]
[r x s x t x u x] [


--- TARGET LETTERS ---

['q', 'x', 's', 'x', 't', 'x', 'u', 'x']
Full Qwen output: [ r x s x t x u x v x ]
trial 2 of 10...
trial 3 of 10...
trial 4 of 10...
trial 5 of 10...
trial 6 of 10...
trial 7 of 10...
trial 8 of 10...
trial 9 of 10...
trial 10 of 10...
Problem type: letter2num - 5/20
trial 1 of 10...

=== PROMPT ===

System message: You are able to solve letter-string analogies

User message: Use the following alphabet to complete the pattern.

a b c d e f g h i j k l m n o p q r s t u v w x y z

Note that the alphabet may be in an unfamiliar order. Complete the pattern using this order. Answer with only the final answer and nothing else. Put your final answer between double brackets.

[m n o p] [m n o q]
[4 5 6 7] [


--- TARGET LETTERS ---

[np.int64(4), np.int64(5), np.int64(6), np.int64(8)]
Full Qwen output: [4 5 6 8]
trial 2 of 10...
trial 3 of 10...
trial 4 of 10...
trial 5 of 10...
trial 6 of 10...
trial 7 of 10...
trial 8 of 10...
trial 9 of 10...
trial 10 of 10...
Problem type: reverse - 6/20
trial 1 of 10...

=== PROMPT ===

System message: You are able to solve letter-string analogies

User message: Use the following alphabet to complete the pattern.

a b c d e f g h i j k l m n o p q r s t u v w x y z

Note that the alphabet may be in an unfamiliar order. Complete the pattern using this order. Answer with only the final answer and nothing else. Put your final answer between double brackets.

[c b d e f] [b c d e f]
[t s r p q] [


--- TARGET LETTERS ---

['t', 's', 'r', 'q', 'p']
Full Qwen output: [ s r p q ]
trial 2 of 10...
trial 3 of 10...
trial 4 of 10...
trial 5 of 10...
trial 6 of 10...
trial 7 of 10...
trial 8 of 10...
trial 9 of 10...
trial 10 of 10...
Problem type: 2gen_split1 - 7/20
trial 1 of 10...

=== PROMPT ===

System message: You are able to solve letter-string analogies

User message: Use the following alphabet to complete the pattern.

a b c d e f g h i j k l m n o p q r s t u v w x y z

Note that the alphabet may be in an unfamiliar order. Complete the pattern using this order. Answer with only the final answer and nothing else. Put your final answer between double brackets.

[s t n v w] [s t u v w]
[m m l l x x j j i i] [


--- TARGET LETTERS ---

['m', 'm', 'l', 'l', 'k', 'k', 'j', 'j', 'i', 'i']
Full Qwen output: [ m m l l x x j j i i ] [ m m l l x x j j i i ]
trial 2 of 10...
trial 3 of 10...
trial 4 of 10...
trial 5 of 10...
trial 6 of 10...
trial 7 of 10...
trial 8 of 10...
trial 9 of 10...
trial 10 of 10...
Problem type: 2gen_split2 - 8/20
trial 1 of 10...

=== PROMPT ===

System message: You are able to solve letter-string analogies

User message: Use the following alphabet to complete the pattern.

a b c d e f g h i j k l m n o p q r s t u v w x y z

Note that the alphabet may be in an unfamiliar order. Complete the pattern using this order. Answer with only the final answer and nothing else. Put your final answer between double brackets.

[c h i j k] [g h i j k]
[24 24 2 2 3 3 4 4 5 5] [


--- TARGET LETTERS ---

[np.int64(1), np.int64(1), np.int64(2), np.int64(2), np.int64(3), np.int64(3), np.int64(4), np.int64(4), np.int64(5), np.int64(5)]
Full Qwen output: To solve this, we need to identify the pattern in the given sequences and apply it to the second set.

### Step 1: Analyze the first sequence: [c h i j k]

Let's assign numerical values to the letters based on their position in the alphabet (a=1, b=2, ..., z=26):

- c = 3
- h = 8
- i = 9
- j = 10
- k = 11

So the first sequence is: [3, 8, 9, 10, 11]

### Step
trial 2 of 10...
trial 3 of 10...
trial 4 of 10...
trial 5 of 10...
trial 6 of 10...
trial 7 of 10...
trial 8 of 10...
trial 9 of 10...
trial 10 of 10...
Problem type: 2gen_split3 - 9/20
trial 1 of 10...

=== PROMPT ===

System message: You are able to solve letter-string analogies

User message: Use the following alphabet to complete the pattern.

a b c d e f g h i j k l m n o p q r s t u v w x y z

Note that the alphabet may be in an unfamiliar order. Complete the pattern using this order. Answer with only the final answer and nothing else. Put your final answer between double brackets.

[d g f e h] [d e f g h]
[p x q x s x r x t x u x v x w x x x] [


--- TARGET LETTERS ---

['p', 'x', 'q', 'x', 'r', 'x', 's', 'x', 't', 'x', 'u', 'x', 'v', 'x', 'w', 'x', 'x', 'x']
Full Qwen output: [ p x q x s x r x t x u x v x w x x x ] [ p x q x s x r x t x u x v x w x x x ]
trial 2 of 10...
trial 3 of 10...
trial 4 of 10...
trial 5 of 10...
trial 6 of 10...
trial 7 of 10...
trial 8 of 10...
trial 9 of 10...
trial 10 of 10...
Problem type: 2gen_split4 - 10/20
trial 1 of 10...

=== PROMPT ===

System message: You are able to solve letter-string analogies

User message: Use the following alphabet to complete the pattern.

a b c d e f g h i j k l m n o p q r s t u v w x y z

Note that the alphabet may be in an unfamiliar order. Complete the pattern using this order. Answer with only the final answer and nothing else. Put your final answer between double brackets.

[t u v v w x] [t u v w x]
[c c c c d d e e f f g g h h i i j j k k] [


--- TARGET LETTERS ---

['c', 'c', 'd', 'd', 'e', 'e', 'f', 'f', 'g', 'g', 'h', 'h', 'i', 'i', 'j', 'j', 'k', 'k']
Full Qwen output: [ccccddffgg hh ii jj kk]
trial 2 of 10...
trial 3 of 10...
trial 4 of 10...
trial 5 of 10...
trial 6 of 10...
trial 7 of 10...
trial 8 of 10...
trial 9 of 10...
trial 10 of 10...
Problem type: 2gen_split5 - 11/20
trial 1 of 10...

=== PROMPT ===

System message: You are able to solve letter-string analogies

User message: Use the following alphabet to complete the pattern.

a b c d e f g h i j k l m n o p q r s t u v w x y z

Note that the alphabet may be in an unfamiliar order. Complete the pattern using this order. Answer with only the final answer and nothing else. Put your final answer between double brackets.

[k l m n] [k l m o]
[l l n n p p r r] [


--- TARGET LETTERS ---

['l', 'l', 'n', 'n', 'p', 'p', 't', 't']
Full Qwen output: [k l m n] [k l m o]  
[l l n n p p r r] [l l n n p p r r]  

The pattern appears to be repeating the same sequence: [l l n n p p r r]  

Final answer:  
[[l l n n p p r r]]
Filtered Qwen output: l l n n p p r r
trial 2 of 10...
trial 3 of 10...
trial 4 of 10...
trial 5 of 10...
trial 6 of 10...
trial 7 of 10...
trial 8 of 10...
trial 9 of 10...
trial 10 of 10...
Problem type: 2gen_split6 - 12/20
trial 1 of 10...

=== PROMPT ===

System message: You are able to solve letter-string analogies

User message: Use the following alphabet to complete the pattern.

a b c d e f g h i j k l m n o p q r s t u v w x y z

Note that the alphabet may be in an unfamiliar order. Complete the pattern using this order. Answer with only the final answer and nothing else. Put your final answer between double brackets.

[v w x t z] [v w x y z]
[d f h j l x p r t] [


--- TARGET LETTERS ---

['d', 'f', 'h', 'j', 'l', 'n', 'p', 'r', 't']
Full Qwen output: [ d f h j l x p r t v ]
trial 2 of 10...
trial 3 of 10...
trial 4 of 10...
trial 5 of 10...
trial 6 of 10...
trial 7 of 10...
trial 8 of 10...
trial 9 of 10...
trial 10 of 10...
Problem type: 2gensplit7 - 13/20
trial 1 of 10...

=== PROMPT ===

System message: You are able to solve letter-string analogies

User message: Use the following alphabet to complete the pattern.

a b c d e f g h i j k l m n o p q r s t u v w x y z

Note that the alphabet may be in an unfamiliar order. Complete the pattern using this order. Answer with only the final answer and nothing else. Put your final answer between double brackets.

[l m n o o p] [l m n o p]
[q q p p o o n n m m m m] [


--- TARGET LETTERS ---

['q', 'q', 'p', 'p', 'o', 'o', 'n', 'n', 'm', 'm']
Full Qwen output: [ l m n o o p ] [ l m n o p ] [ q q p p o o n n m m m m ] [ q p o n m ]
trial 2 of 10...
trial 3 of 10...
trial 4 of 10...
trial 5 of 10...
trial 6 of 10...
trial 7 of 10...
trial 8 of 10...
trial 9 of 10...
trial 10 of 10...
Problem type: 3gen_split1 - 14/20
trial 1 of 10...

=== PROMPT ===

System message: You are able to solve letter-string analogies

User message: Use the following alphabet to complete the pattern.

a b c d e f g h i j k l m n o p q r s t u v w x y z

Note that the alphabet may be in an unfamiliar order. Complete the pattern using this order. Answer with only the final answer and nothing else. Put your final answer between double brackets.

[w u v t x] [t u v w x]
[o o x x m m x x n n x x l l x x k k x x] [


--- TARGET LETTERS ---

['o', 'o', 'x', 'x', 'n', 'n', 'x', 'x', 'm', 'm', 'x', 'x', 'l', 'l', 'x', 'x', 'k', 'k', 'x', 'x']
Full Qwen output: [ w u v t x ] [ t u v w x ]  
[ o o x x m m x x n n x x l l x x k k x x ] [ m m x x k k x x ]  

[[m m x x k k x x]]
Filtered Qwen output: m m x x k k x x
trial 2 of 10...
trial 3 of 10...
trial 4 of 10...
trial 5 of 10...
trial 6 of 10...
trial 7 of 10...
trial 8 of 10...
trial 9 of 10...
trial 10 of 10...
Problem type: 3gen_split2 - 15/20
trial 1 of 10...

=== PROMPT ===

System message: You are able to solve letter-string analogies

User message: Use the following alphabet to complete the pattern.

a b c d e f g h i j k l m n o p q r s t u v w x y z

Note that the alphabet may be in an unfamiliar order. Complete the pattern using this order. Answer with only the final answer and nothing else. Put your final answer between double brackets.

[j k l m] [i k l m]
[10 0 12 0 14 0 16 0] [


--- TARGET LETTERS ---

[np.int64(8), '0', np.int64(12), '0', np.int64(14), '0', np.int64(16), '0']
Full Qwen output: [10 0 12 0 14 0 16 0] [10 0 12 0 14 0 16 0]
trial 2 of 10...
trial 3 of 10...
trial 4 of 10...
trial 5 of 10...
trial 6 of 10...
trial 7 of 10...
trial 8 of 10...
trial 9 of 10...
trial 10 of 10...
Problem type: 3gen_split3 - 16/20
trial 1 of 10...

=== PROMPT ===

System message: You are able to solve letter-string analogies

User message: Use the following alphabet to complete the pattern.

a b c d e f g h i j k l m n o p q r s t u v w x y z

Note that the alphabet may be in an unfamiliar order. Complete the pattern using this order. Answer with only the final answer and nothing else. Put your final answer between double brackets.

[m n o p] [m n o q]
[6 6 5 5 4 4 3 3] [


--- TARGET LETTERS ---

[np.int64(6), np.int64(6), np.int64(5), np.int64(5), np.int64(4), np.int64(4), np.int64(2), np.int64(2)]
Full Qwen output: [6 6 5 5 4 4 3 3] [6 6 5 5 4 4 3 3]
trial 2 of 10...
trial 3 of 10...
trial 4 of 10...
trial 5 of 10...
trial 6 of 10...
trial 7 of 10...
trial 8 of 10...
trial 9 of 10...
trial 10 of 10...
Problem type: 3gen_split4 - 17/20
trial 1 of 10...

=== PROMPT ===

System message: You are able to solve letter-string analogies

User message: Use the following alphabet to complete the pattern.

a b c d e f g h i j k l m n o p q r s t u v w x y z

Note that the alphabet may be in an unfamiliar order. Complete the pattern using this order. Answer with only the final answer and nothing else. Put your final answer between double brackets.

[s c d e f] [b c d e f]
[21 21 20 20 19 19 15 15 17 17] [


--- TARGET LETTERS ---

[np.int64(21), np.int64(21), np.int64(20), np.int64(20), np.int64(19), np.int64(19), np.int64(18), np.int64(18), np.int64(17), np.int64(17)]
Full Qwen output: [21 21 20 20 19 19 15 15 17 17] [21 21 20 20 19 19 15 15 17 17]
trial 2 of 10...
trial 3 of 10...
trial 4 of 10...
trial 5 of 10...
trial 6 of 10...
trial 7 of 10...
trial 8 of 10...
trial 9 of 10...
trial 10 of 10...
Problem type: 3gen_split5 - 18/20
trial 1 of 10...

=== PROMPT ===

System message: You are able to solve letter-string analogies

User message: Use the following alphabet to complete the pattern.

a b c d e f g h i j k l m n o p q r s t u v w x y z

Note that the alphabet may be in an unfamiliar order. Complete the pattern using this order. Answer with only the final answer and nothing else. Put your final answer between double brackets.

[r s t u] [q s t u]
[g g x x h h x x i i x x j j x x k k x x l l x x m m x x n n x x] [


--- TARGET LETTERS ---

['f', 'f', 'x', 'x', 'h', 'h', 'x', 'x', 'i', 'i', 'x', 'x', 'j', 'j', 'x', 'x', 'k', 'k', 'x', 'x', 'l', 'l', 'x', 'x', 'm', 'm', 'x', 'x', 'n', 'n', 'x', 'x']
Full Qwen output: [ o o y y p p y y q q y y r r y y s s y y ]
trial 2 of 10...
trial 3 of 10...
trial 4 of 10...
trial 5 of 10...
trial 6 of 10...
trial 7 of 10...
trial 8 of 10...
trial 9 of 10...
trial 10 of 10...
Problem type: 3gen_split6 - 19/20
trial 1 of 10...

=== PROMPT ===

System message: You are able to solve letter-string analogies

User message: Use the following alphabet to complete the pattern.

a b c d e f g h i j k l m n o p q r s t u v w x y z

Note that the alphabet may be in an unfamiliar order. Complete the pattern using this order. Answer with only the final answer and nothing else. Put your final answer between double brackets.

[v w x x y z] [v w x y z]
[19 19 21 21 23 23 23 23 25 25] [


--- TARGET LETTERS ---

[np.int64(19), np.int64(19), np.int64(21), np.int64(21), np.int64(23), np.int64(23), np.int64(25), np.int64(25)]
Full Qwen output: [19 19 21 21 23 23 23 23 25 25] [19 19 21 21 23 23 23 23 25 25]
trial 2 of 10...
trial 3 of 10...
trial 4 of 10...
trial 5 of 10...
trial 6 of 10...
trial 7 of 10...
trial 8 of 10...
trial 9 of 10...
trial 10 of 10...
Problem type: 3gensplit7 - 20/20
trial 1 of 10...

=== PROMPT ===

System message: You are able to solve letter-string analogies

User message: Use the following alphabet to complete the pattern.

a b c d e f g h i j k l m n o p q r s t u v w x y z

Note that the alphabet may be in an unfamiliar order. Complete the pattern using this order. Answer with only the final answer and nothing else. Put your final answer between double brackets.

[t w v u x] [t u v w x]
[12 0 11 0 8 0 9 0 10 0] [


--- TARGET LETTERS ---

[np.int64(12), '0', np.int64(11), '0', np.int64(10), '0', np.int64(9), '0', np.int64(8), '0']
Full Qwen output: [12 0 11 0 8 0 9 0 10 0] [12 0 11 0 8 0 9 0 10 0]
trial 2 of 10...
trial 3 of 10...
trial 4 of 10...
trial 5 of 10...
trial 6 of 10...
trial 7 of 10...
trial 8 of 10...
trial 9 of 10...
trial 10 of 10...
alph_5
a b c d e f g h i j k l m n o p q r s t u v w x y z
Problem type: larger_int - 1/20
trial 1 of 10...

=== PROMPT ===

System message: You are able to solve letter-string analogies

User message: Use the following alphabet to complete the pattern.

a b c d e f g h i j k l m n o p q r s t u v w x y z

Note that the alphabet may be in an unfamiliar order. Complete the pattern using this order. Answer with only the final answer and nothing else. Put your final answer between double brackets.

[i j k l] [i j k m]
[p r t v] [


--- TARGET LETTERS ---

['p', 'r', 't', 'x']
Full Qwen output: [[p r t w]]
Filtered Qwen output: p r t w
trial 2 of 10...
trial 3 of 10...
trial 4 of 10...
trial 5 of 10...
trial 6 of 10...
trial 7 of 10...
trial 8 of 10...
trial 9 of 10...
trial 10 of 10...
Problem type: longer_targ - 2/20
trial 1 of 10...

=== PROMPT ===

System message: You are able to solve letter-string analogies

User message: Use the following alphabet to complete the pattern.

a b c d e f g h i j k l m n o p q r s t u v w x y z

Note that the alphabet may be in an unfamiliar order. Complete the pattern using this order. Answer with only the final answer and nothing else. Put your final answer between double brackets.

[i j k l m m] [i j k l m]
[p q r r s t u v w x] [


--- TARGET LETTERS ---

['p', 'q', 'r', 's', 't', 'u', 'v', 'w', 'x']
Full Qwen output: [i j k l m m] [i j k l m]  
[p q r r s t u v w x] [p q r r s t u v w x]  

[[p q r r s t u v w x]]
Filtered Qwen output: p q r r s t u v w x
trial 2 of 10...
trial 3 of 10...
trial 4 of 10...
trial 5 of 10...
trial 6 of 10...
trial 7 of 10...
trial 8 of 10...
trial 9 of 10...
trial 10 of 10...
Problem type: group - 3/20
trial 1 of 10...

=== PROMPT ===

System message: You are able to solve letter-string analogies

User message: Use the following alphabet to complete the pattern.

a b c d e f g h i j k l m n o p q r s t u v w x y z

Note that the alphabet may be in an unfamiliar order. Complete the pattern using this order. Answer with only the final answer and nothing else. Put your final answer between double brackets.

[c e d f g] [c d e f g]
[i i h h j j k k l l] [


--- TARGET LETTERS ---

['h', 'h', 'i', 'i', 'j', 'j', 'k', 'k', 'l', 'l']
Full Qwen output: [ i j k l m ]
trial 2 of 10...
trial 3 of 10...
trial 4 of 10...
trial 5 of 10...
trial 6 of 10...
trial 7 of 10...
trial 8 of 10...
trial 9 of 10...
trial 10 of 10...
Problem type: interleaved - 4/20
trial 1 of 10...

=== PROMPT ===

System message: You are able to solve letter-string analogies

User message: Use the following alphabet to complete the pattern.

a b c d e f g h i j k l m n o p q r s t u v w x y z

Note that the alphabet may be in an unfamiliar order. Complete the pattern using this order. Answer with only the final answer and nothing else. Put your final answer between double brackets.

[n o p q] [m o p q]
[q x r x s x t x] [


--- TARGET LETTERS ---

['p', 'x', 'r', 'x', 's', 'x', 't', 'x']
Full Qwen output: [ q x r x s x t x ] [ r x s x t x u x ]
trial 2 of 10...
trial 3 of 10...
trial 4 of 10...
trial 5 of 10...
trial 6 of 10...
trial 7 of 10...
trial 8 of 10...
trial 9 of 10...
trial 10 of 10...
Problem type: letter2num - 5/20
trial 1 of 10...

=== PROMPT ===

System message: You are able to solve letter-string analogies

User message: Use the following alphabet to complete the pattern.

a b c d e f g h i j k l m n o p q r s t u v w x y z

Note that the alphabet may be in an unfamiliar order. Complete the pattern using this order. Answer with only the final answer and nothing else. Put your final answer between double brackets.

[t u v x w] [t u v w x]
[10 8 9 7 11] [


--- TARGET LETTERS ---

[np.int64(7), np.int64(8), np.int64(9), np.int64(10), np.int64(11)]
Full Qwen output: [10 8 9 7 6]
trial 2 of 10...
trial 3 of 10...
trial 4 of 10...
trial 5 of 10...
trial 6 of 10...
trial 7 of 10...
trial 8 of 10...
trial 9 of 10...
trial 10 of 10...
Problem type: reverse - 6/20
trial 1 of 10...

=== PROMPT ===

System message: You are able to solve letter-string analogies

User message: Use the following alphabet to complete the pattern.

a b c d e f g h i j k l m n o p q r s t u v w x y z

Note that the alphabet may be in an unfamiliar order. Complete the pattern using this order. Answer with only the final answer and nothing else. Put your final answer between double brackets.

[b c d e] [a c d e]
[v u t s] [


--- TARGET LETTERS ---

['w', 'u', 't', 's']
Full Qwen output: [[r s t u]]
Filtered Qwen output: r s t u
trial 2 of 10...
trial 3 of 10...
trial 4 of 10...
trial 5 of 10...
trial 6 of 10...
trial 7 of 10...
trial 8 of 10...
trial 9 of 10...
trial 10 of 10...
Problem type: 2gen_split1 - 7/20
trial 1 of 10...

=== PROMPT ===

System message: You are able to solve letter-string analogies

User message: Use the following alphabet to complete the pattern.

a b c d e f g h i j k l m n o p q r s t u v w x y z

Note that the alphabet may be in an unfamiliar order. Complete the pattern using this order. Answer with only the final answer and nothing else. Put your final answer between double brackets.

[q r s t] [q r s u]
[14 13 12 11] [


--- TARGET LETTERS ---

[np.int64(14), np.int64(13), np.int64(12), np.int64(10)]
Full Qwen output: [14 13 10 9]
trial 2 of 10...
trial 3 of 10...
trial 4 of 10...
trial 5 of 10...
trial 6 of 10...
trial 7 of 10...
trial 8 of 10...
trial 9 of 10...
trial 10 of 10...
Problem type: 2gen_split2 - 8/20
trial 1 of 10...

=== PROMPT ===

System message: You are able to solve letter-string analogies

User message: Use the following alphabet to complete the pattern.

a b c d e f g h i j k l m n o p q r s t u v w x y z

Note that the alphabet may be in an unfamiliar order. Complete the pattern using this order. Answer with only the final answer and nothing else. Put your final answer between double brackets.

[s t u v] [s t u v w]
[o o p p q q r r s s t t u u v v] [


--- TARGET LETTERS ---

['o', 'o', 'p', 'p', 'q', 'q', 'r', 'r', 's', 's', 't', 't', 'u', 'u', 'v', 'v', 'w', 'w']
Full Qwen output: [ o o p p q q r r s s t t u u v v w w ]
trial 2 of 10...
trial 3 of 10...
trial 4 of 10...
trial 5 of 10...
trial 6 of 10...
trial 7 of 10...
trial 8 of 10...
trial 9 of 10...
trial 10 of 10...
Problem type: 2gen_split3 - 9/20
trial 1 of 10...

=== PROMPT ===

System message: You are able to solve letter-string analogies

User message: Use the following alphabet to complete the pattern.

a b c d e f g h i j k l m n o p q r s t u v w x y z

Note that the alphabet may be in an unfamiliar order. Complete the pattern using this order. Answer with only the final answer and nothing else. Put your final answer between double brackets.

[c d e f] [b d e f]
[22 0 23 0 24 0 25 0] [


--- TARGET LETTERS ---

[np.int64(21), '0', np.int64(23), '0', np.int64(24), '0', np.int64(25), '0']
Full Qwen output: [22 0 21 0 20 0 19 0]
trial 2 of 10...
trial 3 of 10...
trial 4 of 10...
trial 5 of 10...
trial 6 of 10...
trial 7 of 10...
trial 8 of 10...
trial 9 of 10...
trial 10 of 10...
Problem type: 2gen_split4 - 10/20
trial 1 of 10...

=== PROMPT ===

System message: You are able to solve letter-string analogies

User message: Use the following alphabet to complete the pattern.

a b c d e f g h i j k l m n o p q r s t u v w x y z

Note that the alphabet may be in an unfamiliar order. Complete the pattern using this order. Answer with only the final answer and nothing else. Put your final answer between double brackets.

[g i h j k] [g h i j k]
[m m k k o o q q s s] [


--- TARGET LETTERS ---

['k', 'k', 'm', 'm', 'o', 'o', 'q', 'q', 's', 's']
Full Qwen output: [ m n l m o n p o q r s t ]
trial 2 of 10...
trial 3 of 10...
trial 4 of 10...
trial 5 of 10...
trial 6 of 10...
trial 7 of 10...
trial 8 of 10...
trial 9 of 10...
trial 10 of 10...
Problem type: 2gen_split5 - 11/20
trial 1 of 10...

=== PROMPT ===

System message: You are able to solve letter-string analogies

User message: Use the following alphabet to complete the pattern.

a b c d e f g h i j k l m n o p q r s t u v w x y z

Note that the alphabet may be in an unfamiliar order. Complete the pattern using this order. Answer with only the final answer and nothing else. Put your final answer between double brackets.

[w x y z] [v x y z]
[q o m k] [


--- TARGET LETTERS ---

['s', 'o', 'm', 'k']
Full Qwen output: [ q o m k ] [ p n l j ]
trial 2 of 10...
trial 3 of 10...
trial 4 of 10...
trial 5 of 10...
trial 6 of 10...
trial 7 of 10...
trial 8 of 10...
trial 9 of 10...
trial 10 of 10...
Problem type: 2gen_split6 - 12/20
trial 1 of 10...

=== PROMPT ===

System message: You are able to solve letter-string analogies

User message: Use the following alphabet to complete the pattern.

a b c d e f g h i j k l m n o p q r s t u v w x y z

Note that the alphabet may be in an unfamiliar order. Complete the pattern using this order. Answer with only the final answer and nothing else. Put your final answer between double brackets.

[l m n o] [l m n p]
[19 21 23] [


--- TARGET LETTERS ---

[np.int64(19), np.int64(21), np.int64(25)]
Full Qwen output: [19 21 23] [19 21 16]
trial 2 of 10...
trial 3 of 10...
trial 4 of 10...
trial 5 of 10...
trial 6 of 10...
trial 7 of 10...
trial 8 of 10...
trial 9 of 10...
trial 10 of 10...
Problem type: 2gensplit7 - 13/20
trial 1 of 10...

=== PROMPT ===

System message: You are able to solve letter-string analogies

User message: Use the following alphabet to complete the pattern.

a b c d e f g h i j k l m n o p q r s t u v w x y z

Note that the alphabet may be in an unfamiliar order. Complete the pattern using this order. Answer with only the final answer and nothing else. Put your final answer between double brackets.

[t u v w] [t u v w x]
[w w v v u u t t] [


--- TARGET LETTERS ---

['w', 'w', 'v', 'v', 'u', 'u', 't', 't', 's', 's']
Full Qwen output: [ w w v v u u t t ] [ w w v v u u t t ]
trial 2 of 10...
trial 3 of 10...
trial 4 of 10...
trial 5 of 10...
trial 6 of 10...
trial 7 of 10...
trial 8 of 10...
trial 9 of 10...
trial 10 of 10...
Problem type: 3gen_split1 - 14/20
trial 1 of 10...

=== PROMPT ===

System message: You are able to solve letter-string analogies

User message: Use the following alphabet to complete the pattern.

a b c d e f g h i j k l m n o p q r s t u v w x y z

Note that the alphabet may be in an unfamiliar order. Complete the pattern using this order. Answer with only the final answer and nothing else. Put your final answer between double brackets.

[t u v w] [t u v x]
[i x h x g x f x e x d x c x b x] [


--- TARGET LETTERS ---

['i', 'x', 'h', 'x', 'g', 'x', 'f', 'x', 'e', 'x', 'd', 'x', 'c', 'x', 'a', 'x']
Full Qwen output: [ i x h x g x f x e x d x c x b x ] [ i x h x g x f x e x d x c x b x ]
trial 2 of 10...
trial 3 of 10...
trial 4 of 10...
trial 5 of 10...
trial 6 of 10...
trial 7 of 10...
trial 8 of 10...
trial 9 of 10...
trial 10 of 10...
Problem type: 3gen_split2 - 15/20
trial 1 of 10...

=== PROMPT ===

System message: You are able to solve letter-string analogies

User message: Use the following alphabet to complete the pattern.

a b c d e f g h i j k l m n o p q r s t u v w x y z

Note that the alphabet may be in an unfamiliar order. Complete the pattern using this order. Answer with only the final answer and nothing else. Put your final answer between double brackets.

[k l l m n o] [k l m n o]
[q q x x s s x x u u x x w w x x w w x x y y x x] [


--- TARGET LETTERS ---

['q', 'q', 'x', 'x', 's', 's', 'x', 'x', 'u', 'u', 'x', 'x', 'w', 'w', 'x', 'x', 'y', 'y', 'x', 'x']
Full Qwen output: [ k l m n o ] [ k l m n o ] [ q x s u w y x ]
trial 2 of 10...
trial 3 of 10...
trial 4 of 10...
trial 5 of 10...
trial 6 of 10...
trial 7 of 10...
trial 8 of 10...
trial 9 of 10...
trial 10 of 10...
Problem type: 3gen_split3 - 16/20
trial 1 of 10...

=== PROMPT ===

System message: You are able to solve letter-string analogies

User message: Use the following alphabet to complete the pattern.

a b c d e f g h i j k l m n o p q r s t u v w x y z

Note that the alphabet may be in an unfamiliar order. Complete the pattern using this order. Answer with only the final answer and nothing else. Put your final answer between double brackets.

[g h i j] [g h i k]
[e e x x g g x x i i x x k k x x] [


--- TARGET LETTERS ---

['e', 'e', 'x', 'x', 'g', 'g', 'x', 'x', 'i', 'i', 'x', 'x', 'm', 'm', 'x', 'x']
Full Qwen output: [ e e x x g g x x i i x x k k x x ] [ e e x x g g x x i i x x k k x x ]
trial 2 of 10...
trial 3 of 10...
trial 4 of 10...
trial 5 of 10...
trial 6 of 10...
trial 7 of 10...
trial 8 of 10...
trial 9 of 10...
trial 10 of 10...
Problem type: 3gen_split4 - 17/20
trial 1 of 10...

=== PROMPT ===

System message: You are able to solve letter-string analogies

User message: Use the following alphabet to complete the pattern.

a b c d e f g h i j k l m n o p q r s t u v w x y z

Note that the alphabet may be in an unfamiliar order. Complete the pattern using this order. Answer with only the final answer and nothing else. Put your final answer between double brackets.

[t u v w] [s u v w]
[19 19 0 0 20 20 0 0 21 21 0 0 22 22 0 0] [


--- TARGET LETTERS ---

[np.int64(18), np.int64(18), '0', '0', np.int64(20), np.int64(20), '0', '0', np.int64(21), np.int64(21), '0', '0', np.int64(22), np.int64(22), '0', '0']
Full Qwen output: [19 19 0 0 20 20 0 0 21 21 0 0 22 22 0 0 23 23 0 0]
trial 2 of 10...
trial 3 of 10...
trial 4 of 10...
trial 5 of 10...
trial 6 of 10...
trial 7 of 10...
trial 8 of 10...
trial 9 of 10...
trial 10 of 10...
Problem type: 3gen_split5 - 18/20
trial 1 of 10...

=== PROMPT ===

System message: You are able to solve letter-string analogies

User message: Use the following alphabet to complete the pattern.

a b c d e f g h i j k l m n o p q r s t u v w x y z

Note that the alphabet may be in an unfamiliar order. Complete the pattern using this order. Answer with only the final answer and nothing else. Put your final answer between double brackets.

[m q o p n] [m n o p q]
[4 0 10 0 6 0 7 0 8 0 9 0 5 0 11 0 12 0] [


--- TARGET LETTERS ---

[np.int64(4), '0', np.int64(5), '0', np.int64(6), '0', np.int64(7), '0', np.int64(8), '0', np.int64(9), '0', np.int64(10), '0', np.int64(11), '0', np.int64(12), '0']
Full Qwen output: [4 0 10 0 6 0 7 0 8 0 9 0 5 0 11 0 12 0] [4 0 10 0 6 0 7 0 8 0 9 0 5 0 11 0 12 0]
trial 2 of 10...
trial 3 of 10...
trial 4 of 10...
trial 5 of 10...
trial 6 of 10...
trial 7 of 10...
trial 8 of 10...
trial 9 of 10...
trial 10 of 10...
Problem type: 3gen_split6 - 19/20
trial 1 of 10...

=== PROMPT ===

System message: You are able to solve letter-string analogies

User message: Use the following alphabet to complete the pattern.

a b c d e f g h i j k l m n o p q r s t u v w x y z

Note that the alphabet may be in an unfamiliar order. Complete the pattern using this order. Answer with only the final answer and nothing else. Put your final answer between double brackets.

[p q r s] [o q r s]
[u u t t s s r r q q p p o o n n] [


--- TARGET LETTERS ---

['v', 'v', 't', 't', 's', 's', 'r', 'r', 'q', 'q', 'p', 'p', 'o', 'o', 'n', 'n']
Full Qwen output: [ u u t t s s r r q q p p o o n n ] [ m m l l k k j j i i h h g g f f e e d d c c b b a a ]
trial 2 of 10...
trial 3 of 10...
trial 4 of 10...
trial 5 of 10...
trial 6 of 10...
trial 7 of 10...
trial 8 of 10...
trial 9 of 10...
trial 10 of 10...
Problem type: 3gensplit7 - 20/20
trial 1 of 10...

=== PROMPT ===

System message: You are able to solve letter-string analogies

User message: Use the following alphabet to complete the pattern.

a b c d e f g h i j k l m n o p q r s t u v w x y z

Note that the alphabet may be in an unfamiliar order. Complete the pattern using this order. Answer with only the final answer and nothing else. Put your final answer between double brackets.

[m n o p] [m n o p q]
[b x d x f x h x j x l x n x p x] [


--- TARGET LETTERS ---

['b', 'x', 'd', 'x', 'f', 'x', 'h', 'x', 'j', 'x', 'l', 'x', 'n', 'x', 'p', 'x', 'r', 'x']
Full Qwen output: [b x d x f x h x j x l x n x p x] [b x d x f x h x j x l x n x p x q]
trial 2 of 10...
trial 3 of 10...
trial 4 of 10...
trial 5 of 10...
trial 6 of 10...
trial 7 of 10...
trial 8 of 10...
trial 9 of 10...
trial 10 of 10...
alph_6
a b c d e f g h i j k l m n o p q r s t u v w x y z
Problem type: larger_int - 1/20
trial 1 of 10...

=== PROMPT ===

System message: You are able to solve letter-string analogies

User message: Use the following alphabet to complete the pattern.

a b c d e f g h i j k l m n o p q r s t u v w x y z

Note that the alphabet may be in an unfamiliar order. Complete the pattern using this order. Answer with only the final answer and nothing else. Put your final answer between double brackets.

[l m n o] [l m n o p]
[g i k m] [


--- TARGET LETTERS ---

['g', 'i', 'k', 'm', 'o']
Full Qwen output: [ g i k m o ]
trial 2 of 10...
trial 3 of 10...
trial 4 of 10...
trial 5 of 10...
trial 6 of 10...
trial 7 of 10...
trial 8 of 10...
trial 9 of 10...
trial 10 of 10...
Problem type: longer_targ - 2/20
trial 1 of 10...

=== PROMPT ===

System message: You are able to solve letter-string analogies

User message: Use the following alphabet to complete the pattern.

a b c d e f g h i j k l m n o p q r s t u v w x y z

Note that the alphabet may be in an unfamiliar order. Complete the pattern using this order. Answer with only the final answer and nothing else. Put your final answer between double brackets.

[j k l m] [i k l m]
[m n o p q r s t] [


--- TARGET LETTERS ---

['l', 'n', 'o', 'p', 'q', 'r', 's', 't']
Full Qwen output: [ m n o p q r s t ] [ l n o p ]
trial 2 of 10...
trial 3 of 10...
trial 4 of 10...
trial 5 of 10...
trial 6 of 10...
trial 7 of 10...
trial 8 of 10...
trial 9 of 10...
trial 10 of 10...
Problem type: group - 3/20
trial 1 of 10...

=== PROMPT ===

System message: You are able to solve letter-string analogies

User message: Use the following alphabet to complete the pattern.

a b c d e f g h i j k l m n o p q r s t u v w x y z

Note that the alphabet may be in an unfamiliar order. Complete the pattern using this order. Answer with only the final answer and nothing else. Put your final answer between double brackets.

[e f g h m] [e f g h i]
[q q x x s s t t u u] [


--- TARGET LETTERS ---

['q', 'q', 'r', 'r', 's', 's', 't', 't', 'u', 'u']
Full Qwen output: [ q q x x s s t t u u ] [ q q x x s s t t u u ]
trial 2 of 10...
trial 3 of 10...
trial 4 of 10...
trial 5 of 10...
trial 6 of 10...
trial 7 of 10...
trial 8 of 10...
trial 9 of 10...
trial 10 of 10...
Problem type: interleaved - 4/20
trial 1 of 10...

=== PROMPT ===

System message: You are able to solve letter-string analogies

User message: Use the following alphabet to complete the pattern.

a b c d e f g h i j k l m n o p q r s t u v w x y z

Note that the alphabet may be in an unfamiliar order. Complete the pattern using this order. Answer with only the final answer and nothing else. Put your final answer between double brackets.

[s t u v] [r t u v]
[g x h x i x j x] [


--- TARGET LETTERS ---

['f', 'x', 'h', 'x', 'i', 'x', 'j', 'x']
Full Qwen output: [ g x h x i x j x ] [ k x l x m x n x ]
trial 2 of 10...
trial 3 of 10...
trial 4 of 10...
trial 5 of 10...
trial 6 of 10...
trial 7 of 10...
trial 8 of 10...
trial 9 of 10...
trial 10 of 10...
Problem type: letter2num - 5/20
trial 1 of 10...

=== PROMPT ===

System message: You are able to solve letter-string analogies

User message: Use the following alphabet to complete the pattern.

a b c d e f g h i j k l m n o p q r s t u v w x y z

Note that the alphabet may be in an unfamiliar order. Complete the pattern using this order. Answer with only the final answer and nothing else. Put your final answer between double brackets.

[c d e f] [b d e f]
[23 24 25 26] [


--- TARGET LETTERS ---

[np.int64(22), np.int64(24), np.int64(25), np.int64(26)]
Full Qwen output: [19 20 21 22]
trial 2 of 10...
trial 3 of 10...
trial 4 of 10...
trial 5 of 10...
trial 6 of 10...
trial 7 of 10...
trial 8 of 10...
trial 9 of 10...
trial 10 of 10...
Problem type: reverse - 6/20
trial 1 of 10...

=== PROMPT ===

System message: You are able to solve letter-string analogies

User message: Use the following alphabet to complete the pattern.

a b c d e f g h i j k l m n o p q r s t u v w x y z

Note that the alphabet may be in an unfamiliar order. Complete the pattern using this order. Answer with only the final answer and nothing else. Put your final answer between double brackets.

[d e f g] [d e f g h]
[o n m l] [


--- TARGET LETTERS ---

['o', 'n', 'm', 'l', 'k']
Full Qwen output: [ o n m l k]
trial 2 of 10...
trial 3 of 10...
trial 4 of 10...
trial 5 of 10...
trial 6 of 10...
trial 7 of 10...
trial 8 of 10...
trial 9 of 10...
trial 10 of 10...
Problem type: 2gen_split1 - 7/20
trial 1 of 10...

=== PROMPT ===

System message: You are able to solve letter-string analogies

User message: Use the following alphabet to complete the pattern.

a b c d e f g h i j k l m n o p q r s t u v w x y z

Note that the alphabet may be in an unfamiliar order. Complete the pattern using this order. Answer with only the final answer and nothing else. Put your final answer between double brackets.

[m n o p] [m n o q]
[e e g g i i k k] [


--- TARGET LETTERS ---

['e', 'e', 'g', 'g', 'i', 'i', 'm', 'm']
Full Qwen output: [ e e g g i i m m ]
trial 2 of 10...
trial 3 of 10...
trial 4 of 10...
trial 5 of 10...
trial 6 of 10...
trial 7 of 10...
trial 8 of 10...
trial 9 of 10...
trial 10 of 10...
Problem type: 2gen_split2 - 8/20
trial 1 of 10...

=== PROMPT ===

System message: You are able to solve letter-string analogies

User message: Use the following alphabet to complete the pattern.

a b c d e f g h i j k l m n o p q r s t u v w x y z

Note that the alphabet may be in an unfamiliar order. Complete the pattern using this order. Answer with only the final answer and nothing else. Put your final answer between double brackets.

[u w v x y] [u v w x y]
[n n p p r r v v t t] [


--- TARGET LETTERS ---

['n', 'n', 'p', 'p', 'r', 'r', 't', 't', 'v', 'v']
Full Qwen output: [ u w v x y ] [ u v w x y ]  
[ n n p p r r v v t t ] [ n p r t v ]  

[[n p r t v]]
Filtered Qwen output: n p r t v
trial 2 of 10...
trial 3 of 10...
trial 4 of 10...
trial 5 of 10...
trial 6 of 10...
trial 7 of 10...
trial 8 of 10...
trial 9 of 10...
trial 10 of 10...
Problem type: 2gen_split3 - 9/20
trial 1 of 10...

=== PROMPT ===

System message: You are able to solve letter-string analogies

User message: Use the following alphabet to complete the pattern.

a b c d e f g h i j k l m n o p q r s t u v w x y z

Note that the alphabet may be in an unfamiliar order. Complete the pattern using this order. Answer with only the final answer and nothing else. Put your final answer between double brackets.

[j k l m] [j k l n]
[p p q q r r s s t t u u v v w w] [


--- TARGET LETTERS ---

['p', 'p', 'q', 'q', 'r', 'r', 's', 's', 't', 't', 'u', 'u', 'v', 'v', 'x', 'x']
Full Qwen output: [ p p q q r r s s t t u u v v w w x x ]
trial 2 of 10...
trial 3 of 10...
trial 4 of 10...
trial 5 of 10...
trial 6 of 10...
trial 7 of 10...
trial 8 of 10...
trial 9 of 10...
trial 10 of 10...
Problem type: 2gen_split4 - 10/20
trial 1 of 10...

=== PROMPT ===

System message: You are able to solve letter-string analogies

User message: Use the following alphabet to complete the pattern.

a b c d e f g h i j k l m n o p q r s t u v w x y z

Note that the alphabet may be in an unfamiliar order. Complete the pattern using this order. Answer with only the final answer and nothing else. Put your final answer between double brackets.

[i j k l] [h j k l]
[7 9 11 13] [


--- TARGET LETTERS ---

[np.int64(5), np.int64(9), np.int64(11), np.int64(13)]
Full Qwen output: [6 8 10 12]
trial 2 of 10...
trial 3 of 10...
trial 4 of 10...
trial 5 of 10...
trial 6 of 10...
trial 7 of 10...
trial 8 of 10...
trial 9 of 10...
trial 10 of 10...
Problem type: 2gen_split5 - 11/20
trial 1 of 10...

=== PROMPT ===

System message: You are able to solve letter-string analogies

User message: Use the following alphabet to complete the pattern.

a b c d e f g h i j k l m n o p q r s t u v w x y z

Note that the alphabet may be in an unfamiliar order. Complete the pattern using this order. Answer with only the final answer and nothing else. Put your final answer between double brackets.

[i j n l m] [i j k l m]
[15 16 17 18 19 20 21 22 12] [


--- TARGET LETTERS ---

[np.int64(15), np.int64(16), np.int64(17), np.int64(18), np.int64(19), np.int64(20), np.int64(21), np.int64(22), np.int64(23)]
Full Qwen output: [15 16 17 18 19 20 21 22 12] [15 16 17 18 19 20 21 22 12]
trial 2 of 10...
trial 3 of 10...
trial 4 of 10...
trial 5 of 10...
trial 6 of 10...
trial 7 of 10...
trial 8 of 10...
trial 9 of 10...
trial 10 of 10...
Problem type: 2gen_split6 - 12/20
trial 1 of 10...

=== PROMPT ===

System message: You are able to solve letter-string analogies

User message: Use the following alphabet to complete the pattern.

a b c d e f g h i j k l m n o p q r s t u v w x y z

Note that the alphabet may be in an unfamiliar order. Complete the pattern using this order. Answer with only the final answer and nothing else. Put your final answer between double brackets.

[v w x y] [v w x z]
[m k i g] [


--- TARGET LETTERS ---

['m', 'k', 'i', 'e']
Full Qwen output: [ m k i d ]
trial 2 of 10...
trial 3 of 10...
trial 4 of 10...
trial 5 of 10...
trial 6 of 10...
trial 7 of 10...
trial 8 of 10...
trial 9 of 10...
trial 10 of 10...
Problem type: 2gensplit7 - 13/20
trial 1 of 10...

=== PROMPT ===

System message: You are able to solve letter-string analogies

User message: Use the following alphabet to complete the pattern.

a b c d e f g h i j k l m n o p q r s t u v w x y z

Note that the alphabet may be in an unfamiliar order. Complete the pattern using this order. Answer with only the final answer and nothing else. Put your final answer between double brackets.

[s t u v] [s t u w]
[c e g i k m o q] [


--- TARGET LETTERS ---

['c', 'e', 'g', 'i', 'k', 'm', 'o', 's']
Full Qwen output: [ c e g i k m o q ] [ c e g i k o q ]
trial 2 of 10...
trial 3 of 10...
trial 4 of 10...
trial 5 of 10...
trial 6 of 10...
trial 7 of 10...
trial 8 of 10...
trial 9 of 10...
trial 10 of 10...
Problem type: 3gen_split1 - 14/20
trial 1 of 10...

=== PROMPT ===

System message: You are able to solve letter-string analogies

User message: Use the following alphabet to complete the pattern.

a b c d e f g h i j k l m n o p q r s t u v w x y z

Note that the alphabet may be in an unfamiliar order. Complete the pattern using this order. Answer with only the final answer and nothing else. Put your final answer between double brackets.

[k l m n] [j l m n]
[16 15 14 13 12 11 10 9] [


--- TARGET LETTERS ---

[np.int64(17), np.int64(15), np.int64(14), np.int64(13), np.int64(12), np.int64(11), np.int64(10), np.int64(9)]
Full Qwen output: [16 15 14 13 12 11 10 9] [12 13 14 15 16 17 18 19]
trial 2 of 10...
trial 3 of 10...
trial 4 of 10...
trial 5 of 10...
trial 6 of 10...
trial 7 of 10...
trial 8 of 10...
trial 9 of 10...
trial 10 of 10...
Problem type: 3gen_split2 - 15/20
trial 1 of 10...

=== PROMPT ===

System message: You are able to solve letter-string analogies

User message: Use the following alphabet to complete the pattern.

a b c d e f g h i j k l m n o p q r s t u v w x y z

Note that the alphabet may be in an unfamiliar order. Complete the pattern using this order. Answer with only the final answer and nothing else. Put your final answer between double brackets.

[j k l m] [j k l n]
[12 12 0 0 13 13 0 0 14 14 0 0 15 15 0 0] [


--- TARGET LETTERS ---

[np.int64(12), np.int64(12), '0', '0', np.int64(13), np.int64(13), '0', '0', np.int64(14), np.int64(14), '0', '0', np.int64(16), np.int64(16), '0', '0']
Full Qwen output: [12 12 0 0 13 13 0 0 14 14 0 0 15 15 0 0 16 16 0 0]
trial 2 of 10...
trial 3 of 10...
trial 4 of 10...
trial 5 of 10...
trial 6 of 10...
trial 7 of 10...
trial 8 of 10...
trial 9 of 10...
trial 10 of 10...
Problem type: 3gen_split3 - 16/20
trial 1 of 10...

=== PROMPT ===

System message: You are able to solve letter-string analogies

User message: Use the following alphabet to complete the pattern.

a b c d e f g h i j k l m n o p q r s t u v w x y z

Note that the alphabet may be in an unfamiliar order. Complete the pattern using this order. Answer with only the final answer and nothing else. Put your final answer between double brackets.

[v w x y] [v w x z]
[k k j j i i h h g g f f e e d d] [


--- TARGET LETTERS ---

['k', 'k', 'j', 'j', 'i', 'i', 'h', 'h', 'g', 'g', 'f', 'f', 'e', 'e', 'c', 'c']
Full Qwen output: [ k k j j i i h h g g f f e e d d ] [ k k j j i i h h g g f f e e d d ]
trial 2 of 10...
trial 3 of 10...
trial 4 of 10...
trial 5 of 10...
trial 6 of 10...
trial 7 of 10...
trial 8 of 10...
trial 9 of 10...
trial 10 of 10...
Problem type: 3gen_split4 - 17/20
trial 1 of 10...

=== PROMPT ===

System message: You are able to solve letter-string analogies

User message: Use the following alphabet to complete the pattern.

a b c d e f g h i j k l m n o p q r s t u v w x y z

Note that the alphabet may be in an unfamiliar order. Complete the pattern using this order. Answer with only the final answer and nothing else. Put your final answer between double brackets.

[f g h i] [f g h j]
[4 4 6 6 8 8 10 10] [


--- TARGET LETTERS ---

[np.int64(4), np.int64(4), np.int64(6), np.int64(6), np.int64(8), np.int64(8), np.int64(12), np.int64(12)]
Full Qwen output: [4 4 6 6 8 8 10 10] [4 4 6 6 8 8 10 10]
trial 2 of 10...
trial 3 of 10...
trial 4 of 10...
trial 5 of 10...
trial 6 of 10...
trial 7 of 10...
trial 8 of 10...
trial 9 of 10...
trial 10 of 10...
Problem type: 3gen_split5 - 18/20
trial 1 of 10...

=== PROMPT ===

System message: You are able to solve letter-string analogies

User message: Use the following alphabet to complete the pattern.

a b c d e f g h i j k l m n o p q r s t u v w x y z

Note that the alphabet may be in an unfamiliar order. Complete the pattern using this order. Answer with only the final answer and nothing else. Put your final answer between double brackets.

[g h i j] [g h i k]
[u u s s q q o o] [


--- TARGET LETTERS ---

['u', 'u', 's', 's', 'q', 'q', 'm', 'm']
Full Qwen output: [ u u s s q q o o ] [ u u s s q q o o ]
trial 2 of 10...
trial 3 of 10...
trial 4 of 10...
trial 5 of 10...
trial 6 of 10...
trial 7 of 10...
trial 8 of 10...
trial 9 of 10...
trial 10 of 10...
Problem type: 3gen_split6 - 19/20
trial 1 of 10...

=== PROMPT ===

System message: You are able to solve letter-string analogies

User message: Use the following alphabet to complete the pattern.

a b c d e f g h i j k l m n o p q r s t u v w x y z

Note that the alphabet may be in an unfamiliar order. Complete the pattern using this order. Answer with only the final answer and nothing else. Put your final answer between double brackets.

[g h i j] [g h i k]
[11 13 15 17 19 21 23] [


--- TARGET LETTERS ---

[np.int64(11), np.int64(13), np.int64(15), np.int64(17), np.int64(19), np.int64(21), np.int64(25)]
Full Qwen output: [11 13 15 17 19 21 23] [11 13 15 17 19 23]
trial 2 of 10...
trial 3 of 10...
trial 4 of 10...
trial 5 of 10...
trial 6 of 10...
trial 7 of 10...
trial 8 of 10...
trial 9 of 10...
trial 10 of 10...
Problem type: 3gensplit7 - 20/20
trial 1 of 10...

=== PROMPT ===

System message: You are able to solve letter-string analogies

User message: Use the following alphabet to complete the pattern.

a b c d e f g h i j k l m n o p q r s t u v w x y z

Note that the alphabet may be in an unfamiliar order. Complete the pattern using this order. Answer with only the final answer and nothing else. Put your final answer between double brackets.

[m n o p] [m n o q]
[1 0 2 0 3 0 4 0 5 0 6 0 7 0 8 0] [


--- TARGET LETTERS ---

[np.int64(1), '0', np.int64(2), '0', np.int64(3), '0', np.int64(4), '0', np.int64(5), '0', np.int64(6), '0', np.int64(7), '0', np.int64(9), '0']
Full Qwen output: [1 0 2 0 3 0 4 0 5 0 6 0 7 0 8 0] [1 0 2 0 3 0 4 0 5 0 6 0 7 0 8 0 9 0]
trial 2 of 10...
trial 3 of 10...
trial 4 of 10...
trial 5 of 10...
trial 6 of 10...
trial 7 of 10...
trial 8 of 10...
trial 9 of 10...
trial 10 of 10...
Saved ./Qwen_Qwen3-8B_prob_predictions_multi_alph/gen/Qwen_Qwen3-8B_letterstring_results_1_multi_alph_gptprobs_minimal.npz
Total time: 1751.6795482635498 seconds.
Loading model Qwen/Qwen3-8B...
GPU memory available: 39.49 GB
`torch_dtype` is deprecated! Use `dtype` instead!
Flash Attention 2 not available (FlashAttention2 has been toggled on, but it cannot be used due to the following error: the package flash_attn seems to be not installed. Please refer to the documentation of https://huggingface.co/docs/transformers/perf_infer_gpu_one#flashattention-2 to install Flash Attention 2.), using default attention
Loading checkpoint shards:   0%|          | 0/5 [00:00<?, ?it/s]Loading checkpoint shards:  20%|██        | 1/5 [00:01<00:07,  1.78s/it]Loading checkpoint shards:  40%|████      | 2/5 [00:03<00:05,  1.77s/it]Loading checkpoint shards:  60%|██████    | 3/5 [00:05<00:03,  1.75s/it]Loading checkpoint shards:  80%|████████  | 4/5 [00:06<00:01,  1.61s/it]Loading checkpoint shards: 100%|██████████| 5/5 [00:08<00:00,  1.56s/it]Loading checkpoint shards: 100%|██████████| 5/5 [00:08<00:00,  1.62s/it]
Model loaded with default attention
Model device: cuda:0
GPU memory allocated: 15.26 GB, reserved: 15.26 GB
Model loaded. Loading tokenizer...
Model Qwen/Qwen3-8B and tokenizer loaded.
alph_0
a u c d e f g h i j k l m n o p q r s t b v w x y z
Problem type: larger_int - 1/20
trial 1 of 10...

=== PROMPT ===

System message: You are able to solve letter-string analogies

User message: Use the following alphabet to complete the pattern.

a u c d e f g h i j k l m n o p q r s t b v w x y z

Note that the alphabet may be in an unfamiliar order. Complete the pattern using this order. Answer with only the final answer and nothing else. Put your final answer between double brackets.

[g h i j] [f h i j]
[d f h j] [


--- TARGET LETTERS ---

['u', 'f', 'h', 'j']
The following generation flags are not valid and may be ignored: ['temperature', 'top_k']. Set `TRANSFORMERS_VERBOSITY=info` for more details.
Full Qwen output: [[d f h j]]
Filtered Qwen output: d f h j
trial 2 of 10...
trial 3 of 10...
trial 4 of 10...
trial 5 of 10...
trial 6 of 10...
trial 7 of 10...
trial 8 of 10...
trial 9 of 10...
trial 10 of 10...
Problem type: longer_targ - 2/20
trial 1 of 10...

=== PROMPT ===

System message: You are able to solve letter-string analogies

User message: Use the following alphabet to complete the pattern.

a u c d e f g h i j k l m n o p q r s t b v w x y z

Note that the alphabet may be in an unfamiliar order. Complete the pattern using this order. Answer with only the final answer and nothing else. Put your final answer between double brackets.

[a u c c d e] [a u c d e]
[o p p q r s t b v w] [


--- TARGET LETTERS ---

['o', 'p', 'q', 'r', 's', 't', 'b', 'v', 'w']
Full Qwen output: [ o p p q r s t b v w ] [ o p p q r s t b v w ]
trial 2 of 10...
trial 3 of 10...
trial 4 of 10...
trial 5 of 10...
trial 6 of 10...
trial 7 of 10...
trial 8 of 10...
trial 9 of 10...
trial 10 of 10...
Problem type: group - 3/20
trial 1 of 10...

=== PROMPT ===

System message: You are able to solve letter-string analogies

User message: Use the following alphabet to complete the pattern.

a u c d e f g h i j k l m n o p q r s t b v w x y z

Note that the alphabet may be in an unfamiliar order. Complete the pattern using this order. Answer with only the final answer and nothing else. Put your final answer between double brackets.

[c d e f] [u d e f]
[w w x x y y z z] [


--- TARGET LETTERS ---

['v', 'v', 'x', 'x', 'y', 'y', 'z', 'z']
Full Qwen output: [wwxx yy zz] [c d e f]
trial 2 of 10...
trial 3 of 10...
trial 4 of 10...
trial 5 of 10...
trial 6 of 10...
trial 7 of 10...
trial 8 of 10...
trial 9 of 10...
trial 10 of 10...
Problem type: interleaved - 4/20
trial 1 of 10...

=== PROMPT ===

System message: You are able to solve letter-string analogies

User message: Use the following alphabet to complete the pattern.

a u c d e f g h i j k l m n o p q r s t b v w x y z

Note that the alphabet may be in an unfamiliar order. Complete the pattern using this order. Answer with only the final answer and nothing else. Put your final answer between double brackets.

[h i j n l] [h i j k l]
[l x v x w x x x y x] [


--- TARGET LETTERS ---

['b', 'x', 'v', 'x', 'w', 'x', 'x', 'x', 'y', 'x']
Full Qwen output: [ l x v x w x x x y x ] [ l x v x w x x x y x ]
trial 2 of 10...
trial 3 of 10...
trial 4 of 10...
trial 5 of 10...
trial 6 of 10...
trial 7 of 10...
trial 8 of 10...
trial 9 of 10...
trial 10 of 10...
Problem type: letter2num - 5/20
trial 1 of 10...

=== PROMPT ===

System message: You are able to solve letter-string analogies

User message: Use the following alphabet to complete the pattern.

a u c d e f g h i j k l m n o p q r s t b v w x y z

Note that the alphabet may be in an unfamiliar order. Complete the pattern using this order. Answer with only the final answer and nothing else. Put your final answer between double brackets.

[b v w x] [b v w y]
[1 2 3 4] [


--- TARGET LETTERS ---

[np.int64(1), np.int64(2), np.int64(3), np.int64(5)]
Full Qwen output: [1 2 3 x]
trial 2 of 10...
trial 3 of 10...
trial 4 of 10...
trial 5 of 10...
trial 6 of 10...
trial 7 of 10...
trial 8 of 10...
trial 9 of 10...
trial 10 of 10...
Problem type: reverse - 6/20
trial 1 of 10...

=== PROMPT ===

System message: You are able to solve letter-string analogies

User message: Use the following alphabet to complete the pattern.

a u c d e f g h i j k l m n o p q r s t b v w x y z

Note that the alphabet may be in an unfamiliar order. Complete the pattern using this order. Answer with only the final answer and nothing else. Put your final answer between double brackets.

[e f g h h i] [e f g h i]
[w w v b t s] [


--- TARGET LETTERS ---

['w', 'v', 'b', 't', 's']
Full Qwen output: [ w w v b t s ] [ w w v b t s ]
trial 2 of 10...
trial 3 of 10...
trial 4 of 10...
trial 5 of 10...
trial 6 of 10...
trial 7 of 10...
trial 8 of 10...
trial 9 of 10...
trial 10 of 10...
Problem type: 2gen_split1 - 7/20
trial 1 of 10...

=== PROMPT ===

System message: You are able to solve letter-string analogies

User message: Use the following alphabet to complete the pattern.

a u c d e f g h i j k l m n o p q r s t b v w x y z

Note that the alphabet may be in an unfamiliar order. Complete the pattern using this order. Answer with only the final answer and nothing else. Put your final answer between double brackets.

[b t s v w] [s t b v w]
[q q k k m m o o i i] [


--- TARGET LETTERS ---

['i', 'i', 'k', 'k', 'm', 'm', 'o', 'o', 'q', 'q']
Full Qwen output: [ q q k k m m o o i i ] [ q k m o i ]
trial 2 of 10...
trial 3 of 10...
trial 4 of 10...
trial 5 of 10...
trial 6 of 10...
trial 7 of 10...
trial 8 of 10...
trial 9 of 10...
trial 10 of 10...
Problem type: 2gen_split2 - 8/20
trial 1 of 10...

=== PROMPT ===

System message: You are able to solve letter-string analogies

User message: Use the following alphabet to complete the pattern.

a u c d e f g h i j k l m n o p q r s t b v w x y z

Note that the alphabet may be in an unfamiliar order. Complete the pattern using this order. Answer with only the final answer and nothing else. Put your final answer between double brackets.

[a u w d e] [a u c d e]
[o x q x s x g x w x] [


--- TARGET LETTERS ---

['o', 'x', 'q', 'x', 's', 'x', 'b', 'x', 'w', 'x']
Full Qwen output: [ o x q x s x g x w x ] [ o x q x s x g x w x ]
trial 2 of 10...
trial 3 of 10...
trial 4 of 10...
trial 5 of 10...
trial 6 of 10...
trial 7 of 10...
trial 8 of 10...
trial 9 of 10...
trial 10 of 10...
Problem type: 2gen_split3 - 9/20
trial 1 of 10...

=== PROMPT ===

System message: You are able to solve letter-string analogies

User message: Use the following alphabet to complete the pattern.

a u c d e f g h i j k l m n o p q r s t b v w x y z

Note that the alphabet may be in an unfamiliar order. Complete the pattern using this order. Answer with only the final answer and nothing else. Put your final answer between double brackets.

[a u c d] [a u c d e]
[g x h x i x j x k x l x m x n x] [


--- TARGET LETTERS ---

['g', 'x', 'h', 'x', 'i', 'x', 'j', 'x', 'k', 'x', 'l', 'x', 'm', 'x', 'n', 'x', 'o', 'x']
Full Qwen output: [ g x h x i x j x k x l x m x n x o x p x q x r x s x t x ]
trial 2 of 10...
trial 3 of 10...
trial 4 of 10...
trial 5 of 10...
trial 6 of 10...
trial 7 of 10...
trial 8 of 10...
trial 9 of 10...
trial 10 of 10...
Problem type: 2gen_split4 - 10/20
trial 1 of 10...

=== PROMPT ===

System message: You are able to solve letter-string analogies

User message: Use the following alphabet to complete the pattern.

a u c d e f g h i j k l m n o p q r s t b v w x y z

Note that the alphabet may be in an unfamiliar order. Complete the pattern using this order. Answer with only the final answer and nothing else. Put your final answer between double brackets.

[c d e f] [c d e g]
[t t x x b b x x v v x x w w x x] [


--- TARGET LETTERS ---

['t', 't', 'x', 'x', 'b', 'b', 'x', 'x', 'v', 'v', 'x', 'x', 'x', 'x', 'x', 'x']
Full Qwen output: [ t t x x b b x x v v x x w w x x ] [ t t x x b b x x v v x x w w x x ]
trial 2 of 10...
trial 3 of 10...
trial 4 of 10...
trial 5 of 10...
trial 6 of 10...
trial 7 of 10...
trial 8 of 10...
trial 9 of 10...
trial 10 of 10...
Problem type: 2gen_split5 - 11/20
trial 1 of 10...

=== PROMPT ===

System message: You are able to solve letter-string analogies

User message: Use the following alphabet to complete the pattern.

a u c d e f g h i j k l m n o p q r s t b v w x y z

Note that the alphabet may be in an unfamiliar order. Complete the pattern using this order. Answer with only the final answer and nothing else. Put your final answer between double brackets.

[r c d e f] [u c d e f]
[y y x x w w v v d d] [


--- TARGET LETTERS ---

['y', 'y', 'x', 'x', 'w', 'w', 'v', 'v', 'b', 'b']
Full Qwen output: [ r c d e f ] [ u c d e f ]  
[ y y x x w w v v d d ] [ **z z y y x x w w v v** ]  

[[z z y y x x w w v v]]
Filtered Qwen output: z z y y x x w w v v
trial 2 of 10...
trial 3 of 10...
trial 4 of 10...
trial 5 of 10...
trial 6 of 10...
trial 7 of 10...
trial 8 of 10...
trial 9 of 10...
trial 10 of 10...
Problem type: 2gen_split6 - 12/20
trial 1 of 10...

=== PROMPT ===

System message: You are able to solve letter-string analogies

User message: Use the following alphabet to complete the pattern.

a u c d e f g h i j k l m n o p q r s t b v w x y z

Note that the alphabet may be in an unfamiliar order. Complete the pattern using this order. Answer with only the final answer and nothing else. Put your final answer between double brackets.

[d e f h g] [d e f g h]
[19 17 21 23 25] [


--- TARGET LETTERS ---

[np.int64(17), np.int64(19), np.int64(21), np.int64(23), np.int64(25)]
Full Qwen output: [19 17 21 23 15]
trial 2 of 10...
trial 3 of 10...
trial 4 of 10...
trial 5 of 10...
trial 6 of 10...
trial 7 of 10...
trial 8 of 10...
trial 9 of 10...
trial 10 of 10...
Problem type: 2gensplit7 - 13/20
trial 1 of 10...

=== PROMPT ===

System message: You are able to solve letter-string analogies

User message: Use the following alphabet to complete the pattern.

a u c d e f g h i j k l m n o p q r s t b v w x y z

Note that the alphabet may be in an unfamiliar order. Complete the pattern using this order. Answer with only the final answer and nothing else. Put your final answer between double brackets.

[b v w x] [b v w y]
[11 13 15 17] [


--- TARGET LETTERS ---

[np.int64(11), np.int64(13), np.int64(15), np.int64(19)]
Full Qwen output: [11 13 15 19]
trial 2 of 10...
trial 3 of 10...
trial 4 of 10...
trial 5 of 10...
trial 6 of 10...
trial 7 of 10...
trial 8 of 10...
trial 9 of 10...
trial 10 of 10...
Problem type: 3gen_split1 - 14/20
trial 1 of 10...

=== PROMPT ===

System message: You are able to solve letter-string analogies

User message: Use the following alphabet to complete the pattern.

a u c d e f g h i j k l m n o p q r s t b v w x y z

Note that the alphabet may be in an unfamiliar order. Complete the pattern using this order. Answer with only the final answer and nothing else. Put your final answer between double brackets.

[a u c d] [a u c e]
[7 0 6 0 5 0 4 0] [


--- TARGET LETTERS ---

[np.int64(7), '0', np.int64(6), '0', np.int64(5), '0', np.int64(3), '0']
Full Qwen output: [7 0 6 0 5 0 4 0] [7 0 6 0 5 0 4 0]
trial 2 of 10...
trial 3 of 10...
trial 4 of 10...
trial 5 of 10...
trial 6 of 10...
trial 7 of 10...
trial 8 of 10...
trial 9 of 10...
trial 10 of 10...
Problem type: 3gen_split2 - 15/20
trial 1 of 10...

=== PROMPT ===

System message: You are able to solve letter-string analogies

User message: Use the following alphabet to complete the pattern.

a u c d e f g h i j k l m n o p q r s t b v w x y z

Note that the alphabet may be in an unfamiliar order. Complete the pattern using this order. Answer with only the final answer and nothing else. Put your final answer between double brackets.

[q r s t] [q r s t b]
[r r x x s s x x t t x x b b x x v v x x w w x x x x x x y y x x] [


--- TARGET LETTERS ---

['r', 'r', 'x', 'x', 's', 's', 'x', 'x', 't', 't', 'x', 'x', 'b', 'b', 'x', 'x', 'v', 'v', 'x', 'x', 'w', 'w', 'x', 'x', 'x', 'x', 'x', 'x', 'y', 'y', 'x', 'x', 'z', 'z', 'x', 'x']
Full Qwen output: [ q r s t ] [ q r s t b ]  
[ r r x x s s x x t t x x b b x x v v x x w w x x x x x x y y x x ] [ **q r s t b** ]  

[[q r s t b]]
Filtered Qwen output: q r s t b
trial 2 of 10...
trial 3 of 10...
trial 4 of 10...
trial 5 of 10...
trial 6 of 10...
trial 7 of 10...
trial 8 of 10...
trial 9 of 10...
trial 10 of 10...
Problem type: 3gen_split3 - 16/20
trial 1 of 10...

=== PROMPT ===

System message: You are able to solve letter-string analogies

User message: Use the following alphabet to complete the pattern.

a u c d e f g h i j k l m n o p q r s t b v w x y z

Note that the alphabet may be in an unfamiliar order. Complete the pattern using this order. Answer with only the final answer and nothing else. Put your final answer between double brackets.

[e f g h q] [e f g h i]
[9 11 13 15 17 19 21 23 12] [


--- TARGET LETTERS ---

[np.int64(9), np.int64(11), np.int64(13), np.int64(15), np.int64(17), np.int64(19), np.int64(21), np.int64(23), np.int64(25)]
Full Qwen output: [9 11 13 15 17 19 21 23 12] [14 16 18 20 22 24 26 28 13]
trial 2 of 10...
trial 3 of 10...
trial 4 of 10...
trial 5 of 10...
trial 6 of 10...
trial 7 of 10...
trial 8 of 10...
trial 9 of 10...
trial 10 of 10...
Problem type: 3gen_split4 - 17/20
trial 1 of 10...

=== PROMPT ===

System message: You are able to solve letter-string analogies

User message: Use the following alphabet to complete the pattern.

a u c d e f g h i j k l m n o p q r s t b v w x y z

Note that the alphabet may be in an unfamiliar order. Complete the pattern using this order. Answer with only the final answer and nothing else. Put your final answer between double brackets.

[q r s t] [q r s b]
[24 23 22 21 20 19 18 17] [


--- TARGET LETTERS ---

[np.int64(24), np.int64(23), np.int64(22), np.int64(21), np.int64(20), np.int64(19), np.int64(18), np.int64(16)]
Full Qwen output: [24 23 22 21 20 19 18 17] [24 23 22 21]  
[24 23 22 21 20 19 18 17] [24 23 22 21]  

[[24 23 22 21]]
Filtered Qwen output: 24 23 22 21
trial 2 of 10...
trial 3 of 10...
trial 4 of 10...
trial 5 of 10...
trial 6 of 10...
trial 7 of 10...
trial 8 of 10...
trial 9 of 10...
trial 10 of 10...
Problem type: 3gen_split5 - 18/20
trial 1 of 10...

=== PROMPT ===

System message: You are able to solve letter-string analogies

User message: Use the following alphabet to complete the pattern.

a u c d e f g h i j k l m n o p q r s t b v w x y z

Note that the alphabet may be in an unfamiliar order. Complete the pattern using this order. Answer with only the final answer and nothing else. Put your final answer between double brackets.

[e f g i h] [e f g h i]
[14 0 16 0 15 0 17 0 18 0 19 0 20 0 21 0 22 0] [


--- TARGET LETTERS ---

[np.int64(14), '0', np.int64(15), '0', np.int64(16), '0', np.int64(17), '0', np.int64(18), '0', np.int64(19), '0', np.int64(20), '0', np.int64(21), '0', np.int64(22), '0']
Full Qwen output: [14 0 16 0 15 0 17 0 18 0 19 0 20 0 21 0 22 0] [14 0 16 0 15 0 17 0 18 0 19 0 20 0 21 0 22 0]
trial 2 of 10...
trial 3 of 10...
trial 4 of 10...
trial 5 of 10...
trial 6 of 10...
trial 7 of 10...
trial 8 of 10...
trial 9 of 10...
trial 10 of 10...
Problem type: 3gen_split6 - 19/20
trial 1 of 10...

=== PROMPT ===

System message: You are able to solve letter-string analogies

User message: Use the following alphabet to complete the pattern.

a u c d e f g h i j k l m n o p q r s t b v w x y z

Note that the alphabet may be in an unfamiliar order. Complete the pattern using this order. Answer with only the final answer and nothing else. Put your final answer between double brackets.

[u c d e] [u c d f]
[y x w x b x s x] [


--- TARGET LETTERS ---

['y', 'x', 'w', 'x', 'b', 'x', 'q', 'x']
Full Qwen output: [ y x w x b x s x ] [ y x w x b x s x ]
trial 2 of 10...
trial 3 of 10...
trial 4 of 10...
trial 5 of 10...
trial 6 of 10...
trial 7 of 10...
trial 8 of 10...
trial 9 of 10...
trial 10 of 10...
Problem type: 3gensplit7 - 20/20
trial 1 of 10...

=== PROMPT ===

System message: You are able to solve letter-string analogies

User message: Use the following alphabet to complete the pattern.

a u c d e f g h i j k l m n o p q r s t b v w x y z

Note that the alphabet may be in an unfamiliar order. Complete the pattern using this order. Answer with only the final answer and nothing else. Put your final answer between double brackets.

[a u c d e e] [a u c d e]
[19 17 15 15 13 11] [


--- TARGET LETTERS ---

[np.int64(19), np.int64(17), np.int64(15), np.int64(13), np.int64(11)]
Full Qwen output: [19 17 15 15 13]
trial 2 of 10...
trial 3 of 10...
trial 4 of 10...
trial 5 of 10...
trial 6 of 10...
trial 7 of 10...
trial 8 of 10...
trial 9 of 10...
trial 10 of 10...
alph_1
a l c d e f g h i j k b m n o p q r s t u v w x y z
Problem type: larger_int - 1/20
trial 1 of 10...

=== PROMPT ===

System message: You are able to solve letter-string analogies

User message: Use the following alphabet to complete the pattern.

a l c d e f g h i j k b m n o p q r s t u v w x y z

Note that the alphabet may be in an unfamiliar order. Complete the pattern using this order. Answer with only the final answer and nothing else. Put your final answer between double brackets.

[k o m n b] [k b m n o]
[l d f j h] [


--- TARGET LETTERS ---

['l', 'd', 'f', 'h', 'j']
Full Qwen output: [ l d f j h ] [ l h j f d ]
trial 2 of 10...
trial 3 of 10...
trial 4 of 10...
trial 5 of 10...
trial 6 of 10...
trial 7 of 10...
trial 8 of 10...
trial 9 of 10...
trial 10 of 10...
Problem type: longer_targ - 2/20
trial 1 of 10...

=== PROMPT ===

System message: You are able to solve letter-string analogies

User message: Use the following alphabet to complete the pattern.

a l c d e f g h i j k b m n o p q r s t u v w x y z

Note that the alphabet may be in an unfamiliar order. Complete the pattern using this order. Answer with only the final answer and nothing else. Put your final answer between double brackets.

[q r u t s] [q r s t u]
[a l c d f e g h i] [


--- TARGET LETTERS ---

['a', 'l', 'c', 'd', 'e', 'f', 'g', 'h', 'i']
Full Qwen output: [ a l c d f e g h i ] [ a l c d f e g h i ]
trial 2 of 10...
trial 3 of 10...
trial 4 of 10...
trial 5 of 10...
trial 6 of 10...
trial 7 of 10...
trial 8 of 10...
trial 9 of 10...
trial 10 of 10...
Problem type: group - 3/20
trial 1 of 10...

=== PROMPT ===

System message: You are able to solve letter-string analogies

User message: Use the following alphabet to complete the pattern.

a l c d e f g h i j k b m n o p q r s t u v w x y z

Note that the alphabet may be in an unfamiliar order. Complete the pattern using this order. Answer with only the final answer and nothing else. Put your final answer between double brackets.

[a l c d] [a l c e]
[p p q q r r s s] [


--- TARGET LETTERS ---

['p', 'p', 'q', 'q', 'r', 'r', 't', 't']
Full Qwen output: [ p p q q r r s s ] [ p p q q r r s s ]
trial 2 of 10...
trial 3 of 10...
trial 4 of 10...
trial 5 of 10...
trial 6 of 10...
trial 7 of 10...
trial 8 of 10...
trial 9 of 10...
trial 10 of 10...
Problem type: interleaved - 4/20
trial 1 of 10...

=== PROMPT ===

System message: You are able to solve letter-string analogies

User message: Use the following alphabet to complete the pattern.

a l c d e f g h i j k b m n o p q r s t u v w x y z

Note that the alphabet may be in an unfamiliar order. Complete the pattern using this order. Answer with only the final answer and nothing else. Put your final answer between double brackets.

[l c d e] [l c d e f]
[a x l x c x d x] [


--- TARGET LETTERS ---

['a', 'x', 'l', 'x', 'c', 'x', 'd', 'x', 'e', 'x']
Full Qwen output: [ a x l x c x d x e x f x ]
trial 2 of 10...
trial 3 of 10...
trial 4 of 10...
trial 5 of 10...
trial 6 of 10...
trial 7 of 10...
trial 8 of 10...
trial 9 of 10...
trial 10 of 10...
Problem type: letter2num - 5/20
trial 1 of 10...

=== PROMPT ===

System message: You are able to solve letter-string analogies

User message: Use the following alphabet to complete the pattern.

a l c d e f g h i j k b m n o p q r s t u v w x y z

Note that the alphabet may be in an unfamiliar order. Complete the pattern using this order. Answer with only the final answer and nothing else. Put your final answer between double brackets.

[t u w v x] [t u v w x]
[2 1 3 4 5] [


--- TARGET LETTERS ---

[np.int64(1), np.int64(2), np.int64(3), np.int64(4), np.int64(5)]
Full Qwen output: [2 1 3 4 5] [1 2 3 4 5]
trial 2 of 10...
trial 3 of 10...
trial 4 of 10...
trial 5 of 10...
trial 6 of 10...
trial 7 of 10...
trial 8 of 10...
trial 9 of 10...
trial 10 of 10...
Problem type: reverse - 6/20
trial 1 of 10...

=== PROMPT ===

System message: You are able to solve letter-string analogies

User message: Use the following alphabet to complete the pattern.

a l c d e f g h i j k b m n o p q r s t u v w x y z

Note that the alphabet may be in an unfamiliar order. Complete the pattern using this order. Answer with only the final answer and nothing else. Put your final answer between double brackets.

[u v w x] [t v w x]
[d c l a] [


--- TARGET LETTERS ---

['e', 'c', 'l', 'a']
Full Qwen output: [ d c l a ] [ b c l a ]
trial 2 of 10...
trial 3 of 10...
trial 4 of 10...
trial 5 of 10...
trial 6 of 10...
trial 7 of 10...
trial 8 of 10...
trial 9 of 10...
trial 10 of 10...
Problem type: 2gen_split1 - 7/20
trial 1 of 10...

=== PROMPT ===

System message: You are able to solve letter-string analogies

User message: Use the following alphabet to complete the pattern.

a l c d e f g h i j k b m n o p q r s t u v w x y z

Note that the alphabet may be in an unfamiliar order. Complete the pattern using this order. Answer with only the final answer and nothing else. Put your final answer between double brackets.

[l c d e] [l c d e f]
[9 11 13 15] [


--- TARGET LETTERS ---

[np.int64(9), np.int64(11), np.int64(13), np.int64(15), np.int64(17)]
Full Qwen output: [9 11 13 15 17]
trial 2 of 10...
trial 3 of 10...
trial 4 of 10...
trial 5 of 10...
trial 6 of 10...
trial 7 of 10...
trial 8 of 10...
trial 9 of 10...
trial 10 of 10...
Problem type: 2gen_split2 - 8/20
trial 1 of 10...

=== PROMPT ===

System message: You are able to solve letter-string analogies

User message: Use the following alphabet to complete the pattern.

a l c d e f g h i j k b m n o p q r s t u v w x y z

Note that the alphabet may be in an unfamiliar order. Complete the pattern using this order. Answer with only the final answer and nothing else. Put your final answer between double brackets.

[l a c d e] [a l c d e]
[i x o x k x b x m x n x j x p x q x] [


--- TARGET LETTERS ---

['i', 'x', 'j', 'x', 'k', 'x', 'b', 'x', 'm', 'x', 'n', 'x', 'o', 'x', 'p', 'x', 'q', 'x']
Full Qwen output: [ l a c d e ] [ a l c d e ]  
[ i x o x k x b x m x n x j x p x q x ] [ o x k x b x j x q x ]  

[[o x k x b x j x q x]]
Filtered Qwen output: o x k x b x j x q x
trial 2 of 10...
trial 3 of 10...
trial 4 of 10...
trial 5 of 10...
trial 6 of 10...
trial 7 of 10...
trial 8 of 10...
trial 9 of 10...
trial 10 of 10...
Problem type: 2gen_split3 - 9/20
trial 1 of 10...

=== PROMPT ===

System message: You are able to solve letter-string analogies

User message: Use the following alphabet to complete the pattern.

a l c d e f g h i j k b m n o p q r s t u v w x y z

Note that the alphabet may be in an unfamiliar order. Complete the pattern using this order. Answer with only the final answer and nothing else. Put your final answer between double brackets.

[h i j k] [g i j k]
[l l x x c c x x d d x x e e x x] [


--- TARGET LETTERS ---

['a', 'a', 'x', 'x', 'c', 'c', 'x', 'x', 'd', 'd', 'x', 'x', 'e', 'e', 'x', 'x']
Full Qwen output: [ h i j k ] [ g i j k ]  
[ l l x x c c x x d d x x e e x x ] [ **m m x x f f x x g g x x h h x x** ]  

[[m m x x f f x x g g x x h h x x]]
Filtered Qwen output: m m x x f f x x g g x x h h x x
trial 2 of 10...
trial 3 of 10...
trial 4 of 10...
trial 5 of 10...
trial 6 of 10...
trial 7 of 10...
trial 8 of 10...
trial 9 of 10...
trial 10 of 10...
Problem type: 2gen_split4 - 10/20
trial 1 of 10...

=== PROMPT ===

System message: You are able to solve letter-string analogies

User message: Use the following alphabet to complete the pattern.

a l c d e f g h i j k b m n o p q r s t u v w x y z

Note that the alphabet may be in an unfamiliar order. Complete the pattern using this order. Answer with only the final answer and nothing else. Put your final answer between double brackets.

[z j k b m] [i j k b m]
[o o n n m m a a k k] [


--- TARGET LETTERS ---

['o', 'o', 'n', 'n', 'm', 'm', 'b', 'b', 'k', 'k']
Full Qwen output: [[o o n n m m a a k k]]
Filtered Qwen output: o o n n m m a a k k
trial 2 of 10...
trial 3 of 10...
trial 4 of 10...
trial 5 of 10...
trial 6 of 10...
trial 7 of 10...
trial 8 of 10...
trial 9 of 10...
trial 10 of 10...
Problem type: 2gen_split5 - 11/20
trial 1 of 10...

=== PROMPT ===

System message: You are able to solve letter-string analogies

User message: Use the following alphabet to complete the pattern.

a l c d e f g h i j k b m n o p q r s t u v w x y z

Note that the alphabet may be in an unfamiliar order. Complete the pattern using this order. Answer with only the final answer and nothing else. Put your final answer between double brackets.

[a l c d] [a l c d e]
[s x r x q x p x] [


--- TARGET LETTERS ---

['s', 'x', 'r', 'x', 'q', 'x', 'p', 'x', 'o', 'x']
Full Qwen output: [ s x r x q x p x ] [ s x r x q x p x o ]
trial 2 of 10...
trial 3 of 10...
trial 4 of 10...
trial 5 of 10...
trial 6 of 10...
trial 7 of 10...
trial 8 of 10...
trial 9 of 10...
trial 10 of 10...
Problem type: 2gen_split6 - 12/20
trial 1 of 10...

=== PROMPT ===

System message: You are able to solve letter-string analogies

User message: Use the following alphabet to complete the pattern.

a l c d e f g h i j k b m n o p q r s t u v w x y z

Note that the alphabet may be in an unfamiliar order. Complete the pattern using this order. Answer with only the final answer and nothing else. Put your final answer between double brackets.

[k b m n] [j b m n]
[d d e e f f g g h h i i j j k k] [


--- TARGET LETTERS ---

['c', 'c', 'e', 'e', 'f', 'f', 'g', 'g', 'h', 'h', 'i', 'i', 'j', 'j', 'k', 'k']
Full Qwen output: [k b m n] [j b m n] [d d e e f f g g h h i i j j k k] [l l a a c c]
trial 2 of 10...
trial 3 of 10...
trial 4 of 10...
trial 5 of 10...
trial 6 of 10...
trial 7 of 10...
trial 8 of 10...
trial 9 of 10...
trial 10 of 10...
Problem type: 2gensplit7 - 13/20
trial 1 of 10...

=== PROMPT ===

System message: You are able to solve letter-string analogies

User message: Use the following alphabet to complete the pattern.

a l c d e f g h i j k b m n o p q r s t u v w x y z

Note that the alphabet may be in an unfamiliar order. Complete the pattern using this order. Answer with only the final answer and nothing else. Put your final answer between double brackets.

[b m n o] [b m n p]
[17 0 18 0 19 0 20 0] [


--- TARGET LETTERS ---

[np.int64(17), '0', np.int64(18), '0', np.int64(19), '0', np.int64(21), '0']
Full Qwen output: [17 0 18 0 19 0 20 0] [17 0 18 0 19 0 20 0]  
[[17 0 18 0 19 0 20 0]]
Filtered Qwen output: 17 0 18 0 19 0 20 0
trial 2 of 10...
trial 3 of 10...
trial 4 of 10...
trial 5 of 10...
trial 6 of 10...
trial 7 of 10...
trial 8 of 10...
trial 9 of 10...
trial 10 of 10...
Problem type: 3gen_split1 - 14/20
trial 1 of 10...

=== PROMPT ===

System message: You are able to solve letter-string analogies

User message: Use the following alphabet to complete the pattern.

a l c d e f g h i j k b m n o p q r s t u v w x y z

Note that the alphabet may be in an unfamiliar order. Complete the pattern using this order. Answer with only the final answer and nothing else. Put your final answer between double brackets.

[k b m n] [k b m o]
[i x k x m x o x q x s x u x w x] [


--- TARGET LETTERS ---

['i', 'x', 'k', 'x', 'm', 'x', 'o', 'x', 'q', 'x', 's', 'x', 'u', 'x', 'y', 'x']
Full Qwen output: [k b m n] [k b m o] [k b m o q s u w]
trial 2 of 10...
trial 3 of 10...
trial 4 of 10...
trial 5 of 10...
trial 6 of 10...
trial 7 of 10...
trial 8 of 10...
trial 9 of 10...
trial 10 of 10...
Problem type: 3gen_split2 - 15/20
trial 1 of 10...

=== PROMPT ===

System message: You are able to solve letter-string analogies

User message: Use the following alphabet to complete the pattern.

a l c d e f g h i j k b m n o p q r s t u v w x y z

Note that the alphabet may be in an unfamiliar order. Complete the pattern using this order. Answer with only the final answer and nothing else. Put your final answer between double brackets.

[h i j k] [h i j k b]
[16 0 18 0 20 0 22 0] [


--- TARGET LETTERS ---

[np.int64(16), '0', np.int64(18), '0', np.int64(20), '0', np.int64(22), '0', np.int64(24), '0']
Full Qwen output: [16 0 18 0 20 0 22 0] [16 0 18 0 20 0 22 0 24]
trial 2 of 10...
trial 3 of 10...
trial 4 of 10...
trial 5 of 10...
trial 6 of 10...
trial 7 of 10...
trial 8 of 10...
trial 9 of 10...
trial 10 of 10...
Problem type: 3gen_split3 - 16/20
trial 1 of 10...

=== PROMPT ===

System message: You are able to solve letter-string analogies

User message: Use the following alphabet to complete the pattern.

a l c d e f g h i j k b m n o p q r s t u v w x y z

Note that the alphabet may be in an unfamiliar order. Complete the pattern using this order. Answer with only the final answer and nothing else. Put your final answer between double brackets.

[a l c d] [a l c d e]
[u u x x t t x x s s x x r r x x] [


--- TARGET LETTERS ---

['u', 'u', 'x', 'x', 't', 't', 'x', 'x', 's', 's', 'x', 'x', 'r', 'r', 'x', 'x', 'q', 'q', 'x', 'x']
Full Qwen output: [ u u x x t t x x s s x x r r x x ] [ u u x x t t x x s s x x r r x x ]
trial 2 of 10...
trial 3 of 10...
trial 4 of 10...
trial 5 of 10...
trial 6 of 10...
trial 7 of 10...
trial 8 of 10...
trial 9 of 10...
trial 10 of 10...
Problem type: 3gen_split4 - 17/20
trial 1 of 10...

=== PROMPT ===

System message: You are able to solve letter-string analogies

User message: Use the following alphabet to complete the pattern.

a l c d e f g h i j k b m n o p q r s t u v w x y z

Note that the alphabet may be in an unfamiliar order. Complete the pattern using this order. Answer with only the final answer and nothing else. Put your final answer between double brackets.

[g h i r k] [g h i j k]
[20 0 4 0 3 0 2 0 1 0] [


--- TARGET LETTERS ---

[np.int64(5), '0', np.int64(4), '0', np.int64(3), '0', np.int64(2), '0', np.int64(1), '0']
Full Qwen output: [20 0 4 0 3 0 2 0 1 0] [20 0 4 0 3 0 2 0 1 0]
trial 2 of 10...
trial 3 of 10...
trial 4 of 10...
trial 5 of 10...
trial 6 of 10...
trial 7 of 10...
trial 8 of 10...
trial 9 of 10...
trial 10 of 10...
Problem type: 3gen_split5 - 18/20
trial 1 of 10...

=== PROMPT ===

System message: You are able to solve letter-string analogies

User message: Use the following alphabet to complete the pattern.

a l c d e f g h i j k b m n o p q r s t u v w x y z

Note that the alphabet may be in an unfamiliar order. Complete the pattern using this order. Answer with only the final answer and nothing else. Put your final answer between double brackets.

[o p q r] [o p q s]
[j j h h f f d d] [


--- TARGET LETTERS ---

['j', 'j', 'h', 'h', 'f', 'f', 'l', 'l']
Full Qwen output: [ j j h h f f d d ] [ j j h h f f d d ]
trial 2 of 10...
trial 3 of 10...
trial 4 of 10...
trial 5 of 10...
trial 6 of 10...
trial 7 of 10...
trial 8 of 10...
trial 9 of 10...
trial 10 of 10...
Problem type: 3gen_split6 - 19/20
trial 1 of 10...

=== PROMPT ===

System message: You are able to solve letter-string analogies

User message: Use the following alphabet to complete the pattern.

a l c d e f g h i j k b m n o p q r s t u v w x y z

Note that the alphabet may be in an unfamiliar order. Complete the pattern using this order. Answer with only the final answer and nothing else. Put your final answer between double brackets.

[l c d e] [a c d e]
[g g i i k k m m o o q q s s u u] [


--- TARGET LETTERS ---

['e', 'e', 'i', 'i', 'k', 'k', 'm', 'm', 'o', 'o', 'q', 'q', 's', 's', 'u', 'u']
Full Qwen output: [ l c d e ] [ a c d e ]  
[ g g i i k k m m o o q q s s u u ] [ **l l c c e e** ]  

[[l l c c e e]]
Filtered Qwen output: l l c c e e
trial 2 of 10...
trial 3 of 10...
trial 4 of 10...
trial 5 of 10...
trial 6 of 10...
trial 7 of 10...
trial 8 of 10...
trial 9 of 10...
trial 10 of 10...
Problem type: 3gensplit7 - 20/20
trial 1 of 10...

=== PROMPT ===

System message: You are able to solve letter-string analogies

User message: Use the following alphabet to complete the pattern.

a l c d e f g h i j k b m n o p q r s t u v w x y z

Note that the alphabet may be in an unfamiliar order. Complete the pattern using this order. Answer with only the final answer and nothing else. Put your final answer between double brackets.

[f g h i] [e g h i]
[2 2 0 0 3 3 0 0 4 4 0 0 5 5 0 0] [


--- TARGET LETTERS ---

[np.int64(1), np.int64(1), '0', '0', np.int64(3), np.int64(3), '0', '0', np.int64(4), np.int64(4), '0', '0', np.int64(5), np.int64(5), '0', '0']
Full Qwen output: [2 2 0 0 3 3 0 0 4 4 0 0 5 5 0 0] [2 2 0 0 3 3 0 0 4 4 0 0 5 5 0 0]
trial 2 of 10...
trial 3 of 10...
trial 4 of 10...
trial 5 of 10...
trial 6 of 10...
trial 7 of 10...
trial 8 of 10...
trial 9 of 10...
trial 10 of 10...
alph_2
a b c d e f g h i j k l m n o p q r w t u v s x y z
Problem type: larger_int - 1/20
trial 1 of 10...

=== PROMPT ===

System message: You are able to solve letter-string analogies

User message: Use the following alphabet to complete the pattern.

a b c d e f g h i j k l m n o p q r w t u v s x y z

Note that the alphabet may be in an unfamiliar order. Complete the pattern using this order. Answer with only the final answer and nothing else. Put your final answer between double brackets.

[t u v s] [t u v s x]
[i k m o] [


--- TARGET LETTERS ---

['i', 'k', 'm', 'o', 'q']
Full Qwen output: [[i k m o x]]
Filtered Qwen output: i k m o x
trial 2 of 10...
trial 3 of 10...
trial 4 of 10...
trial 5 of 10...
trial 6 of 10...
trial 7 of 10...
trial 8 of 10...
trial 9 of 10...
trial 10 of 10...
Problem type: longer_targ - 2/20
trial 1 of 10...

=== PROMPT ===

System message: You are able to solve letter-string analogies

User message: Use the following alphabet to complete the pattern.

a b c d e f g h i j k l m n o p q r w t u v s x y z

Note that the alphabet may be in an unfamiliar order. Complete the pattern using this order. Answer with only the final answer and nothing else. Put your final answer between double brackets.

[n o p q] [n o p r]
[q r w t u v s x] [


--- TARGET LETTERS ---

['q', 'r', 'w', 't', 'u', 'v', 's', 'y']
Full Qwen output: [ q r w t u v s x y ]
trial 2 of 10...
trial 3 of 10...
trial 4 of 10...
trial 5 of 10...
trial 6 of 10...
trial 7 of 10...
trial 8 of 10...
trial 9 of 10...
trial 10 of 10...
Problem type: group - 3/20
trial 1 of 10...

=== PROMPT ===

System message: You are able to solve letter-string analogies

User message: Use the following alphabet to complete the pattern.

a b c d e f g h i j k l m n o p q r w t u v s x y z

Note that the alphabet may be in an unfamiliar order. Complete the pattern using this order. Answer with only the final answer and nothing else. Put your final answer between double brackets.

[p q r w] [p q r w t]
[u u v v s s x x] [


--- TARGET LETTERS ---

['u', 'u', 'v', 'v', 's', 's', 'x', 'x', 'y', 'y']
Full Qwen output: [ u u v v s s x x t t ]
trial 2 of 10...
trial 3 of 10...
trial 4 of 10...
trial 5 of 10...
trial 6 of 10...
trial 7 of 10...
trial 8 of 10...
trial 9 of 10...
trial 10 of 10...
Problem type: interleaved - 4/20
trial 1 of 10...

=== PROMPT ===

System message: You are able to solve letter-string analogies

User message: Use the following alphabet to complete the pattern.

a b c d e f g h i j k l m n o p q r w t u v s x y z

Note that the alphabet may be in an unfamiliar order. Complete the pattern using this order. Answer with only the final answer and nothing else. Put your final answer between double brackets.

[d u v s x] [t u v s x]
[g x t x u x v x s x] [


--- TARGET LETTERS ---

['w', 'x', 't', 'x', 'u', 'x', 'v', 'x', 's', 'x']
Full Qwen output: [ d u v s x ] [ t u v s x ]  
[ g x t x u x v x s x ] [ d u v s x ]  

[[d u v s x]]
Filtered Qwen output: d u v s x
trial 2 of 10...
trial 3 of 10...
trial 4 of 10...
trial 5 of 10...
trial 6 of 10...
trial 7 of 10...
trial 8 of 10...
trial 9 of 10...
trial 10 of 10...
Problem type: letter2num - 5/20
trial 1 of 10...

=== PROMPT ===

System message: You are able to solve letter-string analogies

User message: Use the following alphabet to complete the pattern.

a b c d e f g h i j k l m n o p q r w t u v s x y z

Note that the alphabet may be in an unfamiliar order. Complete the pattern using this order. Answer with only the final answer and nothing else. Put your final answer between double brackets.

[u v s x] [u v s y]
[22 23 24 25] [


--- TARGET LETTERS ---

[np.int64(22), np.int64(23), np.int64(24), np.int64(26)]
Full Qwen output: [22 23 24 26]
trial 2 of 10...
trial 3 of 10...
trial 4 of 10...
trial 5 of 10...
trial 6 of 10...
trial 7 of 10...
trial 8 of 10...
trial 9 of 10...
trial 10 of 10...
Problem type: reverse - 6/20
trial 1 of 10...

=== PROMPT ===

System message: You are able to solve letter-string analogies

User message: Use the following alphabet to complete the pattern.

a b c d e f g h i j k l m n o p q r w t u v s x y z

Note that the alphabet may be in an unfamiliar order. Complete the pattern using this order. Answer with only the final answer and nothing else. Put your final answer between double brackets.

[v s s x y z] [v s x y z]
[i h g f e e] [


--- TARGET LETTERS ---

['i', 'h', 'g', 'f', 'e']
Full Qwen output: [ i h g f e d ]
trial 2 of 10...
trial 3 of 10...
trial 4 of 10...
trial 5 of 10...
trial 6 of 10...
trial 7 of 10...
trial 8 of 10...
trial 9 of 10...
trial 10 of 10...
Problem type: 2gen_split1 - 7/20
trial 1 of 10...

=== PROMPT ===

System message: You are able to solve letter-string analogies

User message: Use the following alphabet to complete the pattern.

a b c d e f g h i j k l m n o p q r w t u v s x y z

Note that the alphabet may be in an unfamiliar order. Complete the pattern using this order. Answer with only the final answer and nothing else. Put your final answer between double brackets.

[r s x y z] [v s x y z]
[h h j j c c n n p p] [


--- TARGET LETTERS ---

['h', 'h', 'j', 'j', 'l', 'l', 'n', 'n', 'p', 'p']
Full Qwen output: [ h h j j c c n n p p ] [ h h j j c c n n p p ]
trial 2 of 10...
trial 3 of 10...
trial 4 of 10...
trial 5 of 10...
trial 6 of 10...
trial 7 of 10...
trial 8 of 10...
trial 9 of 10...
trial 10 of 10...
Problem type: 2gen_split2 - 8/20
trial 1 of 10...

=== PROMPT ===

System message: You are able to solve letter-string analogies

User message: Use the following alphabet to complete the pattern.

a b c d e f g h i j k l m n o p q r w t u v s x y z

Note that the alphabet may be in an unfamiliar order. Complete the pattern using this order. Answer with only the final answer and nothing else. Put your final answer between double brackets.

[o p q r j] [o p q r w]
[z z a a x x s s v v] [


--- TARGET LETTERS ---

['z', 'z', 'y', 'y', 'x', 'x', 's', 's', 'v', 'v']
Full Qwen output: [ z z a a x x s s v v ] [ z z a a x x s s v v ]
trial 2 of 10...
trial 3 of 10...
trial 4 of 10...
trial 5 of 10...
trial 6 of 10...
trial 7 of 10...
trial 8 of 10...
trial 9 of 10...
trial 10 of 10...
Problem type: 2gen_split3 - 9/20
trial 1 of 10...

=== PROMPT ===

System message: You are able to solve letter-string analogies

User message: Use the following alphabet to complete the pattern.

a b c d e f g h i j k l m n o p q r w t u v s x y z

Note that the alphabet may be in an unfamiliar order. Complete the pattern using this order. Answer with only the final answer and nothing else. Put your final answer between double brackets.

[p q r w] [p q r t]
[c x d x e x f x g x h x i x j x] [


--- TARGET LETTERS ---

['c', 'x', 'd', 'x', 'e', 'x', 'f', 'x', 'g', 'x', 'h', 'x', 'i', 'x', 'k', 'x']
Full Qwen output: [ c x d x e x f x g x h x i x j x ] [ c x d x e x f x g x h x i x j x ]
trial 2 of 10...
trial 3 of 10...
trial 4 of 10...
trial 5 of 10...
trial 6 of 10...
trial 7 of 10...
trial 8 of 10...
trial 9 of 10...
trial 10 of 10...
Problem type: 2gen_split4 - 10/20
trial 1 of 10...

=== PROMPT ===

System message: You are able to solve letter-string analogies

User message: Use the following alphabet to complete the pattern.

a b c d e f g h i j k l m n o p q r w t u v s x y z

Note that the alphabet may be in an unfamiliar order. Complete the pattern using this order. Answer with only the final answer and nothing else. Put your final answer between double brackets.

[w w t u v s] [w t u v s]
[j x k x l x m x n x n x o x p x q x r x] [


--- TARGET LETTERS ---

['j', 'x', 'k', 'x', 'l', 'x', 'm', 'x', 'n', 'x', 'o', 'x', 'p', 'x', 'q', 'x', 'r', 'x']
Full Qwen output: [ w w t u v s ] [ w t u v s ]  
[ j x k x l x m x n x n x o x p x q x r x ] [ j k l m n n o p q r ]  

[[j k l m n n o p q r]]
Filtered Qwen output: j k l m n n o p q r
trial 2 of 10...
trial 3 of 10...
trial 4 of 10...
trial 5 of 10...
trial 6 of 10...
trial 7 of 10...
trial 8 of 10...
trial 9 of 10...
trial 10 of 10...
Problem type: 2gen_split5 - 11/20
trial 1 of 10...

=== PROMPT ===

System message: You are able to solve letter-string analogies

User message: Use the following alphabet to complete the pattern.

a b c d e f g h i j k l m n o p q r w t u v s x y z

Note that the alphabet may be in an unfamiliar order. Complete the pattern using this order. Answer with only the final answer and nothing else. Put your final answer between double brackets.

[d e f g h h] [d e f g h]
[21 21 22 22 23 23 23 23 24 24 25 25] [


--- TARGET LETTERS ---

[np.int64(21), np.int64(21), np.int64(22), np.int64(22), np.int64(23), np.int64(23), np.int64(24), np.int64(24), np.int64(25), np.int64(25)]
Full Qwen output: [21 21 22 22 23 23 23 23 24 24 25 25] [21 21 22 22 23 23 23 23 24 24 25 25]
trial 2 of 10...
trial 3 of 10...
trial 4 of 10...
trial 5 of 10...
trial 6 of 10...
trial 7 of 10...
trial 8 of 10...
trial 9 of 10...
trial 10 of 10...
Problem type: 2gen_split6 - 12/20
trial 1 of 10...

=== PROMPT ===

System message: You are able to solve letter-string analogies

User message: Use the following alphabet to complete the pattern.

a b c d e f g h i j k l m n o p q r w t u v s x y z

Note that the alphabet may be in an unfamiliar order. Complete the pattern using this order. Answer with only the final answer and nothing else. Put your final answer between double brackets.

[u v s x] [t v s x]
[c e g i k m o q] [


--- TARGET LETTERS ---

['a', 'e', 'g', 'i', 'k', 'm', 'o', 'q']
Full Qwen output: [ c e g i k m o q ] [ c e g i k m o q ]
trial 2 of 10...
trial 3 of 10...
trial 4 of 10...
trial 5 of 10...
trial 6 of 10...
trial 7 of 10...
trial 8 of 10...
trial 9 of 10...
trial 10 of 10...
Problem type: 2gensplit7 - 13/20
trial 1 of 10...

=== PROMPT ===

System message: You are able to solve letter-string analogies

User message: Use the following alphabet to complete the pattern.

a b c d e f g h i j k l m n o p q r w t u v s x y z

Note that the alphabet may be in an unfamiliar order. Complete the pattern using this order. Answer with only the final answer and nothing else. Put your final answer between double brackets.

[f g h j i] [f g h i j]
[i k m w q o u s y] [


--- TARGET LETTERS ---

['i', 'k', 'm', 'o', 'q', 'w', 'u', 's', 'y']
Full Qwen output: [ i k m w q o u s y ] [ i k m w q o u s y ]
trial 2 of 10...
trial 3 of 10...
trial 4 of 10...
trial 5 of 10...
trial 6 of 10...
trial 7 of 10...
trial 8 of 10...
trial 9 of 10...
trial 10 of 10...
Problem type: 3gen_split1 - 14/20
trial 1 of 10...

=== PROMPT ===

System message: You are able to solve letter-string analogies

User message: Use the following alphabet to complete the pattern.

a b c d e f g h i j k l m n o p q r w t u v s x y z

Note that the alphabet may be in an unfamiliar order. Complete the pattern using this order. Answer with only the final answer and nothing else. Put your final answer between double brackets.

[w t u v] [w t u s]
[19 19 18 18 17 17 16 16] [


--- TARGET LETTERS ---

[np.int64(19), np.int64(19), np.int64(18), np.int64(18), np.int64(17), np.int64(17), np.int64(15), np.int64(15)]
Full Qwen output: [19 19 18 18 17 17 16 16] [19 19 18 18 17 17 16 16]  

[[19 19 18 18 17 17 16 16]]
Filtered Qwen output: 19 19 18 18 17 17 16 16
trial 2 of 10...
trial 3 of 10...
trial 4 of 10...
trial 5 of 10...
trial 6 of 10...
trial 7 of 10...
trial 8 of 10...
trial 9 of 10...
trial 10 of 10...
Problem type: 3gen_split2 - 15/20
trial 1 of 10...

=== PROMPT ===

System message: You are able to solve letter-string analogies

User message: Use the following alphabet to complete the pattern.

a b c d e f g h i j k l m n o p q r w t u v s x y z

Note that the alphabet may be in an unfamiliar order. Complete the pattern using this order. Answer with only the final answer and nothing else. Put your final answer between double brackets.

[h i j k] [h i j k l]
[s x u x w x q x] [


--- TARGET LETTERS ---

['s', 'x', 'u', 'x', 'w', 'x', 'q', 'x', 'o', 'x']
Full Qwen output: [ s x u x w x q x ] [ s x u x w x q x r ]
trial 2 of 10...
trial 3 of 10...
trial 4 of 10...
trial 5 of 10...
trial 6 of 10...
trial 7 of 10...
trial 8 of 10...
trial 9 of 10...
trial 10 of 10...
Problem type: 3gen_split3 - 16/20
trial 1 of 10...

=== PROMPT ===

System message: You are able to solve letter-string analogies

User message: Use the following alphabet to complete the pattern.

a b c d e f g h i j k l m n o p q r w t u v s x y z

Note that the alphabet may be in an unfamiliar order. Complete the pattern using this order. Answer with only the final answer and nothing else. Put your final answer between double brackets.

[p o q r w] [o p q r w]
[19 0 21 0 25 0 23 0] [


--- TARGET LETTERS ---

[np.int64(19), '0', np.int64(21), '0', np.int64(23), '0', np.int64(25), '0']
Full Qwen output: [19 0 21 0 25 0 23 0] [19 0 21 0 25 0 23 0]
trial 2 of 10...
trial 3 of 10...
trial 4 of 10...
trial 5 of 10...
trial 6 of 10...
trial 7 of 10...
trial 8 of 10...
trial 9 of 10...
trial 10 of 10...
Problem type: 3gen_split4 - 17/20
trial 1 of 10...

=== PROMPT ===

System message: You are able to solve letter-string analogies

User message: Use the following alphabet to complete the pattern.

a b c d e f g h i j k l m n o p q r w t u v s x y z

Note that the alphabet may be in an unfamiliar order. Complete the pattern using this order. Answer with only the final answer and nothing else. Put your final answer between double brackets.

[r w t u] [q w t u]
[20 20 0 0 21 21 0 0 22 22 0 0 23 23 0 0] [


--- TARGET LETTERS ---

[np.int64(19), np.int64(19), '0', '0', np.int64(21), np.int64(21), '0', '0', np.int64(22), np.int64(22), '0', '0', np.int64(23), np.int64(23), '0', '0']
Full Qwen output: [20 20 0 0 21 21 0 0 22 22 0 0 23 23 0 0] [24 24 0 0 25 25 0 0 26 26 0 0 27 27 0 0]
trial 2 of 10...
trial 3 of 10...
trial 4 of 10...
trial 5 of 10...
trial 6 of 10...
trial 7 of 10...
trial 8 of 10...
trial 9 of 10...
trial 10 of 10...
Problem type: 3gen_split5 - 18/20
trial 1 of 10...

=== PROMPT ===

System message: You are able to solve letter-string analogies

User message: Use the following alphabet to complete the pattern.

a b c d e f g h i j k l m n o p q r w t u v s x y z

Note that the alphabet may be in an unfamiliar order. Complete the pattern using this order. Answer with only the final answer and nothing else. Put your final answer between double brackets.

[c d e f] [b d e f]
[s s u u w w q q] [


--- TARGET LETTERS ---

['y', 'y', 'u', 'u', 'w', 'w', 'q', 'q']
Full Qwen output: [ q q s s u u ]
trial 2 of 10...
trial 3 of 10...
trial 4 of 10...
trial 5 of 10...
trial 6 of 10...
trial 7 of 10...
trial 8 of 10...
trial 9 of 10...
trial 10 of 10...
Problem type: 3gen_split6 - 19/20
trial 1 of 10...

=== PROMPT ===

System message: You are able to solve letter-string analogies

User message: Use the following alphabet to complete the pattern.

a b c d e f g h i j k l m n o p q r w t u v s x y z

Note that the alphabet may be in an unfamiliar order. Complete the pattern using this order. Answer with only the final answer and nothing else. Put your final answer between double brackets.

[a q r w t] [p q r w t]
[g g x x k k x x m m x x o o x x q q x x] [


--- TARGET LETTERS ---

['i', 'i', 'x', 'x', 'k', 'k', 'x', 'x', 'm', 'm', 'x', 'x', 'o', 'o', 'x', 'x', 'q', 'q', 'x', 'x']
Full Qwen output: [ s s y y k k y y m m y y o o y y q q y y ]
trial 2 of 10...
trial 3 of 10...
trial 4 of 10...
trial 5 of 10...
trial 6 of 10...
trial 7 of 10...
trial 8 of 10...
trial 9 of 10...
trial 10 of 10...
Problem type: 3gensplit7 - 20/20
trial 1 of 10...

=== PROMPT ===

System message: You are able to solve letter-string analogies

User message: Use the following alphabet to complete the pattern.

a b c d e f g h i j k l m n o p q r w t u v s x y z

Note that the alphabet may be in an unfamiliar order. Complete the pattern using this order. Answer with only the final answer and nothing else. Put your final answer between double brackets.

[j k l m] [i k l m]
[q q x x w w x x u u x x s s x x] [


--- TARGET LETTERS ---

['o', 'o', 'x', 'x', 'w', 'w', 'x', 'x', 'u', 'u', 'x', 'x', 's', 's', 'x', 'x']
Full Qwen output: [ q q x x w w x x u u x x s s x x ] [ q q x x w w x x u u x x s s x x ]
trial 2 of 10...
trial 3 of 10...
trial 4 of 10...
trial 5 of 10...
trial 6 of 10...
trial 7 of 10...
trial 8 of 10...
trial 9 of 10...
trial 10 of 10...
alph_3
a b c d e f g h i j k l m n o p y r s t u v w x q z
Problem type: larger_int - 1/20
trial 1 of 10...

=== PROMPT ===

System message: You are able to solve letter-string analogies

User message: Use the following alphabet to complete the pattern.

a b c d e f g h i j k l m n o p y r s t u v w x q z

Note that the alphabet may be in an unfamiliar order. Complete the pattern using this order. Answer with only the final answer and nothing else. Put your final answer between double brackets.

[v w x q] [v w x z]
[f h j l] [


--- TARGET LETTERS ---

['f', 'h', 'j', 'n']
Full Qwen output: [ f h j n ]
trial 2 of 10...
trial 3 of 10...
trial 4 of 10...
trial 5 of 10...
trial 6 of 10...
trial 7 of 10...
trial 8 of 10...
trial 9 of 10...
trial 10 of 10...
Problem type: longer_targ - 2/20
trial 1 of 10...

=== PROMPT ===

System message: You are able to solve letter-string analogies

User message: Use the following alphabet to complete the pattern.

a b c d e f g h i j k l m n o p y r s t u v w x q z

Note that the alphabet may be in an unfamiliar order. Complete the pattern using this order. Answer with only the final answer and nothing else. Put your final answer between double brackets.

[n y p o r] [n o p y r]
[k l m n r p y o s] [


--- TARGET LETTERS ---

['k', 'l', 'm', 'n', 'o', 'p', 'y', 'r', 's']
Full Qwen output: [ k l m n r p y o s ] [ k l m n r p y o s ]
trial 2 of 10...
trial 3 of 10...
trial 4 of 10...
trial 5 of 10...
trial 6 of 10...
trial 7 of 10...
trial 8 of 10...
trial 9 of 10...
trial 10 of 10...
Problem type: group - 3/20
trial 1 of 10...

=== PROMPT ===

System message: You are able to solve letter-string analogies

User message: Use the following alphabet to complete the pattern.

a b c d e f g h i j k l m n o p y r s t u v w x q z

Note that the alphabet may be in an unfamiliar order. Complete the pattern using this order. Answer with only the final answer and nothing else. Put your final answer between double brackets.

[u v w x] [u v w x q]
[t t u u v v w w] [


--- TARGET LETTERS ---

['t', 't', 'u', 'u', 'v', 'v', 'w', 'w', 'x', 'x']
Full Qwen output: [ t t u u v v w w x x ]
trial 2 of 10...
trial 3 of 10...
trial 4 of 10...
trial 5 of 10...
trial 6 of 10...
trial 7 of 10...
trial 8 of 10...
trial 9 of 10...
trial 10 of 10...
Problem type: interleaved - 4/20
trial 1 of 10...

=== PROMPT ===

System message: You are able to solve letter-string analogies

User message: Use the following alphabet to complete the pattern.

a b c d e f g h i j k l m n o p y r s t u v w x q z

Note that the alphabet may be in an unfamiliar order. Complete the pattern using this order. Answer with only the final answer and nothing else. Put your final answer between double brackets.

[l m n o] [l m n p]
[v x w x x x q x] [


--- TARGET LETTERS ---

['v', 'x', 'w', 'x', 'x', 'x', 'z', 'x']
Full Qwen output: [ v x w x x x q x ] [ v x w x x x q z ]
trial 2 of 10...
trial 3 of 10...
trial 4 of 10...
trial 5 of 10...
trial 6 of 10...
trial 7 of 10...
trial 8 of 10...
trial 9 of 10...
trial 10 of 10...
Problem type: letter2num - 5/20
trial 1 of 10...

=== PROMPT ===

System message: You are able to solve letter-string analogies

User message: Use the following alphabet to complete the pattern.

a b c d e f g h i j k l m n o p y r s t u v w x q z

Note that the alphabet may be in an unfamiliar order. Complete the pattern using this order. Answer with only the final answer and nothing else. Put your final answer between double brackets.

[u v w x] [u v w x q]
[12 13 14 15] [


--- TARGET LETTERS ---

[np.int64(12), np.int64(13), np.int64(14), np.int64(15), np.int64(16)]
Full Qwen output: [12 13 14 15 16]
trial 2 of 10...
trial 3 of 10...
trial 4 of 10...
trial 5 of 10...
trial 6 of 10...
trial 7 of 10...
trial 8 of 10...
trial 9 of 10...
trial 10 of 10...
Problem type: reverse - 6/20
trial 1 of 10...

=== PROMPT ===

System message: You are able to solve letter-string analogies

User message: Use the following alphabet to complete the pattern.

a b c d e f g h i j k l m n o p y r s t u v w x q z

Note that the alphabet may be in an unfamiliar order. Complete the pattern using this order. Answer with only the final answer and nothing else. Put your final answer between double brackets.

[u j w x q] [u v w x q]
[n m y k j] [


--- TARGET LETTERS ---

['n', 'm', 'l', 'k', 'j']
Full Qwen output: [ n m y k j ] [ n m y k j ]
trial 2 of 10...
trial 3 of 10...
trial 4 of 10...
trial 5 of 10...
trial 6 of 10...
trial 7 of 10...
trial 8 of 10...
trial 9 of 10...
trial 10 of 10...
Problem type: 2gen_split1 - 7/20
trial 1 of 10...

=== PROMPT ===

System message: You are able to solve letter-string analogies

User message: Use the following alphabet to complete the pattern.

a b c d e f g h i j k l m n o p y r s t u v w x q z

Note that the alphabet may be in an unfamiliar order. Complete the pattern using this order. Answer with only the final answer and nothing else. Put your final answer between double brackets.

[p z r s t] [p y r s t]
[f x r x j x l x n x] [


--- TARGET LETTERS ---

['f', 'x', 'h', 'x', 'j', 'x', 'l', 'x', 'n', 'x']
Full Qwen output: [ f x r x j x l x n x ] [ f x r x j x l x n x ]
trial 2 of 10...
trial 3 of 10...
trial 4 of 10...
trial 5 of 10...
trial 6 of 10...
trial 7 of 10...
trial 8 of 10...
trial 9 of 10...
trial 10 of 10...
Problem type: 2gen_split2 - 8/20
trial 1 of 10...

=== PROMPT ===

System message: You are able to solve letter-string analogies

User message: Use the following alphabet to complete the pattern.

a b c d e f g h i j k l m n o p y r s t u v w x q z

Note that the alphabet may be in an unfamiliar order. Complete the pattern using this order. Answer with only the final answer and nothing else. Put your final answer between double brackets.

[v w x x q z] [v w x q z]
[p x y x r x r x s x t x u x v x w x x x] [


--- TARGET LETTERS ---

['p', 'x', 'y', 'x', 'r', 'x', 's', 'x', 't', 'x', 'u', 'x', 'v', 'x', 'w', 'x', 'x', 'x']
Full Qwen output: [ v w x q z ] [ v w x q z ]  
[ p x y x r x r x s x t x u x v x w x q z ]
trial 2 of 10...
trial 3 of 10...
trial 4 of 10...
trial 5 of 10...
trial 6 of 10...
trial 7 of 10...
trial 8 of 10...
trial 9 of 10...
trial 10 of 10...
Problem type: 2gen_split3 - 9/20
trial 1 of 10...

=== PROMPT ===

System message: You are able to solve letter-string analogies

User message: Use the following alphabet to complete the pattern.

a b c d e f g h i j k l m n o p y r s t u v w x q z

Note that the alphabet may be in an unfamiliar order. Complete the pattern using this order. Answer with only the final answer and nothing else. Put your final answer between double brackets.

[i j k k l m] [i j k l m]
[y x r x s x s x t x u x v x w x x x q x] [


--- TARGET LETTERS ---

['y', 'x', 'r', 'x', 's', 'x', 't', 'x', 'u', 'x', 'v', 'x', 'w', 'x', 'x', 'x', 'q', 'x']
Full Qwen output: [i j k l m] [i j k l m]  
[y x r x s x s x t x u x v x w x x x q x] [y x r x s x t x u x v x w x x x q x]  

[[y x r x s x t x u x v x w x x x q x]]
Filtered Qwen output: y x r x s x t x u x v x w x x x q x
trial 2 of 10...
trial 3 of 10...
trial 4 of 10...
trial 5 of 10...
trial 6 of 10...
trial 7 of 10...
trial 8 of 10...
trial 9 of 10...
trial 10 of 10...
Problem type: 2gen_split4 - 10/20
trial 1 of 10...

=== PROMPT ===

System message: You are able to solve letter-string analogies

User message: Use the following alphabet to complete the pattern.

a b c d e f g h i j k l m n o p y r s t u v w x q z

Note that the alphabet may be in an unfamiliar order. Complete the pattern using this order. Answer with only the final answer and nothing else. Put your final answer between double brackets.

[v w x q] [v w x z]
[t s r y p o n m] [


--- TARGET LETTERS ---

['t', 's', 'r', 'y', 'p', 'o', 'n', 'l']
Full Qwen output: [ t s r y p o n m ] [ t s r y p o n m ]
trial 2 of 10...
trial 3 of 10...
trial 4 of 10...
trial 5 of 10...
trial 6 of 10...
trial 7 of 10...
trial 8 of 10...
trial 9 of 10...
trial 10 of 10...
Problem type: 2gen_split5 - 11/20
trial 1 of 10...

=== PROMPT ===

System message: You are able to solve letter-string analogies

User message: Use the following alphabet to complete the pattern.

a b c d e f g h i j k l m n o p y r s t u v w x q z

Note that the alphabet may be in an unfamiliar order. Complete the pattern using this order. Answer with only the final answer and nothing else. Put your final answer between double brackets.

[v w w x q z] [v w x q z]
[p p p p y y r r s s t t u u v v w w x x] [


--- TARGET LETTERS ---

['p', 'p', 'y', 'y', 'r', 'r', 's', 's', 't', 't', 'u', 'u', 'v', 'v', 'w', 'w', 'x', 'x']
Full Qwen output: [ v w w x q z ] [ v w x q z ]  
[ p p p p y y r r s s t t u u v v w w x x ] [ p p y r s t u v w x ]
trial 2 of 10...
trial 3 of 10...
trial 4 of 10...
trial 5 of 10...
trial 6 of 10...
trial 7 of 10...
trial 8 of 10...
trial 9 of 10...
trial 10 of 10...
Problem type: 2gen_split6 - 12/20
trial 1 of 10...

=== PROMPT ===

System message: You are able to solve letter-string analogies

User message: Use the following alphabet to complete the pattern.

a b c d e f g h i j k l m n o p y r s t u v w x q z

Note that the alphabet may be in an unfamiliar order. Complete the pattern using this order. Answer with only the final answer and nothing else. Put your final answer between double brackets.

[o p y r] [n p y r]
[c x e x g x i x] [


--- TARGET LETTERS ---

['a', 'x', 'e', 'x', 'g', 'x', 'i', 'x']
Full Qwen output: [ c x e x g x i x ] [ m x o x q x s x ]
trial 2 of 10...
trial 3 of 10...
trial 4 of 10...
trial 5 of 10...
trial 6 of 10...
trial 7 of 10...
trial 8 of 10...
trial 9 of 10...
trial 10 of 10...
Problem type: 2gensplit7 - 13/20
trial 1 of 10...

=== PROMPT ===

System message: You are able to solve letter-string analogies

User message: Use the following alphabet to complete the pattern.

a b c d e f g h i j k l m n o p y r s t u v w x q z

Note that the alphabet may be in an unfamiliar order. Complete the pattern using this order. Answer with only the final answer and nothing else. Put your final answer between double brackets.

[m m n o p y] [m n o p y]
[9 9 10 10 11 11 12 12 12 12 13 13] [


--- TARGET LETTERS ---

[np.int64(9), np.int64(9), np.int64(10), np.int64(10), np.int64(11), np.int64(11), np.int64(12), np.int64(12), np.int64(13), np.int64(13)]
Full Qwen output: [9 9 10 10 11 11 12 12 12 12 13 13] [9 10 11 12 13 14 15 16 17 18 19 20]
trial 2 of 10...
trial 3 of 10...
trial 4 of 10...
trial 5 of 10...
trial 6 of 10...
trial 7 of 10...
trial 8 of 10...
trial 9 of 10...
trial 10 of 10...
Problem type: 3gen_split1 - 14/20
trial 1 of 10...

=== PROMPT ===

System message: You are able to solve letter-string analogies

User message: Use the following alphabet to complete the pattern.

a b c d e f g h i j k l m n o p y r s t u v w x q z

Note that the alphabet may be in an unfamiliar order. Complete the pattern using this order. Answer with only the final answer and nothing else. Put your final answer between double brackets.

[u v w x] [u v w q]
[18 18 19 19 20 20 21 21 22 22 23 23 24 24 25 25] [


--- TARGET LETTERS ---

[np.int64(18), np.int64(18), np.int64(19), np.int64(19), np.int64(20), np.int64(20), np.int64(21), np.int64(21), np.int64(22), np.int64(22), np.int64(23), np.int64(23), np.int64(24), np.int64(24), np.int64(26), np.int64(26)]
Full Qwen output: [18 18 19 19 20 20 21 21 22 22 23 23 24 24 25 25] [18 18 19 19]
trial 2 of 10...
trial 3 of 10...
trial 4 of 10...
trial 5 of 10...
trial 6 of 10...
trial 7 of 10...
trial 8 of 10...
trial 9 of 10...
trial 10 of 10...
Problem type: 3gen_split2 - 15/20
trial 1 of 10...

=== PROMPT ===

System message: You are able to solve letter-string analogies

User message: Use the following alphabet to complete the pattern.

a b c d e f g h i j k l m n o p y r s t u v w x q z

Note that the alphabet may be in an unfamiliar order. Complete the pattern using this order. Answer with only the final answer and nothing else. Put your final answer between double brackets.

[j k l m] [j k l n]
[u s y o m k i g] [


--- TARGET LETTERS ---

['u', 's', 'y', 'o', 'm', 'k', 'i', 'e']
Full Qwen output: [ u s y o m k i g ] [ u s y o m k i h ]
trial 2 of 10...
trial 3 of 10...
trial 4 of 10...
trial 5 of 10...
trial 6 of 10...
trial 7 of 10...
trial 8 of 10...
trial 9 of 10...
trial 10 of 10...
Problem type: 3gen_split3 - 16/20
trial 1 of 10...

=== PROMPT ===

System message: You are able to solve letter-string analogies

User message: Use the following alphabet to complete the pattern.

a b c d e f g h i j k l m n o p y r s t u v w x q z

Note that the alphabet may be in an unfamiliar order. Complete the pattern using this order. Answer with only the final answer and nothing else. Put your final answer between double brackets.

[m n o p] [m n o y]
[2 0 3 0 4 0 5 0 6 0 7 0 8 0 9 0] [


--- TARGET LETTERS ---

[np.int64(2), '0', np.int64(3), '0', np.int64(4), '0', np.int64(5), '0', np.int64(6), '0', np.int64(7), '0', np.int64(8), '0', np.int64(10), '0']
Full Qwen output: [2 0 3 0 4 0 5 0 6 0 7 0 8 0 9 0] [2 0 3 0 4 0 5 0 6 0 7 0 8 0 9 0]
trial 2 of 10...
trial 3 of 10...
trial 4 of 10...
trial 5 of 10...
trial 6 of 10...
trial 7 of 10...
trial 8 of 10...
trial 9 of 10...
trial 10 of 10...
Problem type: 3gen_split4 - 17/20
trial 1 of 10...

=== PROMPT ===

System message: You are able to solve letter-string analogies

User message: Use the following alphabet to complete the pattern.

a b c d e f g h i j k l m n o p y r s t u v w x q z

Note that the alphabet may be in an unfamiliar order. Complete the pattern using this order. Answer with only the final answer and nothing else. Put your final answer between double brackets.

[r s t v u] [r s t u v]
[e o m k i g y c a] [


--- TARGET LETTERS ---

['y', 'o', 'm', 'k', 'i', 'g', 'e', 'c', 'a']
Full Qwen output: [ e o m k i g y c a ] [ e o m k i g y c a ]
trial 2 of 10...
trial 3 of 10...
trial 4 of 10...
trial 5 of 10...
trial 6 of 10...
trial 7 of 10...
trial 8 of 10...
trial 9 of 10...
trial 10 of 10...
Problem type: 3gen_split5 - 18/20
trial 1 of 10...

=== PROMPT ===

System message: You are able to solve letter-string analogies

User message: Use the following alphabet to complete the pattern.

a b c d e f g h i j k l m n o p y r s t u v w x q z

Note that the alphabet may be in an unfamiliar order. Complete the pattern using this order. Answer with only the final answer and nothing else. Put your final answer between double brackets.

[w x q z] [v x q z]
[o o x x n n x x m m x x l l x x] [


--- TARGET LETTERS ---

['p', 'p', 'x', 'x', 'n', 'n', 'x', 'x', 'm', 'm', 'x', 'x', 'l', 'l', 'x', 'x']
Full Qwen output: [ w x q z ] [ v x q z ] [ o o x x n n x x m m x x l l x x ] [ k k x x j j x x i i x x h h x x ]
trial 2 of 10...
trial 3 of 10...
trial 4 of 10...
trial 5 of 10...
trial 6 of 10...
trial 7 of 10...
trial 8 of 10...
trial 9 of 10...
trial 10 of 10...
Problem type: 3gen_split6 - 19/20
trial 1 of 10...

=== PROMPT ===

System message: You are able to solve letter-string analogies

User message: Use the following alphabet to complete the pattern.

a b c d e f g h i j k l m n o p y r s t u v w x q z

Note that the alphabet may be in an unfamiliar order. Complete the pattern using this order. Answer with only the final answer and nothing else. Put your final answer between double brackets.

[u v w x] [t v w x]
[p p o o n n m m l l k k j j i i] [


--- TARGET LETTERS ---

['y', 'y', 'o', 'o', 'n', 'n', 'm', 'm', 'l', 'l', 'k', 'k', 'j', 'j', 'i', 'i']
Full Qwen output: [ u v w x ] [ t v w x ]  
[ p p o o n n m m l l k k j j i i ] [ h h g g f f e e d d c c b b a a ]  

[[h h g g f f e e d d c c b b a a]]
Filtered Qwen output: h h g g f f e e d d c c b b a a
trial 2 of 10...
trial 3 of 10...
trial 4 of 10...
trial 5 of 10...
trial 6 of 10...
trial 7 of 10...
trial 8 of 10...
trial 9 of 10...
trial 10 of 10...
Problem type: 3gensplit7 - 20/20
trial 1 of 10...

=== PROMPT ===

System message: You are able to solve letter-string analogies

User message: Use the following alphabet to complete the pattern.

a b c d e f g h i j k l m n o p y r s t u v w x q z

Note that the alphabet may be in an unfamiliar order. Complete the pattern using this order. Answer with only the final answer and nothing else. Put your final answer between double brackets.

[o p y r] [n p y r]
[h h x x i i x x j j x x k k x x l l x x m m x x n n x x o o x x] [


--- TARGET LETTERS ---

['g', 'g', 'x', 'x', 'i', 'i', 'x', 'x', 'j', 'j', 'x', 'x', 'k', 'k', 'x', 'x', 'l', 'l', 'x', 'x', 'm', 'm', 'x', 'x', 'n', 'n', 'x', 'x', 'o', 'o', 'x', 'x']
Full Qwen output: [ o p y r ] [ n p y r ]  
[ h h x x i i x x j j x x k k x x l l x x m m x x n n x x o o x x ] [ **p p y r** ]  

[[p p y r]]
Filtered Qwen output: p p y r
trial 2 of 10...
trial 3 of 10...
trial 4 of 10...
trial 5 of 10...
trial 6 of 10...
trial 7 of 10...
trial 8 of 10...
trial 9 of 10...
trial 10 of 10...
alph_4
a b f d e c g h i j k l m n o p q r s t u v w x y z
Problem type: larger_int - 1/20
trial 1 of 10...

=== PROMPT ===

System message: You are able to solve letter-string analogies

User message: Use the following alphabet to complete the pattern.

a b f d e c g h i j k l m n o p q r s t u v w x y z

Note that the alphabet may be in an unfamiliar order. Complete the pattern using this order. Answer with only the final answer and nothing else. Put your final answer between double brackets.

[q r s s t u] [q r s t u]
[b d c h h j] [


--- TARGET LETTERS ---

['b', 'd', 'c', 'h', 'j']
Full Qwen output: [ b d c h h j ] [ b d c h j ]
trial 2 of 10...
trial 3 of 10...
trial 4 of 10...
trial 5 of 10...
trial 6 of 10...
trial 7 of 10...
trial 8 of 10...
trial 9 of 10...
trial 10 of 10...
Problem type: longer_targ - 2/20
trial 1 of 10...

=== PROMPT ===

System message: You are able to solve letter-string analogies

User message: Use the following alphabet to complete the pattern.

a b f d e c g h i j k l m n o p q r s t u v w x y z

Note that the alphabet may be in an unfamiliar order. Complete the pattern using this order. Answer with only the final answer and nothing else. Put your final answer between double brackets.

[s d e c g] [f d e c g]
[q k s t u v w x y] [


--- TARGET LETTERS ---

['q', 'r', 's', 't', 'u', 'v', 'w', 'x', 'y']
Full Qwen output: [ q k s t u v w x y ] [ q k s t u v w x y ]
trial 2 of 10...
trial 3 of 10...
trial 4 of 10...
trial 5 of 10...
trial 6 of 10...
trial 7 of 10...
trial 8 of 10...
trial 9 of 10...
trial 10 of 10...
Problem type: group - 3/20
trial 1 of 10...

=== PROMPT ===

System message: You are able to solve letter-string analogies

User message: Use the following alphabet to complete the pattern.

a b f d e c g h i j k l m n o p q r s t u v w x y z

Note that the alphabet may be in an unfamiliar order. Complete the pattern using this order. Answer with only the final answer and nothing else. Put your final answer between double brackets.

[d e c g] [d e c h]
[k k l l m m n n] [


--- TARGET LETTERS ---

['k', 'k', 'l', 'l', 'm', 'm', 'o', 'o']
Full Qwen output: [ k k l l m m n n o o ]
trial 2 of 10...
trial 3 of 10...
trial 4 of 10...
trial 5 of 10...
trial 6 of 10...
trial 7 of 10...
trial 8 of 10...
trial 9 of 10...
trial 10 of 10...
Problem type: interleaved - 4/20
trial 1 of 10...

=== PROMPT ===

System message: You are able to solve letter-string analogies

User message: Use the following alphabet to complete the pattern.

a b f d e c g h i j k l m n o p q r s t u v w x y z

Note that the alphabet may be in an unfamiliar order. Complete the pattern using this order. Answer with only the final answer and nothing else. Put your final answer between double brackets.

[e c g h] [e c g i]
[b x f x d x e x] [


--- TARGET LETTERS ---

['b', 'x', 'f', 'x', 'd', 'x', 'c', 'x']
Full Qwen output: [ b x f x d x e x ] [ b x f x d x e x ]
trial 2 of 10...
trial 3 of 10...
trial 4 of 10...
trial 5 of 10...
trial 6 of 10...
trial 7 of 10...
trial 8 of 10...
trial 9 of 10...
trial 10 of 10...
Problem type: letter2num - 5/20
trial 1 of 10...

=== PROMPT ===

System message: You are able to solve letter-string analogies

User message: Use the following alphabet to complete the pattern.

a b f d e c g h i j k l m n o p q r s t u v w x y z

Note that the alphabet may be in an unfamiliar order. Complete the pattern using this order. Answer with only the final answer and nothing else. Put your final answer between double brackets.

[a b f d] [a b f e]
[14 15 16 17] [


--- TARGET LETTERS ---

[np.int64(14), np.int64(15), np.int64(16), np.int64(18)]
Full Qwen output: [14 15 16 18]
trial 2 of 10...
trial 3 of 10...
trial 4 of 10...
trial 5 of 10...
trial 6 of 10...
trial 7 of 10...
trial 8 of 10...
trial 9 of 10...
trial 10 of 10...
Problem type: reverse - 6/20
trial 1 of 10...

=== PROMPT ===

System message: You are able to solve letter-string analogies

User message: Use the following alphabet to complete the pattern.

a b f d e c g h i j k l m n o p q r s t u v w x y z

Note that the alphabet may be in an unfamiliar order. Complete the pattern using this order. Answer with only the final answer and nothing else. Put your final answer between double brackets.

[j k l m h] [j k l m n]
[h g w e d] [


--- TARGET LETTERS ---

['h', 'g', 'c', 'e', 'd']
Full Qwen output: [ h g w e d ] [ h g w e d ]
trial 2 of 10...
trial 3 of 10...
trial 4 of 10...
trial 5 of 10...
trial 6 of 10...
trial 7 of 10...
trial 8 of 10...
trial 9 of 10...
trial 10 of 10...
Problem type: 2gen_split1 - 7/20
trial 1 of 10...

=== PROMPT ===

System message: You are able to solve letter-string analogies

User message: Use the following alphabet to complete the pattern.

a b f d e c g h i j k l m n o p q r s t u v w x y z

Note that the alphabet may be in an unfamiliar order. Complete the pattern using this order. Answer with only the final answer and nothing else. Put your final answer between double brackets.

[c g p i j] [c g h i j]
[1 1 2 2 24 24 4 4 5 5] [


--- TARGET LETTERS ---

[np.int64(1), np.int64(1), np.int64(2), np.int64(2), np.int64(3), np.int64(3), np.int64(4), np.int64(4), np.int64(5), np.int64(5)]
Full Qwen output: [1 1 2 2 24 24 4 4 5 5] [1 1 2 2 24 24 4 4 5 5]
trial 2 of 10...
trial 3 of 10...
trial 4 of 10...
trial 5 of 10...
trial 6 of 10...
trial 7 of 10...
trial 8 of 10...
trial 9 of 10...
trial 10 of 10...
Problem type: 2gen_split2 - 8/20
trial 1 of 10...

=== PROMPT ===

System message: You are able to solve letter-string analogies

User message: Use the following alphabet to complete the pattern.

a b f d e c g h i j k l m n o p q r s t u v w x y z

Note that the alphabet may be in an unfamiliar order. Complete the pattern using this order. Answer with only the final answer and nothing else. Put your final answer between double brackets.

[g c e h i] [e c g h i]
[5 4 1 2 3] [


--- TARGET LETTERS ---

[np.int64(5), np.int64(4), np.int64(3), np.int64(2), np.int64(1)]
Full Qwen output: [5 4 1 2 3] [4 3 1 2 5]
trial 2 of 10...
trial 3 of 10...
trial 4 of 10...
trial 5 of 10...
trial 6 of 10...
trial 7 of 10...
trial 8 of 10...
trial 9 of 10...
trial 10 of 10...
Problem type: 2gen_split3 - 9/20
trial 1 of 10...

=== PROMPT ===

System message: You are able to solve letter-string analogies

User message: Use the following alphabet to complete the pattern.

a b f d e c g h i j k l m n o p q r s t u v w x y z

Note that the alphabet may be in an unfamiliar order. Complete the pattern using this order. Answer with only the final answer and nothing else. Put your final answer between double brackets.

[a b f d] [a b f e]
[i x k x m x o x] [


--- TARGET LETTERS ---

['i', 'x', 'k', 'x', 'm', 'x', 'q', 'x']
Full Qwen output: [ i x k x m x o x ] [ i x k x m x o x ]
trial 2 of 10...
trial 3 of 10...
trial 4 of 10...
trial 5 of 10...
trial 6 of 10...
trial 7 of 10...
trial 8 of 10...
trial 9 of 10...
trial 10 of 10...
Problem type: 2gen_split4 - 10/20
trial 1 of 10...

=== PROMPT ===

System message: You are able to solve letter-string analogies

User message: Use the following alphabet to complete the pattern.

a b f d e c g h i j k l m n o p q r s t u v w x y z

Note that the alphabet may be in an unfamiliar order. Complete the pattern using this order. Answer with only the final answer and nothing else. Put your final answer between double brackets.

[b f d e] [a f d e]
[m o q s u w y] [


--- TARGET LETTERS ---

['k', 'o', 'q', 's', 'u', 'w', 'y']
Full Qwen output: [ m o q s u w y ] [ m o q s u w y ]
trial 2 of 10...
trial 3 of 10...
trial 4 of 10...
trial 5 of 10...
trial 6 of 10...
trial 7 of 10...
trial 8 of 10...
trial 9 of 10...
trial 10 of 10...
Problem type: 2gen_split5 - 11/20
trial 1 of 10...

=== PROMPT ===

System message: You are able to solve letter-string analogies

User message: Use the following alphabet to complete the pattern.

a b f d e c g h i j k l m n o p q r s t u v w x y z

Note that the alphabet may be in an unfamiliar order. Complete the pattern using this order. Answer with only the final answer and nothing else. Put your final answer between double brackets.

[s t u v] [s t u v w]
[i h g c e d f b] [


--- TARGET LETTERS ---

['i', 'h', 'g', 'c', 'e', 'd', 'f', 'b', 'a']
Full Qwen output: [ i h g c e d f b a ]
trial 2 of 10...
trial 3 of 10...
trial 4 of 10...
trial 5 of 10...
trial 6 of 10...
trial 7 of 10...
trial 8 of 10...
trial 9 of 10...
trial 10 of 10...
Problem type: 2gen_split6 - 12/20
trial 1 of 10...

=== PROMPT ===

System message: You are able to solve letter-string analogies

User message: Use the following alphabet to complete the pattern.

a b f d e c g h i j k l m n o p q r s t u v w x y z

Note that the alphabet may be in an unfamiliar order. Complete the pattern using this order. Answer with only the final answer and nothing else. Put your final answer between double brackets.

[d e h g c] [d e c g h]
[h j c d b] [


--- TARGET LETTERS ---

['j', 'h', 'c', 'd', 'b']
Full Qwen output: [ h j b d c ]
trial 2 of 10...
trial 3 of 10...
trial 4 of 10...
trial 5 of 10...
trial 6 of 10...
trial 7 of 10...
trial 8 of 10...
trial 9 of 10...
trial 10 of 10...
Problem type: 2gensplit7 - 13/20
trial 1 of 10...

=== PROMPT ===

System message: You are able to solve letter-string analogies

User message: Use the following alphabet to complete the pattern.

a b f d e c g h i j k l m n o p q r s t u v w x y z

Note that the alphabet may be in an unfamiliar order. Complete the pattern using this order. Answer with only the final answer and nothing else. Put your final answer between double brackets.

[b f d e] [a f d e]
[7 8 9 10 11 12 13 14] [


--- TARGET LETTERS ---

[np.int64(6), np.int64(8), np.int64(9), np.int64(10), np.int64(11), np.int64(12), np.int64(13), np.int64(14)]
Full Qwen output: [7 8 9 10]
trial 2 of 10...
trial 3 of 10...
trial 4 of 10...
trial 5 of 10...
trial 6 of 10...
trial 7 of 10...
trial 8 of 10...
trial 9 of 10...
trial 10 of 10...
Problem type: 3gen_split1 - 14/20
trial 1 of 10...

=== PROMPT ===

System message: You are able to solve letter-string analogies

User message: Use the following alphabet to complete the pattern.

a b f d e c g h i j k l m n o p q r s t u v w x y z

Note that the alphabet may be in an unfamiliar order. Complete the pattern using this order. Answer with only the final answer and nothing else. Put your final answer between double brackets.

[b f d e] [b f d c]
[q q x x p p x x o o x x n n x x] [


--- TARGET LETTERS ---

['q', 'q', 'x', 'x', 'p', 'p', 'x', 'x', 'o', 'o', 'x', 'x', 'm', 'm', 'x', 'x']
Full Qwen output: [ b f d e ] [ b f d c ]  
[ q q x x p p x x o o x x n n x x ] [ q q x x n n x x ]  

[[q q x x n n x x]]
Filtered Qwen output: q q x x n n x x
trial 2 of 10...
trial 3 of 10...
trial 4 of 10...
trial 5 of 10...
trial 6 of 10...
trial 7 of 10...
trial 8 of 10...
trial 9 of 10...
trial 10 of 10...
Problem type: 3gen_split2 - 15/20
trial 1 of 10...

=== PROMPT ===

System message: You are able to solve letter-string analogies

User message: Use the following alphabet to complete the pattern.

a b f d e c g h i j k l m n o p q r s t u v w x y z

Note that the alphabet may be in an unfamiliar order. Complete the pattern using this order. Answer with only the final answer and nothing else. Put your final answer between double brackets.

[a b f d d e] [a b f d e]
[16 0 18 0 20 0 20 0 22 0 24 0] [


--- TARGET LETTERS ---

[np.int64(16), '0', np.int64(18), '0', np.int64(20), '0', np.int64(22), '0', np.int64(24), '0']
Full Qwen output: [16 0 18 0 20 0 20 0 22 0 24 0] [16 0 18 0 20 0]
trial 2 of 10...
trial 3 of 10...
trial 4 of 10...
trial 5 of 10...
trial 6 of 10...
trial 7 of 10...
trial 8 of 10...
trial 9 of 10...
trial 10 of 10...
Problem type: 3gen_split3 - 16/20
trial 1 of 10...

=== PROMPT ===

System message: You are able to solve letter-string analogies

User message: Use the following alphabet to complete the pattern.

a b f d e c g h i j k l m n o p q r s t u v w x y z

Note that the alphabet may be in an unfamiliar order. Complete the pattern using this order. Answer with only the final answer and nothing else. Put your final answer between double brackets.

[c g h i] [c g h j]
[8 8 7 7 6 6 5 5] [


--- TARGET LETTERS ---

[np.int64(8), np.int64(8), np.int64(7), np.int64(7), np.int64(6), np.int64(6), np.int64(4), np.int64(4)]
Full Qwen output: [8 8 7 7 6 6 5 5] [8 8 7 7 6 6 5 5]
trial 2 of 10...
trial 3 of 10...
trial 4 of 10...
trial 5 of 10...
trial 6 of 10...
trial 7 of 10...
trial 8 of 10...
trial 9 of 10...
trial 10 of 10...
Problem type: 3gen_split4 - 17/20
trial 1 of 10...

=== PROMPT ===

System message: You are able to solve letter-string analogies

User message: Use the following alphabet to complete the pattern.

a b f d e c g h i j k l m n o p q r s t u v w x y z

Note that the alphabet may be in an unfamiliar order. Complete the pattern using this order. Answer with only the final answer and nothing else. Put your final answer between double brackets.

[a e f d b] [a b f d e]
[6 6 7 7 5 5 4 4 3 3] [


--- TARGET LETTERS ---

[np.int64(7), np.int64(7), np.int64(6), np.int64(6), np.int64(5), np.int64(5), np.int64(4), np.int64(4), np.int64(3), np.int64(3)]
Full Qwen output: [6 6 7 7 5 5 4 4 3 3] [6 6 7 7 5 5 4 4 3 3]
trial 2 of 10...
trial 3 of 10...
trial 4 of 10...
trial 5 of 10...
trial 6 of 10...
trial 7 of 10...
trial 8 of 10...
trial 9 of 10...
trial 10 of 10...
Problem type: 3gen_split5 - 18/20
trial 1 of 10...

=== PROMPT ===

System message: You are able to solve letter-string analogies

User message: Use the following alphabet to complete the pattern.

a b f d e c g h i j k l m n o p q r s t u v w x y z

Note that the alphabet may be in an unfamiliar order. Complete the pattern using this order. Answer with only the final answer and nothing else. Put your final answer between double brackets.

[a b f f d e] [a b f d e]
[h h x x i i x x j j x x k k x x l l x x m m x x n n x x o o x x p p x x p p x x] [


--- TARGET LETTERS ---

['h', 'h', 'x', 'x', 'i', 'i', 'x', 'x', 'j', 'j', 'x', 'x', 'k', 'k', 'x', 'x', 'l', 'l', 'x', 'x', 'm', 'm', 'x', 'x', 'n', 'n', 'x', 'x', 'o', 'o', 'x', 'x', 'p', 'p', 'x', 'x']
Full Qwen output: [ a b f d e ] [ a b f d e ] [ h h x x i i x x j j x x k k x x l l x x m m x x n n x x o o x x p p x x p p x x ] [ h h x x i i x x j j x x k k x x l l x x m m x x n n x x o o x x p p x x ]
trial 2 of 10...
trial 3 of 10...
trial 4 of 10...
trial 5 of 10...
trial 6 of 10...
trial 7 of 10...
trial 8 of 10...
trial 9 of 10...
trial 10 of 10...
Problem type: 3gen_split6 - 19/20
trial 1 of 10...

=== PROMPT ===

System message: You are able to solve letter-string analogies

User message: Use the following alphabet to complete the pattern.

a b f d e c g h i j k l m n o p q r s t u v w x y z

Note that the alphabet may be in an unfamiliar order. Complete the pattern using this order. Answer with only the final answer and nothing else. Put your final answer between double brackets.

[v w x y] [u w x y]
[8 8 10 10 12 12 14 14] [


--- TARGET LETTERS ---

[np.int64(6), np.int64(6), np.int64(10), np.int64(10), np.int64(12), np.int64(12), np.int64(14), np.int64(14)]
Full Qwen output: [8 8 10 10 12 12 14 14] [8 8 10 10 12 12 14 14]
trial 2 of 10...
trial 3 of 10...
trial 4 of 10...
trial 5 of 10...
trial 6 of 10...
trial 7 of 10...
trial 8 of 10...
trial 9 of 10...
trial 10 of 10...
Problem type: 3gensplit7 - 20/20
trial 1 of 10...

=== PROMPT ===

System message: You are able to solve letter-string analogies

User message: Use the following alphabet to complete the pattern.

a b f d e c g h i j k l m n o p q r s t u v w x y z

Note that the alphabet may be in an unfamiliar order. Complete the pattern using this order. Answer with only the final answer and nothing else. Put your final answer between double brackets.

[c g h i] [c g h j]
[25 0 24 0 23 0 22 0] [


--- TARGET LETTERS ---

[np.int64(25), '0', np.int64(24), '0', np.int64(23), '0', np.int64(21), '0']
Full Qwen output: [25 0 24 0 23 0 22 0] [25 0 24 0 23 0 22 0]  
[[25 0 24 0 23 0 22 0]]
Filtered Qwen output: 25 0 24 0 23 0 22 0
trial 2 of 10...
trial 3 of 10...
trial 4 of 10...
trial 5 of 10...
trial 6 of 10...
trial 7 of 10...
trial 8 of 10...
trial 9 of 10...
trial 10 of 10...
alph_5
a b c d e l g h i j k f m n o p q r s t u v w x y z
Problem type: larger_int - 1/20
trial 1 of 10...

=== PROMPT ===

System message: You are able to solve letter-string analogies

User message: Use the following alphabet to complete the pattern.

a b c d e l g h i j k f m n o p q r s t u v w x y z

Note that the alphabet may be in an unfamiliar order. Complete the pattern using this order. Answer with only the final answer and nothing else. Put your final answer between double brackets.

[k f m n] [k f m n o]
[d l h j] [


--- TARGET LETTERS ---

['d', 'l', 'h', 'j', 'f']
Full Qwen output: [[d l h j o]]
Filtered Qwen output: d l h j o
trial 2 of 10...
trial 3 of 10...
trial 4 of 10...
trial 5 of 10...
trial 6 of 10...
trial 7 of 10...
trial 8 of 10...
trial 9 of 10...
trial 10 of 10...
Problem type: longer_targ - 2/20
trial 1 of 10...

=== PROMPT ===

System message: You are able to solve letter-string analogies

User message: Use the following alphabet to complete the pattern.

a b c d e l g h i j k f m n o p q r s t u v w x y z

Note that the alphabet may be in an unfamiliar order. Complete the pattern using this order. Answer with only the final answer and nothing else. Put your final answer between double brackets.

[k f m n] [j f m n]
[p q r s t u v w] [


--- TARGET LETTERS ---

['o', 'q', 'r', 's', 't', 'u', 'v', 'w']
Full Qwen output: [ p q r s t u v w ] [ o p q r s t u v ]
trial 2 of 10...
trial 3 of 10...
trial 4 of 10...
trial 5 of 10...
trial 6 of 10...
trial 7 of 10...
trial 8 of 10...
trial 9 of 10...
trial 10 of 10...
Problem type: group - 3/20
trial 1 of 10...

=== PROMPT ===

System message: You are able to solve letter-string analogies

User message: Use the following alphabet to complete the pattern.

a b c d e l g h i j k f m n o p q r s t u v w x y z

Note that the alphabet may be in an unfamiliar order. Complete the pattern using this order. Answer with only the final answer and nothing else. Put your final answer between double brackets.

[c d e l] [c d e g]
[g g h h i i j j] [


--- TARGET LETTERS ---

['g', 'g', 'h', 'h', 'i', 'i', 'k', 'k']
Full Qwen output: [ g g h h i i j j k k ]
trial 2 of 10...
trial 3 of 10...
trial 4 of 10...
trial 5 of 10...
trial 6 of 10...
trial 7 of 10...
trial 8 of 10...
trial 9 of 10...
trial 10 of 10...
Problem type: interleaved - 4/20
trial 1 of 10...

=== PROMPT ===

System message: You are able to solve letter-string analogies

User message: Use the following alphabet to complete the pattern.

a b c d e l g h i j k f m n o p q r s t u v w x y z

Note that the alphabet may be in an unfamiliar order. Complete the pattern using this order. Answer with only the final answer and nothing else. Put your final answer between double brackets.

[d d e l g h] [d e l g h]
[l x g x h x h x i x j x] [


--- TARGET LETTERS ---

['l', 'x', 'g', 'x', 'h', 'x', 'i', 'x', 'j', 'x']
Full Qwen output: [ l x g x h x h x i x j x ] [ l x g x h x h x i x j x ]
trial 2 of 10...
trial 3 of 10...
trial 4 of 10...
trial 5 of 10...
trial 6 of 10...
trial 7 of 10...
trial 8 of 10...
trial 9 of 10...
trial 10 of 10...
Problem type: letter2num - 5/20
trial 1 of 10...

=== PROMPT ===

System message: You are able to solve letter-string analogies

User message: Use the following alphabet to complete the pattern.

a b c d e l g h i j k f m n o p q r s t u v w x y z

Note that the alphabet may be in an unfamiliar order. Complete the pattern using this order. Answer with only the final answer and nothing else. Put your final answer between double brackets.

[p q r s] [p q r t]
[4 5 6 7] [


--- TARGET LETTERS ---

[np.int64(4), np.int64(5), np.int64(6), np.int64(8)]
Full Qwen output: [4 5 6 8]
trial 2 of 10...
trial 3 of 10...
trial 4 of 10...
trial 5 of 10...
trial 6 of 10...
trial 7 of 10...
trial 8 of 10...
trial 9 of 10...
trial 10 of 10...
Problem type: reverse - 6/20
trial 1 of 10...

=== PROMPT ===

System message: You are able to solve letter-string analogies

User message: Use the following alphabet to complete the pattern.

a b c d e l g h i j k f m n o p q r s t u v w x y z

Note that the alphabet may be in an unfamiliar order. Complete the pattern using this order. Answer with only the final answer and nothing else. Put your final answer between double brackets.

[d e l g h h] [d e l g h]
[f k j i i h] [


--- TARGET LETTERS ---

['f', 'k', 'j', 'i', 'h']
Full Qwen output: [ f k j i i h ] [ f k j i i h ]
trial 2 of 10...
trial 3 of 10...
trial 4 of 10...
trial 5 of 10...
trial 6 of 10...
trial 7 of 10...
trial 8 of 10...
trial 9 of 10...
trial 10 of 10...
Problem type: 2gen_split1 - 7/20
trial 1 of 10...

=== PROMPT ===

System message: You are able to solve letter-string analogies

User message: Use the following alphabet to complete the pattern.

a b c d e l g h i j k f m n o p q r s t u v w x y z

Note that the alphabet may be in an unfamiliar order. Complete the pattern using this order. Answer with only the final answer and nothing else. Put your final answer between double brackets.

[c d e l] [c d e l g]
[13 12 11 10] [


--- TARGET LETTERS ---

[np.int64(13), np.int64(12), np.int64(11), np.int64(10), np.int64(9)]
Full Qwen output: [13 12 11 10 9]
trial 2 of 10...
trial 3 of 10...
trial 4 of 10...
trial 5 of 10...
trial 6 of 10...
trial 7 of 10...
trial 8 of 10...
trial 9 of 10...
trial 10 of 10...
Problem type: 2gen_split2 - 8/20
trial 1 of 10...

=== PROMPT ===

System message: You are able to solve letter-string analogies

User message: Use the following alphabet to complete the pattern.

a b c d e l g h i j k f m n o p q r s t u v w x y z

Note that the alphabet may be in an unfamiliar order. Complete the pattern using this order. Answer with only the final answer and nothing else. Put your final answer between double brackets.

[d e l m h] [d e l g h]
[j j k k f f m m x x o o p p q q r r] [


--- TARGET LETTERS ---

['j', 'j', 'k', 'k', 'f', 'f', 'm', 'm', 'n', 'n', 'o', 'o', 'p', 'p', 'q', 'q', 'r', 'r']
Full Qwen output: [ j j k k f f m m x x o o p p q q r r ] [ j j k k f f m m x x o o p p q q r r ]
trial 2 of 10...
trial 3 of 10...
trial 4 of 10...
trial 5 of 10...
trial 6 of 10...
trial 7 of 10...
trial 8 of 10...
trial 9 of 10...
trial 10 of 10...
Problem type: 2gen_split3 - 9/20
trial 1 of 10...

=== PROMPT ===

System message: You are able to solve letter-string analogies

User message: Use the following alphabet to complete the pattern.

a b c d e l g h i j k f m n o p q r s t u v w x y z

Note that the alphabet may be in an unfamiliar order. Complete the pattern using this order. Answer with only the final answer and nothing else. Put your final answer between double brackets.

[e l g h h i] [e l g h i]
[14 0 15 0 16 0 16 0 17 0 18 0] [


--- TARGET LETTERS ---

[np.int64(14), '0', np.int64(15), '0', np.int64(16), '0', np.int64(17), '0', np.int64(18), '0']
Full Qwen output: [14 0 15 0 16 0 17 0 18 0] [14 0 15 0 16 0 17 0 18 0 19 0]
trial 2 of 10...
trial 3 of 10...
trial 4 of 10...
trial 5 of 10...
trial 6 of 10...
trial 7 of 10...
trial 8 of 10...
trial 9 of 10...
trial 10 of 10...
Problem type: 2gen_split4 - 10/20
trial 1 of 10...

=== PROMPT ===

System message: You are able to solve letter-string analogies

User message: Use the following alphabet to complete the pattern.

a b c d e l g h i j k f m n o p q r s t u v w x y z

Note that the alphabet may be in an unfamiliar order. Complete the pattern using this order. Answer with only the final answer and nothing else. Put your final answer between double brackets.

[j k f m] [j k f n]
[h h j j f f n n] [


--- TARGET LETTERS ---

['h', 'h', 'j', 'j', 'f', 'f', 'p', 'p']
Full Qwen output: [ h h j j f f n n ] [ h h j j f f n n ]
trial 2 of 10...
trial 3 of 10...
trial 4 of 10...
trial 5 of 10...
trial 6 of 10...
trial 7 of 10...
trial 8 of 10...
trial 9 of 10...
trial 10 of 10...
Problem type: 2gen_split5 - 11/20
trial 1 of 10...

=== PROMPT ===

System message: You are able to solve letter-string analogies

User message: Use the following alphabet to complete the pattern.

a b c d e l g h i j k f m n o p q r s t u v w x y z

Note that the alphabet may be in an unfamiliar order. Complete the pattern using this order. Answer with only the final answer and nothing else. Put your final answer between double brackets.

[b c d d e l] [b c d e l]
[q o o m k i] [


--- TARGET LETTERS ---

['q', 'o', 'm', 'k', 'i']
Full Qwen output: [ q o o m k i ] [ q o o m k i ]
trial 2 of 10...
trial 3 of 10...
trial 4 of 10...
trial 5 of 10...
trial 6 of 10...
trial 7 of 10...
trial 8 of 10...
trial 9 of 10...
trial 10 of 10...
Problem type: 2gen_split6 - 12/20
trial 1 of 10...

=== PROMPT ===

System message: You are able to solve letter-string analogies

User message: Use the following alphabet to complete the pattern.

a b c d e l g h i j k f m n o p q r s t u v w x y z

Note that the alphabet may be in an unfamiliar order. Complete the pattern using this order. Answer with only the final answer and nothing else. Put your final answer between double brackets.

[q r s t] [q r s u]
[4 6 8 10] [


--- TARGET LETTERS ---

[np.int64(4), np.int64(6), np.int64(8), np.int64(12)]
Full Qwen output: [4 6 8 10] [4 6 8 10]
trial 2 of 10...
trial 3 of 10...
trial 4 of 10...
trial 5 of 10...
trial 6 of 10...
trial 7 of 10...
trial 8 of 10...
trial 9 of 10...
trial 10 of 10...
Problem type: 2gensplit7 - 13/20
trial 1 of 10...

=== PROMPT ===

System message: You are able to solve letter-string analogies

User message: Use the following alphabet to complete the pattern.

a b c d e l g h i j k f m n o p q r s t u v w x y z

Note that the alphabet may be in an unfamiliar order. Complete the pattern using this order. Answer with only the final answer and nothing else. Put your final answer between double brackets.

[i j d f m] [i j k f m]
[h h g g p p e e d d] [


--- TARGET LETTERS ---

['h', 'h', 'g', 'g', 'l', 'l', 'e', 'e', 'd', 'd']
Full Qwen output: [ h h g g p p e e d d ] [ h h g g p p e e d d ]
trial 2 of 10...
trial 3 of 10...
trial 4 of 10...
trial 5 of 10...
trial 6 of 10...
trial 7 of 10...
trial 8 of 10...
trial 9 of 10...
trial 10 of 10...
Problem type: 3gen_split1 - 14/20
trial 1 of 10...

=== PROMPT ===

System message: You are able to solve letter-string analogies

User message: Use the following alphabet to complete the pattern.

a b c d e l g h i j k f m n o p q r s t u v w x y z

Note that the alphabet may be in an unfamiliar order. Complete the pattern using this order. Answer with only the final answer and nothing else. Put your final answer between double brackets.

[i j k f] [i j k m]
[s x r x q x p x o x n x m x f x] [


--- TARGET LETTERS ---

['s', 'x', 'r', 'x', 'q', 'x', 'p', 'x', 'o', 'x', 'n', 'x', 'm', 'x', 'k', 'x']
Full Qwen output: [ s x r x q x p x o x n x m x f x ] [ s x r x q x p x o x n x m x f x ]
trial 2 of 10...
trial 3 of 10...
trial 4 of 10...
trial 5 of 10...
trial 6 of 10...
trial 7 of 10...
trial 8 of 10...
trial 9 of 10...
trial 10 of 10...
Problem type: 3gen_split2 - 15/20
trial 1 of 10...

=== PROMPT ===

System message: You are able to solve letter-string analogies

User message: Use the following alphabet to complete the pattern.

a b c d e l g h i j k f m n o p q r s t u v w x y z

Note that the alphabet may be in an unfamiliar order. Complete the pattern using this order. Answer with only the final answer and nothing else. Put your final answer between double brackets.

[e l g h] [d l g h]
[n n x x p p x x r r x x t t x x] [


--- TARGET LETTERS ---

['f', 'f', 'x', 'x', 'p', 'p', 'x', 'x', 'r', 'r', 'x', 'x', 't', 't', 'x', 'x']
Full Qwen output: [ e l g h ] [ d l g h ]  
[ n n x x p p x x r r x x t t x x ] [ **n n x x p p x x r r x x t t x x** ]  

The pattern repeats the same sequence of letters in the second part. The final answer is:  
[[n n x x p p x x r r x x t t x x]]
Filtered Qwen output: n n x x p p x x r r x x t t x x
trial 2 of 10...
trial 3 of 10...
trial 4 of 10...
trial 5 of 10...
trial 6 of 10...
trial 7 of 10...
trial 8 of 10...
trial 9 of 10...
trial 10 of 10...
Problem type: 3gen_split3 - 16/20
trial 1 of 10...

=== PROMPT ===

System message: You are able to solve letter-string analogies

User message: Use the following alphabet to complete the pattern.

a b c d e l g h i j k f m n o p q r s t u v w x y z

Note that the alphabet may be in an unfamiliar order. Complete the pattern using this order. Answer with only the final answer and nothing else. Put your final answer between double brackets.

[i j k f] [i j k f m]
[f f x x n n x x p p x x r r x x] [


--- TARGET LETTERS ---

['f', 'f', 'x', 'x', 'n', 'n', 'x', 'x', 'p', 'p', 'x', 'x', 'r', 'r', 'x', 'x', 't', 't', 'x', 'x']
Full Qwen output: [ f f x x n n x x p p x x r r x x ] [ f f x x n n x x p p x x r r x x s s x x ]
trial 2 of 10...
trial 3 of 10...
trial 4 of 10...
trial 5 of 10...
trial 6 of 10...
trial 7 of 10...
trial 8 of 10...
trial 9 of 10...
trial 10 of 10...
Problem type: 3gen_split4 - 17/20
trial 1 of 10...

=== PROMPT ===

System message: You are able to solve letter-string analogies

User message: Use the following alphabet to complete the pattern.

a b c d e l g h i j k f m n o p q r s t u v w x y z

Note that the alphabet may be in an unfamiliar order. Complete the pattern using this order. Answer with only the final answer and nothing else. Put your final answer between double brackets.

[f f m n o p] [f m n o p]
[10 10 0 0 11 11 0 0 12 12 0 0 12 12 0 0 13 13 0 0 14 14 0 0] [


--- TARGET LETTERS ---

[np.int64(10), np.int64(10), '0', '0', np.int64(11), np.int64(11), '0', '0', np.int64(12), np.int64(12), '0', '0', np.int64(13), np.int64(13), '0', '0', np.int64(14), np.int64(14), '0', '0']
Full Qwen output: [[f m n o p]]
Filtered Qwen output: f m n o p
trial 2 of 10...
trial 3 of 10...
trial 4 of 10...
trial 5 of 10...
trial 6 of 10...
trial 7 of 10...
trial 8 of 10...
trial 9 of 10...
trial 10 of 10...
Problem type: 3gen_split5 - 18/20
trial 1 of 10...

=== PROMPT ===

System message: You are able to solve letter-string analogies

User message: Use the following alphabet to complete the pattern.

a b c d e l g h i j k f m n o p q r s t u v w x y z

Note that the alphabet may be in an unfamiliar order. Complete the pattern using this order. Answer with only the final answer and nothing else. Put your final answer between double brackets.

[p q r s] [p q r t]
[6 0 7 0 8 0 9 0 10 0 11 0 12 0 13 0] [


--- TARGET LETTERS ---

[np.int64(6), '0', np.int64(7), '0', np.int64(8), '0', np.int64(9), '0', np.int64(10), '0', np.int64(11), '0', np.int64(12), '0', np.int64(14), '0']
Full Qwen output: [6 0 7 0 8 0 9 0 10 0 11 0 12 0 13 0] [6 0 7 0 8 0 9 0 10 0 11 0 12 0 13 0]
trial 2 of 10...
trial 3 of 10...
trial 4 of 10...
trial 5 of 10...
trial 6 of 10...
trial 7 of 10...
trial 8 of 10...
trial 9 of 10...
trial 10 of 10...
Problem type: 3gen_split6 - 19/20
trial 1 of 10...

=== PROMPT ===

System message: You are able to solve letter-string analogies

User message: Use the following alphabet to complete the pattern.

a b c d e l g h i j k f m n o p q r s t u v w x y z

Note that the alphabet may be in an unfamiliar order. Complete the pattern using this order. Answer with only the final answer and nothing else. Put your final answer between double brackets.

[r s t u u v] [r s t u v]
[f f k k j j i i h h h h g g l l e e d d] [


--- TARGET LETTERS ---

['f', 'f', 'k', 'k', 'j', 'j', 'i', 'i', 'h', 'h', 'g', 'g', 'l', 'l', 'e', 'e', 'd', 'd']
Full Qwen output: [rr tt ss uu vv] [rr sss ttt uuu vvv]
trial 2 of 10...
trial 3 of 10...
trial 4 of 10...
trial 5 of 10...
trial 6 of 10...
trial 7 of 10...
trial 8 of 10...
trial 9 of 10...
trial 10 of 10...
Problem type: 3gensplit7 - 20/20
trial 1 of 10...

=== PROMPT ===

System message: You are able to solve letter-string analogies

User message: Use the following alphabet to complete the pattern.

a b c d e l g h i j k f m n o p q r s t u v w x y z

Note that the alphabet may be in an unfamiliar order. Complete the pattern using this order. Answer with only the final answer and nothing else. Put your final answer between double brackets.

[b g d e l] [b c d e l]
[a x c x e x g x i x s x m x o x q x] [


--- TARGET LETTERS ---

['a', 'x', 'c', 'x', 'e', 'x', 'g', 'x', 'i', 'x', 'k', 'x', 'm', 'x', 'o', 'x', 'q', 'x']
Full Qwen output: [b g d e l] [b c d e l]  
[a x c x e x g x i x s x m x o x q x] [a x c x e x g x i x s x m x o x q x]  

The pattern is that the second group is the first group with the letters in between the first and last letters of the first group replaced by "x". The final answer is:  
[[a x c x e x g x i x s x m x o x q x]]
Filtered Qwen output: a x c x e x g x i x s x m x o x q x
trial 2 of 10...
trial 3 of 10...
trial 4 of 10...
trial 5 of 10...
trial 6 of 10...
trial 7 of 10...
trial 8 of 10...
trial 9 of 10...
trial 10 of 10...
alph_6
a b c d m f g h i j k l e n o p q r s t u v w x y z
Problem type: larger_int - 1/20
trial 1 of 10...

=== PROMPT ===

System message: You are able to solve letter-string analogies

User message: Use the following alphabet to complete the pattern.

a b c d m f g h i j k l e n o p q r s t u v w x y z

Note that the alphabet may be in an unfamiliar order. Complete the pattern using this order. Answer with only the final answer and nothing else. Put your final answer between double brackets.

[c d t f g] [c d m f g]
[d f h j e] [


--- TARGET LETTERS ---

['d', 'f', 'h', 'j', 'l']
Full Qwen output: [ d f m j e ]
trial 2 of 10...
trial 3 of 10...
trial 4 of 10...
trial 5 of 10...
trial 6 of 10...
trial 7 of 10...
trial 8 of 10...
trial 9 of 10...
trial 10 of 10...
Problem type: longer_targ - 2/20
trial 1 of 10...

=== PROMPT ===

System message: You are able to solve letter-string analogies

User message: Use the following alphabet to complete the pattern.

a b c d m f g h i j k l e n o p q r s t u v w x y z

Note that the alphabet may be in an unfamiliar order. Complete the pattern using this order. Answer with only the final answer and nothing else. Put your final answer between double brackets.

[b c d m] [b c d f]
[m f g h i j k l] [


--- TARGET LETTERS ---

['m', 'f', 'g', 'h', 'i', 'j', 'k', 'e']
Full Qwen output: [b c d m] [b c d f]  
[m f g h i j k l] [m f g h i j k l]  

The pattern repeats the first part of the sequence. The final answer is:  
[[m f g h i j k l]]
Filtered Qwen output: m f g h i j k l
trial 2 of 10...
trial 3 of 10...
trial 4 of 10...
trial 5 of 10...
trial 6 of 10...
trial 7 of 10...
trial 8 of 10...
trial 9 of 10...
trial 10 of 10...
Problem type: group - 3/20
trial 1 of 10...

=== PROMPT ===

System message: You are able to solve letter-string analogies

User message: Use the following alphabet to complete the pattern.

a b c d m f g h i j k l e n o p q r s t u v w x y z

Note that the alphabet may be in an unfamiliar order. Complete the pattern using this order. Answer with only the final answer and nothing else. Put your final answer between double brackets.

[o n p q r] [n o p q r]
[j j l l k k e e n n] [


--- TARGET LETTERS ---

['j', 'j', 'k', 'k', 'l', 'l', 'e', 'e', 'n', 'n']
Full Qwen output: [oo pp rr]
trial 2 of 10...
trial 3 of 10...
trial 4 of 10...
trial 5 of 10...
trial 6 of 10...
trial 7 of 10...
trial 8 of 10...
trial 9 of 10...
trial 10 of 10...
Problem type: interleaved - 4/20
trial 1 of 10...

=== PROMPT ===

System message: You are able to solve letter-string analogies

User message: Use the following alphabet to complete the pattern.

a b c d m f g h i j k l e n o p q r s t u v w x y z

Note that the alphabet may be in an unfamiliar order. Complete the pattern using this order. Answer with only the final answer and nothing else. Put your final answer between double brackets.

[d m f f g h] [d m f g h]
[i x i x j x k x l x e x] [


--- TARGET LETTERS ---

['i', 'x', 'j', 'x', 'k', 'x', 'l', 'x', 'e', 'x']
Full Qwen output: [ i x i x j x k x l x e x ] [ i x i x j x k x l x e x ]
trial 2 of 10...
trial 3 of 10...
trial 4 of 10...
trial 5 of 10...
trial 6 of 10...
trial 7 of 10...
trial 8 of 10...
trial 9 of 10...
trial 10 of 10...
Problem type: letter2num - 5/20
trial 1 of 10...

=== PROMPT ===

System message: You are able to solve letter-string analogies

User message: Use the following alphabet to complete the pattern.

a b c d m f g h i j k l e n o p q r s t u v w x y z

Note that the alphabet may be in an unfamiliar order. Complete the pattern using this order. Answer with only the final answer and nothing else. Put your final answer between double brackets.

[p q r s] [p q r t]
[10 11 12 13] [


--- TARGET LETTERS ---

[np.int64(10), np.int64(11), np.int64(12), np.int64(14)]
Full Qwen output: [10 11 12 14]
trial 2 of 10...
trial 3 of 10...
trial 4 of 10...
trial 5 of 10...
trial 6 of 10...
trial 7 of 10...
trial 8 of 10...
trial 9 of 10...
trial 10 of 10...
Problem type: reverse - 6/20
trial 1 of 10...

=== PROMPT ===

System message: You are able to solve letter-string analogies

User message: Use the following alphabet to complete the pattern.

a b c d m f g h i j k l e n o p q r s t u v w x y z

Note that the alphabet may be in an unfamiliar order. Complete the pattern using this order. Answer with only the final answer and nothing else. Put your final answer between double brackets.

[j k l e] [j k l n]
[q p o n] [


--- TARGET LETTERS ---

['q', 'p', 'o', 'e']
Full Qwen output: [[q p o m]]
Filtered Qwen output: q p o m
trial 2 of 10...
trial 3 of 10...
trial 4 of 10...
trial 5 of 10...
trial 6 of 10...
trial 7 of 10...
trial 8 of 10...
trial 9 of 10...
trial 10 of 10...
Problem type: 2gen_split1 - 7/20
trial 1 of 10...

=== PROMPT ===

System message: You are able to solve letter-string analogies

User message: Use the following alphabet to complete the pattern.

a b c d m f g h i j k l e n o p q r s t u v w x y z

Note that the alphabet may be in an unfamiliar order. Complete the pattern using this order. Answer with only the final answer and nothing else. Put your final answer between double brackets.

[b c d m] [a c d m]
[g x i x k x e x] [


--- TARGET LETTERS ---

['m', 'x', 'i', 'x', 'k', 'x', 'e', 'x']
Full Qwen output: [ g x i x k x e x ] [ g x i x k x e x ]
trial 2 of 10...
trial 3 of 10...
trial 4 of 10...
trial 5 of 10...
trial 6 of 10...
trial 7 of 10...
trial 8 of 10...
trial 9 of 10...
trial 10 of 10...
Problem type: 2gen_split2 - 8/20
trial 1 of 10...

=== PROMPT ===

System message: You are able to solve letter-string analogies

User message: Use the following alphabet to complete the pattern.

a b c d m f g h i j k l e n o p q r s t u v w x y z

Note that the alphabet may be in an unfamiliar order. Complete the pattern using this order. Answer with only the final answer and nothing else. Put your final answer between double brackets.

[e n o p] [e n o q]
[1 1 2 2 3 3 4 4] [


--- TARGET LETTERS ---

[np.int64(1), np.int64(1), np.int64(2), np.int64(2), np.int64(3), np.int64(3), np.int64(5), np.int64(5)]
Full Qwen output: [1 1 2 2 3 3 4 4] [1 1 2 2 3 3 4 4]
trial 2 of 10...
trial 3 of 10...
trial 4 of 10...
trial 5 of 10...
trial 6 of 10...
trial 7 of 10...
trial 8 of 10...
trial 9 of 10...
trial 10 of 10...
Problem type: 2gen_split3 - 9/20
trial 1 of 10...

=== PROMPT ===

System message: You are able to solve letter-string analogies

User message: Use the following alphabet to complete the pattern.

a b c d m f g h i j k l e n o p q r s t u v w x y z

Note that the alphabet may be in an unfamiliar order. Complete the pattern using this order. Answer with only the final answer and nothing else. Put your final answer between double brackets.

[e n o p v] [e n o p q]
[k v o q s u w y] [


--- TARGET LETTERS ---

['k', 'e', 'o', 'q', 's', 'u', 'w', 'y']
Full Qwen output: [ k v o q s u w y ] [ k v o q s u w z ]
trial 2 of 10...
trial 3 of 10...
trial 4 of 10...
trial 5 of 10...
trial 6 of 10...
trial 7 of 10...
trial 8 of 10...
trial 9 of 10...
trial 10 of 10...
Problem type: 2gen_split4 - 10/20
trial 1 of 10...

=== PROMPT ===

System message: You are able to solve letter-string analogies

User message: Use the following alphabet to complete the pattern.

a b c d m f g h i j k l e n o p q r s t u v w x y z

Note that the alphabet may be in an unfamiliar order. Complete the pattern using this order. Answer with only the final answer and nothing else. Put your final answer between double brackets.

[k l e n] [k l e n o]
[a a b b c c d d m m f f g g h h] [


--- TARGET LETTERS ---

['a', 'a', 'b', 'b', 'c', 'c', 'd', 'd', 'm', 'm', 'f', 'f', 'g', 'g', 'h', 'h', 'i', 'i']
Full Qwen output: [[a a b b c c d d m m f f g g h h k k l l e e n n]]]
Filtered Qwen output: a a b b c c d d m m f f g g h h k k l l e e n n
trial 2 of 10...
trial 3 of 10...
trial 4 of 10...
trial 5 of 10...
trial 6 of 10...
trial 7 of 10...
trial 8 of 10...
trial 9 of 10...
trial 10 of 10...
Problem type: 2gen_split5 - 11/20
trial 1 of 10...

=== PROMPT ===

System message: You are able to solve letter-string analogies

User message: Use the following alphabet to complete the pattern.

a b c d m f g h i j k l e n o p q r s t u v w x y z

Note that the alphabet may be in an unfamiliar order. Complete the pattern using this order. Answer with only the final answer and nothing else. Put your final answer between double brackets.

[w x y z] [v x y z]
[i x k x e x o x] [


--- TARGET LETTERS ---

['g', 'x', 'k', 'x', 'e', 'x', 'o', 'x']
Full Qwen output: [ i x k x e x o x ] [ i x k x e x o x ]
trial 2 of 10...
trial 3 of 10...
trial 4 of 10...
trial 5 of 10...
trial 6 of 10...
trial 7 of 10...
trial 8 of 10...
trial 9 of 10...
trial 10 of 10...
Problem type: 2gen_split6 - 12/20
trial 1 of 10...

=== PROMPT ===

System message: You are able to solve letter-string analogies

User message: Use the following alphabet to complete the pattern.

a b c d m f g h i j k l e n o p q r s t u v w x y z

Note that the alphabet may be in an unfamiliar order. Complete the pattern using this order. Answer with only the final answer and nothing else. Put your final answer between double brackets.

[c d m f] [c d m g]
[i x h x g x f x] [


--- TARGET LETTERS ---

['i', 'x', 'h', 'x', 'g', 'x', 'm', 'x']
Full Qwen output: [ i x h x g x f x ] [ i x h x g x f x ]
trial 2 of 10...
trial 3 of 10...
trial 4 of 10...
trial 5 of 10...
trial 6 of 10...
trial 7 of 10...
trial 8 of 10...
trial 9 of 10...
trial 10 of 10...
Problem type: 2gensplit7 - 13/20
trial 1 of 10...

=== PROMPT ===

System message: You are able to solve letter-string analogies

User message: Use the following alphabet to complete the pattern.

a b c d m f g h i j k l e n o p q r s t u v w x y z

Note that the alphabet may be in an unfamiliar order. Complete the pattern using this order. Answer with only the final answer and nothing else. Put your final answer between double brackets.

[u v w x g] [u v w x y]
[z x g x i x k x e x] [


--- TARGET LETTERS ---

['m', 'x', 'g', 'x', 'i', 'x', 'k', 'x', 'e', 'x']
Full Qwen output: [ u v w x g ] [ u v w x y ]  
[ z x g x i x k x e x ] [ z x g x i x k x e x ]  

[[z x g x i x k x e x]]
Filtered Qwen output: z x g x i x k x e x
trial 2 of 10...
trial 3 of 10...
trial 4 of 10...
trial 5 of 10...
trial 6 of 10...
trial 7 of 10...
trial 8 of 10...
trial 9 of 10...
trial 10 of 10...
Problem type: 3gen_split1 - 14/20
trial 1 of 10...

=== PROMPT ===

System message: You are able to solve letter-string analogies

User message: Use the following alphabet to complete the pattern.

a b c d m f g h i j k l e n o p q r s t u v w x y z

Note that the alphabet may be in an unfamiliar order. Complete the pattern using this order. Answer with only the final answer and nothing else. Put your final answer between double brackets.

[l e n o] [l e n o p]
[x x v v t t r r] [


--- TARGET LETTERS ---

['x', 'x', 'v', 'v', 't', 't', 'r', 'r', 'p', 'p']
Full Qwen output: [ x x v v t t r r ] [ x x v v t t r r s ]
trial 2 of 10...
trial 3 of 10...
trial 4 of 10...
trial 5 of 10...
trial 6 of 10...
trial 7 of 10...
trial 8 of 10...
trial 9 of 10...
trial 10 of 10...
Problem type: 3gen_split2 - 15/20
trial 1 of 10...

=== PROMPT ===

System message: You are able to solve letter-string analogies

User message: Use the following alphabet to complete the pattern.

a b c d m f g h i j k l e n o p q r s t u v w x y z

Note that the alphabet may be in an unfamiliar order. Complete the pattern using this order. Answer with only the final answer and nothing else. Put your final answer between double brackets.

[r s t u] [r s t v]
[e x k x i x g x] [


--- TARGET LETTERS ---

['e', 'x', 'k', 'x', 'i', 'x', 'm', 'x']
Full Qwen output: [ e x k x i x g x ] [ e x k x i x g x ]
trial 2 of 10...
trial 3 of 10...
trial 4 of 10...
trial 5 of 10...
trial 6 of 10...
trial 7 of 10...
trial 8 of 10...
trial 9 of 10...
trial 10 of 10...
Problem type: 3gen_split3 - 16/20
trial 1 of 10...

=== PROMPT ===

System message: You are able to solve letter-string analogies

User message: Use the following alphabet to complete the pattern.

a b c d m f g h i j k l e n o p q r s t u v w x y z

Note that the alphabet may be in an unfamiliar order. Complete the pattern using this order. Answer with only the final answer and nothing else. Put your final answer between double brackets.

[b c d m] [b c d f]
[17 0 19 0 21 0 23 0] [


--- TARGET LETTERS ---

[np.int64(17), '0', np.int64(19), '0', np.int64(21), '0', np.int64(25), '0']
Full Qwen output: [17 0 19 0 21 0 23 0] [17 0 19 0 21 0 23 0]
trial 2 of 10...
trial 3 of 10...
trial 4 of 10...
trial 5 of 10...
trial 6 of 10...
trial 7 of 10...
trial 8 of 10...
trial 9 of 10...
trial 10 of 10...
Problem type: 3gen_split4 - 17/20
trial 1 of 10...

=== PROMPT ===

System message: You are able to solve letter-string analogies

User message: Use the following alphabet to complete the pattern.

a b c d m f g h i j k l e n o p q r s t u v w x y z

Note that the alphabet may be in an unfamiliar order. Complete the pattern using this order. Answer with only the final answer and nothing else. Put your final answer between double brackets.

[f g h i] [f g h j]
[k k i i g g m m] [


--- TARGET LETTERS ---

['k', 'k', 'i', 'i', 'g', 'g', 'c', 'c']
Full Qwen output: [ k k i i g g m m ] [ k k i i g g m m ]
trial 2 of 10...
trial 3 of 10...
trial 4 of 10...
trial 5 of 10...
trial 6 of 10...
trial 7 of 10...
trial 8 of 10...
trial 9 of 10...
trial 10 of 10...
Problem type: 3gen_split5 - 18/20
trial 1 of 10...

=== PROMPT ===

System message: You are able to solve letter-string analogies

User message: Use the following alphabet to complete the pattern.

a b c d m f g h i j k l e n o p q r s t u v w x y z

Note that the alphabet may be in an unfamiliar order. Complete the pattern using this order. Answer with only the final answer and nothing else. Put your final answer between double brackets.

[q r s t] [p r s t]
[i i x x k k x x e e x x o o x x] [


--- TARGET LETTERS ---

['g', 'g', 'x', 'x', 'k', 'k', 'x', 'x', 'e', 'e', 'x', 'x', 'o', 'o', 'x', 'x']
Full Qwen output: [ q r s t ] [ p r s t ]  
[ i i x x k k x x e e x x o o x x ] [ **q q x x r r x x s s x x t t x x** ]  

[[q q x x r r x x s s x x t t x x]]
Filtered Qwen output: q q x x r r x x s s x x t t x x
trial 2 of 10...
trial 3 of 10...
trial 4 of 10...
trial 5 of 10...
trial 6 of 10...
trial 7 of 10...
trial 8 of 10...
trial 9 of 10...
trial 10 of 10...
Problem type: 3gen_split6 - 19/20
trial 1 of 10...

=== PROMPT ===

System message: You are able to solve letter-string analogies

User message: Use the following alphabet to complete the pattern.

a b c d m f g h i j k l e n o p q r s t u v w x y z

Note that the alphabet may be in an unfamiliar order. Complete the pattern using this order. Answer with only the final answer and nothing else. Put your final answer between double brackets.

[d j f g h] [d m f g h]
[b x k x i x g x m x] [


--- TARGET LETTERS ---

['e', 'x', 'k', 'x', 'i', 'x', 'g', 'x', 'm', 'x']
Full Qwen output: [ b x k x i x g x m x ] [ b x k x i x g x m x ]
trial 2 of 10...
trial 3 of 10...
trial 4 of 10...
trial 5 of 10...
trial 6 of 10...
trial 7 of 10...
trial 8 of 10...
trial 9 of 10...
trial 10 of 10...
Problem type: 3gensplit7 - 20/20
trial 1 of 10...

=== PROMPT ===

System message: You are able to solve letter-string analogies

User message: Use the following alphabet to complete the pattern.

a b c d m f g h i j k l e n o p q r s t u v w x y z

Note that the alphabet may be in an unfamiliar order. Complete the pattern using this order. Answer with only the final answer and nothing else. Put your final answer between double brackets.

[d m f f g h] [d m f g h]
[1 0 2 0 3 0 4 0 5 0 6 0 7 0 8 0 9 0 9 0] [


--- TARGET LETTERS ---

[np.int64(1), '0', np.int64(2), '0', np.int64(3), '0', np.int64(4), '0', np.int64(5), '0', np.int64(6), '0', np.int64(7), '0', np.int64(8), '0', np.int64(9), '0']
Full Qwen output: [1 0 2 0 3 0 4 0 5 0 6 0 7 0 8 0 9 0 9 0] [1 0 2 0 3 0 4 0 5 0 6 0 7 0 8 0 9 0 9 0]
trial 2 of 10...
trial 3 of 10...
trial 4 of 10...
trial 5 of 10...
trial 6 of 10...
trial 7 of 10...
trial 8 of 10...
trial 9 of 10...
trial 10 of 10...
Saved ./Qwen_Qwen3-8B_prob_predictions_multi_alph/gen/Qwen_Qwen3-8B_letterstring_results_2_multi_alph_gptprobs_minimal.npz
Total time: 1885.5672760009766 seconds.
Loading model Qwen/Qwen3-8B...
GPU memory available: 39.49 GB
`torch_dtype` is deprecated! Use `dtype` instead!
Flash Attention 2 not available (FlashAttention2 has been toggled on, but it cannot be used due to the following error: the package flash_attn seems to be not installed. Please refer to the documentation of https://huggingface.co/docs/transformers/perf_infer_gpu_one#flashattention-2 to install Flash Attention 2.), using default attention
Loading checkpoint shards:   0%|          | 0/5 [00:00<?, ?it/s]Loading checkpoint shards:  20%|██        | 1/5 [00:01<00:07,  1.78s/it]Loading checkpoint shards:  40%|████      | 2/5 [00:03<00:05,  1.76s/it]Loading checkpoint shards:  60%|██████    | 3/5 [00:05<00:03,  1.74s/it]Loading checkpoint shards:  80%|████████  | 4/5 [00:06<00:01,  1.60s/it]Loading checkpoint shards: 100%|██████████| 5/5 [00:07<00:00,  1.23s/it]Loading checkpoint shards: 100%|██████████| 5/5 [00:07<00:00,  1.44s/it]
Model loaded with default attention
Model device: cuda:0
GPU memory allocated: 15.26 GB, reserved: 15.26 GB
Model loaded. Loading tokenizer...
Model Qwen/Qwen3-8B and tokenizer loaded.
alph_0
a n c d e f g h i j k l m b q p u r s t o v w x y z
Problem type: larger_int - 1/20
trial 1 of 10...

=== PROMPT ===

System message: You are able to solve letter-string analogies

User message: Use the following alphabet to complete the pattern.

a n c d e f g h i j k l m b q p u r s t o v w x y z

Note that the alphabet may be in an unfamiliar order. Complete the pattern using this order. Answer with only the final answer and nothing else. Put your final answer between double brackets.

[g h i j] [f h i j]
[d f h j] [


--- TARGET LETTERS ---

['n', 'f', 'h', 'j']
The following generation flags are not valid and may be ignored: ['temperature', 'top_k']. Set `TRANSFORMERS_VERBOSITY=info` for more details.
Full Qwen output: [[d f h j]]
Filtered Qwen output: d f h j
trial 2 of 10...
trial 3 of 10...
trial 4 of 10...
trial 5 of 10...
trial 6 of 10...
trial 7 of 10...
trial 8 of 10...
trial 9 of 10...
trial 10 of 10...
Problem type: longer_targ - 2/20
trial 1 of 10...

=== PROMPT ===

System message: You are able to solve letter-string analogies

User message: Use the following alphabet to complete the pattern.

a n c d e f g h i j k l m b q p u r s t o v w x y z

Note that the alphabet may be in an unfamiliar order. Complete the pattern using this order. Answer with only the final answer and nothing else. Put your final answer between double brackets.

[m b q p u u] [m b q p u]
[r s t o v v w x y z] [


--- TARGET LETTERS ---

['r', 's', 't', 'o', 'v', 'w', 'x', 'y', 'z']
Full Qwen output: [ m b q p u u ] [ m b q p u ]  
[ r s t o v v w x y z ] [ r s t o v ]  

The pattern is repeating the first part of the sequence. The final answer is:  
[[r s t o v]]
Filtered Qwen output: r s t o v
trial 2 of 10...
trial 3 of 10...
trial 4 of 10...
trial 5 of 10...
trial 6 of 10...
trial 7 of 10...
trial 8 of 10...
trial 9 of 10...
trial 10 of 10...
Problem type: group - 3/20
trial 1 of 10...

=== PROMPT ===

System message: You are able to solve letter-string analogies

User message: Use the following alphabet to complete the pattern.

a n c d e f g h i j k l m b q p u r s t o v w x y z

Note that the alphabet may be in an unfamiliar order. Complete the pattern using this order. Answer with only the final answer and nothing else. Put your final answer between double brackets.

[w x y z] [v x y z]
[o o v v w w x x] [


--- TARGET LETTERS ---

['t', 't', 'v', 'v', 'w', 'w', 'x', 'x']
Full Qwen output: [oovvwwxx] [oovvwwxx]
trial 2 of 10...
trial 3 of 10...
trial 4 of 10...
trial 5 of 10...
trial 6 of 10...
trial 7 of 10...
trial 8 of 10...
trial 9 of 10...
trial 10 of 10...
Problem type: interleaved - 4/20
trial 1 of 10...

=== PROMPT ===

System message: You are able to solve letter-string analogies

User message: Use the following alphabet to complete the pattern.

a n c d e f g h i j k l m b q p u r s t o v w x y z

Note that the alphabet may be in an unfamiliar order. Complete the pattern using this order. Answer with only the final answer and nothing else. Put your final answer between double brackets.

[o v l x y] [o v w x y]
[p x u x w x s x t x] [


--- TARGET LETTERS ---

['p', 'x', 'u', 'x', 'r', 'x', 's', 'x', 't', 'x']
Full Qwen output: [ o v l x y ] [ o v w x y ]  
[ p x u x w x s x t x ] [ p x u x w x s x t x ]  

[[p x u x w x s x t x]]
Filtered Qwen output: p x u x w x s x t x
trial 2 of 10...
trial 3 of 10...
trial 4 of 10...
trial 5 of 10...
trial 6 of 10...
trial 7 of 10...
trial 8 of 10...
trial 9 of 10...
trial 10 of 10...
Problem type: letter2num - 5/20
trial 1 of 10...

=== PROMPT ===

System message: You are able to solve letter-string analogies

User message: Use the following alphabet to complete the pattern.

a n c d e f g h i j k l m b q p u r s t o v w x y z

Note that the alphabet may be in an unfamiliar order. Complete the pattern using this order. Answer with only the final answer and nothing else. Put your final answer between double brackets.

[a n c d] [a n c e]
[19 20 21 22] [


--- TARGET LETTERS ---

[np.int64(19), np.int64(20), np.int64(21), np.int64(23)]
Full Qwen output: [19 20 21 23]
trial 2 of 10...
trial 3 of 10...
trial 4 of 10...
trial 5 of 10...
trial 6 of 10...
trial 7 of 10...
trial 8 of 10...
trial 9 of 10...
trial 10 of 10...
Problem type: reverse - 6/20
trial 1 of 10...

=== PROMPT ===

System message: You are able to solve letter-string analogies

User message: Use the following alphabet to complete the pattern.

a n c d e f g h i j k l m b q p u r s t o v w x y z

Note that the alphabet may be in an unfamiliar order. Complete the pattern using this order. Answer with only the final answer and nothing else. Put your final answer between double brackets.

[o v w x y y] [o v w x y]
[e d c n n a] [


--- TARGET LETTERS ---

['e', 'd', 'c', 'n', 'a']
Full Qwen output: [ o v w x y y ] [ o v w x y ]  
[ e d c n n a ] [ o v w x y ]  

The pattern appears to be repeating the sequence [o v w x y] twice, followed by [e d c n n a], and then repeating [o v w x y] again. The missing part is the continuation of the pattern, which would be:

[ o v w x y ]  

Final answer:  
[[o v w x y]]
Filtered Qwen output: o v w x y
trial 2 of 10...
trial 3 of 10...
trial 4 of 10...
trial 5 of 10...
trial 6 of 10...
trial 7 of 10...
trial 8 of 10...
trial 9 of 10...
trial 10 of 10...
Problem type: 2gen_split1 - 7/20
trial 1 of 10...

=== PROMPT ===

System message: You are able to solve letter-string analogies

User message: Use the following alphabet to complete the pattern.

a n c d e f g h i j k l m b q p u r s t o v w x y z

Note that the alphabet may be in an unfamiliar order. Complete the pattern using this order. Answer with only the final answer and nothing else. Put your final answer between double brackets.

[l m b p q] [l m b q p]
[f f d d h h j j l l] [


--- TARGET LETTERS ---

['d', 'd', 'f', 'f', 'h', 'h', 'j', 'j', 'l', 'l']
Full Qwen output: [ f f d d h h j j l l ] [ f f d d h h j j m m ]
trial 2 of 10...
trial 3 of 10...
trial 4 of 10...
trial 5 of 10...
trial 6 of 10...
trial 7 of 10...
trial 8 of 10...
trial 9 of 10...
trial 10 of 10...
Problem type: 2gen_split2 - 8/20
trial 1 of 10...

=== PROMPT ===

System message: You are able to solve letter-string analogies

User message: Use the following alphabet to complete the pattern.

a n c d e f g h i j k l m b q p u r s t o v w x y z

Note that the alphabet may be in an unfamiliar order. Complete the pattern using this order. Answer with only the final answer and nothing else. Put your final answer between double brackets.

[k l f b q] [k l m b q]
[q x u x s x o x h x] [


--- TARGET LETTERS ---

['q', 'x', 'u', 'x', 's', 'x', 'o', 'x', 'w', 'x']
Full Qwen output: [ q x u x s x o x h x ] [ q x u x s x o x h x ]
trial 2 of 10...
trial 3 of 10...
trial 4 of 10...
trial 5 of 10...
trial 6 of 10...
trial 7 of 10...
trial 8 of 10...
trial 9 of 10...
trial 10 of 10...
Problem type: 2gen_split3 - 9/20
trial 1 of 10...

=== PROMPT ===

System message: You are able to solve letter-string analogies

User message: Use the following alphabet to complete the pattern.

a n c d e f g h i j k l m b q p u r s t o v w x y z

Note that the alphabet may be in an unfamiliar order. Complete the pattern using this order. Answer with only the final answer and nothing else. Put your final answer between double brackets.

[q p u r] [q p u r s]
[j x k x l x m x b x q x p x u x] [


--- TARGET LETTERS ---

['j', 'x', 'k', 'x', 'l', 'x', 'm', 'x', 'b', 'x', 'q', 'x', 'p', 'x', 'u', 'x', 'r', 'x']
Full Qwen output: [ j x k x l x m x b x q x p x u x ] [ j x k x l x m x b x q x p x u x s ]
trial 2 of 10...
trial 3 of 10...
trial 4 of 10...
trial 5 of 10...
trial 6 of 10...
trial 7 of 10...
trial 8 of 10...
trial 9 of 10...
trial 10 of 10...
Problem type: 2gen_split4 - 10/20
trial 1 of 10...

=== PROMPT ===

System message: You are able to solve letter-string analogies

User message: Use the following alphabet to complete the pattern.

a n c d e f g h i j k l m b q p u r s t o v w x y z

Note that the alphabet may be in an unfamiliar order. Complete the pattern using this order. Answer with only the final answer and nothing else. Put your final answer between double brackets.

[q p u r] [q p u s]
[b b x x q q x x p p x x u u x x] [


--- TARGET LETTERS ---

['b', 'b', 'x', 'x', 'q', 'q', 'x', 'x', 'p', 'p', 'x', 'x', 'r', 'r', 'x', 'x']
Full Qwen output: [ b b x x q q x x p p x x u u x x ] [ b b x x q q x x p p x x u u x x ]
trial 2 of 10...
trial 3 of 10...
trial 4 of 10...
trial 5 of 10...
trial 6 of 10...
trial 7 of 10...
trial 8 of 10...
trial 9 of 10...
trial 10 of 10...
Problem type: 2gen_split5 - 11/20
trial 1 of 10...

=== PROMPT ===

System message: You are able to solve letter-string analogies

User message: Use the following alphabet to complete the pattern.

a n c d e f g h i j k l m b q p u r s t o v w x y z

Note that the alphabet may be in an unfamiliar order. Complete the pattern using this order. Answer with only the final answer and nothing else. Put your final answer between double brackets.

[b q p g r] [b q p u r]
[w w v v o o k k s s] [


--- TARGET LETTERS ---

['w', 'w', 'v', 'v', 'o', 'o', 't', 't', 's', 's']
Full Qwen output: [brp]
trial 2 of 10...
trial 3 of 10...
trial 4 of 10...
trial 5 of 10...
trial 6 of 10...
trial 7 of 10...
trial 8 of 10...
trial 9 of 10...
trial 10 of 10...
Problem type: 2gen_split6 - 12/20
trial 1 of 10...

=== PROMPT ===

System message: You are able to solve letter-string analogies

User message: Use the following alphabet to complete the pattern.

a n c d e f g h i j k l m b q p u r s t o v w x y z

Note that the alphabet may be in an unfamiliar order. Complete the pattern using this order. Answer with only the final answer and nothing else. Put your final answer between double brackets.

[t u r s p] [p u r s t]
[14 10 12 8 16] [


--- TARGET LETTERS ---

[np.int64(8), np.int64(10), np.int64(12), np.int64(14), np.int64(16)]
Full Qwen output: [14 10 12 8 16] [16 8 10 12 14]
trial 2 of 10...
trial 3 of 10...
trial 4 of 10...
trial 5 of 10...
trial 6 of 10...
trial 7 of 10...
trial 8 of 10...
trial 9 of 10...
trial 10 of 10...
Problem type: 2gensplit7 - 13/20
trial 1 of 10...

=== PROMPT ===

System message: You are able to solve letter-string analogies

User message: Use the following alphabet to complete the pattern.

a n c d e f g h i j k l m b q p u r s t o v w x y z

Note that the alphabet may be in an unfamiliar order. Complete the pattern using this order. Answer with only the final answer and nothing else. Put your final answer between double brackets.

[n c d e] [n c d f]
[7 9 11 13] [


--- TARGET LETTERS ---

[np.int64(7), np.int64(9), np.int64(11), np.int64(15)]
Full Qwen output: [7 9 11 13] [7 9 11 15]
trial 2 of 10...
trial 3 of 10...
trial 4 of 10...
trial 5 of 10...
trial 6 of 10...
trial 7 of 10...
trial 8 of 10...
trial 9 of 10...
trial 10 of 10...
Problem type: 3gen_split1 - 14/20
trial 1 of 10...

=== PROMPT ===

System message: You are able to solve letter-string analogies

User message: Use the following alphabet to complete the pattern.

a n c d e f g h i j k l m b q p u r s t o v w x y z

Note that the alphabet may be in an unfamiliar order. Complete the pattern using this order. Answer with only the final answer and nothing else. Put your final answer between double brackets.

[n c d e] [n c d f]
[18 0 17 0 16 0 15 0] [


--- TARGET LETTERS ---

[np.int64(18), '0', np.int64(17), '0', np.int64(16), '0', np.int64(14), '0']
Full Qwen output: [18 0 17 0 16 0 15 0] [18 0 17 0 16 0]  
[18 0 17 0 16 0 15 0] [18 0 17 0 16 0]  

[[18 0 17 0 16 0 15 0] [18 0 17 0 16 0]]
Filtered Qwen output: 18 0 17 0 16 0 15 0] [18 0 17 0 16 0
trial 2 of 10...
trial 3 of 10...
trial 4 of 10...
trial 5 of 10...
trial 6 of 10...
trial 7 of 10...
trial 8 of 10...
trial 9 of 10...
trial 10 of 10...
Problem type: 3gen_split2 - 15/20
trial 1 of 10...

=== PROMPT ===

System message: You are able to solve letter-string analogies

User message: Use the following alphabet to complete the pattern.

a n c d e f g h i j k l m b q p u r s t o v w x y z

Note that the alphabet may be in an unfamiliar order. Complete the pattern using this order. Answer with only the final answer and nothing else. Put your final answer between double brackets.

[a n c d] [a n c d e]
[k k x x l l x x m m x x b b x x q q x x p p x x u u x x r r x x] [


--- TARGET LETTERS ---

['k', 'k', 'x', 'x', 'l', 'l', 'x', 'x', 'm', 'm', 'x', 'x', 'b', 'b', 'x', 'x', 'q', 'q', 'x', 'x', 'p', 'p', 'x', 'x', 'u', 'u', 'x', 'x', 'r', 'r', 'x', 'x', 's', 's', 'x', 'x']
Full Qwen output: [ a n c d e f ]
trial 2 of 10...
trial 3 of 10...
trial 4 of 10...
trial 5 of 10...
trial 6 of 10...
trial 7 of 10...
trial 8 of 10...
trial 9 of 10...
trial 10 of 10...
Problem type: 3gen_split3 - 16/20
trial 1 of 10...

=== PROMPT ===

System message: You are able to solve letter-string analogies

User message: Use the following alphabet to complete the pattern.

a n c d e f g h i j k l m b q p u r s t o v w x y z

Note that the alphabet may be in an unfamiliar order. Complete the pattern using this order. Answer with only the final answer and nothing else. Put your final answer between double brackets.

[p u h s t] [p u r s t]
[4 6 8 10 12 14 25 18 20] [


--- TARGET LETTERS ---

[np.int64(4), np.int64(6), np.int64(8), np.int64(10), np.int64(12), np.int64(14), np.int64(16), np.int64(18), np.int64(20)]
Full Qwen output: To solve this, we need to understand the pattern in the given sequence and apply it to the second part.

### Step 1: Understand the Alphabet Order
The given alphabet is:
**a n c d e f g h i j k l m b q p u r s t o v w x y z**

Let's assign each letter a position (index) based on this order:

| Letter | Index |
|--------|-------|
| a      | 1     |
| n      | 2     |
| c      | 3     |
| d      | 4     |
| e      | 5
trial 2 of 10...
trial 3 of 10...
trial 4 of 10...
trial 5 of 10...
trial 6 of 10...
trial 7 of 10...
trial 8 of 10...
trial 9 of 10...
trial 10 of 10...
Problem type: 3gen_split4 - 17/20
trial 1 of 10...

=== PROMPT ===

System message: You are able to solve letter-string analogies

User message: Use the following alphabet to complete the pattern.

a n c d e f g h i j k l m b q p u r s t o v w x y z

Note that the alphabet may be in an unfamiliar order. Complete the pattern using this order. Answer with only the final answer and nothing else. Put your final answer between double brackets.

[q p u r] [q p u s]
[25 24 23 22 21 20 19 18] [


--- TARGET LETTERS ---

[np.int64(25), np.int64(24), np.int64(23), np.int64(22), np.int64(21), np.int64(20), np.int64(19), np.int64(17)]
Full Qwen output: [25 24 23 22 21 20 19 18] [25 24 23 22 21 20 19 18]
trial 2 of 10...
trial 3 of 10...
trial 4 of 10...
trial 5 of 10...
trial 6 of 10...
trial 7 of 10...
trial 8 of 10...
trial 9 of 10...
trial 10 of 10...
Problem type: 3gen_split5 - 18/20
trial 1 of 10...

=== PROMPT ===

System message: You are able to solve letter-string analogies

User message: Use the following alphabet to complete the pattern.

a n c d e f g h i j k l m b q p u r s t o v w x y z

Note that the alphabet may be in an unfamiliar order. Complete the pattern using this order. Answer with only the final answer and nothing else. Put your final answer between double brackets.

[n f d e c] [n c d e f]
[16 0 24 0 18 0 19 0 20 0 21 0 22 0 23 0 17 0] [


--- TARGET LETTERS ---

[np.int64(16), '0', np.int64(17), '0', np.int64(18), '0', np.int64(19), '0', np.int64(20), '0', np.int64(21), '0', np.int64(22), '0', np.int64(23), '0', np.int64(24), '0']
Full Qwen output: [16 0 24 0 18 0 19 0 20 0 21 0 22 0 23 0 17 0] [16 0 24 0 18 0 19 0 20 0 21 0 22 0 23 0 17 0]
trial 2 of 10...
trial 3 of 10...
trial 4 of 10...
trial 5 of 10...
trial 6 of 10...
trial 7 of 10...
trial 8 of 10...
trial 9 of 10...
trial 10 of 10...
Problem type: 3gen_split6 - 19/20
trial 1 of 10...

=== PROMPT ===

System message: You are able to solve letter-string analogies

User message: Use the following alphabet to complete the pattern.

a n c d e f g h i j k l m b q p u r s t o v w x y z

Note that the alphabet may be in an unfamiliar order. Complete the pattern using this order. Answer with only the final answer and nothing else. Put your final answer between double brackets.

[i j k l] [i j k m]
[y x w x o x s x] [


--- TARGET LETTERS ---

['y', 'x', 'w', 'x', 'o', 'x', 'u', 'x']
Full Qwen output: [i j k l] [i j k m]  
[y x w x o x s x] [y x w m]  

[[y x w m]]
Filtered Qwen output: y x w m
trial 2 of 10...
trial 3 of 10...
trial 4 of 10...
trial 5 of 10...
trial 6 of 10...
trial 7 of 10...
trial 8 of 10...
trial 9 of 10...
trial 10 of 10...
Problem type: 3gensplit7 - 20/20
trial 1 of 10...

=== PROMPT ===

System message: You are able to solve letter-string analogies

User message: Use the following alphabet to complete the pattern.

a n c d e f g h i j k l m b q p u r s t o v w x y z

Note that the alphabet may be in an unfamiliar order. Complete the pattern using this order. Answer with only the final answer and nothing else. Put your final answer between double brackets.

[m b b q p u] [m b q p u]
[19 17 17 15 13 11] [


--- TARGET LETTERS ---

[np.int64(19), np.int64(17), np.int64(15), np.int64(13), np.int64(11)]
Full Qwen output: [19 17 17 15 13 11] [19 17 15 13 11]  
[[19 17 15 13 11]]
Filtered Qwen output: 19 17 15 13 11
trial 2 of 10...
trial 3 of 10...
trial 4 of 10...
trial 5 of 10...
trial 6 of 10...
trial 7 of 10...
trial 8 of 10...
trial 9 of 10...
trial 10 of 10...
alph_1
a b c d o f g h i j k r m n l p q x s t u v w e y z
Problem type: larger_int - 1/20
trial 1 of 10...

=== PROMPT ===

System message: You are able to solve letter-string analogies

User message: Use the following alphabet to complete the pattern.

a b c d o f g h i j k r m n l p q x s t u v w e y z

Note that the alphabet may be in an unfamiliar order. Complete the pattern using this order. Answer with only the final answer and nothing else. Put your final answer between double brackets.

[x s v u t] [x s t u v]
[x p t v e] [


--- TARGET LETTERS ---

['p', 'x', 't', 'v', 'e']
Full Qwen output: [ x p t v e ] [ x p e v t ]
trial 2 of 10...
trial 3 of 10...
trial 4 of 10...
trial 5 of 10...
trial 6 of 10...
trial 7 of 10...
trial 8 of 10...
trial 9 of 10...
trial 10 of 10...
Problem type: longer_targ - 2/20
trial 1 of 10...

=== PROMPT ===

System message: You are able to solve letter-string analogies

User message: Use the following alphabet to complete the pattern.

a b c d o f g h i j k r m n l p q x s t u v w e y z

Note that the alphabet may be in an unfamiliar order. Complete the pattern using this order. Answer with only the final answer and nothing else. Put your final answer between double brackets.

[x s t u] [x s t v]
[g h i j k r m n] [


--- TARGET LETTERS ---

['g', 'h', 'i', 'j', 'k', 'r', 'm', 'l']
Full Qwen output: [ g h i j k r m n l ]
trial 2 of 10...
trial 3 of 10...
trial 4 of 10...
trial 5 of 10...
trial 6 of 10...
trial 7 of 10...
trial 8 of 10...
trial 9 of 10...
trial 10 of 10...
Problem type: group - 3/20
trial 1 of 10...

=== PROMPT ===

System message: You are able to solve letter-string analogies

User message: Use the following alphabet to complete the pattern.

a b c d o f g h i j k r m n l p q x s t u v w e y z

Note that the alphabet may be in an unfamiliar order. Complete the pattern using this order. Answer with only the final answer and nothing else. Put your final answer between double brackets.

[j k f m n] [j k r m n]
[m m h h i i j j k k] [


--- TARGET LETTERS ---

['g', 'g', 'h', 'h', 'i', 'i', 'j', 'j', 'k', 'k']
Full Qwen output: [ m m h h i i j j k k ] [ m m h h i i j j k k ]
trial 2 of 10...
trial 3 of 10...
trial 4 of 10...
trial 5 of 10...
trial 6 of 10...
trial 7 of 10...
trial 8 of 10...
trial 9 of 10...
trial 10 of 10...
Problem type: interleaved - 4/20
trial 1 of 10...

=== PROMPT ===

System message: You are able to solve letter-string analogies

User message: Use the following alphabet to complete the pattern.

a b c d o f g h i j k r m n l p q x s t u v w e y z

Note that the alphabet may be in an unfamiliar order. Complete the pattern using this order. Answer with only the final answer and nothing else. Put your final answer between double brackets.

[a c b d o] [a b c d o]
[n x l x x x q x p x] [


--- TARGET LETTERS ---

['n', 'x', 'l', 'x', 'p', 'x', 'q', 'x', 'x', 'x']
Full Qwen output: [ n x l x x x q x p x ] [ n x l x x x q x p x ]
trial 2 of 10...
trial 3 of 10...
trial 4 of 10...
trial 5 of 10...
trial 6 of 10...
trial 7 of 10...
trial 8 of 10...
trial 9 of 10...
trial 10 of 10...
Problem type: letter2num - 5/20
trial 1 of 10...

=== PROMPT ===

System message: You are able to solve letter-string analogies

User message: Use the following alphabet to complete the pattern.

a b c d o f g h i j k r m n l p q x s t u v w e y z

Note that the alphabet may be in an unfamiliar order. Complete the pattern using this order. Answer with only the final answer and nothing else. Put your final answer between double brackets.

[l p q x s s] [l p q x s]
[3 4 5 5 6 7] [


--- TARGET LETTERS ---

[np.int64(3), np.int64(4), np.int64(5), np.int64(6), np.int64(7)]
Full Qwen output: [3 4 5 5 6 7] [3 4 5 5 6]
trial 2 of 10...
trial 3 of 10...
trial 4 of 10...
trial 5 of 10...
trial 6 of 10...
trial 7 of 10...
trial 8 of 10...
trial 9 of 10...
trial 10 of 10...
Problem type: reverse - 6/20
trial 1 of 10...

=== PROMPT ===

System message: You are able to solve letter-string analogies

User message: Use the following alphabet to complete the pattern.

a b c d o f g h i j k r m n l p q x s t u v w e y z

Note that the alphabet may be in an unfamiliar order. Complete the pattern using this order. Answer with only the final answer and nothing else. Put your final answer between double brackets.

[o f g h] [d f g h]
[n m r k] [


--- TARGET LETTERS ---

['l', 'm', 'r', 'k']
Full Qwen output: [ n m r k ] [ l m r k ]
trial 2 of 10...
trial 3 of 10...
trial 4 of 10...
trial 5 of 10...
trial 6 of 10...
trial 7 of 10...
trial 8 of 10...
trial 9 of 10...
trial 10 of 10...
Problem type: 2gen_split1 - 7/20
trial 1 of 10...

=== PROMPT ===

System message: You are able to solve letter-string analogies

User message: Use the following alphabet to complete the pattern.

a b c d o f g h i j k r m n l p q x s t u v w e y z

Note that the alphabet may be in an unfamiliar order. Complete the pattern using this order. Answer with only the final answer and nothing else. Put your final answer between double brackets.

[f g h i] [f g h j]
[m m n n l l p p q q x x s s t t] [


--- TARGET LETTERS ---

['m', 'm', 'n', 'n', 'l', 'l', 'p', 'p', 'q', 'q', 'x', 'x', 's', 's', 'u', 'u']
Full Qwen output: [ m m n n l l p p q q x x s s t t ] [ m m n n l l p p q q x x s s t t ]
trial 2 of 10...
trial 3 of 10...
trial 4 of 10...
trial 5 of 10...
trial 6 of 10...
trial 7 of 10...
trial 8 of 10...
trial 9 of 10...
trial 10 of 10...
Problem type: 2gen_split2 - 8/20
trial 1 of 10...

=== PROMPT ===

System message: You are able to solve letter-string analogies

User message: Use the following alphabet to complete the pattern.

a b c d o f g h i j k r m n l p q x s t u v w e y z

Note that the alphabet may be in an unfamiliar order. Complete the pattern using this order. Answer with only the final answer and nothing else. Put your final answer between double brackets.

[v w e y] [v w e z]
[j x r x n x p x] [


--- TARGET LETTERS ---

['j', 'x', 'r', 'x', 'n', 'x', 'x', 'x']
Full Qwen output: [ j x r x n x p x ] [ j x r x n x q x ]
trial 2 of 10...
trial 3 of 10...
trial 4 of 10...
trial 5 of 10...
trial 6 of 10...
trial 7 of 10...
trial 8 of 10...
trial 9 of 10...
trial 10 of 10...
Problem type: 2gen_split3 - 9/20
trial 1 of 10...

=== PROMPT ===

System message: You are able to solve letter-string analogies

User message: Use the following alphabet to complete the pattern.

a b c d o f g h i j k r m n l p q x s t u v w e y z

Note that the alphabet may be in an unfamiliar order. Complete the pattern using this order. Answer with only the final answer and nothing else. Put your final answer between double brackets.

[o f g h] [o f g i]
[p x q x x x s x t x u x v x w x] [


--- TARGET LETTERS ---

['p', 'x', 'q', 'x', 'x', 'x', 's', 'x', 't', 'x', 'u', 'x', 'v', 'x', 'e', 'x']
Full Qwen output: [ o f g h ] [ o f g i ] [ p x q x x x s x t x u x v x w x ] [ p x q x x x s x t x u x v x w x ]
trial 2 of 10...
trial 3 of 10...
trial 4 of 10...
trial 5 of 10...
trial 6 of 10...
trial 7 of 10...
trial 8 of 10...
trial 9 of 10...
trial 10 of 10...
Problem type: 2gen_split4 - 10/20
trial 1 of 10...

=== PROMPT ===

System message: You are able to solve letter-string analogies

User message: Use the following alphabet to complete the pattern.

a b c d o f g h i j k r m n l p q x s t u v w e y z

Note that the alphabet may be in an unfamiliar order. Complete the pattern using this order. Answer with only the final answer and nothing else. Put your final answer between double brackets.

[n m r l p] [r m n l p]
[j r n v x t p e z] [


--- TARGET LETTERS ---

['j', 'r', 'n', 'p', 'x', 't', 'v', 'e', 'z']
Full Qwen output: [ j r n v x t p e z ] [ j r n v x t p e z ]
trial 2 of 10...
trial 3 of 10...
trial 4 of 10...
trial 5 of 10...
trial 6 of 10...
trial 7 of 10...
trial 8 of 10...
trial 9 of 10...
trial 10 of 10...
Problem type: 2gen_split5 - 11/20
trial 1 of 10...

=== PROMPT ===

System message: You are able to solve letter-string analogies

User message: Use the following alphabet to complete the pattern.

a b c d o f g h i j k r m n l p q x s t u v w e y z

Note that the alphabet may be in an unfamiliar order. Complete the pattern using this order. Answer with only the final answer and nothing else. Put your final answer between double brackets.

[p i x s t] [p q x s t]
[11 3 13 14 15 16 17 18 19] [


--- TARGET LETTERS ---

[np.int64(11), np.int64(12), np.int64(13), np.int64(14), np.int64(15), np.int64(16), np.int64(17), np.int64(18), np.int64(19)]
Full Qwen output: [11 3 13 14 15 16 17 18 19] [11 3 13 14 15 16 17 18 19]
trial 2 of 10...
trial 3 of 10...
trial 4 of 10...
trial 5 of 10...
trial 6 of 10...
trial 7 of 10...
trial 8 of 10...
trial 9 of 10...
trial 10 of 10...
Problem type: 2gen_split6 - 12/20
trial 1 of 10...

=== PROMPT ===

System message: You are able to solve letter-string analogies

User message: Use the following alphabet to complete the pattern.

a b c d o f g h i j k r m n l p q x s t u v w e y z

Note that the alphabet may be in an unfamiliar order. Complete the pattern using this order. Answer with only the final answer and nothing else. Put your final answer between double brackets.

[u w v e y] [u v w e y]
[n n p p t t x x v v] [


--- TARGET LETTERS ---

['n', 'n', 'p', 'p', 'x', 'x', 't', 't', 'v', 'v']
Full Qwen output: [ u w v e y ] [ u v w e y ]  
[ n n p p t t x x v v ] [ n p t x v ]  

[[n p t x v]]
Filtered Qwen output: n p t x v
trial 2 of 10...
trial 3 of 10...
trial 4 of 10...
trial 5 of 10...
trial 6 of 10...
trial 7 of 10...
trial 8 of 10...
trial 9 of 10...
trial 10 of 10...
Problem type: 2gensplit7 - 13/20
trial 1 of 10...

=== PROMPT ===

System message: You are able to solve letter-string analogies

User message: Use the following alphabet to complete the pattern.

a b c d o f g h i j k r m n l p q x s t u v w e y z

Note that the alphabet may be in an unfamiliar order. Complete the pattern using this order. Answer with only the final answer and nothing else. Put your final answer between double brackets.

[v w e y] [v w e z]
[o x d x c x b x] [


--- TARGET LETTERS ---

['o', 'x', 'd', 'x', 'c', 'x', 'a', 'x']
Full Qwen output: [ o x d x c x b x ] [ o x d x c x b x ]
trial 2 of 10...
trial 3 of 10...
trial 4 of 10...
trial 5 of 10...
trial 6 of 10...
trial 7 of 10...
trial 8 of 10...
trial 9 of 10...
trial 10 of 10...
Problem type: 3gen_split1 - 14/20
trial 1 of 10...

=== PROMPT ===

System message: You are able to solve letter-string analogies

User message: Use the following alphabet to complete the pattern.

a b c d o f g h i j k r m n l p q x s t u v w e y z

Note that the alphabet may be in an unfamiliar order. Complete the pattern using this order. Answer with only the final answer and nothing else. Put your final answer between double brackets.

[c d o f g g] [c d o f g]
[q q q q l l m m k k i i] [


--- TARGET LETTERS ---

['q', 'q', 'l', 'l', 'm', 'm', 'k', 'k', 'i', 'i']
Full Qwen output: [ q q q q l l m m k k i i ] [ q q q q l l m m k k i i ]
trial 2 of 10...
trial 3 of 10...
trial 4 of 10...
trial 5 of 10...
trial 6 of 10...
trial 7 of 10...
trial 8 of 10...
trial 9 of 10...
trial 10 of 10...
Problem type: 3gen_split2 - 15/20
trial 1 of 10...

=== PROMPT ===

System message: You are able to solve letter-string analogies

User message: Use the following alphabet to complete the pattern.

a b c d o f g h i j k r m n l p q x s t u v w e y z

Note that the alphabet may be in an unfamiliar order. Complete the pattern using this order. Answer with only the final answer and nothing else. Put your final answer between double brackets.

[c d o f] [c d o f g]
[1 0 3 0 5 0 7 0] [


--- TARGET LETTERS ---

[np.int64(1), '0', np.int64(3), '0', np.int64(5), '0', np.int64(7), '0', np.int64(9), '0']
Full Qwen output: [1 0 3 0 5 0 7 0] [1 0 3 0 5 0 7 0 9]
trial 2 of 10...
trial 3 of 10...
trial 4 of 10...
trial 5 of 10...
trial 6 of 10...
trial 7 of 10...
trial 8 of 10...
trial 9 of 10...
trial 10 of 10...
Problem type: 3gen_split3 - 16/20
trial 1 of 10...

=== PROMPT ===

System message: You are able to solve letter-string analogies

User message: Use the following alphabet to complete the pattern.

a b c d o f g h i j k r m n l p q x s t u v w e y z

Note that the alphabet may be in an unfamiliar order. Complete the pattern using this order. Answer with only the final answer and nothing else. Put your final answer between double brackets.

[v w d y z] [v w e y z]
[17 0 26 0 15 0 14 0 13 0] [


--- TARGET LETTERS ---

[np.int64(17), '0', np.int64(16), '0', np.int64(15), '0', np.int64(14), '0', np.int64(13), '0']
Full Qwen output: [17 0 26 0 15 0 14 0 13 0] [17 0 26 0 15 0 14 0 13 0]
trial 2 of 10...
trial 3 of 10...
trial 4 of 10...
trial 5 of 10...
trial 6 of 10...
trial 7 of 10...
trial 8 of 10...
trial 9 of 10...
trial 10 of 10...
Problem type: 3gen_split4 - 17/20
trial 1 of 10...

=== PROMPT ===

System message: You are able to solve letter-string analogies

User message: Use the following alphabet to complete the pattern.

a b c d o f g h i j k r m n l p q x s t u v w e y z

Note that the alphabet may be in an unfamiliar order. Complete the pattern using this order. Answer with only the final answer and nothing else. Put your final answer between double brackets.

[n l p q x x] [n l p q x]
[b b d d d d f f h h j j r r n n p p x x] [


--- TARGET LETTERS ---

['b', 'b', 'd', 'd', 'f', 'f', 'h', 'h', 'j', 'j', 'r', 'r', 'n', 'n', 'p', 'p', 'x', 'x']
Full Qwen output: [ n l p q x x ] [ n l p q x ] [ b b d d d d f f h h j j r r n n p p x x ] [ b b d d d d f f h h j j r r n n p p x x ]
trial 2 of 10...
trial 3 of 10...
trial 4 of 10...
trial 5 of 10...
trial 6 of 10...
trial 7 of 10...
trial 8 of 10...
trial 9 of 10...
trial 10 of 10...
Problem type: 3gen_split5 - 18/20
trial 1 of 10...

=== PROMPT ===

System message: You are able to solve letter-string analogies

User message: Use the following alphabet to complete the pattern.

a b c d o f g h i j k r m n l p q x s t u v w e y z

Note that the alphabet may be in an unfamiliar order. Complete the pattern using this order. Answer with only the final answer and nothing else. Put your final answer between double brackets.

[k r m n] [k r m l]
[13 12 11 10 9 8 7 6] [


--- TARGET LETTERS ---

[np.int64(13), np.int64(12), np.int64(11), np.int64(10), np.int64(9), np.int64(8), np.int64(7), np.int64(5)]
Full Qwen output: [13 12 11 10 9 8 7 6] [13 12 11 10]
trial 2 of 10...
trial 3 of 10...
trial 4 of 10...
trial 5 of 10...
trial 6 of 10...
trial 7 of 10...
trial 8 of 10...
trial 9 of 10...
trial 10 of 10...
Problem type: 3gen_split6 - 19/20
trial 1 of 10...

=== PROMPT ===

System message: You are able to solve letter-string analogies

User message: Use the following alphabet to complete the pattern.

a b c d o f g h i j k r m n l p q x s t u v w e y z

Note that the alphabet may be in an unfamiliar order. Complete the pattern using this order. Answer with only the final answer and nothing else. Put your final answer between double brackets.

[b c d o] [b c d f]
[16 16 15 15 14 14 13 13] [


--- TARGET LETTERS ---

[np.int64(16), np.int64(16), np.int64(15), np.int64(15), np.int64(14), np.int64(14), np.int64(12), np.int64(12)]
Full Qwen output: [16 16 15 15 14 14 13 13] [16 16 15 15 14 14 13 13]  
[[16 16 15 15 14 14 13 13]]
Filtered Qwen output: 16 16 15 15 14 14 13 13
trial 2 of 10...
trial 3 of 10...
trial 4 of 10...
trial 5 of 10...
trial 6 of 10...
trial 7 of 10...
trial 8 of 10...
trial 9 of 10...
trial 10 of 10...
Problem type: 3gensplit7 - 20/20
trial 1 of 10...

=== PROMPT ===

System message: You are able to solve letter-string analogies

User message: Use the following alphabet to complete the pattern.

a b c d o f g h i j k r m n l p q x s t u v w e y z

Note that the alphabet may be in an unfamiliar order. Complete the pattern using this order. Answer with only the final answer and nothing else. Put your final answer between double brackets.

[f g h i] [f g h i j]
[i i x x j j x x k k x x r r x x m m x x n n x x l l x x p p x x] [


--- TARGET LETTERS ---

['i', 'i', 'x', 'x', 'j', 'j', 'x', 'x', 'k', 'k', 'x', 'x', 'r', 'r', 'x', 'x', 'm', 'm', 'x', 'x', 'n', 'n', 'x', 'x', 'l', 'l', 'x', 'x', 'p', 'p', 'x', 'x', 'q', 'q', 'x', 'x']
Full Qwen output: [ f g h i j ] [ f g h i j k ] [ i i x x j j x x k k x x r r x x m m x x n n x x l l x x p p x x ] [ f g h i j k ]
trial 2 of 10...
trial 3 of 10...
trial 4 of 10...
trial 5 of 10...
trial 6 of 10...
trial 7 of 10...
trial 8 of 10...
trial 9 of 10...
trial 10 of 10...
alph_2
q b c d e f g o i j k l a n h p m r s t u v w x y z
Problem type: larger_int - 1/20
trial 1 of 10...

=== PROMPT ===

System message: You are able to solve letter-string analogies

User message: Use the following alphabet to complete the pattern.

q b c d e f g o i j k l a n h p m r s t u v w x y z

Note that the alphabet may be in an unfamiliar order. Complete the pattern using this order. Answer with only the final answer and nothing else. Put your final answer between double brackets.

[i j k l] [o j k l]
[k a h m] [


--- TARGET LETTERS ---

['i', 'a', 'h', 'm']
Full Qwen output: [[k a h m]]
Filtered Qwen output: k a h m
trial 2 of 10...
trial 3 of 10...
trial 4 of 10...
trial 5 of 10...
trial 6 of 10...
trial 7 of 10...
trial 8 of 10...
trial 9 of 10...
trial 10 of 10...
Problem type: longer_targ - 2/20
trial 1 of 10...

=== PROMPT ===

System message: You are able to solve letter-string analogies

User message: Use the following alphabet to complete the pattern.

q b c d e f g o i j k l a n h p m r s t u v w x y z

Note that the alphabet may be in an unfamiliar order. Complete the pattern using this order. Answer with only the final answer and nothing else. Put your final answer between double brackets.

[o i j k] [o i j l]
[j k l a n h p m] [


--- TARGET LETTERS ---

['j', 'k', 'l', 'a', 'n', 'h', 'p', 'r']
Full Qwen output: [ j k l a n h p m r s t u v w x y z ]
trial 2 of 10...
trial 3 of 10...
trial 4 of 10...
trial 5 of 10...
trial 6 of 10...
trial 7 of 10...
trial 8 of 10...
trial 9 of 10...
trial 10 of 10...
Problem type: group - 3/20
trial 1 of 10...

=== PROMPT ===

System message: You are able to solve letter-string analogies

User message: Use the following alphabet to complete the pattern.

q b c d e f g o i j k l a n h p m r s t u v w x y z

Note that the alphabet may be in an unfamiliar order. Complete the pattern using this order. Answer with only the final answer and nothing else. Put your final answer between double brackets.

[l a n h] [l a n h p]
[m m r r s s t t] [


--- TARGET LETTERS ---

['m', 'm', 'r', 'r', 's', 's', 't', 't', 'u', 'u']
Full Qwen output: [ m m r r s s t t u ]
trial 2 of 10...
trial 3 of 10...
trial 4 of 10...
trial 5 of 10...
trial 6 of 10...
trial 7 of 10...
trial 8 of 10...
trial 9 of 10...
trial 10 of 10...
Problem type: interleaved - 4/20
trial 1 of 10...

=== PROMPT ===

System message: You are able to solve letter-string analogies

User message: Use the following alphabet to complete the pattern.

q b c d e f g o i j k l a n h p m r s t u v w x y z

Note that the alphabet may be in an unfamiliar order. Complete the pattern using this order. Answer with only the final answer and nothing else. Put your final answer between double brackets.

[a n h p] [l n h p]
[r x s x t x u x] [


--- TARGET LETTERS ---

['m', 'x', 's', 'x', 't', 'x', 'u', 'x']
Full Qwen output: [ a n h p ] [ l n h p ]  
[ r x s x t x u x ] [ m y r x ]  

[[m y r x]]
Filtered Qwen output: m y r x
trial 2 of 10...
trial 3 of 10...
trial 4 of 10...
trial 5 of 10...
trial 6 of 10...
trial 7 of 10...
trial 8 of 10...
trial 9 of 10...
trial 10 of 10...
Problem type: letter2num - 5/20
trial 1 of 10...

=== PROMPT ===

System message: You are able to solve letter-string analogies

User message: Use the following alphabet to complete the pattern.

q b c d e f g o i j k l a n h p m r s t u v w x y z

Note that the alphabet may be in an unfamiliar order. Complete the pattern using this order. Answer with only the final answer and nothing else. Put your final answer between double brackets.

[c d e f] [c d e f g]
[10 11 12 13] [


--- TARGET LETTERS ---

[np.int64(10), np.int64(11), np.int64(12), np.int64(13), np.int64(14)]
Full Qwen output: [10 11 12 13 14]
trial 2 of 10...
trial 3 of 10...
trial 4 of 10...
trial 5 of 10...
trial 6 of 10...
trial 7 of 10...
trial 8 of 10...
trial 9 of 10...
trial 10 of 10...
Problem type: reverse - 6/20
trial 1 of 10...

=== PROMPT ===

System message: You are able to solve letter-string analogies

User message: Use the following alphabet to complete the pattern.

q b c d e f g o i j k l a n h p m r s t u v w x y z

Note that the alphabet may be in an unfamiliar order. Complete the pattern using this order. Answer with only the final answer and nothing else. Put your final answer between double brackets.

[p m r s] [p m r t]
[h n a l] [


--- TARGET LETTERS ---

['h', 'n', 'a', 'k']
Full Qwen output: [ h n a m ]
trial 2 of 10...
trial 3 of 10...
trial 4 of 10...
trial 5 of 10...
trial 6 of 10...
trial 7 of 10...
trial 8 of 10...
trial 9 of 10...
trial 10 of 10...
Problem type: 2gen_split1 - 7/20
trial 1 of 10...

=== PROMPT ===

System message: You are able to solve letter-string analogies

User message: Use the following alphabet to complete the pattern.

q b c d e f g o i j k l a n h p m r s t u v w x y z

Note that the alphabet may be in an unfamiliar order. Complete the pattern using this order. Answer with only the final answer and nothing else. Put your final answer between double brackets.

[p m r s] [h m r s]
[x w v u t s r m] [


--- TARGET LETTERS ---

['y', 'w', 'v', 'u', 't', 's', 'r', 'm']
Full Qwen output: [ x w v u t s r m ] [ h m r s ]  
[ x w v u t s r m ] [ h m r s ]  
[ x w v u t s r m ] [ h m r s ]  
[ x w v u t s r m ] [ h m r s ]  

[[x w v u t s r m]]
Filtered Qwen output: x w v u t s r m
trial 2 of 10...
trial 3 of 10...
trial 4 of 10...
trial 5 of 10...
trial 6 of 10...
trial 7 of 10...
trial 8 of 10...
trial 9 of 10...
trial 10 of 10...
Problem type: 2gen_split2 - 8/20
trial 1 of 10...

=== PROMPT ===

System message: You are able to solve letter-string analogies

User message: Use the following alphabet to complete the pattern.

q b c d e f g o i j k l a n h p m r s t u v w x y z

Note that the alphabet may be in an unfamiliar order. Complete the pattern using this order. Answer with only the final answer and nothing else. Put your final answer between double brackets.

[a n h p] [a n h m]
[15 15 16 16 17 17 18 18] [


--- TARGET LETTERS ---

[np.int64(15), np.int64(15), np.int64(16), np.int64(16), np.int64(17), np.int64(17), np.int64(19), np.int64(19)]
Full Qwen output: [15 15 16 16 17 17 18 18] [15 15 16 16 17 17 18 18]  
[15 15 16 16 17 17 18 18] [15 15 16 16 17 17 18 18]  

[[15 15 16 16 17 17 18 18]]
Filtered Qwen output: 15 15 16 16 17 17 18 18
trial 2 of 10...
trial 3 of 10...
trial 4 of 10...
trial 5 of 10...
trial 6 of 10...
trial 7 of 10...
trial 8 of 10...
trial 9 of 10...
trial 10 of 10...
Problem type: 2gen_split3 - 9/20
trial 1 of 10...

=== PROMPT ===

System message: You are able to solve letter-string analogies

User message: Use the following alphabet to complete the pattern.

q b c d e f g o i j k l a n h p m r s t u v w x y z

Note that the alphabet may be in an unfamiliar order. Complete the pattern using this order. Answer with only the final answer and nothing else. Put your final answer between double brackets.

[p m r v t] [p m r s t]
[s s r r m m o o h h] [


--- TARGET LETTERS ---

['s', 's', 'r', 'r', 'm', 'm', 'p', 'p', 'h', 'h']
Full Qwen output: [ p m r v t ] [ p m r s t ]  
[ s s r r m m o o h h ] [ **s s r r m m o o h h** ]  

[[s s r r m m o o h h]]
Filtered Qwen output: s s r r m m o o h h
trial 2 of 10...
trial 3 of 10...
trial 4 of 10...
trial 5 of 10...
trial 6 of 10...
trial 7 of 10...
trial 8 of 10...
trial 9 of 10...
trial 10 of 10...
Problem type: 2gen_split4 - 10/20
trial 1 of 10...

=== PROMPT ===

System message: You are able to solve letter-string analogies

User message: Use the following alphabet to complete the pattern.

q b c d e f g o i j k l a n h p m r s t u v w x y z

Note that the alphabet may be in an unfamiliar order. Complete the pattern using this order. Answer with only the final answer and nothing else. Put your final answer between double brackets.

[q b c d m] [q b c d e]
[e g i k a h m q u] [


--- TARGET LETTERS ---

['e', 'g', 'i', 'k', 'a', 'h', 'm', 's', 'u']
Full Qwen output: [ e g i k a h m q u ] [ e g i k a h m q u ]
trial 2 of 10...
trial 3 of 10...
trial 4 of 10...
trial 5 of 10...
trial 6 of 10...
trial 7 of 10...
trial 8 of 10...
trial 9 of 10...
trial 10 of 10...
Problem type: 2gen_split5 - 11/20
trial 1 of 10...

=== PROMPT ===

System message: You are able to solve letter-string analogies

User message: Use the following alphabet to complete the pattern.

q b c d e f g o i j k l a n h p m r s t u v w x y z

Note that the alphabet may be in an unfamiliar order. Complete the pattern using this order. Answer with only the final answer and nothing else. Put your final answer between double brackets.

[i o j k l] [o i j k l]
[16 16 14 14 15 15 13 13 17 17] [


--- TARGET LETTERS ---

[np.int64(13), np.int64(13), np.int64(14), np.int64(14), np.int64(15), np.int64(15), np.int64(16), np.int64(16), np.int64(17), np.int64(17)]
Full Qwen output: [16 16 14 14 15 15 13 13 17 17] [16 16 14 14 15 15 13 13 17 17]
trial 2 of 10...
trial 3 of 10...
trial 4 of 10...
trial 5 of 10...
trial 6 of 10...
trial 7 of 10...
trial 8 of 10...
trial 9 of 10...
trial 10 of 10...
Problem type: 2gen_split6 - 12/20
trial 1 of 10...

=== PROMPT ===

System message: You are able to solve letter-string analogies

User message: Use the following alphabet to complete the pattern.

q b c d e f g o i j k l a n h p m r s t u v w x y z

Note that the alphabet may be in an unfamiliar order. Complete the pattern using this order. Answer with only the final answer and nothing else. Put your final answer between double brackets.

[g w x y z] [v w x y z]
[q x k x a x h x m x] [


--- TARGET LETTERS ---

['i', 'x', 'k', 'x', 'a', 'x', 'h', 'x', 'm', 'x']
Full Qwen output: [ g w x y z ] [ v w x y z ]  
[ q x k x a x h x m x ] [ ? ]  

Pattern: The second part of each pair is a sequence of letters starting from the second letter of the first part and continuing in the same order as the given alphabet.

From the first pair:  
[ g w x y z ] [ v w x y z ]  
- "g" is the starting point, and the second part is "v w x y z" — this suggests the sequence is moving forward in the given alphabet.

From the second pair:  
[ q x
trial 2 of 10...
trial 3 of 10...
trial 4 of 10...
trial 5 of 10...
trial 6 of 10...
trial 7 of 10...
trial 8 of 10...
trial 9 of 10...
trial 10 of 10...
Problem type: 2gensplit7 - 13/20
trial 1 of 10...

=== PROMPT ===

System message: You are able to solve letter-string analogies

User message: Use the following alphabet to complete the pattern.

q b c d e f g o i j k l a n h p m r s t u v w x y z

Note that the alphabet may be in an unfamiliar order. Complete the pattern using this order. Answer with only the final answer and nothing else. Put your final answer between double brackets.

[o i a k l] [o i j k l]
[s m h z k] [


--- TARGET LETTERS ---

['s', 'm', 'h', 'a', 'k']
Full Qwen output: [ s m h z k ] [ s m h z k ]
trial 2 of 10...
trial 3 of 10...
trial 4 of 10...
trial 5 of 10...
trial 6 of 10...
trial 7 of 10...
trial 8 of 10...
trial 9 of 10...
trial 10 of 10...
Problem type: 3gen_split1 - 14/20
trial 1 of 10...

=== PROMPT ===

System message: You are able to solve letter-string analogies

User message: Use the following alphabet to complete the pattern.

q b c d e f g o i j k l a n h p m r s t u v w x y z

Note that the alphabet may be in an unfamiliar order. Complete the pattern using this order. Answer with only the final answer and nothing else. Put your final answer between double brackets.

[p m r s] [p m r s t]
[i x o x g x f x e x d x c x b x] [


--- TARGET LETTERS ---

['i', 'x', 'o', 'x', 'g', 'x', 'f', 'x', 'e', 'x', 'd', 'x', 'c', 'x', 'b', 'x', 'q', 'x']
Full Qwen output: [ p m r s ] [ p m r s t ] [ i x o x g x f x e x d x c x b x ] [ i x o x g x f x e x d x c x b x a ]
trial 2 of 10...
trial 3 of 10...
trial 4 of 10...
trial 5 of 10...
trial 6 of 10...
trial 7 of 10...
trial 8 of 10...
trial 9 of 10...
trial 10 of 10...
Problem type: 3gen_split2 - 15/20
trial 1 of 10...

=== PROMPT ===

System message: You are able to solve letter-string analogies

User message: Use the following alphabet to complete the pattern.

q b c d e f g o i j k l a n h p m r s t u v w x y z

Note that the alphabet may be in an unfamiliar order. Complete the pattern using this order. Answer with only the final answer and nothing else. Put your final answer between double brackets.

[h p m r] [h p m s]
[18 18 17 17 16 16 15 15] [


--- TARGET LETTERS ---

[np.int64(18), np.int64(18), np.int64(17), np.int64(17), np.int64(16), np.int64(16), np.int64(14), np.int64(14)]
Full Qwen output: [18 18 17 17 16 16 15 15] [18 18 17 17 16 16 15 15]  
[[18 18 17 17 16 16 15 15]]
Filtered Qwen output: 18 18 17 17 16 16 15 15
trial 2 of 10...
trial 3 of 10...
trial 4 of 10...
trial 5 of 10...
trial 6 of 10...
trial 7 of 10...
trial 8 of 10...
trial 9 of 10...
trial 10 of 10...
Problem type: 3gen_split3 - 16/20
trial 1 of 10...

=== PROMPT ===

System message: You are able to solve letter-string analogies

User message: Use the following alphabet to complete the pattern.

q b c d e f g o i j k l a n h p m r s t u v w x y z

Note that the alphabet may be in an unfamiliar order. Complete the pattern using this order. Answer with only the final answer and nothing else. Put your final answer between double brackets.

[k l a n] [k l a h]
[17 17 19 19 21 21 23 23] [


--- TARGET LETTERS ---

[np.int64(17), np.int64(17), np.int64(19), np.int64(19), np.int64(21), np.int64(21), np.int64(25), np.int64(25)]
Full Qwen output: [17 17 19 19 21 21 23 23] [17 17 19 19]
trial 2 of 10...
trial 3 of 10...
trial 4 of 10...
trial 5 of 10...
trial 6 of 10...
trial 7 of 10...
trial 8 of 10...
trial 9 of 10...
trial 10 of 10...
Problem type: 3gen_split4 - 17/20
trial 1 of 10...

=== PROMPT ===

System message: You are able to solve letter-string analogies

User message: Use the following alphabet to complete the pattern.

q b c d e f g o i j k l a n h p m r s t u v w x y z

Note that the alphabet may be in an unfamiliar order. Complete the pattern using this order. Answer with only the final answer and nothing else. Put your final answer between double brackets.

[s t u v] [s t u v w]
[7 7 9 9 11 11 13 13] [


--- TARGET LETTERS ---

[np.int64(7), np.int64(7), np.int64(9), np.int64(9), np.int64(11), np.int64(11), np.int64(13), np.int64(13), np.int64(15), np.int64(15)]
Full Qwen output: [7 7 9 9 11 11 13 13] [7 7 9 9 11 11 13 13 15]
trial 2 of 10...
trial 3 of 10...
trial 4 of 10...
trial 5 of 10...
trial 6 of 10...
trial 7 of 10...
trial 8 of 10...
trial 9 of 10...
trial 10 of 10...
Problem type: 3gen_split5 - 18/20
trial 1 of 10...

=== PROMPT ===

System message: You are able to solve letter-string analogies

User message: Use the following alphabet to complete the pattern.

q b c d e f g o i j k l a n h p m r s t u v w x y z

Note that the alphabet may be in an unfamiliar order. Complete the pattern using this order. Answer with only the final answer and nothing else. Put your final answer between double brackets.

[l k a n h] [k l a n h]
[5 7 9 11 13 17 15 19 21] [


--- TARGET LETTERS ---

[np.int64(5), np.int64(7), np.int64(9), np.int64(11), np.int64(13), np.int64(15), np.int64(17), np.int64(19), np.int64(21)]
Full Qwen output: [5 7 9 11 13 17 15 19 21] [7 9 11 13 15 19 17 21 23]
trial 2 of 10...
trial 3 of 10...
trial 4 of 10...
trial 5 of 10...
trial 6 of 10...
trial 7 of 10...
trial 8 of 10...
trial 9 of 10...
trial 10 of 10...
Problem type: 3gen_split6 - 19/20
trial 1 of 10...

=== PROMPT ===

System message: You are able to solve letter-string analogies

User message: Use the following alphabet to complete the pattern.

q b c d e f g o i j k l a n h p m r s t u v w x y z

Note that the alphabet may be in an unfamiliar order. Complete the pattern using this order. Answer with only the final answer and nothing else. Put your final answer between double brackets.

[g o i j] [g o i j k]
[15 15 16 16 17 17 18 18 19 19 20 20 21 21 22 22] [


--- TARGET LETTERS ---

[np.int64(15), np.int64(15), np.int64(16), np.int64(16), np.int64(17), np.int64(17), np.int64(18), np.int64(18), np.int64(19), np.int64(19), np.int64(20), np.int64(20), np.int64(21), np.int64(21), np.int64(22), np.int64(22), np.int64(23), np.int64(23)]
Full Qwen output: [[g o i j k l]]
Filtered Qwen output: g o i j k l
trial 2 of 10...
trial 3 of 10...
trial 4 of 10...
trial 5 of 10...
trial 6 of 10...
trial 7 of 10...
trial 8 of 10...
trial 9 of 10...
trial 10 of 10...
Problem type: 3gensplit7 - 20/20
trial 1 of 10...

=== PROMPT ===

System message: You are able to solve letter-string analogies

User message: Use the following alphabet to complete the pattern.

q b c d e f g o i j k l a n h p m r s t u v w x y z

Note that the alphabet may be in an unfamiliar order. Complete the pattern using this order. Answer with only the final answer and nothing else. Put your final answer between double brackets.

[h p m r l] [h p m r s]
[7 7 22 22 9 9 10 10 11 11 12 12 13 13 14 14 15 15] [


--- TARGET LETTERS ---

[np.int64(7), np.int64(7), np.int64(8), np.int64(8), np.int64(9), np.int64(9), np.int64(10), np.int64(10), np.int64(11), np.int64(11), np.int64(12), np.int64(12), np.int64(13), np.int64(13), np.int64(14), np.int64(14), np.int64(15), np.int64(15)]
Full Qwen output: [7 7 22 22 9 9 10 10 11 11 12 12 13 13 14 14 15 15] [7 7 22 22 9 9 10 10 11 11 12 12 13 13 14 14 15 15 16 16]
trial 2 of 10...
trial 3 of 10...
trial 4 of 10...
trial 5 of 10...
trial 6 of 10...
trial 7 of 10...
trial 8 of 10...
trial 9 of 10...
trial 10 of 10...
alph_3
a g c d e f q h i j k l m z o p n r s t u v w x y b
Problem type: larger_int - 1/20
trial 1 of 10...

=== PROMPT ===

System message: You are able to solve letter-string analogies

User message: Use the following alphabet to complete the pattern.

a g c d e f q h i j k l m z o p n r s t u v w x y b

Note that the alphabet may be in an unfamiliar order. Complete the pattern using this order. Answer with only the final answer and nothing else. Put your final answer between double brackets.

[e f q q h i] [e f q h i]
[r t v x x b] [


--- TARGET LETTERS ---

['r', 't', 'v', 'x', 'b']
Full Qwen output: [ r t v x x b ] [ r t v x b ]
trial 2 of 10...
trial 3 of 10...
trial 4 of 10...
trial 5 of 10...
trial 6 of 10...
trial 7 of 10...
trial 8 of 10...
trial 9 of 10...
trial 10 of 10...
Problem type: longer_targ - 2/20
trial 1 of 10...

=== PROMPT ===

System message: You are able to solve letter-string analogies

User message: Use the following alphabet to complete the pattern.

a g c d e f q h i j k l m z o p n r s t u v w x y b

Note that the alphabet may be in an unfamiliar order. Complete the pattern using this order. Answer with only the final answer and nothing else. Put your final answer between double brackets.

[p s r n t] [p n r s t]
[j k l m z r p n o] [


--- TARGET LETTERS ---

['j', 'k', 'l', 'm', 'z', 'o', 'p', 'n', 'r']
Full Qwen output: [ j k l m z r p n o ] [ j k l m z r p n o ]
trial 2 of 10...
trial 3 of 10...
trial 4 of 10...
trial 5 of 10...
trial 6 of 10...
trial 7 of 10...
trial 8 of 10...
trial 9 of 10...
trial 10 of 10...
Problem type: group - 3/20
trial 1 of 10...

=== PROMPT ===

System message: You are able to solve letter-string analogies

User message: Use the following alphabet to complete the pattern.

a g c d e f q h i j k l m z o p n r s t u v w x y b

Note that the alphabet may be in an unfamiliar order. Complete the pattern using this order. Answer with only the final answer and nothing else. Put your final answer between double brackets.

[m z o p] [l z o p]
[u u v v w w x x] [


--- TARGET LETTERS ---

['t', 't', 'v', 'v', 'w', 'w', 'x', 'x']
Full Qwen output: [ m z o p ] [ l z o p ]  
[ u u v v w w x x ] [ t t u u v v w w ]  

[[t t u u v v w w]]
Filtered Qwen output: t t u u v v w w
trial 2 of 10...
trial 3 of 10...
trial 4 of 10...
trial 5 of 10...
trial 6 of 10...
trial 7 of 10...
trial 8 of 10...
trial 9 of 10...
trial 10 of 10...
Problem type: interleaved - 4/20
trial 1 of 10...

=== PROMPT ===

System message: You are able to solve letter-string analogies

User message: Use the following alphabet to complete the pattern.

a g c d e f q h i j k l m z o p n r s t u v w x y b

Note that the alphabet may be in an unfamiliar order. Complete the pattern using this order. Answer with only the final answer and nothing else. Put your final answer between double brackets.

[l m p o z] [l m z o p]
[g x a x c x d x e x] [


--- TARGET LETTERS ---

['a', 'x', 'g', 'x', 'c', 'x', 'd', 'x', 'e', 'x']
Full Qwen output: [ g x a x c x d x e x ] [ g x a x c x d x e x ]
trial 2 of 10...
trial 3 of 10...
trial 4 of 10...
trial 5 of 10...
trial 6 of 10...
trial 7 of 10...
trial 8 of 10...
trial 9 of 10...
trial 10 of 10...
Problem type: letter2num - 5/20
trial 1 of 10...

=== PROMPT ===

System message: You are able to solve letter-string analogies

User message: Use the following alphabet to complete the pattern.

a g c d e f q h i j k l m z o p n r s t u v w x y b

Note that the alphabet may be in an unfamiliar order. Complete the pattern using this order. Answer with only the final answer and nothing else. Put your final answer between double brackets.

[r s t u] [n s t u]
[2 3 4 5] [


--- TARGET LETTERS ---

[np.int64(1), np.int64(3), np.int64(4), np.int64(5)]
Full Qwen output: [2 3 4 5] [2 3 4 5]
trial 2 of 10...
trial 3 of 10...
trial 4 of 10...
trial 5 of 10...
trial 6 of 10...
trial 7 of 10...
trial 8 of 10...
trial 9 of 10...
trial 10 of 10...
Problem type: reverse - 6/20
trial 1 of 10...

=== PROMPT ===

System message: You are able to solve letter-string analogies

User message: Use the following alphabet to complete the pattern.

a g c d e f q h i j k l m z o p n r s t u v w x y b

Note that the alphabet may be in an unfamiliar order. Complete the pattern using this order. Answer with only the final answer and nothing else. Put your final answer between double brackets.

[s t w v u] [s t u v w]
[b w x y v] [


--- TARGET LETTERS ---

['b', 'y', 'x', 'w', 'v']
Full Qwen output: [ b w x y v ] [ b w y x v ]
trial 2 of 10...
trial 3 of 10...
trial 4 of 10...
trial 5 of 10...
trial 6 of 10...
trial 7 of 10...
trial 8 of 10...
trial 9 of 10...
trial 10 of 10...
Problem type: 2gen_split1 - 7/20
trial 1 of 10...

=== PROMPT ===

System message: You are able to solve letter-string analogies

User message: Use the following alphabet to complete the pattern.

a g c d e f q h i j k l m z o p n r s t u v w x y b

Note that the alphabet may be in an unfamiliar order. Complete the pattern using this order. Answer with only the final answer and nothing else. Put your final answer between double brackets.

[l m z o] [l m z p]
[o z m l k j i h] [


--- TARGET LETTERS ---

['o', 'z', 'm', 'l', 'k', 'j', 'i', 'q']
Full Qwen output: [ o z m l k j i h ] [ o z m l k j i h ]
trial 2 of 10...
trial 3 of 10...
trial 4 of 10...
trial 5 of 10...
trial 6 of 10...
trial 7 of 10...
trial 8 of 10...
trial 9 of 10...
trial 10 of 10...
Problem type: 2gen_split2 - 8/20
trial 1 of 10...

=== PROMPT ===

System message: You are able to solve letter-string analogies

User message: Use the following alphabet to complete the pattern.

a g c d e f q h i j k l m z o p n r s t u v w x y b

Note that the alphabet may be in an unfamiliar order. Complete the pattern using this order. Answer with only the final answer and nothing else. Put your final answer between double brackets.

[z o o p n r] [z o p n r]
[16 18 18 20 22 24] [


--- TARGET LETTERS ---

[np.int64(16), np.int64(18), np.int64(20), np.int64(22), np.int64(24)]
Full Qwen output: [16 18 18 20 22 24] [16 18 20 22 24]
trial 2 of 10...
trial 3 of 10...
trial 4 of 10...
trial 5 of 10...
trial 6 of 10...
trial 7 of 10...
trial 8 of 10...
trial 9 of 10...
trial 10 of 10...
Problem type: 2gen_split3 - 9/20
trial 1 of 10...

=== PROMPT ===

System message: You are able to solve letter-string analogies

User message: Use the following alphabet to complete the pattern.

a g c d e f q h i j k l m z o p n r s t u v w x y b

Note that the alphabet may be in an unfamiliar order. Complete the pattern using this order. Answer with only the final answer and nothing else. Put your final answer between double brackets.

[q h i j] [q h i k]
[11 11 12 12 13 13 14 14] [


--- TARGET LETTERS ---

[np.int64(11), np.int64(11), np.int64(12), np.int64(12), np.int64(13), np.int64(13), np.int64(15), np.int64(15)]
Full Qwen output: [11 11 12 12 13 13 14 14] [11 11 12 12 13 13 14 14]
trial 2 of 10...
trial 3 of 10...
trial 4 of 10...
trial 5 of 10...
trial 6 of 10...
trial 7 of 10...
trial 8 of 10...
trial 9 of 10...
trial 10 of 10...
Problem type: 2gen_split4 - 10/20
trial 1 of 10...

=== PROMPT ===

System message: You are able to solve letter-string analogies

User message: Use the following alphabet to complete the pattern.

a g c d e f q h i j k l m z o p n r s t u v w x y b

Note that the alphabet may be in an unfamiliar order. Complete the pattern using this order. Answer with only the final answer and nothing else. Put your final answer between double brackets.

[e f q h] [e f q i]
[n n p p o o z z] [


--- TARGET LETTERS ---

['n', 'n', 'p', 'p', 'o', 'o', 'm', 'm']
Full Qwen output: [ n n p p o o z z ] [ n n p p o o z z ]
trial 2 of 10...
trial 3 of 10...
trial 4 of 10...
trial 5 of 10...
trial 6 of 10...
trial 7 of 10...
trial 8 of 10...
trial 9 of 10...
trial 10 of 10...
Problem type: 2gen_split5 - 11/20
trial 1 of 10...

=== PROMPT ===

System message: You are able to solve letter-string analogies

User message: Use the following alphabet to complete the pattern.

a g c d e f q h i j k l m z o p n r s t u v w x y b

Note that the alphabet may be in an unfamiliar order. Complete the pattern using this order. Answer with only the final answer and nothing else. Put your final answer between double brackets.

[o p n r] [z p n r]
[h h j j l l z z] [


--- TARGET LETTERS ---

['f', 'f', 'j', 'j', 'l', 'l', 'z', 'z']
Full Qwen output: [ o p n r ] [ z p n r ]  
[ h h j j l l z z ] [ **o o n n r r z z** ]  

[[o o n n r r z z]]
Filtered Qwen output: o o n n r r z z
trial 2 of 10...
trial 3 of 10...
trial 4 of 10...
trial 5 of 10...
trial 6 of 10...
trial 7 of 10...
trial 8 of 10...
trial 9 of 10...
trial 10 of 10...
Problem type: 2gen_split6 - 12/20
trial 1 of 10...

=== PROMPT ===

System message: You are able to solve letter-string analogies

User message: Use the following alphabet to complete the pattern.

a g c d e f q h i j k l m z o p n r s t u v w x y b

Note that the alphabet may be in an unfamiliar order. Complete the pattern using this order. Answer with only the final answer and nothing else. Put your final answer between double brackets.

[i j k l l m] [i j k l m]
[5 0 6 0 7 0 8 0 9 0 9 0] [


--- TARGET LETTERS ---

[np.int64(5), '0', np.int64(6), '0', np.int64(7), '0', np.int64(8), '0', np.int64(9), '0']
Full Qwen output: [5 0 6 0 7 0 8 0 9 0 9 0] [5 0 6 0 7 0 8 0 9 0 9 0]
trial 2 of 10...
trial 3 of 10...
trial 4 of 10...
trial 5 of 10...
trial 6 of 10...
trial 7 of 10...
trial 8 of 10...
trial 9 of 10...
trial 10 of 10...
Problem type: 2gensplit7 - 13/20
trial 1 of 10...

=== PROMPT ===

System message: You are able to solve letter-string analogies

User message: Use the following alphabet to complete the pattern.

a g c d e f q h i j k l m z o p n r s t u v w x y b

Note that the alphabet may be in an unfamiliar order. Complete the pattern using this order. Answer with only the final answer and nothing else. Put your final answer between double brackets.

[m z o o p n] [m z o p n]
[a c e q i k m o o n] [


--- TARGET LETTERS ---

['a', 'c', 'e', 'q', 'i', 'k', 'm', 'o', 'n']
Full Qwen output: [moon] [moon]
trial 2 of 10...
trial 3 of 10...
trial 4 of 10...
trial 5 of 10...
trial 6 of 10...
trial 7 of 10...
trial 8 of 10...
trial 9 of 10...
trial 10 of 10...
Problem type: 3gen_split1 - 14/20
trial 1 of 10...

=== PROMPT ===

System message: You are able to solve letter-string analogies

User message: Use the following alphabet to complete the pattern.

a g c d e f q h i j k l m z o p n r s t u v w x y b

Note that the alphabet may be in an unfamiliar order. Complete the pattern using this order. Answer with only the final answer and nothing else. Put your final answer between double brackets.

[i j k l] [i j k l m]
[b x v t r p z l] [


--- TARGET LETTERS ---

['b', 'x', 'v', 't', 'r', 'p', 'z', 'l', 'j']
Full Qwen output: [ b x v t r p z l ] [ b x v t r p z l m ]
trial 2 of 10...
trial 3 of 10...
trial 4 of 10...
trial 5 of 10...
trial 6 of 10...
trial 7 of 10...
trial 8 of 10...
trial 9 of 10...
trial 10 of 10...
Problem type: 3gen_split2 - 15/20
trial 1 of 10...

=== PROMPT ===

System message: You are able to solve letter-string analogies

User message: Use the following alphabet to complete the pattern.

a g c d e f q h i j k l m z o p n r s t u v w x y b

Note that the alphabet may be in an unfamiliar order. Complete the pattern using this order. Answer with only the final answer and nothing else. Put your final answer between double brackets.

[n r e t u] [n r s t u]
[26 26 5 5 4 4 3 3 2 2] [


--- TARGET LETTERS ---

[np.int64(6), np.int64(6), np.int64(5), np.int64(5), np.int64(4), np.int64(4), np.int64(3), np.int64(3), np.int64(2), np.int64(2)]
Full Qwen output: [26 26 5 5 4 4 3 3 2 2] [26 26 5 5 4 4 3 3 2 2]  
[[26 26 5 5 4 4 3 3 2 2]]
Filtered Qwen output: 26 26 5 5 4 4 3 3 2 2
trial 2 of 10...
trial 3 of 10...
trial 4 of 10...
trial 5 of 10...
trial 6 of 10...
trial 7 of 10...
trial 8 of 10...
trial 9 of 10...
trial 10 of 10...
Problem type: 3gen_split3 - 16/20
trial 1 of 10...

=== PROMPT ===

System message: You are able to solve letter-string analogies

User message: Use the following alphabet to complete the pattern.

a g c d e f q h i j k l m z o p n r s t u v w x y b

Note that the alphabet may be in an unfamiliar order. Complete the pattern using this order. Answer with only the final answer and nothing else. Put your final answer between double brackets.

[j c l m z] [j k l m z]
[14 14 15 15 5 5 17 17 18 18 19 19 20 20 21 21 22 22] [


--- TARGET LETTERS ---

[np.int64(14), np.int64(14), np.int64(15), np.int64(15), np.int64(16), np.int64(16), np.int64(17), np.int64(17), np.int64(18), np.int64(18), np.int64(19), np.int64(19), np.int64(20), np.int64(20), np.int64(21), np.int64(21), np.int64(22), np.int64(22)]
Full Qwen output: [14 14 15 15 5 5 17 17 18 18 19 19 20 20 21 21 22 22] [14 14 15 15 5 5 17 17 18 18 19 19 20 20 21 21 22 22]
trial 2 of 10...
trial 3 of 10...
trial 4 of 10...
trial 5 of 10...
trial 6 of 10...
trial 7 of 10...
trial 8 of 10...
trial 9 of 10...
trial 10 of 10...
Problem type: 3gen_split4 - 17/20
trial 1 of 10...

=== PROMPT ===

System message: You are able to solve letter-string analogies

User message: Use the following alphabet to complete the pattern.

a g c d e f q h i j k l m z o p n r s t u v w x y b

Note that the alphabet may be in an unfamiliar order. Complete the pattern using this order. Answer with only the final answer and nothing else. Put your final answer between double brackets.

[d e f q h h] [d e f q h]
[26 0 25 0 24 0 24 0 23 0 22 0] [


--- TARGET LETTERS ---

[np.int64(26), '0', np.int64(25), '0', np.int64(24), '0', np.int64(23), '0', np.int64(22), '0']
Full Qwen output: [26 0 25 0 24 0 24 0 23 0 22 0] [26 0 25 0 24 0 24 0 23 0 22 0]
trial 2 of 10...
trial 3 of 10...
trial 4 of 10...
trial 5 of 10...
trial 6 of 10...
trial 7 of 10...
trial 8 of 10...
trial 9 of 10...
trial 10 of 10...
Problem type: 3gen_split5 - 18/20
trial 1 of 10...

=== PROMPT ===

System message: You are able to solve letter-string analogies

User message: Use the following alphabet to complete the pattern.

a g c d e f q h i j k l m z o p n r s t u v w x y b

Note that the alphabet may be in an unfamiliar order. Complete the pattern using this order. Answer with only the final answer and nothing else. Put your final answer between double brackets.

[j k l m] [j k l z]
[e e x x d d x x c c x x g g x x] [


--- TARGET LETTERS ---

['e', 'e', 'x', 'x', 'd', 'd', 'x', 'x', 'c', 'c', 'x', 'x', 'a', 'a', 'x', 'x']
Full Qwen output: [ j k l m ] [ j k l z ] [ e e x x d d x x c c x x g g x x ] [ m z o p ]
trial 2 of 10...
trial 3 of 10...
trial 4 of 10...
trial 5 of 10...
trial 6 of 10...
trial 7 of 10...
trial 8 of 10...
trial 9 of 10...
trial 10 of 10...
Problem type: 3gen_split6 - 19/20
trial 1 of 10...

=== PROMPT ===

System message: You are able to solve letter-string analogies

User message: Use the following alphabet to complete the pattern.

a g c d e f q h i j k l m z o p n r s t u v w x y b

Note that the alphabet may be in an unfamiliar order. Complete the pattern using this order. Answer with only the final answer and nothing else. Put your final answer between double brackets.

[l m z o] [l m z o p]
[23 21 19 17] [


--- TARGET LETTERS ---

[np.int64(23), np.int64(21), np.int64(19), np.int64(17), np.int64(15)]
Full Qwen output: [23 21 19 17 15]
trial 2 of 10...
trial 3 of 10...
trial 4 of 10...
trial 5 of 10...
trial 6 of 10...
trial 7 of 10...
trial 8 of 10...
trial 9 of 10...
trial 10 of 10...
Problem type: 3gensplit7 - 20/20
trial 1 of 10...

=== PROMPT ===

System message: You are able to solve letter-string analogies

User message: Use the following alphabet to complete the pattern.

a g c d e f q h i j k l m z o p n r s t u v w x y b

Note that the alphabet may be in an unfamiliar order. Complete the pattern using this order. Answer with only the final answer and nothing else. Put your final answer between double brackets.

[r s t u] [n s t u]
[25 0 24 0 23 0 22 0] [


--- TARGET LETTERS ---

[np.int64(26), '0', np.int64(24), '0', np.int64(23), '0', np.int64(22), '0']
Full Qwen output: [25 0 24 0 23 0 22 0] [25 0 24 0 23 0 22 0]  
[[25 0 24 0 23 0 22 0]]
Filtered Qwen output: 25 0 24 0 23 0 22 0
trial 2 of 10...
trial 3 of 10...
trial 4 of 10...
trial 5 of 10...
trial 6 of 10...
trial 7 of 10...
trial 8 of 10...
trial 9 of 10...
trial 10 of 10...
alph_4
a b c d f k g h i j r l m n o e q p s t u v w x y z
Problem type: larger_int - 1/20
trial 1 of 10...

=== PROMPT ===

System message: You are able to solve letter-string analogies

User message: Use the following alphabet to complete the pattern.

a b c d f k g h i j r l m n o e q p s t u v w x y z

Note that the alphabet may be in an unfamiliar order. Complete the pattern using this order. Answer with only the final answer and nothing else. Put your final answer between double brackets.

[s t u v] [p t u v]
[f g i r] [


--- TARGET LETTERS ---

['c', 'g', 'i', 'r']
Full Qwen output: [ f g i r ] [ p q s t ]
trial 2 of 10...
trial 3 of 10...
trial 4 of 10...
trial 5 of 10...
trial 6 of 10...
trial 7 of 10...
trial 8 of 10...
trial 9 of 10...
trial 10 of 10...
Problem type: longer_targ - 2/20
trial 1 of 10...

=== PROMPT ===

System message: You are able to solve letter-string analogies

User message: Use the following alphabet to complete the pattern.

a b c d f k g h i j r l m n o e q p s t u v w x y z

Note that the alphabet may be in an unfamiliar order. Complete the pattern using this order. Answer with only the final answer and nothing else. Put your final answer between double brackets.

[a b c d] [a b c f]
[j r l m n o e q] [


--- TARGET LETTERS ---

['j', 'r', 'l', 'm', 'n', 'o', 'e', 'p']
Full Qwen output: [ j r l m n o e q p ]
trial 2 of 10...
trial 3 of 10...
trial 4 of 10...
trial 5 of 10...
trial 6 of 10...
trial 7 of 10...
trial 8 of 10...
trial 9 of 10...
trial 10 of 10...
Problem type: group - 3/20
trial 1 of 10...

=== PROMPT ===

System message: You are able to solve letter-string analogies

User message: Use the following alphabet to complete the pattern.

a b c d f k g h i j r l m n o e q p s t u v w x y z

Note that the alphabet may be in an unfamiliar order. Complete the pattern using this order. Answer with only the final answer and nothing else. Put your final answer between double brackets.

[p u t s v] [p s t u v]
[d d k k f f g g h h] [


--- TARGET LETTERS ---

['d', 'd', 'f', 'f', 'k', 'k', 'g', 'g', 'h', 'h']
Full Qwen output: [ d d k k f f g g h h ] [ d d k k f f g g h h ]
trial 2 of 10...
trial 3 of 10...
trial 4 of 10...
trial 5 of 10...
trial 6 of 10...
trial 7 of 10...
trial 8 of 10...
trial 9 of 10...
trial 10 of 10...
Problem type: interleaved - 4/20
trial 1 of 10...

=== PROMPT ===

System message: You are able to solve letter-string analogies

User message: Use the following alphabet to complete the pattern.

a b c d f k g h i j r l m n o e q p s t u v w x y z

Note that the alphabet may be in an unfamiliar order. Complete the pattern using this order. Answer with only the final answer and nothing else. Put your final answer between double brackets.

[g h i j] [g h i j r]
[r x l x m x n x] [


--- TARGET LETTERS ---

['r', 'x', 'l', 'x', 'm', 'x', 'n', 'x', 'o', 'x']
Full Qwen output: [ r x l x m x n x o ]
trial 2 of 10...
trial 3 of 10...
trial 4 of 10...
trial 5 of 10...
trial 6 of 10...
trial 7 of 10...
trial 8 of 10...
trial 9 of 10...
trial 10 of 10...
Problem type: letter2num - 5/20
trial 1 of 10...

=== PROMPT ===

System message: You are able to solve letter-string analogies

User message: Use the following alphabet to complete the pattern.

a b c d f k g h i j r l m n o e q p s t u v w x y z

Note that the alphabet may be in an unfamiliar order. Complete the pattern using this order. Answer with only the final answer and nothing else. Put your final answer between double brackets.

[o e q p] [n e q p]
[20 21 22 23] [


--- TARGET LETTERS ---

[np.int64(19), np.int64(21), np.int64(22), np.int64(23)]
Full Qwen output: [20 21 22 23] [13 21 22 23]
trial 2 of 10...
trial 3 of 10...
trial 4 of 10...
trial 5 of 10...
trial 6 of 10...
trial 7 of 10...
trial 8 of 10...
trial 9 of 10...
trial 10 of 10...
Problem type: reverse - 6/20
trial 1 of 10...

=== PROMPT ===

System message: You are able to solve letter-string analogies

User message: Use the following alphabet to complete the pattern.

a b c d f k g h i j r l m n o e q p s t u v w x y z

Note that the alphabet may be in an unfamiliar order. Complete the pattern using this order. Answer with only the final answer and nothing else. Put your final answer between double brackets.

[q p s t] [q p s t u]
[f d c b] [


--- TARGET LETTERS ---

['f', 'd', 'c', 'b', 'a']
Full Qwen output: [[f d c b a]]
Filtered Qwen output: f d c b a
trial 2 of 10...
trial 3 of 10...
trial 4 of 10...
trial 5 of 10...
trial 6 of 10...
trial 7 of 10...
trial 8 of 10...
trial 9 of 10...
trial 10 of 10...
Problem type: 2gen_split1 - 7/20
trial 1 of 10...

=== PROMPT ===

System message: You are able to solve letter-string analogies

User message: Use the following alphabet to complete the pattern.

a b c d f k g h i j r l m n o e q p s t u v w x y z

Note that the alphabet may be in an unfamiliar order. Complete the pattern using this order. Answer with only the final answer and nothing else. Put your final answer between double brackets.

[f k g h] [f k g h i]
[22 22 23 23 24 24 25 25] [


--- TARGET LETTERS ---

[np.int64(22), np.int64(22), np.int64(23), np.int64(23), np.int64(24), np.int64(24), np.int64(25), np.int64(25), np.int64(26), np.int64(26)]
Full Qwen output: [22 22 23 23 24 24 25 25 26]
trial 2 of 10...
trial 3 of 10...
trial 4 of 10...
trial 5 of 10...
trial 6 of 10...
trial 7 of 10...
trial 8 of 10...
trial 9 of 10...
trial 10 of 10...
Problem type: 2gen_split2 - 8/20
trial 1 of 10...

=== PROMPT ===

System message: You are able to solve letter-string analogies

User message: Use the following alphabet to complete the pattern.

a b c d f k g h i j r l m n o e q p s t u v w x y z

Note that the alphabet may be in an unfamiliar order. Complete the pattern using this order. Answer with only the final answer and nothing else. Put your final answer between double brackets.

[p s t t u v] [p s t u v]
[a a b b c c d d f f k k k k g g h h i i] [


--- TARGET LETTERS ---

['a', 'a', 'b', 'b', 'c', 'c', 'd', 'd', 'f', 'f', 'k', 'k', 'g', 'g', 'h', 'h', 'i', 'i']
Full Qwen output: [ p s t u v w x y z ] [ a a b b c c d d f f k k l l m m n n o o e e q q p p s s t t u u v v w w x x y y z z ]
trial 2 of 10...
trial 3 of 10...
trial 4 of 10...
trial 5 of 10...
trial 6 of 10...
trial 7 of 10...
trial 8 of 10...
trial 9 of 10...
trial 10 of 10...
Problem type: 2gen_split3 - 9/20
trial 1 of 10...

=== PROMPT ===

System message: You are able to solve letter-string analogies

User message: Use the following alphabet to complete the pattern.

a b c d f k g h i j r l m n o e q p s t u v w x y z

Note that the alphabet may be in an unfamiliar order. Complete the pattern using this order. Answer with only the final answer and nothing else. Put your final answer between double brackets.

[m n o e] [l n o e]
[j j i i h h g g] [


--- TARGET LETTERS ---

['r', 'r', 'i', 'i', 'h', 'h', 'g', 'g']
Full Qwen output: [ f f e e d d c c ]
trial 2 of 10...
trial 3 of 10...
trial 4 of 10...
trial 5 of 10...
trial 6 of 10...
trial 7 of 10...
trial 8 of 10...
trial 9 of 10...
trial 10 of 10...
Problem type: 2gen_split4 - 10/20
trial 1 of 10...

=== PROMPT ===

System message: You are able to solve letter-string analogies

User message: Use the following alphabet to complete the pattern.

a b c d f k g h i j r l m n o e q p s t u v w x y z

Note that the alphabet may be in an unfamiliar order. Complete the pattern using this order. Answer with only the final answer and nothing else. Put your final answer between double brackets.

[q p z t u] [q p s t u]
[j l n c p t v x z] [


--- TARGET LETTERS ---

['j', 'l', 'n', 'e', 'p', 't', 'v', 'x', 'z']
Full Qwen output: [ j l n c p t v x z ] [ j l n c p t v x a ]
trial 2 of 10...
trial 3 of 10...
trial 4 of 10...
trial 5 of 10...
trial 6 of 10...
trial 7 of 10...
trial 8 of 10...
trial 9 of 10...
trial 10 of 10...
Problem type: 2gen_split5 - 11/20
trial 1 of 10...

=== PROMPT ===

System message: You are able to solve letter-string analogies

User message: Use the following alphabet to complete the pattern.

a b c d f k g h i j r l m n o e q p s t u v w x y z

Note that the alphabet may be in an unfamiliar order. Complete the pattern using this order. Answer with only the final answer and nothing else. Put your final answer between double brackets.

[d f k k g h] [d f k g h]
[17 17 18 18 19 19 19 19 20 20 21 21] [


--- TARGET LETTERS ---

[np.int64(17), np.int64(17), np.int64(18), np.int64(18), np.int64(19), np.int64(19), np.int64(20), np.int64(20), np.int64(21), np.int64(21)]
Full Qwen output: [17 17 18 18 19 19 19 19 20 20 21 21] [17 17 18 18 19 19 19 19 20 20 21 21]
trial 2 of 10...
trial 3 of 10...
trial 4 of 10...
trial 5 of 10...
trial 6 of 10...
trial 7 of 10...
trial 8 of 10...
trial 9 of 10...
trial 10 of 10...
Problem type: 2gen_split6 - 12/20
trial 1 of 10...

=== PROMPT ===

System message: You are able to solve letter-string analogies

User message: Use the following alphabet to complete the pattern.

a b c d f k g h i j r l m n o e q p s t u v w x y z

Note that the alphabet may be in an unfamiliar order. Complete the pattern using this order. Answer with only the final answer and nothing else. Put your final answer between double brackets.

[f k g h] [f k g i]
[s x p x q x e x] [


--- TARGET LETTERS ---

['s', 'x', 'p', 'x', 'q', 'x', 'o', 'x']
Full Qwen output: [ s x p x q x e x ] [ s x p x q x e y ]
trial 2 of 10...
trial 3 of 10...
trial 4 of 10...
trial 5 of 10...
trial 6 of 10...
trial 7 of 10...
trial 8 of 10...
trial 9 of 10...
trial 10 of 10...
Problem type: 2gensplit7 - 13/20
trial 1 of 10...

=== PROMPT ===

System message: You are able to solve letter-string analogies

User message: Use the following alphabet to complete the pattern.

a b c d f k g h i j r l m n o e q p s t u v w x y z

Note that the alphabet may be in an unfamiliar order. Complete the pattern using this order. Answer with only the final answer and nothing else. Put your final answer between double brackets.

[u v w x] [u v w y]
[22 21 20 19] [


--- TARGET LETTERS ---

[np.int64(22), np.int64(21), np.int64(20), np.int64(18)]
Full Qwen output: [22 21 20 18]
trial 2 of 10...
trial 3 of 10...
trial 4 of 10...
trial 5 of 10...
trial 6 of 10...
trial 7 of 10...
trial 8 of 10...
trial 9 of 10...
trial 10 of 10...
Problem type: 3gen_split1 - 14/20
trial 1 of 10...

=== PROMPT ===

System message: You are able to solve letter-string analogies

User message: Use the following alphabet to complete the pattern.

a b c d f k g h i j r l m n o e q p s t u v w x y z

Note that the alphabet may be in an unfamiliar order. Complete the pattern using this order. Answer with only the final answer and nothing else. Put your final answer between double brackets.

[j r l m t] [j r l m n]
[e x n x t x j x h x] [


--- TARGET LETTERS ---

['e', 'x', 'n', 'x', 'l', 'x', 'j', 'x', 'h', 'x']
Full Qwen output: [ j r l m t ] [ j r l m n ]  
[ e x n x t x j x h x ] [ e x n x t x j x h x ]  

The pattern repeats the first part of the sequence. The final answer is:  
[[e x n x t x j x h x]]
Filtered Qwen output: e x n x t x j x h x
trial 2 of 10...
trial 3 of 10...
trial 4 of 10...
trial 5 of 10...
trial 6 of 10...
trial 7 of 10...
trial 8 of 10...
trial 9 of 10...
trial 10 of 10...
Problem type: 3gen_split2 - 15/20
trial 1 of 10...

=== PROMPT ===

System message: You are able to solve letter-string analogies

User message: Use the following alphabet to complete the pattern.

a b c d f k g h i j r l m n o e q p s t u v w x y z

Note that the alphabet may be in an unfamiliar order. Complete the pattern using this order. Answer with only the final answer and nothing else. Put your final answer between double brackets.

[p s t u j] [p s t u v]
[p p e e n n u u j j] [


--- TARGET LETTERS ---

['p', 'p', 'e', 'e', 'n', 'n', 'l', 'l', 'j', 'j']
Full Qwen output: [ p p e e n n u u j j ] [ p p e e n n u u j j v v ]
trial 2 of 10...
trial 3 of 10...
trial 4 of 10...
trial 5 of 10...
trial 6 of 10...
trial 7 of 10...
trial 8 of 10...
trial 9 of 10...
trial 10 of 10...
Problem type: 3gen_split3 - 16/20
trial 1 of 10...

=== PROMPT ===

System message: You are able to solve letter-string analogies

User message: Use the following alphabet to complete the pattern.

a b c d f k g h i j r l m n o e q p s t u v w x y z

Note that the alphabet may be in an unfamiliar order. Complete the pattern using this order. Answer with only the final answer and nothing else. Put your final answer between double brackets.

[l i n o e] [l m n o e]
[17 0 7 0 9 0 11 0 13 0] [


--- TARGET LETTERS ---

[np.int64(5), '0', np.int64(7), '0', np.int64(9), '0', np.int64(11), '0', np.int64(13), '0']
Full Qwen output: [17 0 7 0 9 0 11 0 13 0] [17 0 7 0 9 0 11 0 13 0]
trial 2 of 10...
trial 3 of 10...
trial 4 of 10...
trial 5 of 10...
trial 6 of 10...
trial 7 of 10...
trial 8 of 10...
trial 9 of 10...
trial 10 of 10...
Problem type: 3gen_split4 - 17/20
trial 1 of 10...

=== PROMPT ===

System message: You are able to solve letter-string analogies

User message: Use the following alphabet to complete the pattern.

a b c d f k g h i j r l m n o e q p s t u v w x y z

Note that the alphabet may be in an unfamiliar order. Complete the pattern using this order. Answer with only the final answer and nothing else. Put your final answer between double brackets.

[e q p s] [e q p t]
[l l x x m m x x n n x x o o x x e e x x q q x x p p x x s s x x] [


--- TARGET LETTERS ---

['l', 'l', 'x', 'x', 'm', 'm', 'x', 'x', 'n', 'n', 'x', 'x', 'o', 'o', 'x', 'x', 'e', 'e', 'x', 'x', 'q', 'q', 'x', 'x', 'p', 'p', 'x', 'x', 't', 't', 'x', 'x']
Full Qwen output: [ e q p s ] [ e q p t ] [ l l x x m m x x n n x x o o x x e e x x q q x x p p x x s s x x ] [ l l x x ]
trial 2 of 10...
trial 3 of 10...
trial 4 of 10...
trial 5 of 10...
trial 6 of 10...
trial 7 of 10...
trial 8 of 10...
trial 9 of 10...
trial 10 of 10...
Problem type: 3gen_split5 - 18/20
trial 1 of 10...

=== PROMPT ===

System message: You are able to solve letter-string analogies

User message: Use the following alphabet to complete the pattern.

a b c d f k g h i j r l m n o e q p s t u v w x y z

Note that the alphabet may be in an unfamiliar order. Complete the pattern using this order. Answer with only the final answer and nothing else. Put your final answer between double brackets.

[n o o e q p] [n o e q p]
[v t p e n l j j h k] [


--- TARGET LETTERS ---

['v', 't', 'p', 'e', 'n', 'l', 'j', 'h', 'k']
Full Qwen output: [nooeqp] [noeqp]  
[vtpenljjhk] [vtpenljjhk]  

[[vtpenljjhk]]
Filtered Qwen output: vtpenljjhk
trial 2 of 10...
trial 3 of 10...
trial 4 of 10...
trial 5 of 10...
trial 6 of 10...
trial 7 of 10...
trial 8 of 10...
trial 9 of 10...
trial 10 of 10...
Problem type: 3gen_split6 - 19/20
trial 1 of 10...

=== PROMPT ===

System message: You are able to solve letter-string analogies

User message: Use the following alphabet to complete the pattern.

a b c d f k g h i j r l m n o e q p s t u v w x y z

Note that the alphabet may be in an unfamiliar order. Complete the pattern using this order. Answer with only the final answer and nothing else. Put your final answer between double brackets.

[f k g h] [d k g h]
[19 19 0 0 20 20 0 0 21 21 0 0 22 22 0 0] [


--- TARGET LETTERS ---

[np.int64(18), np.int64(18), '0', '0', np.int64(20), np.int64(20), '0', '0', np.int64(21), np.int64(21), '0', '0', np.int64(22), np.int64(22), '0', '0']
Full Qwen output: [19 19 0 0 20 20 0 0 21 21 0 0 22 22 0 0] [19 19 0 0 20 20 0 0 21 21 0 0 22 22 0 0]
trial 2 of 10...
trial 3 of 10...
trial 4 of 10...
trial 5 of 10...
trial 6 of 10...
trial 7 of 10...
trial 8 of 10...
trial 9 of 10...
trial 10 of 10...
Problem type: 3gensplit7 - 20/20
trial 1 of 10...

=== PROMPT ===

System message: You are able to solve letter-string analogies

User message: Use the following alphabet to complete the pattern.

a b c d f k g h i j r l m n o e q p s t u v w x y z

Note that the alphabet may be in an unfamiliar order. Complete the pattern using this order. Answer with only the final answer and nothing else. Put your final answer between double brackets.

[a b c d] [a b c f]
[j j l l n n e e p p t t v v x x] [


--- TARGET LETTERS ---

['j', 'j', 'l', 'l', 'n', 'n', 'e', 'e', 'p', 'p', 't', 't', 'v', 'v', 'z', 'z']
Full Qwen output: [ j j l l n n e e p p t t v v x x ] [ j j l l n n e e p p t t v v x x ]
trial 2 of 10...
trial 3 of 10...
trial 4 of 10...
trial 5 of 10...
trial 6 of 10...
trial 7 of 10...
trial 8 of 10...
trial 9 of 10...
trial 10 of 10...
alph_5
a b c d e f g h k j z l m n o p q r s t u y w x v i
Problem type: larger_int - 1/20
trial 1 of 10...

=== PROMPT ===

System message: You are able to solve letter-string analogies

User message: Use the following alphabet to complete the pattern.

a b c d e f g h k j z l m n o p q r s t u y w x v i

Note that the alphabet may be in an unfamiliar order. Complete the pattern using this order. Answer with only the final answer and nothing else. Put your final answer between double brackets.

[m m n o p q] [m n o p q]
[r r t y x i] [


--- TARGET LETTERS ---

['r', 't', 'y', 'x', 'i']
Full Qwen output: [ r t y x i ] [ t y x i ]
trial 2 of 10...
trial 3 of 10...
trial 4 of 10...
trial 5 of 10...
trial 6 of 10...
trial 7 of 10...
trial 8 of 10...
trial 9 of 10...
trial 10 of 10...
Problem type: longer_targ - 2/20
trial 1 of 10...

=== PROMPT ===

System message: You are able to solve letter-string analogies

User message: Use the following alphabet to complete the pattern.

a b c d e f g h k j z l m n o p q r s t u y w x v i

Note that the alphabet may be in an unfamiliar order. Complete the pattern using this order. Answer with only the final answer and nothing else. Put your final answer between double brackets.

[o p q r] [o p q s]
[r s t u y w x v] [


--- TARGET LETTERS ---

['r', 's', 't', 'u', 'y', 'w', 'x', 'i']
Full Qwen output: [ r s t u y w x v ] [ r s t u y w x i ]
trial 2 of 10...
trial 3 of 10...
trial 4 of 10...
trial 5 of 10...
trial 6 of 10...
trial 7 of 10...
trial 8 of 10...
trial 9 of 10...
trial 10 of 10...
Problem type: group - 3/20
trial 1 of 10...

=== PROMPT ===

System message: You are able to solve letter-string analogies

User message: Use the following alphabet to complete the pattern.

a b c d e f g h k j z l m n o p q r s t u y w x v i

Note that the alphabet may be in an unfamiliar order. Complete the pattern using this order. Answer with only the final answer and nothing else. Put your final answer between double brackets.

[b l m n o] [z l m n o]
[m m n n o o p p j j] [


--- TARGET LETTERS ---

['m', 'm', 'n', 'n', 'o', 'o', 'p', 'p', 'q', 'q']
Full Qwen output: [[p p q q r r s s t t u u v v w w x x y y]]
Filtered Qwen output: p p q q r r s s t t u u v v w w x x y y
trial 2 of 10...
trial 3 of 10...
trial 4 of 10...
trial 5 of 10...
trial 6 of 10...
trial 7 of 10...
trial 8 of 10...
trial 9 of 10...
trial 10 of 10...
Problem type: interleaved - 4/20
trial 1 of 10...

=== PROMPT ===

System message: You are able to solve letter-string analogies

User message: Use the following alphabet to complete the pattern.

a b c d e f g h k j z l m n o p q r s t u y w x v i

Note that the alphabet may be in an unfamiliar order. Complete the pattern using this order. Answer with only the final answer and nothing else. Put your final answer between double brackets.

[t u y w] [t u y w x]
[h x k x j x z x] [


--- TARGET LETTERS ---

['h', 'x', 'k', 'x', 'j', 'x', 'z', 'x', 'l', 'x']
Full Qwen output: [ h x k x j x z x ] [ h x k x j x z x v ]
trial 2 of 10...
trial 3 of 10...
trial 4 of 10...
trial 5 of 10...
trial 6 of 10...
trial 7 of 10...
trial 8 of 10...
trial 9 of 10...
trial 10 of 10...
Problem type: letter2num - 5/20
trial 1 of 10...

=== PROMPT ===

System message: You are able to solve letter-string analogies

User message: Use the following alphabet to complete the pattern.

a b c d e f g h k j z l m n o p q r s t u y w x v i

Note that the alphabet may be in an unfamiliar order. Complete the pattern using this order. Answer with only the final answer and nothing else. Put your final answer between double brackets.

[y w x v] [y w x v i]
[10 11 12 13] [


--- TARGET LETTERS ---

[np.int64(10), np.int64(11), np.int64(12), np.int64(13), np.int64(14)]
Full Qwen output: [10 11 12 13 14]
trial 2 of 10...
trial 3 of 10...
trial 4 of 10...
trial 5 of 10...
trial 6 of 10...
trial 7 of 10...
trial 8 of 10...
trial 9 of 10...
trial 10 of 10...
Problem type: reverse - 6/20
trial 1 of 10...

=== PROMPT ===

System message: You are able to solve letter-string analogies

User message: Use the following alphabet to complete the pattern.

a b c d e f g h k j z l m n o p q r s t u y w x v i

Note that the alphabet may be in an unfamiliar order. Complete the pattern using this order. Answer with only the final answer and nothing else. Put your final answer between double brackets.

[c d d e f g] [c d e f g]
[z j k k h g] [


--- TARGET LETTERS ---

['z', 'j', 'k', 'h', 'g']
Full Qwen output: [[z j k k h g]]
Filtered Qwen output: z j k k h g
trial 2 of 10...
trial 3 of 10...
trial 4 of 10...
trial 5 of 10...
trial 6 of 10...
trial 7 of 10...
trial 8 of 10...
trial 9 of 10...
trial 10 of 10...
Problem type: 2gen_split1 - 7/20
trial 1 of 10...

=== PROMPT ===

System message: You are able to solve letter-string analogies

User message: Use the following alphabet to complete the pattern.

a b c d e f g h k j z l m n o p q r s t u y w x v i

Note that the alphabet may be in an unfamiliar order. Complete the pattern using this order. Answer with only the final answer and nothing else. Put your final answer between double brackets.

[y w x v] [y w x v i]
[l l m m n n o o p p q q r r s s] [


--- TARGET LETTERS ---

['l', 'l', 'm', 'm', 'n', 'n', 'o', 'o', 'p', 'p', 'q', 'q', 'r', 'r', 's', 's', 't', 't']
Full Qwen output: [ l l m m n n o o p p q q r r s s t t ]
trial 2 of 10...
trial 3 of 10...
trial 4 of 10...
trial 5 of 10...
trial 6 of 10...
trial 7 of 10...
trial 8 of 10...
trial 9 of 10...
trial 10 of 10...
Problem type: 2gen_split2 - 8/20
trial 1 of 10...

=== PROMPT ===

System message: You are able to solve letter-string analogies

User message: Use the following alphabet to complete the pattern.

a b c d e f g h k j z l m n o p q r s t u y w x v i

Note that the alphabet may be in an unfamiliar order. Complete the pattern using this order. Answer with only the final answer and nothing else. Put your final answer between double brackets.

[e f g h] [e f g k]
[n n m m l l z z] [


--- TARGET LETTERS ---

['n', 'n', 'm', 'm', 'l', 'l', 'j', 'j']
Full Qwen output: [ n n m m l l z z ] [ n n m m l l z z ]
trial 2 of 10...
trial 3 of 10...
trial 4 of 10...
trial 5 of 10...
trial 6 of 10...
trial 7 of 10...
trial 8 of 10...
trial 9 of 10...
trial 10 of 10...
Problem type: 2gen_split3 - 9/20
trial 1 of 10...

=== PROMPT ===

System message: You are able to solve letter-string analogies

User message: Use the following alphabet to complete the pattern.

a b c d e f g h k j z l m n o p q r s t u y w x v i

Note that the alphabet may be in an unfamiliar order. Complete the pattern using this order. Answer with only the final answer and nothing else. Put your final answer between double brackets.

[g h k z j] [g h k j z]
[w x s x u x q x v x] [


--- TARGET LETTERS ---

['q', 'x', 's', 'x', 'u', 'x', 'w', 'x', 'v', 'x']
Full Qwen output: [[w x s x u x q x v x]]
Filtered Qwen output: w x s x u x q x v x
trial 2 of 10...
trial 3 of 10...
trial 4 of 10...
trial 5 of 10...
trial 6 of 10...
trial 7 of 10...
trial 8 of 10...
trial 9 of 10...
trial 10 of 10...
Problem type: 2gen_split4 - 10/20
trial 1 of 10...

=== PROMPT ===

System message: You are able to solve letter-string analogies

User message: Use the following alphabet to complete the pattern.

a b c d e f g h k j z l m n o p q r s t u y w x v i

Note that the alphabet may be in an unfamiliar order. Complete the pattern using this order. Answer with only the final answer and nothing else. Put your final answer between double brackets.

[e f g h] [e f g k]
[25 24 23 22] [


--- TARGET LETTERS ---

[np.int64(25), np.int64(24), np.int64(23), np.int64(21)]
Full Qwen output: [25 24 23 22] [25 24 23 21]  
[25 24 23 22] [25 24 23 21]  

[[25 24 23 21]]
Filtered Qwen output: 25 24 23 21
trial 2 of 10...
trial 3 of 10...
trial 4 of 10...
trial 5 of 10...
trial 6 of 10...
trial 7 of 10...
trial 8 of 10...
trial 9 of 10...
trial 10 of 10...
Problem type: 2gen_split5 - 11/20
trial 1 of 10...

=== PROMPT ===

System message: You are able to solve letter-string analogies

User message: Use the following alphabet to complete the pattern.

a b c d e f g h k j z l m n o p q r s t u y w x v i

Note that the alphabet may be in an unfamiliar order. Complete the pattern using this order. Answer with only the final answer and nothing else. Put your final answer between double brackets.

[g h k j] [g h k z]
[q q p p o o n n] [


--- TARGET LETTERS ---

['q', 'q', 'p', 'p', 'o', 'o', 'm', 'm']
Full Qwen output: [ q q p p o o n n ] [ q q p p o o n n ]
trial 2 of 10...
trial 3 of 10...
trial 4 of 10...
trial 5 of 10...
trial 6 of 10...
trial 7 of 10...
trial 8 of 10...
trial 9 of 10...
trial 10 of 10...
Problem type: 2gen_split6 - 12/20
trial 1 of 10...

=== PROMPT ===

System message: You are able to solve letter-string analogies

User message: Use the following alphabet to complete the pattern.

a b c d e f g h k j z l m n o p q r s t u y w x v i

Note that the alphabet may be in an unfamiliar order. Complete the pattern using this order. Answer with only the final answer and nothing else. Put your final answer between double brackets.

[l z j m n] [j z l m n]
[18 21 20 19 22 23 24 25 26] [


--- TARGET LETTERS ---

[np.int64(18), np.int64(19), np.int64(20), np.int64(21), np.int64(22), np.int64(23), np.int64(24), np.int64(25), np.int64(26)]
Full Qwen output: [18 21 20 19 22 23 24 25 26] [10 21 18 19 22]
trial 2 of 10...
trial 3 of 10...
trial 4 of 10...
trial 5 of 10...
trial 6 of 10...
trial 7 of 10...
trial 8 of 10...
trial 9 of 10...
trial 10 of 10...
Problem type: 2gensplit7 - 13/20
trial 1 of 10...

=== PROMPT ===

System message: You are able to solve letter-string analogies

User message: Use the following alphabet to complete the pattern.

a b c d e f g h k j z l m n o p q r s t u y w x v i

Note that the alphabet may be in an unfamiliar order. Complete the pattern using this order. Answer with only the final answer and nothing else. Put your final answer between double brackets.

[u y w x] [t y w x]
[t x y x x x i x] [


--- TARGET LETTERS ---

['r', 'x', 'y', 'x', 'x', 'x', 'i', 'x']
Full Qwen output: [ u y w x ] [ t y w x ]  
[ t x y x x x i x ] [ t x y x x x i x ]  

[[t x y x x x i x]]
Filtered Qwen output: t x y x x x i x
trial 2 of 10...
trial 3 of 10...
trial 4 of 10...
trial 5 of 10...
trial 6 of 10...
trial 7 of 10...
trial 8 of 10...
trial 9 of 10...
trial 10 of 10...
Problem type: 3gen_split1 - 14/20
trial 1 of 10...

=== PROMPT ===

System message: You are able to solve letter-string analogies

User message: Use the following alphabet to complete the pattern.

a b c d e f g h k j z l m n o p q r s t u y w x v i

Note that the alphabet may be in an unfamiliar order. Complete the pattern using this order. Answer with only the final answer and nothing else. Put your final answer between double brackets.

[h k j z] [h k j l]
[i i x x y y t t] [


--- TARGET LETTERS ---

['i', 'i', 'x', 'x', 'y', 'y', 'r', 'r']
Full Qwen output: [ i i x x y y t t ] [ i i x x y y t t ]
trial 2 of 10...
trial 3 of 10...
trial 4 of 10...
trial 5 of 10...
trial 6 of 10...
trial 7 of 10...
trial 8 of 10...
trial 9 of 10...
trial 10 of 10...
Problem type: 3gen_split2 - 15/20
trial 1 of 10...

=== PROMPT ===

System message: You are able to solve letter-string analogies

User message: Use the following alphabet to complete the pattern.

a b c d e f g h k j z l m n o p q r s t u y w x v i

Note that the alphabet may be in an unfamiliar order. Complete the pattern using this order. Answer with only the final answer and nothing else. Put your final answer between double brackets.

[q r s t] [p r s t]
[15 14 13 12 11 10 9 8] [


--- TARGET LETTERS ---

[np.int64(16), np.int64(14), np.int64(13), np.int64(12), np.int64(11), np.int64(10), np.int64(9), np.int64(8)]
Full Qwen output: [15 14 13 12 11 10 9 8] [15 14 13 12]
trial 2 of 10...
trial 3 of 10...
trial 4 of 10...
trial 5 of 10...
trial 6 of 10...
trial 7 of 10...
trial 8 of 10...
trial 9 of 10...
trial 10 of 10...
Problem type: 3gen_split3 - 16/20
trial 1 of 10...

=== PROMPT ===

System message: You are able to solve letter-string analogies

User message: Use the following alphabet to complete the pattern.

a b c d e f g h k j z l m n o p q r s t u y w x v i

Note that the alphabet may be in an unfamiliar order. Complete the pattern using this order. Answer with only the final answer and nothing else. Put your final answer between double brackets.

[k j z l] [k j z m]
[u s q o m z k g] [


--- TARGET LETTERS ---

['u', 's', 'q', 'o', 'm', 'z', 'k', 'e']
Full Qwen output: [ u s q o m z k g ] [ u s q o m z k h ]
trial 2 of 10...
trial 3 of 10...
trial 4 of 10...
trial 5 of 10...
trial 6 of 10...
trial 7 of 10...
trial 8 of 10...
trial 9 of 10...
trial 10 of 10...
Problem type: 3gen_split4 - 17/20
trial 1 of 10...

=== PROMPT ===

System message: You are able to solve letter-string analogies

User message: Use the following alphabet to complete the pattern.

a b c d e f g h k j z l m n o p q r s t u y w x v i

Note that the alphabet may be in an unfamiliar order. Complete the pattern using this order. Answer with only the final answer and nothing else. Put your final answer between double brackets.

[r f g h k] [e f g h k]
[26 25 17 23 22 21 20 19 18] [


--- TARGET LETTERS ---

[np.int64(26), np.int64(25), np.int64(24), np.int64(23), np.int64(22), np.int64(21), np.int64(20), np.int64(19), np.int64(18)]
Full Qwen output: [26 25 17 23 22 21 20 19 18] [26 25 17 23 22 21 20 19 18]
trial 2 of 10...
trial 3 of 10...
trial 4 of 10...
trial 5 of 10...
trial 6 of 10...
trial 7 of 10...
trial 8 of 10...
trial 9 of 10...
trial 10 of 10...
Problem type: 3gen_split5 - 18/20
trial 1 of 10...

=== PROMPT ===

System message: You are able to solve letter-string analogies

User message: Use the following alphabet to complete the pattern.

a b c d e f g h k j z l m n o p q r s t u y w x v i

Note that the alphabet may be in an unfamiliar order. Complete the pattern using this order. Answer with only the final answer and nothing else. Put your final answer between double brackets.

[h k j z l l] [h k j z l]
[i i x x i i x x v v x x x x x x w w x x y y x x] [


--- TARGET LETTERS ---

['i', 'i', 'x', 'x', 'v', 'v', 'x', 'x', 'x', 'x', 'x', 'x', 'w', 'w', 'x', 'x', 'y', 'y', 'x', 'x']
Full Qwen output: [ h k j z l m n o p q r s t u y w x v i ]
trial 2 of 10...
trial 3 of 10...
trial 4 of 10...
trial 5 of 10...
trial 6 of 10...
trial 7 of 10...
trial 8 of 10...
trial 9 of 10...
trial 10 of 10...
Problem type: 3gen_split6 - 19/20
trial 1 of 10...

=== PROMPT ===

System message: You are able to solve letter-string analogies

User message: Use the following alphabet to complete the pattern.

a b c d e f g h k j z l m n o p q r s t u y w x v i

Note that the alphabet may be in an unfamiliar order. Complete the pattern using this order. Answer with only the final answer and nothing else. Put your final answer between double brackets.

[y w x v] [y w x v i]
[r r x x s s x x t t x x u u x x y y x x w w x x x x x x v v x x] [


--- TARGET LETTERS ---

['r', 'r', 'x', 'x', 's', 's', 'x', 'x', 't', 't', 'x', 'x', 'u', 'u', 'x', 'x', 'y', 'y', 'x', 'x', 'w', 'w', 'x', 'x', 'x', 'x', 'x', 'x', 'v', 'v', 'x', 'x', 'i', 'i', 'x', 'x']
Full Qwen output: [ y w x v i ] [ r r x x s s x x t t x x u u x x y y x x w w x x x x x x v v x x ] [ r r x x s s x x t t x x u u x x y y x x w w x x x x x x v v x x ]
trial 2 of 10...
trial 3 of 10...
trial 4 of 10...
trial 5 of 10...
trial 6 of 10...
trial 7 of 10...
trial 8 of 10...
trial 9 of 10...
trial 10 of 10...
Problem type: 3gensplit7 - 20/20
trial 1 of 10...

=== PROMPT ===

System message: You are able to solve letter-string analogies

User message: Use the following alphabet to complete the pattern.

a b c d e f g h k j z l m n o p q r s t u y w x v i

Note that the alphabet may be in an unfamiliar order. Complete the pattern using this order. Answer with only the final answer and nothing else. Put your final answer between double brackets.

[y w x v] [y w x i]
[p p x x o o x x n n x x m m x x] [


--- TARGET LETTERS ---

['p', 'p', 'x', 'x', 'o', 'o', 'x', 'x', 'n', 'n', 'x', 'x', 'l', 'l', 'x', 'x']
Full Qwen output: [ y w x v ] [ y w x i ]  
[ p p x x o o x x n n x x m m x x ] [ l l x x ]  

[[l l x x]]
Filtered Qwen output: l l x x
trial 2 of 10...
trial 3 of 10...
trial 4 of 10...
trial 5 of 10...
trial 6 of 10...
trial 7 of 10...
trial 8 of 10...
trial 9 of 10...
trial 10 of 10...
alph_6
n b c d e f g h i j r l m a k p q o s t u v w x y z
Problem type: larger_int - 1/20
trial 1 of 10...

=== PROMPT ===

System message: You are able to solve letter-string analogies

User message: Use the following alphabet to complete the pattern.

n b c d e f g h i j r l m a k p q o s t u v w x y z

Note that the alphabet may be in an unfamiliar order. Complete the pattern using this order. Answer with only the final answer and nothing else. Put your final answer between double brackets.

[l m a k] [l m a p]
[a p o t] [


--- TARGET LETTERS ---

['a', 'p', 'o', 'v']
Full Qwen output: [[a p o t]]
Filtered Qwen output: a p o t
trial 2 of 10...
trial 3 of 10...
trial 4 of 10...
trial 5 of 10...
trial 6 of 10...
trial 7 of 10...
trial 8 of 10...
trial 9 of 10...
trial 10 of 10...
Problem type: longer_targ - 2/20
trial 1 of 10...

=== PROMPT ===

System message: You are able to solve letter-string analogies

User message: Use the following alphabet to complete the pattern.

n b c d e f g h i j r l m a k p q o s t u v w x y z

Note that the alphabet may be in an unfamiliar order. Complete the pattern using this order. Answer with only the final answer and nothing else. Put your final answer between double brackets.

[r l l m a k] [r l m a k]
[c d e f g h h i j r] [


--- TARGET LETTERS ---

['c', 'd', 'e', 'f', 'g', 'h', 'i', 'j', 'r']
Full Qwen output: [r l l m a k] [r l m a k]  
[c d e f g h h i j r] [c d e f g h i j r]  

[[c d e f g h i j r]]
Filtered Qwen output: c d e f g h i j r
trial 2 of 10...
trial 3 of 10...
trial 4 of 10...
trial 5 of 10...
trial 6 of 10...
trial 7 of 10...
trial 8 of 10...
trial 9 of 10...
trial 10 of 10...
Problem type: group - 3/20
trial 1 of 10...

=== PROMPT ===

System message: You are able to solve letter-string analogies

User message: Use the following alphabet to complete the pattern.

n b c d e f g h i j r l m a k p q o s t u v w x y z

Note that the alphabet may be in an unfamiliar order. Complete the pattern using this order. Answer with only the final answer and nothing else. Put your final answer between double brackets.

[d e f g] [d e f h]
[h h i i j j r r] [


--- TARGET LETTERS ---

['h', 'h', 'i', 'i', 'j', 'j', 'l', 'l']
Full Qwen output: [ h h i i j j r r ] [ h h i i j j r r ]
trial 2 of 10...
trial 3 of 10...
trial 4 of 10...
trial 5 of 10...
trial 6 of 10...
trial 7 of 10...
trial 8 of 10...
trial 9 of 10...
trial 10 of 10...
Problem type: interleaved - 4/20
trial 1 of 10...

=== PROMPT ===

System message: You are able to solve letter-string analogies

User message: Use the following alphabet to complete the pattern.

n b c d e f g h i j r l m a k p q o s t u v w x y z

Note that the alphabet may be in an unfamiliar order. Complete the pattern using this order. Answer with only the final answer and nothing else. Put your final answer between double brackets.

[n b c y e] [n b c d e]
[i x j x r x a x m x] [


--- TARGET LETTERS ---

['i', 'x', 'j', 'x', 'r', 'x', 'l', 'x', 'm', 'x']
Full Qwen output: [ n b c y e ] [ n b c d e ]  
[ i x j x r x a x m x ] [ i x j r a m ]  

[[i x j r a m]]
Filtered Qwen output: i x j r a m
trial 2 of 10...
trial 3 of 10...
trial 4 of 10...
trial 5 of 10...
trial 6 of 10...
trial 7 of 10...
trial 8 of 10...
trial 9 of 10...
trial 10 of 10...
Problem type: letter2num - 5/20
trial 1 of 10...

=== PROMPT ===

System message: You are able to solve letter-string analogies

User message: Use the following alphabet to complete the pattern.

n b c d e f g h i j r l m a k p q o s t u v w x y z

Note that the alphabet may be in an unfamiliar order. Complete the pattern using this order. Answer with only the final answer and nothing else. Put your final answer between double brackets.

[q o s t] [q o s t u]
[7 8 9 10] [


--- TARGET LETTERS ---

[np.int64(7), np.int64(8), np.int64(9), np.int64(10), np.int64(11)]
Full Qwen output: [7 8 9 10 11]
trial 2 of 10...
trial 3 of 10...
trial 4 of 10...
trial 5 of 10...
trial 6 of 10...
trial 7 of 10...
trial 8 of 10...
trial 9 of 10...
trial 10 of 10...
Problem type: reverse - 6/20
trial 1 of 10...

=== PROMPT ===

System message: You are able to solve letter-string analogies

User message: Use the following alphabet to complete the pattern.

n b c d e f g h i j r l m a k p q o s t u v w x y z

Note that the alphabet may be in an unfamiliar order. Complete the pattern using this order. Answer with only the final answer and nothing else. Put your final answer between double brackets.

[j r l m] [j r l a]
[e d c b] [


--- TARGET LETTERS ---

['e', 'd', 'c', 'n']
Full Qwen output: [[e d c a]]
Filtered Qwen output: e d c a
trial 2 of 10...
trial 3 of 10...
trial 4 of 10...
trial 5 of 10...
trial 6 of 10...
trial 7 of 10...
trial 8 of 10...
trial 9 of 10...
trial 10 of 10...
Problem type: 2gen_split1 - 7/20
trial 1 of 10...

=== PROMPT ===

System message: You are able to solve letter-string analogies

User message: Use the following alphabet to complete the pattern.

n b c d e f g h i j r l m a k p q o s t u v w x y z

Note that the alphabet may be in an unfamiliar order. Complete the pattern using this order. Answer with only the final answer and nothing else. Put your final answer between double brackets.

[g l i j r] [g h i j r]
[p x j x a x m x l x] [


--- TARGET LETTERS ---

['p', 'x', 'k', 'x', 'a', 'x', 'm', 'x', 'l', 'x']
Full Qwen output: [ g l i j r ] [ g h i j r ]  
[ p x j x a x m x l x ] [ p x a x m x l x ]  

[[p x a x m x l x]]
Filtered Qwen output: p x a x m x l x
trial 2 of 10...
trial 3 of 10...
trial 4 of 10...
trial 5 of 10...
trial 6 of 10...
trial 7 of 10...
trial 8 of 10...
trial 9 of 10...
trial 10 of 10...
Problem type: 2gen_split2 - 8/20
trial 1 of 10...

=== PROMPT ===

System message: You are able to solve letter-string analogies

User message: Use the following alphabet to complete the pattern.

n b c d e f g h i j r l m a k p q o s t u v w x y z

Note that the alphabet may be in an unfamiliar order. Complete the pattern using this order. Answer with only the final answer and nothing else. Put your final answer between double brackets.

[t u v w] [t u v x]
[15 15 16 16 17 17 18 18] [


--- TARGET LETTERS ---

[np.int64(15), np.int64(15), np.int64(16), np.int64(16), np.int64(17), np.int64(17), np.int64(19), np.int64(19)]
Full Qwen output: [15 15 16 16 17 17 18 18] [15 15 16 16 17 17 18 18]  
[15 15 16 16 17 17 18 18] [15 15 16 16 17 17 18 18]  

[[15 15 16 16 17 17 18 18]]
Filtered Qwen output: 15 15 16 16 17 17 18 18
trial 2 of 10...
trial 3 of 10...
trial 4 of 10...
trial 5 of 10...
trial 6 of 10...
trial 7 of 10...
trial 8 of 10...
trial 9 of 10...
trial 10 of 10...
Problem type: 2gen_split3 - 9/20
trial 1 of 10...

=== PROMPT ===

System message: You are able to solve letter-string analogies

User message: Use the following alphabet to complete the pattern.

n b c d e f g h i j r l m a k p q o s t u v w x y z

Note that the alphabet may be in an unfamiliar order. Complete the pattern using this order. Answer with only the final answer and nothing else. Put your final answer between double brackets.

[q o s t] [p o s t]
[k x q x s x u x] [


--- TARGET LETTERS ---

['m', 'x', 'q', 'x', 's', 'x', 'u', 'x']
Full Qwen output: [ k x q x s x u x ] [ k x q x s x u x ]
trial 2 of 10...
trial 3 of 10...
trial 4 of 10...
trial 5 of 10...
trial 6 of 10...
trial 7 of 10...
trial 8 of 10...
trial 9 of 10...
trial 10 of 10...
Problem type: 2gen_split4 - 10/20
trial 1 of 10...

=== PROMPT ===

System message: You are able to solve letter-string analogies

User message: Use the following alphabet to complete the pattern.

n b c d e f g h i j r l m a k p q o s t u v w x y z

Note that the alphabet may be in an unfamiliar order. Complete the pattern using this order. Answer with only the final answer and nothing else. Put your final answer between double brackets.

[a k p q] [m k p q]
[h x i x j x r x l x m x a x k x] [


--- TARGET LETTERS ---

['g', 'x', 'i', 'x', 'j', 'x', 'r', 'x', 'l', 'x', 'm', 'x', 'a', 'x', 'k', 'x']
Full Qwen output: [ a k p q ] [ m k p q ] [ h x i x j x r x l x m x a x k x ] [ h x i x j x r x l x m x a x k x ]
trial 2 of 10...
trial 3 of 10...
trial 4 of 10...
trial 5 of 10...
trial 6 of 10...
trial 7 of 10...
trial 8 of 10...
trial 9 of 10...
trial 10 of 10...
Problem type: 2gen_split5 - 11/20
trial 1 of 10...

=== PROMPT ===

System message: You are able to solve letter-string analogies

User message: Use the following alphabet to complete the pattern.

n b c d e f g h i j r l m a k p q o s t u v w x y z

Note that the alphabet may be in an unfamiliar order. Complete the pattern using this order. Answer with only the final answer and nothing else. Put your final answer between double brackets.

[j r l m] [j r l a]
[11 0 12 0 13 0 14 0] [


--- TARGET LETTERS ---

[np.int64(11), '0', np.int64(12), '0', np.int64(13), '0', np.int64(15), '0']
Full Qwen output: [11 0 12 0 13 0 14 0] [11 0 12 0 13 0 14 0]
trial 2 of 10...
trial 3 of 10...
trial 4 of 10...
trial 5 of 10...
trial 6 of 10...
trial 7 of 10...
trial 8 of 10...
trial 9 of 10...
trial 10 of 10...
Problem type: 2gen_split6 - 12/20
trial 1 of 10...

=== PROMPT ===

System message: You are able to solve letter-string analogies

User message: Use the following alphabet to complete the pattern.

n b c d e f g h i j r l m a k p q o s t u v w x y z

Note that the alphabet may be in an unfamiliar order. Complete the pattern using this order. Answer with only the final answer and nothing else. Put your final answer between double brackets.

[l m a k] [l m a p]
[c c d d e e f f g g h h i i j j] [


--- TARGET LETTERS ---

['c', 'c', 'd', 'd', 'e', 'e', 'f', 'f', 'g', 'g', 'h', 'h', 'i', 'i', 'r', 'r']
Full Qwen output: [ c c d d e e f f g g h h i i j j k k ]
trial 2 of 10...
trial 3 of 10...
trial 4 of 10...
trial 5 of 10...
trial 6 of 10...
trial 7 of 10...
trial 8 of 10...
trial 9 of 10...
trial 10 of 10...
Problem type: 2gensplit7 - 13/20
trial 1 of 10...

=== PROMPT ===

System message: You are able to solve letter-string analogies

User message: Use the following alphabet to complete the pattern.

n b c d e f g h i j r l m a k p q o s t u v w x y z

Note that the alphabet may be in an unfamiliar order. Complete the pattern using this order. Answer with only the final answer and nothing else. Put your final answer between double brackets.

[q o s t] [q o s u]
[4 5 6 7 8 9 10 11] [


--- TARGET LETTERS ---

[np.int64(4), np.int64(5), np.int64(6), np.int64(7), np.int64(8), np.int64(9), np.int64(10), np.int64(12)]
Full Qwen output: [4 5 6 7 8 9 10 11] [4 5 6 7 8 9 10 11]
trial 2 of 10...
trial 3 of 10...
trial 4 of 10...
trial 5 of 10...
trial 6 of 10...
trial 7 of 10...
trial 8 of 10...
trial 9 of 10...
trial 10 of 10...
Problem type: 3gen_split1 - 14/20
trial 1 of 10...

=== PROMPT ===

System message: You are able to solve letter-string analogies

User message: Use the following alphabet to complete the pattern.

n b c d e f g h i j r l m a k p q o s t u v w x y z

Note that the alphabet may be in an unfamiliar order. Complete the pattern using this order. Answer with only the final answer and nothing else. Put your final answer between double brackets.

[l m a k] [r m a k]
[20 19 18 17 16 15 14 13] [


--- TARGET LETTERS ---

[np.int64(21), np.int64(19), np.int64(18), np.int64(17), np.int64(16), np.int64(15), np.int64(14), np.int64(13)]
Full Qwen output: [20 19 18 17 16 15 14 13] [19 18 17 16]
trial 2 of 10...
trial 3 of 10...
trial 4 of 10...
trial 5 of 10...
trial 6 of 10...
trial 7 of 10...
trial 8 of 10...
trial 9 of 10...
trial 10 of 10...
Problem type: 3gen_split2 - 15/20
trial 1 of 10...

=== PROMPT ===

System message: You are able to solve letter-string analogies

User message: Use the following alphabet to complete the pattern.

n b c d e f g h i j r l m a k p q o s t u v w x y z

Note that the alphabet may be in an unfamiliar order. Complete the pattern using this order. Answer with only the final answer and nothing else. Put your final answer between double brackets.

[o s t g v] [o s t u v]
[15 15 0 0 16 16 0 0 17 17 0 0 6 6 0 0 19 19 0 0] [


--- TARGET LETTERS ---

[np.int64(15), np.int64(15), '0', '0', np.int64(16), np.int64(16), '0', '0', np.int64(17), np.int64(17), '0', '0', np.int64(18), np.int64(18), '0', '0', np.int64(19), np.int64(19), '0', '0']
Full Qwen output: [15 15 0 0 16 16 0 0 17 17 0 0 6 6 0 0 19 19 0 0] [15 15 0 0 16 16 0 0 17 17 0 0 6 6 0 0 19 19 0 0]
trial 2 of 10...
trial 3 of 10...
trial 4 of 10...
trial 5 of 10...
trial 6 of 10...
trial 7 of 10...
trial 8 of 10...
trial 9 of 10...
trial 10 of 10...
Problem type: 3gen_split3 - 16/20
trial 1 of 10...

=== PROMPT ===

System message: You are able to solve letter-string analogies

User message: Use the following alphabet to complete the pattern.

n b c d e f g h i j r l m a k p q o s t u v w x y z

Note that the alphabet may be in an unfamiliar order. Complete the pattern using this order. Answer with only the final answer and nothing else. Put your final answer between double brackets.

[a k p y o] [a k p q o]
[p p k k o o m m l l r r j j i i h h] [


--- TARGET LETTERS ---

['p', 'p', 'k', 'k', 'a', 'a', 'm', 'm', 'l', 'l', 'r', 'r', 'j', 'j', 'i', 'i', 'h', 'h']
Full Qwen output: [ a k p y o ] [ a k p q o ]  
[ p p k k o o m m l l r r j j i i h h ] [ p p k k o o m m l l r r j j i i h h ]  

[[p p k k o o m m l l r r j j i i h h]]
Filtered Qwen output: p p k k o o m m l l r r j j i i h h
trial 2 of 10...
trial 3 of 10...
trial 4 of 10...
trial 5 of 10...
trial 6 of 10...
trial 7 of 10...
trial 8 of 10...
trial 9 of 10...
trial 10 of 10...
Problem type: 3gen_split4 - 17/20
trial 1 of 10...

=== PROMPT ===

System message: You are able to solve letter-string analogies

User message: Use the following alphabet to complete the pattern.

n b c d e f g h i j r l m a k p q o s t u v w x y z

Note that the alphabet may be in an unfamiliar order. Complete the pattern using this order. Answer with only the final answer and nothing else. Put your final answer between double brackets.

[s t u v] [s t u w]
[12 12 14 14 16 16 18 18] [


--- TARGET LETTERS ---

[np.int64(12), np.int64(12), np.int64(14), np.int64(14), np.int64(16), np.int64(16), np.int64(20), np.int64(20)]
Full Qwen output: [12 12 14 14 16 16 18 18] [12 12 14 14 16 16 18 18]
trial 2 of 10...
trial 3 of 10...
trial 4 of 10...
trial 5 of 10...
trial 6 of 10...
trial 7 of 10...
trial 8 of 10...
trial 9 of 10...
trial 10 of 10...
Problem type: 3gen_split5 - 18/20
trial 1 of 10...

=== PROMPT ===

System message: You are able to solve letter-string analogies

User message: Use the following alphabet to complete the pattern.

n b c d e f g h i j r l m a k p q o s t u v w x y z

Note that the alphabet may be in an unfamiliar order. Complete the pattern using this order. Answer with only the final answer and nothing else. Put your final answer between double brackets.

[i j r l] [i j r m]
[m m r r i i g g] [


--- TARGET LETTERS ---

['m', 'm', 'r', 'r', 'i', 'i', 'e', 'e']
Full Qwen output: [i j r l] [i j r m]  
[m m r r i i g g] [m m r r i i g g]  

[[m m r r i i g g]]
Filtered Qwen output: m m r r i i g g
trial 2 of 10...
trial 3 of 10...
trial 4 of 10...
trial 5 of 10...
trial 6 of 10...
trial 7 of 10...
trial 8 of 10...
trial 9 of 10...
trial 10 of 10...
Problem type: 3gen_split6 - 19/20
trial 1 of 10...

=== PROMPT ===

System message: You are able to solve letter-string analogies

User message: Use the following alphabet to complete the pattern.

n b c d e f g h i j r l m a k p q o s t u v w x y z

Note that the alphabet may be in an unfamiliar order. Complete the pattern using this order. Answer with only the final answer and nothing else. Put your final answer between double brackets.

[k p q o] [k p q s]
[8 10 12 14 16 18 20 22] [


--- TARGET LETTERS ---

[np.int64(8), np.int64(10), np.int64(12), np.int64(14), np.int64(16), np.int64(18), np.int64(20), np.int64(24)]
Full Qwen output: [8 10 12 14 16 18 20 22] [8 10 12 14]  
[[8 10 12 14]]
Filtered Qwen output: 8 10 12 14
trial 2 of 10...
trial 3 of 10...
trial 4 of 10...
trial 5 of 10...
trial 6 of 10...
trial 7 of 10...
trial 8 of 10...
trial 9 of 10...
trial 10 of 10...
Problem type: 3gensplit7 - 20/20
trial 1 of 10...

=== PROMPT ===

System message: You are able to solve letter-string analogies

User message: Use the following alphabet to complete the pattern.

n b c d e f g h i j r l m a k p q o s t u v w x y z

Note that the alphabet may be in an unfamiliar order. Complete the pattern using this order. Answer with only the final answer and nothing else. Put your final answer between double brackets.

[d e b g h] [d e f g h]
[9 0 10 0 11 0 12 0 13 0 1 0 15 0 16 0 17 0] [


--- TARGET LETTERS ---

[np.int64(9), '0', np.int64(10), '0', np.int64(11), '0', np.int64(12), '0', np.int64(13), '0', np.int64(14), '0', np.int64(15), '0', np.int64(16), '0', np.int64(17), '0']
Full Qwen output: [9 0 10 0 11 0 12 0 13 0 1 0 15 0 16 0 17 0] [9 0 10 0 11 0 12 0 13 0 1 0 15 0 16 0 17 0]
trial 2 of 10...
trial 3 of 10...
trial 4 of 10...
trial 5 of 10...
trial 6 of 10...
trial 7 of 10...
trial 8 of 10...
trial 9 of 10...
trial 10 of 10...
Saved ./Qwen_Qwen3-8B_prob_predictions_multi_alph/gen/Qwen_Qwen3-8B_letterstring_results_5_multi_alph_gptprobs_minimal.npz
Total time: 2027.4929955005646 seconds.
Loading model Qwen/Qwen3-8B...
GPU memory available: 39.49 GB
`torch_dtype` is deprecated! Use `dtype` instead!
Flash Attention 2 not available (FlashAttention2 has been toggled on, but it cannot be used due to the following error: the package flash_attn seems to be not installed. Please refer to the documentation of https://huggingface.co/docs/transformers/perf_infer_gpu_one#flashattention-2 to install Flash Attention 2.), using default attention
Loading checkpoint shards:   0%|          | 0/5 [00:00<?, ?it/s]Loading checkpoint shards:  20%|██        | 1/5 [00:04<00:17,  4.30s/it]Loading checkpoint shards:  40%|████      | 2/5 [00:08<00:13,  4.34s/it]Loading checkpoint shards:  60%|██████    | 3/5 [00:12<00:08,  4.33s/it]Loading checkpoint shards:  80%|████████  | 4/5 [00:16<00:03,  3.99s/it]Loading checkpoint shards: 100%|██████████| 5/5 [00:17<00:00,  3.03s/it]Loading checkpoint shards: 100%|██████████| 5/5 [00:17<00:00,  3.56s/it]
Model loaded with default attention
Model device: cuda:0
GPU memory allocated: 15.26 GB, reserved: 15.26 GB
Model loaded. Loading tokenizer...
Model Qwen/Qwen3-8B and tokenizer loaded.
alph_0
a q c d e o g h i n k l m u f p y r s t w v b x z j
Problem type: larger_int - 1/20
trial 1 of 10...

=== PROMPT ===

System message: You are able to solve letter-string analogies

User message: Use the following alphabet to complete the pattern.

a q c d e o g h i n k l m u f p y r s t w v b x z j

Note that the alphabet may be in an unfamiliar order. Complete the pattern using this order. Answer with only the final answer and nothing else. Put your final answer between double brackets.

[g h i n] [o h i n]
[o h n l] [


--- TARGET LETTERS ---

['d', 'h', 'n', 'l']
The following generation flags are not valid and may be ignored: ['temperature', 'top_k']. Set `TRANSFORMERS_VERBOSITY=info` for more details.
Full Qwen output: [[o h n l]]
Filtered Qwen output: o h n l
trial 2 of 10...
trial 3 of 10...
trial 4 of 10...
trial 5 of 10...
trial 6 of 10...
trial 7 of 10...
trial 8 of 10...
trial 9 of 10...
trial 10 of 10...
Problem type: longer_targ - 2/20
trial 1 of 10...

=== PROMPT ===

System message: You are able to solve letter-string analogies

User message: Use the following alphabet to complete the pattern.

a q c d e o g h i n k l m u f p y r s t w v b x z j

Note that the alphabet may be in an unfamiliar order. Complete the pattern using this order. Answer with only the final answer and nothing else. Put your final answer between double brackets.

[n k l m u u] [n k l m u]
[r s t w v v b x z j] [


--- TARGET LETTERS ---

['r', 's', 't', 'w', 'v', 'b', 'x', 'z', 'j']
Full Qwen output: [ n k l m u u ] [ n k l m u ]  
[ r s t w v v b x z j ] [ r s t w v ]  

The pattern appears to be repeating the first five elements of the sequence. The first part is [n k l m u u], which is [n k l m u] repeated. The second part is [r s t w v v b x z j], and the pattern continues with [r s t w v].  

Final answer:  
[[r s t w v]]
Filtered Qwen output: r s t w v
trial 2 of 10...
trial 3 of 10...
trial 4 of 10...
trial 5 of 10...
trial 6 of 10...
trial 7 of 10...
trial 8 of 10...
trial 9 of 10...
trial 10 of 10...
Problem type: group - 3/20
trial 1 of 10...

=== PROMPT ===

System message: You are able to solve letter-string analogies

User message: Use the following alphabet to complete the pattern.

a q c d e o g h i n k l m u f p y r s t w v b x z j

Note that the alphabet may be in an unfamiliar order. Complete the pattern using this order. Answer with only the final answer and nothing else. Put your final answer between double brackets.

[t w v b] [s w v b]
[y y r r s s t t] [


--- TARGET LETTERS ---

['p', 'p', 'r', 'r', 's', 's', 't', 't']
Full Qwen output: [ y y r r s s t t ] [ z z x x ]
trial 2 of 10...
trial 3 of 10...
trial 4 of 10...
trial 5 of 10...
trial 6 of 10...
trial 7 of 10...
trial 8 of 10...
trial 9 of 10...
trial 10 of 10...
Problem type: interleaved - 4/20
trial 1 of 10...

=== PROMPT ===

System message: You are able to solve letter-string analogies

User message: Use the following alphabet to complete the pattern.

a q c d e o g h i n k l m u f p y r s t w v b x z j

Note that the alphabet may be in an unfamiliar order. Complete the pattern using this order. Answer with only the final answer and nothing else. Put your final answer between double brackets.

[r z t w v] [r s t w v]
[d x f x p x y x r x] [


--- TARGET LETTERS ---

['u', 'x', 'f', 'x', 'p', 'x', 'y', 'x', 'r', 'x']
Full Qwen output: [ r z t w v ] [ r s t w v ]  
[ d x f x p x y x r x ] [ d x f x p x y x r x ]  

[[d x f x p x y x r x]]
Filtered Qwen output: d x f x p x y x r x
trial 2 of 10...
trial 3 of 10...
trial 4 of 10...
trial 5 of 10...
trial 6 of 10...
trial 7 of 10...
trial 8 of 10...
trial 9 of 10...
trial 10 of 10...
Problem type: letter2num - 5/20
trial 1 of 10...

=== PROMPT ===

System message: You are able to solve letter-string analogies

User message: Use the following alphabet to complete the pattern.

a q c d e o g h i n k l m u f p y r s t w v b x z j

Note that the alphabet may be in an unfamiliar order. Complete the pattern using this order. Answer with only the final answer and nothing else. Put your final answer between double brackets.

[k l m u] [k l m f]
[1 2 3 4] [


--- TARGET LETTERS ---

[np.int64(1), np.int64(2), np.int64(3), np.int64(5)]
Full Qwen output: [1 2 3 x]
trial 2 of 10...
trial 3 of 10...
trial 4 of 10...
trial 5 of 10...
trial 6 of 10...
trial 7 of 10...
trial 8 of 10...
trial 9 of 10...
trial 10 of 10...
Problem type: reverse - 6/20
trial 1 of 10...

=== PROMPT ===

System message: You are able to solve letter-string analogies

User message: Use the following alphabet to complete the pattern.

a q c d e o g h i n k l m u f p y r s t w v b x z j

Note that the alphabet may be in an unfamiliar order. Complete the pattern using this order. Answer with only the final answer and nothing else. Put your final answer between double brackets.

[q c d e e o] [q c d e o]
[j j z x b v] [


--- TARGET LETTERS ---

['j', 'z', 'x', 'b', 'v']
Full Qwen output: [[j j z x b v]]
Filtered Qwen output: j j z x b v
trial 2 of 10...
trial 3 of 10...
trial 4 of 10...
trial 5 of 10...
trial 6 of 10...
trial 7 of 10...
trial 8 of 10...
trial 9 of 10...
trial 10 of 10...
Problem type: 2gen_split1 - 7/20
trial 1 of 10...

=== PROMPT ===

System message: You are able to solve letter-string analogies

User message: Use the following alphabet to complete the pattern.

a q c d e o g h i n k l m u f p y r s t w v b x z j

Note that the alphabet may be in an unfamiliar order. Complete the pattern using this order. Answer with only the final answer and nothing else. Put your final answer between double brackets.

[k l m f u] [k l m u f]
[b b s s w w y y z z] [


--- TARGET LETTERS ---

['y', 'y', 's', 's', 'w', 'w', 'b', 'b', 'z', 'z']
Full Qwen output: [ b b s s w w y y z z ] [ b b s s w w y y z z ]
trial 2 of 10...
trial 3 of 10...
trial 4 of 10...
trial 5 of 10...
trial 6 of 10...
trial 7 of 10...
trial 8 of 10...
trial 9 of 10...
trial 10 of 10...
Problem type: 2gen_split2 - 8/20
trial 1 of 10...

=== PROMPT ===

System message: You are able to solve letter-string analogies

User message: Use the following alphabet to complete the pattern.

a q c d e o g h i n k l m u f p y r s t w v b x z j

Note that the alphabet may be in an unfamiliar order. Complete the pattern using this order. Answer with only the final answer and nothing else. Put your final answer between double brackets.

[k l o u f] [k l m u f]
[l x u x p x r x h x] [


--- TARGET LETTERS ---

['l', 'x', 'u', 'x', 'p', 'x', 'r', 'x', 't', 'x']
Full Qwen output: [ l x u x p x r x h x ] [ l x u x p x r x h x ]
trial 2 of 10...
trial 3 of 10...
trial 4 of 10...
trial 5 of 10...
trial 6 of 10...
trial 7 of 10...
trial 8 of 10...
trial 9 of 10...
trial 10 of 10...
Problem type: 2gen_split3 - 9/20
trial 1 of 10...

=== PROMPT ===

System message: You are able to solve letter-string analogies

User message: Use the following alphabet to complete the pattern.

a q c d e o g h i n k l m u f p y r s t w v b x z j

Note that the alphabet may be in an unfamiliar order. Complete the pattern using this order. Answer with only the final answer and nothing else. Put your final answer between double brackets.

[y r s t] [y r s t w]
[o x g x h x i x n x k x l x m x] [


--- TARGET LETTERS ---

['o', 'x', 'g', 'x', 'h', 'x', 'i', 'x', 'n', 'x', 'k', 'x', 'l', 'x', 'm', 'x', 'u', 'x']
Full Qwen output: [ y r s t ] [ y r s t w ] [ o x g x h x i x n x k x l x m x ] [ o x g x h x i x n x k x l x m x w ]
trial 2 of 10...
trial 3 of 10...
trial 4 of 10...
trial 5 of 10...
trial 6 of 10...
trial 7 of 10...
trial 8 of 10...
trial 9 of 10...
trial 10 of 10...
Problem type: 2gen_split4 - 10/20
trial 1 of 10...

=== PROMPT ===

System message: You are able to solve letter-string analogies

User message: Use the following alphabet to complete the pattern.

a q c d e o g h i n k l m u f p y r s t w v b x z j

Note that the alphabet may be in an unfamiliar order. Complete the pattern using this order. Answer with only the final answer and nothing else. Put your final answer between double brackets.

[i n k l] [i n k m]
[k k x x l l x x m m x x u u x x] [


--- TARGET LETTERS ---

['k', 'k', 'x', 'x', 'l', 'l', 'x', 'x', 'm', 'm', 'x', 'x', 'f', 'f', 'x', 'x']
Full Qwen output: [[k k x x l l x x m m x x u u x x]]
Filtered Qwen output: k k x x l l x x m m x x u u x x
trial 2 of 10...
trial 3 of 10...
trial 4 of 10...
trial 5 of 10...
trial 6 of 10...
trial 7 of 10...
trial 8 of 10...
trial 9 of 10...
trial 10 of 10...
Problem type: 2gen_split5 - 11/20
trial 1 of 10...

=== PROMPT ===

System message: You are able to solve letter-string analogies

User message: Use the following alphabet to complete the pattern.

a q c d e o g h i n k l m u f p y r s t w v b x z j

Note that the alphabet may be in an unfamiliar order. Complete the pattern using this order. Answer with only the final answer and nothing else. Put your final answer between double brackets.

[s t w v o] [s t w v b]
[e e d d c c q q u u] [


--- TARGET LETTERS ---

['e', 'e', 'd', 'd', 'c', 'c', 'q', 'q', 'a', 'a']
Full Qwen output: [ e e d d c c q q u u ] [ e e d d c c q q u u ]
trial 2 of 10...
trial 3 of 10...
trial 4 of 10...
trial 5 of 10...
trial 6 of 10...
trial 7 of 10...
trial 8 of 10...
trial 9 of 10...
trial 10 of 10...
Problem type: 2gen_split6 - 12/20
trial 1 of 10...

=== PROMPT ===

System message: You are able to solve letter-string analogies

User message: Use the following alphabet to complete the pattern.

a q c d e o g h i n k l m u f p y r s t w v b x z j

Note that the alphabet may be in an unfamiliar order. Complete the pattern using this order. Answer with only the final answer and nothing else. Put your final answer between double brackets.

[e d o g h] [d e o g h]
[6 10 8 12 14] [


--- TARGET LETTERS ---

[np.int64(6), np.int64(8), np.int64(10), np.int64(12), np.int64(14)]
Full Qwen output: [6 10 8 12 14] [10 6 8 12 14]
trial 2 of 10...
trial 3 of 10...
trial 4 of 10...
trial 5 of 10...
trial 6 of 10...
trial 7 of 10...
trial 8 of 10...
trial 9 of 10...
trial 10 of 10...
Problem type: 2gensplit7 - 13/20
trial 1 of 10...

=== PROMPT ===

System message: You are able to solve letter-string analogies

User message: Use the following alphabet to complete the pattern.

a q c d e o g h i n k l m u f p y r s t w v b x z j

Note that the alphabet may be in an unfamiliar order. Complete the pattern using this order. Answer with only the final answer and nothing else. Put your final answer between double brackets.

[t w v b] [t w v x]
[12 14 16 18] [


--- TARGET LETTERS ---

[np.int64(12), np.int64(14), np.int64(16), np.int64(20)]
Full Qwen output: [12 14 16 18] [12 14 16 18]
trial 2 of 10...
trial 3 of 10...
trial 4 of 10...
trial 5 of 10...
trial 6 of 10...
trial 7 of 10...
trial 8 of 10...
trial 9 of 10...
trial 10 of 10...
Problem type: 3gen_split1 - 14/20
trial 1 of 10...

=== PROMPT ===

System message: You are able to solve letter-string analogies

User message: Use the following alphabet to complete the pattern.

a q c d e o g h i n k l m u f p y r s t w v b x z j

Note that the alphabet may be in an unfamiliar order. Complete the pattern using this order. Answer with only the final answer and nothing else. Put your final answer between double brackets.

[m u f p] [m u f y]
[19 0 18 0 17 0 16 0] [


--- TARGET LETTERS ---

[np.int64(19), '0', np.int64(18), '0', np.int64(17), '0', np.int64(15), '0']
Full Qwen output: [19 0 18 0 17 0 16 0] [19 0 18 0 17 0 16 0]  
[[19 0 18 0 17 0 16 0]]
Filtered Qwen output: 19 0 18 0 17 0 16 0
trial 2 of 10...
trial 3 of 10...
trial 4 of 10...
trial 5 of 10...
trial 6 of 10...
trial 7 of 10...
trial 8 of 10...
trial 9 of 10...
trial 10 of 10...
Problem type: 3gen_split2 - 15/20
trial 1 of 10...

=== PROMPT ===

System message: You are able to solve letter-string analogies

User message: Use the following alphabet to complete the pattern.

a q c d e o g h i n k l m u f p y r s t w v b x z j

Note that the alphabet may be in an unfamiliar order. Complete the pattern using this order. Answer with only the final answer and nothing else. Put your final answer between double brackets.

[h i n k] [h i n k l]
[d d x x e e x x o o x x g g x x h h x x i i x x n n x x k k x x] [


--- TARGET LETTERS ---

['d', 'd', 'x', 'x', 'e', 'e', 'x', 'x', 'o', 'o', 'x', 'x', 'g', 'g', 'x', 'x', 'h', 'h', 'x', 'x', 'i', 'i', 'x', 'x', 'n', 'n', 'x', 'x', 'k', 'k', 'x', 'x', 'l', 'l', 'x', 'x']
Full Qwen output: [ h i n k l m ]
trial 2 of 10...
trial 3 of 10...
trial 4 of 10...
trial 5 of 10...
trial 6 of 10...
trial 7 of 10...
trial 8 of 10...
trial 9 of 10...
trial 10 of 10...
Problem type: 3gen_split3 - 16/20
trial 1 of 10...

=== PROMPT ===

System message: You are able to solve letter-string analogies

User message: Use the following alphabet to complete the pattern.

a q c d e o g h i n k l m u f p y r s t w v b x z j

Note that the alphabet may be in an unfamiliar order. Complete the pattern using this order. Answer with only the final answer and nothing else. Put your final answer between double brackets.

[p y b s t] [p y r s t]
[1 3 5 26 9 11 13 15 17] [


--- TARGET LETTERS ---

[np.int64(1), np.int64(3), np.int64(5), np.int64(7), np.int64(9), np.int64(11), np.int64(13), np.int64(15), np.int64(17)]
Full Qwen output: [1 3 5 26 9 11 13 15 17] [1 3 5 26 9 11 13 15 17]  
[1 3 5 26 9 11 13 15 17] [1 3 5 26 9 11 13 15 17]  

[[1 3 5 26 9 11 13 15 17]]
Filtered Qwen output: 1 3 5 26 9 11 13 15 17
trial 2 of 10...
trial 3 of 10...
trial 4 of 10...
trial 5 of 10...
trial 6 of 10...
trial 7 of 10...
trial 8 of 10...
trial 9 of 10...
trial 10 of 10...
Problem type: 3gen_split4 - 17/20
trial 1 of 10...

=== PROMPT ===

System message: You are able to solve letter-string analogies

User message: Use the following alphabet to complete the pattern.

a q c d e o g h i n k l m u f p y r s t w v b x z j

Note that the alphabet may be in an unfamiliar order. Complete the pattern using this order. Answer with only the final answer and nothing else. Put your final answer between double brackets.

[o g h i] [o g h n]
[26 25 24 23 22 21 20 19] [


--- TARGET LETTERS ---

[np.int64(26), np.int64(25), np.int64(24), np.int64(23), np.int64(22), np.int64(21), np.int64(20), np.int64(18)]
Full Qwen output: [26 25 24 23 22 21 20 19] [26 25 24 23]
trial 2 of 10...
trial 3 of 10...
trial 4 of 10...
trial 5 of 10...
trial 6 of 10...
trial 7 of 10...
trial 8 of 10...
trial 9 of 10...
trial 10 of 10...
Problem type: 3gen_split5 - 18/20
trial 1 of 10...

=== PROMPT ===

System message: You are able to solve letter-string analogies

User message: Use the following alphabet to complete the pattern.

a q c d e o g h i n k l m u f p y r s t w v b x z j

Note that the alphabet may be in an unfamiliar order. Complete the pattern using this order. Answer with only the final answer and nothing else. Put your final answer between double brackets.

[x b v z j] [v b x z j]
[1 0 8 0 3 0 4 0 5 0 6 0 7 0 2 0 9 0] [


--- TARGET LETTERS ---

[np.int64(1), '0', np.int64(2), '0', np.int64(3), '0', np.int64(4), '0', np.int64(5), '0', np.int64(6), '0', np.int64(7), '0', np.int64(8), '0', np.int64(9), '0']
Full Qwen output: [1 0 8 0 3 0 4 0 5 0 6 0 7 0 2 0 9 0] [1 0 8 0 3 0 4 0 5 0 6 0 7 0 2 0 9 0]
trial 2 of 10...
trial 3 of 10...
trial 4 of 10...
trial 5 of 10...
trial 6 of 10...
trial 7 of 10...
trial 8 of 10...
trial 9 of 10...
trial 10 of 10...
Problem type: 3gen_split6 - 19/20
trial 1 of 10...

=== PROMPT ===

System message: You are able to solve letter-string analogies

User message: Use the following alphabet to complete the pattern.

a q c d e o g h i n k l m u f p y r s t w v b x z j

Note that the alphabet may be in an unfamiliar order. Complete the pattern using this order. Answer with only the final answer and nothing else. Put your final answer between double brackets.

[m u f p] [m u f y]
[r x p x u x l x] [


--- TARGET LETTERS ---

['r', 'x', 'p', 'x', 'u', 'x', 'n', 'x']
Full Qwen output: [br x p x u x l x]
trial 2 of 10...
trial 3 of 10...
trial 4 of 10...
trial 5 of 10...
trial 6 of 10...
trial 7 of 10...
trial 8 of 10...
trial 9 of 10...
trial 10 of 10...
Problem type: 3gensplit7 - 20/20
trial 1 of 10...

=== PROMPT ===

System message: You are able to solve letter-string analogies

User message: Use the following alphabet to complete the pattern.

a q c d e o g h i n k l m u f p y r s t w v b x z j

Note that the alphabet may be in an unfamiliar order. Complete the pattern using this order. Answer with only the final answer and nothing else. Put your final answer between double brackets.

[g h i n n k] [g h i n k]
[11 9 7 5 3 3] [


--- TARGET LETTERS ---

[np.int64(11), np.int64(9), np.int64(7), np.int64(5), np.int64(3)]
Full Qwen output: [11 9 7 5 3 1]
trial 2 of 10...
trial 3 of 10...
trial 4 of 10...
trial 5 of 10...
trial 6 of 10...
trial 7 of 10...
trial 8 of 10...
trial 9 of 10...
trial 10 of 10...
alph_1
a b c q e f g y i o k l t n x p h r s u d v w m j z
Problem type: larger_int - 1/20
trial 1 of 10...

=== PROMPT ===

System message: You are able to solve letter-string analogies

User message: Use the following alphabet to complete the pattern.

a b c q e f g y i o k l t n x p h r s u d v w m j z

Note that the alphabet may be in an unfamiliar order. Complete the pattern using this order. Answer with only the final answer and nothing else. Put your final answer between double brackets.

[u d v m w] [u d v w m]
[r u m v z] [


--- TARGET LETTERS ---

['r', 'u', 'v', 'm', 'z']
Full Qwen output: [ r u m v z ] [ r u m z v ]
trial 2 of 10...
trial 3 of 10...
trial 4 of 10...
trial 5 of 10...
trial 6 of 10...
trial 7 of 10...
trial 8 of 10...
trial 9 of 10...
trial 10 of 10...
Problem type: longer_targ - 2/20
trial 1 of 10...

=== PROMPT ===

System message: You are able to solve letter-string analogies

User message: Use the following alphabet to complete the pattern.

a b c q e f g y i o k l t n x p h r s u d v w m j z

Note that the alphabet may be in an unfamiliar order. Complete the pattern using this order. Answer with only the final answer and nothing else. Put your final answer between double brackets.

[u d v m w] [u d v w m]
[h r s u d j w m v] [


--- TARGET LETTERS ---

['h', 'r', 's', 'u', 'd', 'v', 'w', 'm', 'j']
Full Qwen output: [ h r s u d j w m v ] [ h r s u d j w m v ]
trial 2 of 10...
trial 3 of 10...
trial 4 of 10...
trial 5 of 10...
trial 6 of 10...
trial 7 of 10...
trial 8 of 10...
trial 9 of 10...
trial 10 of 10...
Problem type: group - 3/20
trial 1 of 10...

=== PROMPT ===

System message: You are able to solve letter-string analogies

User message: Use the following alphabet to complete the pattern.

a b c q e f g y i o k l t n x p h r s u d v w m j z

Note that the alphabet may be in an unfamiliar order. Complete the pattern using this order. Answer with only the final answer and nothing else. Put your final answer between double brackets.

[g y i o] [g y i k]
[v v w w m m j j] [


--- TARGET LETTERS ---

['v', 'v', 'w', 'w', 'm', 'm', 'z', 'z']
Full Qwen output: [ v v w w m m j j ] [ v v w w m m j j ]
trial 2 of 10...
trial 3 of 10...
trial 4 of 10...
trial 5 of 10...
trial 6 of 10...
trial 7 of 10...
trial 8 of 10...
trial 9 of 10...
trial 10 of 10...
Problem type: interleaved - 4/20
trial 1 of 10...

=== PROMPT ===

System message: You are able to solve letter-string analogies

User message: Use the following alphabet to complete the pattern.

a b c q e f g y i o k l t n x p h r s u d v w m j z

Note that the alphabet may be in an unfamiliar order. Complete the pattern using this order. Answer with only the final answer and nothing else. Put your final answer between double brackets.

[g y i o] [g y i o k]
[x x p x h x r x] [


--- TARGET LETTERS ---

['x', 'x', 'p', 'x', 'h', 'x', 'r', 'x', 's', 'x']
Full Qwen output: [ g y i o ] [ g y i o k ]  
[ x x p x h x r x ] [ x x p x h x r x k ]  

[[x x p x h x r x k]]
Filtered Qwen output: x x p x h x r x k
trial 2 of 10...
trial 3 of 10...
trial 4 of 10...
trial 5 of 10...
trial 6 of 10...
trial 7 of 10...
trial 8 of 10...
trial 9 of 10...
trial 10 of 10...
Problem type: letter2num - 5/20
trial 1 of 10...

=== PROMPT ===

System message: You are able to solve letter-string analogies

User message: Use the following alphabet to complete the pattern.

a b c q e f g y i o k l t n x p h r s u d v w m j z

Note that the alphabet may be in an unfamiliar order. Complete the pattern using this order. Answer with only the final answer and nothing else. Put your final answer between double brackets.

[k o i l t] [i o k l t]
[17 18 20 19 21] [


--- TARGET LETTERS ---

[np.int64(17), np.int64(18), np.int64(19), np.int64(20), np.int64(21)]
Full Qwen output: [17 18 20 19 21] [19 18 20 19 21]
trial 2 of 10...
trial 3 of 10...
trial 4 of 10...
trial 5 of 10...
trial 6 of 10...
trial 7 of 10...
trial 8 of 10...
trial 9 of 10...
trial 10 of 10...
Problem type: reverse - 6/20
trial 1 of 10...

=== PROMPT ===

System message: You are able to solve letter-string analogies

User message: Use the following alphabet to complete the pattern.

a b c q e f g y i o k l t n x p h r s u d v w m j z

Note that the alphabet may be in an unfamiliar order. Complete the pattern using this order. Answer with only the final answer and nothing else. Put your final answer between double brackets.

[d v w m] [u v w m]
[j m w v] [


--- TARGET LETTERS ---

['z', 'm', 'w', 'v']
Full Qwen output: [ j m w v ] [ j m w v ]
trial 2 of 10...
trial 3 of 10...
trial 4 of 10...
trial 5 of 10...
trial 6 of 10...
trial 7 of 10...
trial 8 of 10...
trial 9 of 10...
trial 10 of 10...
Problem type: 2gen_split1 - 7/20
trial 1 of 10...

=== PROMPT ===

System message: You are able to solve letter-string analogies

User message: Use the following alphabet to complete the pattern.

a b c q e f g y i o k l t n x p h r s u d v w m j z

Note that the alphabet may be in an unfamiliar order. Complete the pattern using this order. Answer with only the final answer and nothing else. Put your final answer between double brackets.

[a b c q] [a b c q e]
[15 17 19 21] [


--- TARGET LETTERS ---

[np.int64(15), np.int64(17), np.int64(19), np.int64(21), np.int64(23)]
Full Qwen output: [15 17 19 21 23]
trial 2 of 10...
trial 3 of 10...
trial 4 of 10...
trial 5 of 10...
trial 6 of 10...
trial 7 of 10...
trial 8 of 10...
trial 9 of 10...
trial 10 of 10...
Problem type: 2gen_split2 - 8/20
trial 1 of 10...

=== PROMPT ===

System message: You are able to solve letter-string analogies

User message: Use the following alphabet to complete the pattern.

a b c q e f g y i o k l t n x p h r s u d v w m j z

Note that the alphabet may be in an unfamiliar order. Complete the pattern using this order. Answer with only the final answer and nothing else. Put your final answer between double brackets.

[f g o i y] [f g y i o]
[b x c x i x e x f x g x y x q x o x] [


--- TARGET LETTERS ---

['b', 'x', 'c', 'x', 'q', 'x', 'e', 'x', 'f', 'x', 'g', 'x', 'y', 'x', 'i', 'x', 'o', 'x']
Full Qwen output: [ f g o i y ] [ f g y i o ] [ b x c x i x e x f x g x y x q x o x ] [ b x c x i x e x f x g x y x q x o x ]
trial 2 of 10...
trial 3 of 10...
trial 4 of 10...
trial 5 of 10...
trial 6 of 10...
trial 7 of 10...
trial 8 of 10...
trial 9 of 10...
trial 10 of 10...
Problem type: 2gen_split3 - 9/20
trial 1 of 10...

=== PROMPT ===

System message: You are able to solve letter-string analogies

User message: Use the following alphabet to complete the pattern.

a b c q e f g y i o k l t n x p h r s u d v w m j z

Note that the alphabet may be in an unfamiliar order. Complete the pattern using this order. Answer with only the final answer and nothing else. Put your final answer between double brackets.

[u d v w] [s d v w]
[o o x x k k x x l l x x t t x x] [


--- TARGET LETTERS ---

['i', 'i', 'x', 'x', 'k', 'k', 'x', 'x', 'l', 'l', 'x', 'x', 't', 't', 'x', 'x']
Full Qwen output: [ u d v w ] [ s d v w ]  
[ o o x x k k x x l l x x t t x x ] [ m m z z ]  

[[m m z z]]
Filtered Qwen output: m m z z
trial 2 of 10...
trial 3 of 10...
trial 4 of 10...
trial 5 of 10...
trial 6 of 10...
trial 7 of 10...
trial 8 of 10...
trial 9 of 10...
trial 10 of 10...
Problem type: 2gen_split4 - 10/20
trial 1 of 10...

=== PROMPT ===

System message: You are able to solve letter-string analogies

User message: Use the following alphabet to complete the pattern.

a b c q e f g y i o k l t n x p h r s u d v w m j z

Note that the alphabet may be in an unfamiliar order. Complete the pattern using this order. Answer with only the final answer and nothing else. Put your final answer between double brackets.

[v w d j z] [v w m j z]
[d d s s r r h h p p] [


--- TARGET LETTERS ---

['u', 'u', 's', 's', 'r', 'r', 'h', 'h', 'p', 'p']
Full Qwen output: [ddssrrhhpp] [ddssrrhhpp]
trial 2 of 10...
trial 3 of 10...
trial 4 of 10...
trial 5 of 10...
trial 6 of 10...
trial 7 of 10...
trial 8 of 10...
trial 9 of 10...
trial 10 of 10...
Problem type: 2gen_split5 - 11/20
trial 1 of 10...

=== PROMPT ===

System message: You are able to solve letter-string analogies

User message: Use the following alphabet to complete the pattern.

a b c q e f g y i o k l t n x p h r s u d v w m j z

Note that the alphabet may be in an unfamiliar order. Complete the pattern using this order. Answer with only the final answer and nothing else. Put your final answer between double brackets.

[i o k l] [i o k l t]
[j x m x w x v x] [


--- TARGET LETTERS ---

['j', 'x', 'm', 'x', 'w', 'x', 'v', 'x', 'd', 'x']
Full Qwen output: [i o k l] [i o k l t] [j x m x w x v x] [j x m x w x v x w]
trial 2 of 10...
trial 3 of 10...
trial 4 of 10...
trial 5 of 10...
trial 6 of 10...
trial 7 of 10...
trial 8 of 10...
trial 9 of 10...
trial 10 of 10...
Problem type: 2gen_split6 - 12/20
trial 1 of 10...

=== PROMPT ===

System message: You are able to solve letter-string analogies

User message: Use the following alphabet to complete the pattern.

a b c q e f g y i o k l t n x p h r s u d v w m j z

Note that the alphabet may be in an unfamiliar order. Complete the pattern using this order. Answer with only the final answer and nothing else. Put your final answer between double brackets.

[h r s u] [p r s u]
[s s u u d d v v w w m m j j z z] [


--- TARGET LETTERS ---

['r', 'r', 'u', 'u', 'd', 'd', 'v', 'v', 'w', 'w', 'm', 'm', 'j', 'j', 'z', 'z']
Full Qwen output: [ h r s u ] [ p r s u ]  
[ s s u u d d v v w w m m j j z z ] [ h h r r s s u u ]  

[[h h r r s s u u]]
Filtered Qwen output: h h r r s s u u
trial 2 of 10...
trial 3 of 10...
trial 4 of 10...
trial 5 of 10...
trial 6 of 10...
trial 7 of 10...
trial 8 of 10...
trial 9 of 10...
trial 10 of 10...
Problem type: 2gensplit7 - 13/20
trial 1 of 10...

=== PROMPT ===

System message: You are able to solve letter-string analogies

User message: Use the following alphabet to complete the pattern.

a b c q e f g y i o k l t n x p h r s u d v w m j z

Note that the alphabet may be in an unfamiliar order. Complete the pattern using this order. Answer with only the final answer and nothing else. Put your final answer between double brackets.

[s u d v] [s u d w]
[3 0 4 0 5 0 6 0] [


--- TARGET LETTERS ---

[np.int64(3), '0', np.int64(4), '0', np.int64(5), '0', np.int64(7), '0']
Full Qwen output: [3 0 4 0 5 0 6 0] [3 0 4 0 5 0 6 1]
trial 2 of 10...
trial 3 of 10...
trial 4 of 10...
trial 5 of 10...
trial 6 of 10...
trial 7 of 10...
trial 8 of 10...
trial 9 of 10...
trial 10 of 10...
Problem type: 3gen_split1 - 14/20
trial 1 of 10...

=== PROMPT ===

System message: You are able to solve letter-string analogies

User message: Use the following alphabet to complete the pattern.

a b c q e f g y i o k l t n x p h r s u d v w m j z

Note that the alphabet may be in an unfamiliar order. Complete the pattern using this order. Answer with only the final answer and nothing else. Put your final answer between double brackets.

[l t n x] [l t n p]
[y x o x l x n x p x r x u x v x] [


--- TARGET LETTERS ---

['y', 'x', 'o', 'x', 'l', 'x', 'n', 'x', 'p', 'x', 'r', 'x', 'u', 'x', 'm', 'x']
Full Qwen output: [ l t n x ] [ l t n p ]  
[ y x o x l x n x p x r x u x v x ] [ l t n p ]  

[[l t n p]]
Filtered Qwen output: l t n p
trial 2 of 10...
trial 3 of 10...
trial 4 of 10...
trial 5 of 10...
trial 6 of 10...
trial 7 of 10...
trial 8 of 10...
trial 9 of 10...
trial 10 of 10...
Problem type: 3gen_split2 - 15/20
trial 1 of 10...

=== PROMPT ===

System message: You are able to solve letter-string analogies

User message: Use the following alphabet to complete the pattern.

a b c q e f g y i o k l t n x p h r s u d v w m j z

Note that the alphabet may be in an unfamiliar order. Complete the pattern using this order. Answer with only the final answer and nothing else. Put your final answer between double brackets.

[v w m j] [v w m j z]
[17 0 19 0 21 0 23 0] [


--- TARGET LETTERS ---

[np.int64(17), '0', np.int64(19), '0', np.int64(21), '0', np.int64(23), '0', np.int64(25), '0']
Full Qwen output: [17 0 19 0 21 0 23 0] [17 0 19 0 21 0 23 0 25]
trial 2 of 10...
trial 3 of 10...
trial 4 of 10...
trial 5 of 10...
trial 6 of 10...
trial 7 of 10...
trial 8 of 10...
trial 9 of 10...
trial 10 of 10...
Problem type: 3gen_split3 - 16/20
trial 1 of 10...

=== PROMPT ===

System message: You are able to solve letter-string analogies

User message: Use the following alphabet to complete the pattern.

a b c q e f g y i o k l t n x p h r s u d v w m j z

Note that the alphabet may be in an unfamiliar order. Complete the pattern using this order. Answer with only the final answer and nothing else. Put your final answer between double brackets.

[g y i o] [g y i o k]
[r r x x h h x x p p x x x x x x] [


--- TARGET LETTERS ---

['r', 'r', 'x', 'x', 'h', 'h', 'x', 'x', 'p', 'p', 'x', 'x', 'x', 'x', 'x', 'x', 'n', 'n', 'x', 'x']
Full Qwen output: [ g y i o ] [ g y i o k ] [ r r x x h h x x p p x x x x x x ] [ r r x x h h x x p p x x x x x x k ]
trial 2 of 10...
trial 3 of 10...
trial 4 of 10...
trial 5 of 10...
trial 6 of 10...
trial 7 of 10...
trial 8 of 10...
trial 9 of 10...
trial 10 of 10...
Problem type: 3gen_split4 - 17/20
trial 1 of 10...

=== PROMPT ===

System message: You are able to solve letter-string analogies

User message: Use the following alphabet to complete the pattern.

a b c q e f g y i o k l t n x p h r s u d v w m j z

Note that the alphabet may be in an unfamiliar order. Complete the pattern using this order. Answer with only the final answer and nothing else. Put your final answer between double brackets.

[y i t k l] [y i o k l]
[6 0 5 0 4 0 3 0 1 0] [


--- TARGET LETTERS ---

[np.int64(6), '0', np.int64(5), '0', np.int64(4), '0', np.int64(3), '0', np.int64(2), '0']
Full Qwen output: [6 0 5 0 4 0 3 0 1 0] [6 0 5 0 4 0 3 0 1 0]
trial 2 of 10...
trial 3 of 10...
trial 4 of 10...
trial 5 of 10...
trial 6 of 10...
trial 7 of 10...
trial 8 of 10...
trial 9 of 10...
trial 10 of 10...
Problem type: 3gen_split5 - 18/20
trial 1 of 10...

=== PROMPT ===

System message: You are able to solve letter-string analogies

User message: Use the following alphabet to complete the pattern.

a b c q e f g y i o k l t n x p h r s u d v w m j z

Note that the alphabet may be in an unfamiliar order. Complete the pattern using this order. Answer with only the final answer and nothing else. Put your final answer between double brackets.

[n x p h] [n x p r]
[n n l l o o y y] [


--- TARGET LETTERS ---

['n', 'n', 'l', 'l', 'o', 'o', 'f', 'f']
Full Qwen output: [ n n l l o o y y ] [ n n l l o o y y ]
trial 2 of 10...
trial 3 of 10...
trial 4 of 10...
trial 5 of 10...
trial 6 of 10...
trial 7 of 10...
trial 8 of 10...
trial 9 of 10...
trial 10 of 10...
Problem type: 3gen_split6 - 19/20
trial 1 of 10...

=== PROMPT ===

System message: You are able to solve letter-string analogies

User message: Use the following alphabet to complete the pattern.

a b c q e f g y i o k l t n x p h r s u d v w m j z

Note that the alphabet may be in an unfamiliar order. Complete the pattern using this order. Answer with only the final answer and nothing else. Put your final answer between double brackets.

[b c q e] [a c q e]
[e e g g i i k k t t x x h h s s] [


--- TARGET LETTERS ---

['c', 'c', 'g', 'g', 'i', 'i', 'k', 'k', 't', 't', 'x', 'x', 'h', 'h', 's', 's']
Full Qwen output: [ b c q e ] [ a c q e ] [ e e g g i i k k t t x x h h s s ] [ d d f f j j m m r r v v z z ]
trial 2 of 10...
trial 3 of 10...
trial 4 of 10...
trial 5 of 10...
trial 6 of 10...
trial 7 of 10...
trial 8 of 10...
trial 9 of 10...
trial 10 of 10...
Problem type: 3gensplit7 - 20/20
trial 1 of 10...

=== PROMPT ===

System message: You are able to solve letter-string analogies

User message: Use the following alphabet to complete the pattern.

a b c q e f g y i o k l t n x p h r s u d v w m j z

Note that the alphabet may be in an unfamiliar order. Complete the pattern using this order. Answer with only the final answer and nothing else. Put your final answer between double brackets.

[n x p h] [t x p h]
[23 23 0 0 24 24 0 0 25 25 0 0 26 26 0 0] [


--- TARGET LETTERS ---

[np.int64(22), np.int64(22), '0', '0', np.int64(24), np.int64(24), '0', '0', np.int64(25), np.int64(25), '0', '0', np.int64(26), np.int64(26), '0', '0']
Full Qwen output: [23 23 0 0 24 24 0 0 25 25 0 0 26 26 0 0] [23 23 0 0 24 24 0 0 25 25 0 0 26 26 0 0]
trial 2 of 10...
trial 3 of 10...
trial 4 of 10...
trial 5 of 10...
trial 6 of 10...
trial 7 of 10...
trial 8 of 10...
trial 9 of 10...
trial 10 of 10...
alph_2
c b v h e f g d r j k l m n o p q y s t u x a w i z
Problem type: larger_int - 1/20
trial 1 of 10...

=== PROMPT ===

System message: You are able to solve letter-string analogies

User message: Use the following alphabet to complete the pattern.

c b v h e f g d r j k l m n o p q y s t u x a w i z

Note that the alphabet may be in an unfamiliar order. Complete the pattern using this order. Answer with only the final answer and nothing else. Put your final answer between double brackets.

[b v h e] [b v h e f]
[d j l n] [


--- TARGET LETTERS ---

['d', 'j', 'l', 'n', 'p']
Full Qwen output: [b v h e] [b v h e f] [d j l n o] [d j l n o p]
trial 2 of 10...
trial 3 of 10...
trial 4 of 10...
trial 5 of 10...
trial 6 of 10...
trial 7 of 10...
trial 8 of 10...
trial 9 of 10...
trial 10 of 10...
Problem type: longer_targ - 2/20
trial 1 of 10...

=== PROMPT ===

System message: You are able to solve letter-string analogies

User message: Use the following alphabet to complete the pattern.

c b v h e f g d r j k l m n o p q y s t u x a w i z

Note that the alphabet may be in an unfamiliar order. Complete the pattern using this order. Answer with only the final answer and nothing else. Put your final answer between double brackets.

[o p q y] [o p q s]
[q y s t u x a w] [


--- TARGET LETTERS ---

['q', 'y', 's', 't', 'u', 'x', 'a', 'i']
Full Qwen output: [ q y s t u x a w ] [ q y s t u x a w ]
trial 2 of 10...
trial 3 of 10...
trial 4 of 10...
trial 5 of 10...
trial 6 of 10...
trial 7 of 10...
trial 8 of 10...
trial 9 of 10...
trial 10 of 10...
Problem type: group - 3/20
trial 1 of 10...

=== PROMPT ===

System message: You are able to solve letter-string analogies

User message: Use the following alphabet to complete the pattern.

c b v h e f g d r j k l m n o p q y s t u x a w i z

Note that the alphabet may be in an unfamiliar order. Complete the pattern using this order. Answer with only the final answer and nothing else. Put your final answer between double brackets.

[e f g d] [e f g d r]
[x x a a w w i i] [


--- TARGET LETTERS ---

['x', 'x', 'a', 'a', 'w', 'w', 'i', 'i', 'z', 'z']
Full Qwen output: [ x x a a w w i i z z ]
trial 2 of 10...
trial 3 of 10...
trial 4 of 10...
trial 5 of 10...
trial 6 of 10...
trial 7 of 10...
trial 8 of 10...
trial 9 of 10...
trial 10 of 10...
Problem type: interleaved - 4/20
trial 1 of 10...

=== PROMPT ===

System message: You are able to solve letter-string analogies

User message: Use the following alphabet to complete the pattern.

c b v h e f g d r j k l m n o p q y s t u x a w i z

Note that the alphabet may be in an unfamiliar order. Complete the pattern using this order. Answer with only the final answer and nothing else. Put your final answer between double brackets.

[f g d l j] [f g d r j]
[x x a x w x i x h x] [


--- TARGET LETTERS ---

['x', 'x', 'a', 'x', 'w', 'x', 'i', 'x', 'z', 'x']
Full Qwen output: [ f g d l j ] [ f g d r j ]  
[ x x a x w x i x h x ] [ x x a x w x i x h x ]  

[[x x a x w x i x h x]]
Filtered Qwen output: x x a x w x i x h x
trial 2 of 10...
trial 3 of 10...
trial 4 of 10...
trial 5 of 10...
trial 6 of 10...
trial 7 of 10...
trial 8 of 10...
trial 9 of 10...
trial 10 of 10...
Problem type: letter2num - 5/20
trial 1 of 10...

=== PROMPT ===

System message: You are able to solve letter-string analogies

User message: Use the following alphabet to complete the pattern.

c b v h e f g d r j k l m n o p q y s t u x a w i z

Note that the alphabet may be in an unfamiliar order. Complete the pattern using this order. Answer with only the final answer and nothing else. Put your final answer between double brackets.

[x a w i] [x a w z]
[8 9 10 11] [


--- TARGET LETTERS ---

[np.int64(8), np.int64(9), np.int64(10), np.int64(12)]
Full Qwen output: [8 9 10 11] [8 9 10 11]
trial 2 of 10...
trial 3 of 10...
trial 4 of 10...
trial 5 of 10...
trial 6 of 10...
trial 7 of 10...
trial 8 of 10...
trial 9 of 10...
trial 10 of 10...
Problem type: reverse - 6/20
trial 1 of 10...

=== PROMPT ===

System message: You are able to solve letter-string analogies

User message: Use the following alphabet to complete the pattern.

c b v h e f g d r j k l m n o p q y s t u x a w i z

Note that the alphabet may be in an unfamiliar order. Complete the pattern using this order. Answer with only the final answer and nothing else. Put your final answer between double brackets.

[n o o p q y] [n o p q y]
[w a x x u t] [


--- TARGET LETTERS ---

['w', 'a', 'x', 'u', 't']
Full Qwen output: [ n o o p q y ] [ n o p q y ]  
[ w a x x u t ] [ w a x x u t ]  

The pattern is repeating the first part, so the next part should be:  
[ w a x x u t ]  

[[w a x x u t]]
Filtered Qwen output: w a x x u t
trial 2 of 10...
trial 3 of 10...
trial 4 of 10...
trial 5 of 10...
trial 6 of 10...
trial 7 of 10...
trial 8 of 10...
trial 9 of 10...
trial 10 of 10...
Problem type: 2gen_split1 - 7/20
trial 1 of 10...

=== PROMPT ===

System message: You are able to solve letter-string analogies

User message: Use the following alphabet to complete the pattern.

c b v h e f g d r j k l m n o p q y s t u x a w i z

Note that the alphabet may be in an unfamiliar order. Complete the pattern using this order. Answer with only the final answer and nothing else. Put your final answer between double brackets.

[c b v h w] [c b v h e]
[u u y y t t x x w w] [


--- TARGET LETTERS ---

['p', 'p', 'y', 'y', 't', 't', 'x', 'x', 'w', 'w']
Full Qwen output: [ u u y y t t x x w w ] [ u u y y t t x x w w ]
trial 2 of 10...
trial 3 of 10...
trial 4 of 10...
trial 5 of 10...
trial 6 of 10...
trial 7 of 10...
trial 8 of 10...
trial 9 of 10...
trial 10 of 10...
Problem type: 2gen_split2 - 8/20
trial 1 of 10...

=== PROMPT ===

System message: You are able to solve letter-string analogies

User message: Use the following alphabet to complete the pattern.

c b v h e f g d r j k l m n o p q y s t u x a w i z

Note that the alphabet may be in an unfamiliar order. Complete the pattern using this order. Answer with only the final answer and nothing else. Put your final answer between double brackets.

[x a m i z] [x a w i z]
[i i w w a a q q u u] [


--- TARGET LETTERS ---

['i', 'i', 'w', 'w', 'a', 'a', 'x', 'x', 'u', 'u']
Full Qwen output: [ i i w w a a q q u u ] [ i i w w a a q q u u ]
trial 2 of 10...
trial 3 of 10...
trial 4 of 10...
trial 5 of 10...
trial 6 of 10...
trial 7 of 10...
trial 8 of 10...
trial 9 of 10...
trial 10 of 10...
Problem type: 2gen_split3 - 9/20
trial 1 of 10...

=== PROMPT ===

System message: You are able to solve letter-string analogies

User message: Use the following alphabet to complete the pattern.

c b v h e f g d r j k l m n o p q y s t u x a w i z

Note that the alphabet may be in an unfamiliar order. Complete the pattern using this order. Answer with only the final answer and nothing else. Put your final answer between double brackets.

[r j k l] [r j k m]
[c x b x v x h x e x f x g x d x] [


--- TARGET LETTERS ---

['c', 'x', 'b', 'x', 'v', 'x', 'h', 'x', 'e', 'x', 'f', 'x', 'g', 'x', 'r', 'x']
Full Qwen output: [r j k l] [r j k m] [c x b x v x h x e x f x g x d x] [c x b x v x h x e x f x g x d x]
trial 2 of 10...
trial 3 of 10...
trial 4 of 10...
trial 5 of 10...
trial 6 of 10...
trial 7 of 10...
trial 8 of 10...
trial 9 of 10...
trial 10 of 10...
Problem type: 2gen_split4 - 10/20
trial 1 of 10...

=== PROMPT ===

System message: You are able to solve letter-string analogies

User message: Use the following alphabet to complete the pattern.

c b v h e f g d r j k l m n o p q y s t u x a w i z

Note that the alphabet may be in an unfamiliar order. Complete the pattern using this order. Answer with only the final answer and nothing else. Put your final answer between double brackets.

[u x a w i i] [u x a w i]
[j x k x l x m x n x n x o x p x q x y x] [


--- TARGET LETTERS ---

['j', 'x', 'k', 'x', 'l', 'x', 'm', 'x', 'n', 'x', 'o', 'x', 'p', 'x', 'q', 'x', 'y', 'x']
Full Qwen output: [ u x a w i i ] [ u x a w i ] [ j x k x l x m x n x n x o x p x q x y x ] [ j x k x l x m x n x n x o x p x q x y x ]
trial 2 of 10...
trial 3 of 10...
trial 4 of 10...
trial 5 of 10...
trial 6 of 10...
trial 7 of 10...
trial 8 of 10...
trial 9 of 10...
trial 10 of 10...
Problem type: 2gen_split5 - 11/20
trial 1 of 10...

=== PROMPT ===

System message: You are able to solve letter-string analogies

User message: Use the following alphabet to complete the pattern.

c b v h e f g d r j k l m n o p q y s t u x a w i z

Note that the alphabet may be in an unfamiliar order. Complete the pattern using this order. Answer with only the final answer and nothing else. Put your final answer between double brackets.

[c b v h h e] [c b v h e]
[21 21 22 22 22 22 23 23 24 24 25 25] [


--- TARGET LETTERS ---

[np.int64(21), np.int64(21), np.int64(22), np.int64(22), np.int64(23), np.int64(23), np.int64(24), np.int64(24), np.int64(25), np.int64(25)]
Full Qwen output: [21 21 22 22 22 22 23 23 24 24 25 25] [21 21 22 22 22 22 23 23 24 24 25]
trial 2 of 10...
trial 3 of 10...
trial 4 of 10...
trial 5 of 10...
trial 6 of 10...
trial 7 of 10...
trial 8 of 10...
trial 9 of 10...
trial 10 of 10...
Problem type: 2gen_split6 - 12/20
trial 1 of 10...

=== PROMPT ===

System message: You are able to solve letter-string analogies

User message: Use the following alphabet to complete the pattern.

c b v h e f g d r j k l m n o p q y s t u x a w i z

Note that the alphabet may be in an unfamiliar order. Complete the pattern using this order. Answer with only the final answer and nothing else. Put your final answer between double brackets.

[b v h e] [c v h e]
[g r k m o q s u] [


--- TARGET LETTERS ---

['e', 'r', 'k', 'm', 'o', 'q', 's', 'u']
Full Qwen output: [ g r k m o q s u ] [ g r k m o q s u ]
trial 2 of 10...
trial 3 of 10...
trial 4 of 10...
trial 5 of 10...
trial 6 of 10...
trial 7 of 10...
trial 8 of 10...
trial 9 of 10...
trial 10 of 10...
Problem type: 2gensplit7 - 13/20
trial 1 of 10...

=== PROMPT ===

System message: You are able to solve letter-string analogies

User message: Use the following alphabet to complete the pattern.

c b v h e f g d r j k l m n o p q y s t u x a w i z

Note that the alphabet may be in an unfamiliar order. Complete the pattern using this order. Answer with only the final answer and nothing else. Put your final answer between double brackets.

[t a x u w] [t u x a w]
[j l n w y t x p z] [


--- TARGET LETTERS ---

['j', 'l', 'n', 'p', 'y', 't', 'x', 'w', 'z']
Full Qwen output: [ j l n w y t x p z ] [ j l n w y t x p z ]
trial 2 of 10...
trial 3 of 10...
trial 4 of 10...
trial 5 of 10...
trial 6 of 10...
trial 7 of 10...
trial 8 of 10...
trial 9 of 10...
trial 10 of 10...
Problem type: 3gen_split1 - 14/20
trial 1 of 10...

=== PROMPT ===

System message: You are able to solve letter-string analogies

User message: Use the following alphabet to complete the pattern.

c b v h e f g d r j k l m n o p q y s t u x a w i z

Note that the alphabet may be in an unfamiliar order. Complete the pattern using this order. Answer with only the final answer and nothing else. Put your final answer between double brackets.

[c b v h] [c b v e]
[16 16 15 15 14 14 13 13] [


--- TARGET LETTERS ---

[np.int64(16), np.int64(16), np.int64(15), np.int64(15), np.int64(14), np.int64(14), np.int64(12), np.int64(12)]
Full Qwen output: [16 16 15 15 14 14 13 13] [16 16 15 15 14 14 13 13]
trial 2 of 10...
trial 3 of 10...
trial 4 of 10...
trial 5 of 10...
trial 6 of 10...
trial 7 of 10...
trial 8 of 10...
trial 9 of 10...
trial 10 of 10...
Problem type: 3gen_split2 - 15/20
trial 1 of 10...

=== PROMPT ===

System message: You are able to solve letter-string analogies

User message: Use the following alphabet to complete the pattern.

c b v h e f g d r j k l m n o p q y s t u x a w i z

Note that the alphabet may be in an unfamiliar order. Complete the pattern using this order. Answer with only the final answer and nothing else. Put your final answer between double brackets.

[x a w i] [x a w i z]
[i x a x u x] [


--- TARGET LETTERS ---

['i', 'x', 'a', 'x', 'u', 'x', 's', 'x']
Full Qwen output: [ i x a w i z ]
trial 2 of 10...
trial 3 of 10...
trial 4 of 10...
trial 5 of 10...
trial 6 of 10...
trial 7 of 10...
trial 8 of 10...
trial 9 of 10...
trial 10 of 10...
Problem type: 3gen_split3 - 16/20
trial 1 of 10...

=== PROMPT ===

System message: You are able to solve letter-string analogies

User message: Use the following alphabet to complete the pattern.

c b v h e f g d r j k l m n o p q y s t u x a w i z

Note that the alphabet may be in an unfamiliar order. Complete the pattern using this order. Answer with only the final answer and nothing else. Put your final answer between double brackets.

[d r j l k] [d r j k l]
[9 0 13 0 11 0 15 0 17 0] [


--- TARGET LETTERS ---

[np.int64(9), '0', np.int64(11), '0', np.int64(13), '0', np.int64(15), '0', np.int64(17), '0']
Full Qwen output: [9 0 13 0 11 0 15 0 17 0] [9 0 13 0 11 0 15 0 17 0]  
[9 0 13 0 11 0 15 0 17 0] [9 0 13 0 11 0 15 0 17 0]  

[[9 0 13 0 11 0 15 0 17 0]]
Filtered Qwen output: 9 0 13 0 11 0 15 0 17 0
trial 2 of 10...
trial 3 of 10...
trial 4 of 10...
trial 5 of 10...
trial 6 of 10...
trial 7 of 10...
trial 8 of 10...
trial 9 of 10...
trial 10 of 10...
Problem type: 3gen_split4 - 17/20
trial 1 of 10...

=== PROMPT ===

System message: You are able to solve letter-string analogies

User message: Use the following alphabet to complete the pattern.

c b v h e f g d r j k l m n o p q y s t u x a w i z

Note that the alphabet may be in an unfamiliar order. Complete the pattern using this order. Answer with only the final answer and nothing else. Put your final answer between double brackets.

[b v h e] [c v h e]
[18 18 0 0 19 19 0 0 20 20 0 0 21 21 0 0] [


--- TARGET LETTERS ---

[np.int64(17), np.int64(17), '0', '0', np.int64(19), np.int64(19), '0', '0', np.int64(20), np.int64(20), '0', '0', np.int64(21), np.int64(21), '0', '0']
Full Qwen output: [18 18 0 0 19 19 0 0 20 20 0 0 21 21 0 0] [18 18 0 0 19 19 0 0 20 20 0 0 21 21 0 0]
trial 2 of 10...
trial 3 of 10...
trial 4 of 10...
trial 5 of 10...
trial 6 of 10...
trial 7 of 10...
trial 8 of 10...
trial 9 of 10...
trial 10 of 10...
Problem type: 3gen_split5 - 18/20
trial 1 of 10...

=== PROMPT ===

System message: You are able to solve letter-string analogies

User message: Use the following alphabet to complete the pattern.

c b v h e f g d r j k l m n o p q y s t u x a w i z

Note that the alphabet may be in an unfamiliar order. Complete the pattern using this order. Answer with only the final answer and nothing else. Put your final answer between double brackets.

[y s t u] [q s t u]
[t t y y p p n n] [


--- TARGET LETTERS ---

['x', 'x', 'y', 'y', 'p', 'p', 'n', 'n']
Full Qwen output: [tt yy pp nn] [qq ss tt uu]
trial 2 of 10...
trial 3 of 10...
trial 4 of 10...
trial 5 of 10...
trial 6 of 10...
trial 7 of 10...
trial 8 of 10...
trial 9 of 10...
trial 10 of 10...
Problem type: 3gen_split6 - 19/20
trial 1 of 10...

=== PROMPT ===

System message: You are able to solve letter-string analogies

User message: Use the following alphabet to complete the pattern.

c b v h e f g d r j k l m n o p q y s t u x a w i z

Note that the alphabet may be in an unfamiliar order. Complete the pattern using this order. Answer with only the final answer and nothing else. Put your final answer between double brackets.

[r j f l m] [r j k l m]
[n n x x p p x x a a x x t t x x x x x x] [


--- TARGET LETTERS ---

['n', 'n', 'x', 'x', 'p', 'p', 'x', 'x', 'y', 'y', 'x', 'x', 't', 't', 'x', 'x', 'x', 'x', 'x', 'x']
Full Qwen output: [r j f l m] [r j k l m]  
[n n x x p p x x a a x x t t x x x x x x] [n n x x p p x x a a x x t t x x x x x x]  

[[n n x x p p x x a a x x t t x x x x x x]]
Filtered Qwen output: n n x x p p x x a a x x t t x x x x x x
trial 2 of 10...
trial 3 of 10...
trial 4 of 10...
trial 5 of 10...
trial 6 of 10...
trial 7 of 10...
trial 8 of 10...
trial 9 of 10...
trial 10 of 10...
Problem type: 3gensplit7 - 20/20
trial 1 of 10...

=== PROMPT ===

System message: You are able to solve letter-string analogies

User message: Use the following alphabet to complete the pattern.

c b v h e f g d r j k l m n o p q y s t u x a w i z

Note that the alphabet may be in an unfamiliar order. Complete the pattern using this order. Answer with only the final answer and nothing else. Put your final answer between double brackets.

[b v h e] [c v h e]
[n n x x p p x x y y x x t t x x] [


--- TARGET LETTERS ---

['l', 'l', 'x', 'x', 'p', 'p', 'x', 'x', 'y', 'y', 'x', 'x', 't', 't', 'x', 'x']
Full Qwen output: [b v h e] [c v h e]  
[n n x x p p x x y y x x t t x x] [n n x x p p x x y y x x t t x x]  

[[n n x x p p x x y y x x t t x x]]
Filtered Qwen output: n n x x p p x x y y x x t t x x
trial 2 of 10...
trial 3 of 10...
trial 4 of 10...
trial 5 of 10...
trial 6 of 10...
trial 7 of 10...
trial 8 of 10...
trial 9 of 10...
trial 10 of 10...
alph_3
a m c p z f g h i b d k j n o l q r s t u v w x e y
Problem type: larger_int - 1/20
trial 1 of 10...

=== PROMPT ===

System message: You are able to solve letter-string analogies

User message: Use the following alphabet to complete the pattern.

a m c p z f g h i b d k j n o l q r s t u v w x e y

Note that the alphabet may be in an unfamiliar order. Complete the pattern using this order. Answer with only the final answer and nothing else. Put your final answer between double brackets.

[z f g h] [z f g i]
[s u w] [


--- TARGET LETTERS ---

['s', 'u', 'e']
Full Qwen output: [[s u x]]
Filtered Qwen output: s u x
trial 2 of 10...
trial 3 of 10...
trial 4 of 10...
trial 5 of 10...
trial 6 of 10...
trial 7 of 10...
trial 8 of 10...
trial 9 of 10...
trial 10 of 10...
Problem type: longer_targ - 2/20
trial 1 of 10...

=== PROMPT ===

System message: You are able to solve letter-string analogies

User message: Use the following alphabet to complete the pattern.

a m c p z f g h i b d k j n o l q r s t u v w x e y

Note that the alphabet may be in an unfamiliar order. Complete the pattern using this order. Answer with only the final answer and nothing else. Put your final answer between double brackets.

[s l q r o] [o l q r s]
[f m c p z a g h i] [


--- TARGET LETTERS ---

['a', 'm', 'c', 'p', 'z', 'f', 'g', 'h', 'i']
Full Qwen output: [ f m c p z a g h i ] [ a z p c m f i h g ]
trial 2 of 10...
trial 3 of 10...
trial 4 of 10...
trial 5 of 10...
trial 6 of 10...
trial 7 of 10...
trial 8 of 10...
trial 9 of 10...
trial 10 of 10...
Problem type: group - 3/20
trial 1 of 10...

=== PROMPT ===

System message: You are able to solve letter-string analogies

User message: Use the following alphabet to complete the pattern.

a m c p z f g h i b d k j n o l q r s t u v w x e y

Note that the alphabet may be in an unfamiliar order. Complete the pattern using this order. Answer with only the final answer and nothing else. Put your final answer between double brackets.

[j n o l] [j n o l q]
[b b d d k k j j] [


--- TARGET LETTERS ---

['b', 'b', 'd', 'd', 'k', 'k', 'j', 'j', 'n', 'n']
Full Qwen output: [ b b d d k k j j ] [ b b d d k k j j q ]
trial 2 of 10...
trial 3 of 10...
trial 4 of 10...
trial 5 of 10...
trial 6 of 10...
trial 7 of 10...
trial 8 of 10...
trial 9 of 10...
trial 10 of 10...
Problem type: interleaved - 4/20
trial 1 of 10...

=== PROMPT ===

System message: You are able to solve letter-string analogies

User message: Use the following alphabet to complete the pattern.

a m c p z f g h i b d k j n o l q r s t u v w x e y

Note that the alphabet may be in an unfamiliar order. Complete the pattern using this order. Answer with only the final answer and nothing else. Put your final answer between double brackets.

[b d k j] [b d k n]
[c x p x z x f x] [


--- TARGET LETTERS ---

['c', 'x', 'p', 'x', 'z', 'x', 'g', 'x']
Full Qwen output: [ c x p x z x f x ] [ c x p x z x f x ]
trial 2 of 10...
trial 3 of 10...
trial 4 of 10...
trial 5 of 10...
trial 6 of 10...
trial 7 of 10...
trial 8 of 10...
trial 9 of 10...
trial 10 of 10...
Problem type: letter2num - 5/20
trial 1 of 10...

=== PROMPT ===

System message: You are able to solve letter-string analogies

User message: Use the following alphabet to complete the pattern.

a m c p z f g h i b d k j n o l q r s t u v w x e y

Note that the alphabet may be in an unfamiliar order. Complete the pattern using this order. Answer with only the final answer and nothing else. Put your final answer between double brackets.

[v w x e] [v w x e y]
[14 15 16 17] [


--- TARGET LETTERS ---

[np.int64(14), np.int64(15), np.int64(16), np.int64(17), np.int64(18)]
Full Qwen output: [14 15 16 17 18]
trial 2 of 10...
trial 3 of 10...
trial 4 of 10...
trial 5 of 10...
trial 6 of 10...
trial 7 of 10...
trial 8 of 10...
trial 9 of 10...
trial 10 of 10...
Problem type: reverse - 6/20
trial 1 of 10...

=== PROMPT ===

System message: You are able to solve letter-string analogies

User message: Use the following alphabet to complete the pattern.

a m c p z f g h i b d k j n o l q r s t u v w x e y

Note that the alphabet may be in an unfamiliar order. Complete the pattern using this order. Answer with only the final answer and nothing else. Put your final answer between double brackets.

[v w x z y] [v w x e y]
[i h g f r] [


--- TARGET LETTERS ---

['i', 'h', 'g', 'f', 'z']
Full Qwen output: [ i h g e r ]
trial 2 of 10...
trial 3 of 10...
trial 4 of 10...
trial 5 of 10...
trial 6 of 10...
trial 7 of 10...
trial 8 of 10...
trial 9 of 10...
trial 10 of 10...
Problem type: 2gen_split1 - 7/20
trial 1 of 10...

=== PROMPT ===

System message: You are able to solve letter-string analogies

User message: Use the following alphabet to complete the pattern.

a m c p z f g h i b d k j n o l q r s t u v w x e y

Note that the alphabet may be in an unfamiliar order. Complete the pattern using this order. Answer with only the final answer and nothing else. Put your final answer between double brackets.

[s t q v w] [s t u v w]
[m x p x f x o x b x] [


--- TARGET LETTERS ---

['m', 'x', 'p', 'x', 'f', 'x', 'h', 'x', 'b', 'x']
Full Qwen output: [ s t q v w ] [ s t u v w ]  
[ m x p x f x o x b x ] [ m x q x g x o x c x ]  

[[m x q x g x o x c x]]
Filtered Qwen output: m x q x g x o x c x
trial 2 of 10...
trial 3 of 10...
trial 4 of 10...
trial 5 of 10...
trial 6 of 10...
trial 7 of 10...
trial 8 of 10...
trial 9 of 10...
trial 10 of 10...
Problem type: 2gen_split2 - 8/20
trial 1 of 10...

=== PROMPT ===

System message: You are able to solve letter-string analogies

User message: Use the following alphabet to complete the pattern.

a m c p z f g h i b d k j n o l q r s t u v w x e y

Note that the alphabet may be in an unfamiliar order. Complete the pattern using this order. Answer with only the final answer and nothing else. Put your final answer between double brackets.

[n n o l q r] [n o l q r]
[r x s x t x t x u x v x w x x x e x y x] [


--- TARGET LETTERS ---

['r', 'x', 's', 'x', 't', 'x', 'u', 'x', 'v', 'x', 'w', 'x', 'x', 'x', 'e', 'x', 'y', 'x']
Full Qwen output: [ n n o l q r ] [ n o l q r ] [ r x s x t x t x u x v x w x x x e x y x ] [ n o l q r ]
trial 2 of 10...
trial 3 of 10...
trial 4 of 10...
trial 5 of 10...
trial 6 of 10...
trial 7 of 10...
trial 8 of 10...
trial 9 of 10...
trial 10 of 10...
Problem type: 2gen_split3 - 9/20
trial 1 of 10...

=== PROMPT ===

System message: You are able to solve letter-string analogies

User message: Use the following alphabet to complete the pattern.

a m c p z f g h i b d k j n o l q r s t u v w x e y

Note that the alphabet may be in an unfamiliar order. Complete the pattern using this order. Answer with only the final answer and nothing else. Put your final answer between double brackets.

[f f g h i b] [f g h i b]
[d x k x j x n x o x l x q x r x s x s x] [


--- TARGET LETTERS ---

['d', 'x', 'k', 'x', 'j', 'x', 'n', 'x', 'o', 'x', 'l', 'x', 'q', 'x', 'r', 'x', 's', 'x']
Full Qwen output: [ f f g h i b ] [ f g h i b ]  
[ d x k x j x n x o x l x q x r x s x s x ] [ d k j n o l q r s t u v w x e y ]  

The pattern is that the second part of each pair is the first part with the first letter removed.  
So the final answer is:  
[[d k j n o l q r s t u v w x e y]]
Filtered Qwen output: d k j n o l q r s t u v w x e y
trial 2 of 10...
trial 3 of 10...
trial 4 of 10...
trial 5 of 10...
trial 6 of 10...
trial 7 of 10...
trial 8 of 10...
trial 9 of 10...
trial 10 of 10...
Problem type: 2gen_split4 - 10/20
trial 1 of 10...

=== PROMPT ===

System message: You are able to solve letter-string analogies

User message: Use the following alphabet to complete the pattern.

a m c p z f g h i b d k j n o l q r s t u v w x e y

Note that the alphabet may be in an unfamiliar order. Complete the pattern using this order. Answer with only the final answer and nothing else. Put your final answer between double brackets.

[l q r s] [l q r t]
[q l o n j k d b] [


--- TARGET LETTERS ---

['q', 'l', 'o', 'n', 'j', 'k', 'd', 'i']
Full Qwen output: [ q l o n j k d b ] [ q l o n j k d b ]
trial 2 of 10...
trial 3 of 10...
trial 4 of 10...
trial 5 of 10...
trial 6 of 10...
trial 7 of 10...
trial 8 of 10...
trial 9 of 10...
trial 10 of 10...
Problem type: 2gen_split5 - 11/20
trial 1 of 10...

=== PROMPT ===

System message: You are able to solve letter-string analogies

User message: Use the following alphabet to complete the pattern.

a m c p z f g h i b d k j n o l q r s t u v w x e y

Note that the alphabet may be in an unfamiliar order. Complete the pattern using this order. Answer with only the final answer and nothing else. Put your final answer between double brackets.

[b d k j n n] [b d k j n]
[q q r r r r s s t t u u v v w w x x e e] [


--- TARGET LETTERS ---

['q', 'q', 'r', 'r', 's', 's', 't', 't', 'u', 'u', 'v', 'v', 'w', 'w', 'x', 'x', 'e', 'e']
Full Qwen output: [b d k j n n] [b d k j n]  
[q q r r r r s s t t u u v v w w x x e e] [q q r r s s t t u u v v w w x x e e]  

[[q q r r s s t t u u v v w w x x e e]]
Filtered Qwen output: q q r r s s t t u u v v w w x x e e
trial 2 of 10...
trial 3 of 10...
trial 4 of 10...
trial 5 of 10...
trial 6 of 10...
trial 7 of 10...
trial 8 of 10...
trial 9 of 10...
trial 10 of 10...
Problem type: 2gen_split6 - 12/20
trial 1 of 10...

=== PROMPT ===

System message: You are able to solve letter-string analogies

User message: Use the following alphabet to complete the pattern.

a m c p z f g h i b d k j n o l q r s t u v w x e y

Note that the alphabet may be in an unfamiliar order. Complete the pattern using this order. Answer with only the final answer and nothing else. Put your final answer between double brackets.

[n o l q] [j o l q]
[u x w x e x] [


--- TARGET LETTERS ---

['s', 'x', 'w', 'x', 'e', 'x']
Full Qwen output: [ u x w x e x ] [ u x w x e x ]
trial 2 of 10...
trial 3 of 10...
trial 4 of 10...
trial 5 of 10...
trial 6 of 10...
trial 7 of 10...
trial 8 of 10...
trial 9 of 10...
trial 10 of 10...
Problem type: 2gensplit7 - 13/20
trial 1 of 10...

=== PROMPT ===

System message: You are able to solve letter-string analogies

User message: Use the following alphabet to complete the pattern.

a m c p z f g h i b d k j n o l q r s t u v w x e y

Note that the alphabet may be in an unfamiliar order. Complete the pattern using this order. Answer with only the final answer and nothing else. Put your final answer between double brackets.

[r s t u v v] [r s t u v]
[4 4 5 5 6 6 7 7 8 8 8 8] [


--- TARGET LETTERS ---

[np.int64(4), np.int64(4), np.int64(5), np.int64(5), np.int64(6), np.int64(6), np.int64(7), np.int64(7), np.int64(8), np.int64(8)]
Full Qwen output: [4 4 5 5 6 6 7 7 8 8 8 8] [4 4 5 5 6 6 7 7 8 8 8 8]  
[[r s t u v w w x x y y y y]]
Filtered Qwen output: r s t u v w w x x y y y y
trial 2 of 10...
trial 3 of 10...
trial 4 of 10...
trial 5 of 10...
trial 6 of 10...
trial 7 of 10...
trial 8 of 10...
trial 9 of 10...
trial 10 of 10...
Problem type: 3gen_split1 - 14/20
trial 1 of 10...

=== PROMPT ===

System message: You are able to solve letter-string analogies

User message: Use the following alphabet to complete the pattern.

a m c p z f g h i b d k j n o l q r s t u v w x e y

Note that the alphabet may be in an unfamiliar order. Complete the pattern using this order. Answer with only the final answer and nothing else. Put your final answer between double brackets.

[k j n o] [k j n l]
[8 8 9 9 10 10 11 11 12 12 13 13 14 14 15 15] [


--- TARGET LETTERS ---

[np.int64(8), np.int64(8), np.int64(9), np.int64(9), np.int64(10), np.int64(10), np.int64(11), np.int64(11), np.int64(12), np.int64(12), np.int64(13), np.int64(13), np.int64(14), np.int64(14), np.int64(16), np.int64(16)]
Full Qwen output: [16 16 17 17]
trial 2 of 10...
trial 3 of 10...
trial 4 of 10...
trial 5 of 10...
trial 6 of 10...
trial 7 of 10...
trial 8 of 10...
trial 9 of 10...
trial 10 of 10...
Problem type: 3gen_split2 - 15/20
trial 1 of 10...

=== PROMPT ===

System message: You are able to solve letter-string analogies

User message: Use the following alphabet to complete the pattern.

a m c p z f g h i b d k j n o l q r s t u v w x e y

Note that the alphabet may be in an unfamiliar order. Complete the pattern using this order. Answer with only the final answer and nothing else. Put your final answer between double brackets.

[b d k j] [b d k n]
[u s q o j d i g] [


--- TARGET LETTERS ---

['u', 's', 'q', 'o', 'j', 'd', 'i', 'z']
Full Qwen output: [ u s q o j d i g ] [ u s q o j d i g ]
trial 2 of 10...
trial 3 of 10...
trial 4 of 10...
trial 5 of 10...
trial 6 of 10...
trial 7 of 10...
trial 8 of 10...
trial 9 of 10...
trial 10 of 10...
Problem type: 3gen_split3 - 16/20
trial 1 of 10...

=== PROMPT ===

System message: You are able to solve letter-string analogies

User message: Use the following alphabet to complete the pattern.

a m c p z f g h i b d k j n o l q r s t u v w x e y

Note that the alphabet may be in an unfamiliar order. Complete the pattern using this order. Answer with only the final answer and nothing else. Put your final answer between double brackets.

[t u v w] [t u v x]
[12 0 13 0 14 0 15 0 16 0 17 0 18 0 19 0] [


--- TARGET LETTERS ---

[np.int64(12), '0', np.int64(13), '0', np.int64(14), '0', np.int64(15), '0', np.int64(16), '0', np.int64(17), '0', np.int64(18), '0', np.int64(20), '0']
Full Qwen output: [12 0 13 0 14 0 15 0 16 0 17 0 18 0 19 0] [12 0 13 0 14 0 15 0 16 0 17 0 18 0 19 0]
trial 2 of 10...
trial 3 of 10...
trial 4 of 10...
trial 5 of 10...
trial 6 of 10...
trial 7 of 10...
trial 8 of 10...
trial 9 of 10...
trial 10 of 10...
Problem type: 3gen_split4 - 17/20
trial 1 of 10...

=== PROMPT ===

System message: You are able to solve letter-string analogies

User message: Use the following alphabet to complete the pattern.

a m c p z f g h i b d k j n o l q r s t u v w x e y

Note that the alphabet may be in an unfamiliar order. Complete the pattern using this order. Answer with only the final answer and nothing else. Put your final answer between double brackets.

[j d k b n] [b d k j n]
[s q o j d i g c z] [


--- TARGET LETTERS ---

['s', 'q', 'o', 'j', 'd', 'i', 'g', 'z', 'c']
Full Qwen output: [ s q o j d i g c z ] [ s q o j d i g c z ]
trial 2 of 10...
trial 3 of 10...
trial 4 of 10...
trial 5 of 10...
trial 6 of 10...
trial 7 of 10...
trial 8 of 10...
trial 9 of 10...
trial 10 of 10...
Problem type: 3gen_split5 - 18/20
trial 1 of 10...

=== PROMPT ===

System message: You are able to solve letter-string analogies

User message: Use the following alphabet to complete the pattern.

a m c p z f g h i b d k j n o l q r s t u v w x e y

Note that the alphabet may be in an unfamiliar order. Complete the pattern using this order. Answer with only the final answer and nothing else. Put your final answer between double brackets.

[d k j n] [b k j n]
[e e x x x x x x w w x x v v x x] [


--- TARGET LETTERS ---

['y', 'y', 'x', 'x', 'x', 'x', 'x', 'x', 'w', 'w', 'x', 'x', 'v', 'v', 'x', 'x']
Full Qwen output: [ d k j n ] [ b k j n ]  
[ e e x x x x x x w w x x v v x x ] [ d k j n ]  

[[d k j n]]
Filtered Qwen output: d k j n
trial 2 of 10...
trial 3 of 10...
trial 4 of 10...
trial 5 of 10...
trial 6 of 10...
trial 7 of 10...
trial 8 of 10...
trial 9 of 10...
trial 10 of 10...
Problem type: 3gen_split6 - 19/20
trial 1 of 10...

=== PROMPT ===

System message: You are able to solve letter-string analogies

User message: Use the following alphabet to complete the pattern.

a m c p z f g h i b d k j n o l q r s t u v w x e y

Note that the alphabet may be in an unfamiliar order. Complete the pattern using this order. Answer with only the final answer and nothing else. Put your final answer between double brackets.

[o l q r] [n l q r]
[h h g g f f z z p p c c m m a a] [


--- TARGET LETTERS ---

['i', 'i', 'g', 'g', 'f', 'f', 'z', 'z', 'p', 'p', 'c', 'c', 'm', 'm', 'a', 'a']
Full Qwen output: [ o l q r ] [ n l q r ]  
[ h h g g f f z z p p c c m m a a ] [ **o o l l q q r r** ]  

[[o o l l q q r r]]
Filtered Qwen output: o o l l q q r r
trial 2 of 10...
trial 3 of 10...
trial 4 of 10...
trial 5 of 10...
trial 6 of 10...
trial 7 of 10...
trial 8 of 10...
trial 9 of 10...
trial 10 of 10...
Problem type: 3gensplit7 - 20/20
trial 1 of 10...

=== PROMPT ===

System message: You are able to solve letter-string analogies

User message: Use the following alphabet to complete the pattern.

a m c p z f g h i b d k j n o l q r s t u v w x e y

Note that the alphabet may be in an unfamiliar order. Complete the pattern using this order. Answer with only the final answer and nothing else. Put your final answer between double brackets.

[s t u v] [r t u v]
[n n x x o o x x l l x x q q x x r r x x s s x x t t x x u u x x] [


--- TARGET LETTERS ---

['j', 'j', 'x', 'x', 'o', 'o', 'x', 'x', 'l', 'l', 'x', 'x', 'q', 'q', 'x', 'x', 'r', 'r', 'x', 'x', 's', 's', 'x', 'x', 't', 't', 'x', 'x', 'u', 'u', 'x', 'x']
Full Qwen output: [stuv] [rtuv]  
[nnxxooolllxxqqxxrrxxssxxttxxuuxx] [stuv]  

[[stuv]]
Filtered Qwen output: stuv
trial 2 of 10...
trial 3 of 10...
trial 4 of 10...
trial 5 of 10...
trial 6 of 10...
trial 7 of 10...
trial 8 of 10...
trial 9 of 10...
trial 10 of 10...
alph_4
g b c d e f a q i t k z m l o p h n s j u v w x y r
Problem type: larger_int - 1/20
trial 1 of 10...

=== PROMPT ===

System message: You are able to solve letter-string analogies

User message: Use the following alphabet to complete the pattern.

g b c d e f a q i t k z m l o p h n s j u v w x y r

Note that the alphabet may be in an unfamiliar order. Complete the pattern using this order. Answer with only the final answer and nothing else. Put your final answer between double brackets.

[t k z m m l] [t k z m l]
[k m o o h s] [


--- TARGET LETTERS ---

['k', 'm', 'o', 'h', 's']
Full Qwen output: [ k m o o h s ] [ k m o o h s ]
trial 2 of 10...
trial 3 of 10...
trial 4 of 10...
trial 5 of 10...
trial 6 of 10...
trial 7 of 10...
trial 8 of 10...
trial 9 of 10...
trial 10 of 10...
Problem type: longer_targ - 2/20
trial 1 of 10...

=== PROMPT ===

System message: You are able to solve letter-string analogies

User message: Use the following alphabet to complete the pattern.

g b c d e f a q i t k z m l o p h n s j u v w x y r

Note that the alphabet may be in an unfamiliar order. Complete the pattern using this order. Answer with only the final answer and nothing else. Put your final answer between double brackets.

[e f a q] [e f a i]
[p h n s j u v w] [


--- TARGET LETTERS ---

['p', 'h', 'n', 's', 'j', 'u', 'v', 'x']
Full Qwen output: [ p h n s j u v w ] [ p h n s j u v w ]
trial 2 of 10...
trial 3 of 10...
trial 4 of 10...
trial 5 of 10...
trial 6 of 10...
trial 7 of 10...
trial 8 of 10...
trial 9 of 10...
trial 10 of 10...
Problem type: group - 3/20
trial 1 of 10...

=== PROMPT ===

System message: You are able to solve letter-string analogies

User message: Use the following alphabet to complete the pattern.

g b c d e f a q i t k z m l o p h n s j u v w x y r

Note that the alphabet may be in an unfamiliar order. Complete the pattern using this order. Answer with only the final answer and nothing else. Put your final answer between double brackets.

[i t k z] [i t k m]
[f f a a q q i i] [


--- TARGET LETTERS ---

['f', 'f', 'a', 'a', 'q', 'q', 't', 't']
Full Qwen output: [i t k z] [i t k m]  
[f f a a q q i i] [f f a a q q i i]  

[[f f a a q q i i]]
Filtered Qwen output: f f a a q q i i
trial 2 of 10...
trial 3 of 10...
trial 4 of 10...
trial 5 of 10...
trial 6 of 10...
trial 7 of 10...
trial 8 of 10...
trial 9 of 10...
trial 10 of 10...
Problem type: interleaved - 4/20
trial 1 of 10...

=== PROMPT ===

System message: You are able to solve letter-string analogies

User message: Use the following alphabet to complete the pattern.

g b c d e f a q i t k z m l o p h n s j u v w x y r

Note that the alphabet may be in an unfamiliar order. Complete the pattern using this order. Answer with only the final answer and nothing else. Put your final answer between double brackets.

[k z m l] [k z m o]
[f x a x q x i x] [


--- TARGET LETTERS ---

['f', 'x', 'a', 'x', 'q', 'x', 't', 'x']
Full Qwen output: [ f x a x q x i x ] [ f x a x q x i x ]
trial 2 of 10...
trial 3 of 10...
trial 4 of 10...
trial 5 of 10...
trial 6 of 10...
trial 7 of 10...
trial 8 of 10...
trial 9 of 10...
trial 10 of 10...
Problem type: letter2num - 5/20
trial 1 of 10...

=== PROMPT ===

System message: You are able to solve letter-string analogies

User message: Use the following alphabet to complete the pattern.

g b c d e f a q i t k z m l o p h n s j u v w x y r

Note that the alphabet may be in an unfamiliar order. Complete the pattern using this order. Answer with only the final answer and nothing else. Put your final answer between double brackets.

[g b c d] [g b c e]
[13 14 15 16] [


--- TARGET LETTERS ---

[np.int64(13), np.int64(14), np.int64(15), np.int64(17)]
Full Qwen output: [13 14 15 17]
trial 2 of 10...
trial 3 of 10...
trial 4 of 10...
trial 5 of 10...
trial 6 of 10...
trial 7 of 10...
trial 8 of 10...
trial 9 of 10...
trial 10 of 10...
Problem type: reverse - 6/20
trial 1 of 10...

=== PROMPT ===

System message: You are able to solve letter-string analogies

User message: Use the following alphabet to complete the pattern.

g b c d e f a q i t k z m l o p h n s j u v w x y r

Note that the alphabet may be in an unfamiliar order. Complete the pattern using this order. Answer with only the final answer and nothing else. Put your final answer between double brackets.

[q o t k z] [q i t k z]
[r z x w v] [


--- TARGET LETTERS ---

['r', 'y', 'x', 'w', 'v']
Full Qwen output: [ r z x w v ] [ r x w v ]
trial 2 of 10...
trial 3 of 10...
trial 4 of 10...
trial 5 of 10...
trial 6 of 10...
trial 7 of 10...
trial 8 of 10...
trial 9 of 10...
trial 10 of 10...
Problem type: 2gen_split1 - 7/20
trial 1 of 10...

=== PROMPT ===

System message: You are able to solve letter-string analogies

User message: Use the following alphabet to complete the pattern.

g b c d e f a q i t k z m l o p h n s j u v w x y r

Note that the alphabet may be in an unfamiliar order. Complete the pattern using this order. Answer with only the final answer and nothing else. Put your final answer between double brackets.

[s j i v w] [s j u v w]
[1 1 2 2 3 3 26 26 5 5] [


--- TARGET LETTERS ---

[np.int64(1), np.int64(1), np.int64(2), np.int64(2), np.int64(3), np.int64(3), np.int64(4), np.int64(4), np.int64(5), np.int64(5)]
Full Qwen output: [1 1 2 2 3 3 26 26 5 5] [1 1 2 2 3 3 26 26 5 5]
trial 2 of 10...
trial 3 of 10...
trial 4 of 10...
trial 5 of 10...
trial 6 of 10...
trial 7 of 10...
trial 8 of 10...
trial 9 of 10...
trial 10 of 10...
Problem type: 2gen_split2 - 8/20
trial 1 of 10...

=== PROMPT ===

System message: You are able to solve letter-string analogies

User message: Use the following alphabet to complete the pattern.

g b c d e f a q i t k z m l o p h n s j u v w x y r

Note that the alphabet may be in an unfamiliar order. Complete the pattern using this order. Answer with only the final answer and nothing else. Put your final answer between double brackets.

[n u j s v] [n s j u v]
[11 12 13 10 9] [


--- TARGET LETTERS ---

[np.int64(13), np.int64(12), np.int64(11), np.int64(10), np.int64(9)]
Full Qwen output: [11 12 13 10 9] [11 12 13 10 9]
trial 2 of 10...
trial 3 of 10...
trial 4 of 10...
trial 5 of 10...
trial 6 of 10...
trial 7 of 10...
trial 8 of 10...
trial 9 of 10...
trial 10 of 10...
Problem type: 2gen_split3 - 9/20
trial 1 of 10...

=== PROMPT ===

System message: You are able to solve letter-string analogies

User message: Use the following alphabet to complete the pattern.

g b c d e f a q i t k z m l o p h n s j u v w x y r

Note that the alphabet may be in an unfamiliar order. Complete the pattern using this order. Answer with only the final answer and nothing else. Put your final answer between double brackets.

[l o p h] [l o p n]
[c x e x a x i x] [


--- TARGET LETTERS ---

['c', 'x', 'e', 'x', 'a', 'x', 'k', 'x']
Full Qwen output: [ c x e x a x i x ] [ c x e x a x i x ]
trial 2 of 10...
trial 3 of 10...
trial 4 of 10...
trial 5 of 10...
trial 6 of 10...
trial 7 of 10...
trial 8 of 10...
trial 9 of 10...
trial 10 of 10...
Problem type: 2gen_split4 - 10/20
trial 1 of 10...

=== PROMPT ===

System message: You are able to solve letter-string analogies

User message: Use the following alphabet to complete the pattern.

g b c d e f a q i t k z m l o p h n s j u v w x y r

Note that the alphabet may be in an unfamiliar order. Complete the pattern using this order. Answer with only the final answer and nothing else. Put your final answer between double brackets.

[v w x y o] [v w x y r]
[10 11 12 13 14 6 16 17 18] [


--- TARGET LETTERS ---

[np.int64(10), np.int64(11), np.int64(12), np.int64(13), np.int64(14), np.int64(15), np.int64(16), np.int64(17), np.int64(18)]
Full Qwen output: [10 11 12 13 14 6 16 17 18] [10 11 12 13 14 6 16 17 18]
trial 2 of 10...
trial 3 of 10...
trial 4 of 10...
trial 5 of 10...
trial 6 of 10...
trial 7 of 10...
trial 8 of 10...
trial 9 of 10...
trial 10 of 10...
Problem type: 2gen_split5 - 11/20
trial 1 of 10...

=== PROMPT ===

System message: You are able to solve letter-string analogies

User message: Use the following alphabet to complete the pattern.

g b c d e f a q i t k z m l o p h n s j u v w x y r

Note that the alphabet may be in an unfamiliar order. Complete the pattern using this order. Answer with only the final answer and nothing else. Put your final answer between double brackets.

[a q i k t] [a q i t k]
[h h m m o o l l p p] [


--- TARGET LETTERS ---

['h', 'h', 'p', 'p', 'o', 'o', 'l', 'l', 'm', 'm']
Full Qwen output: [ h h m m o o l l p p ] [ h h m m o o l l p p ]
trial 2 of 10...
trial 3 of 10...
trial 4 of 10...
trial 5 of 10...
trial 6 of 10...
trial 7 of 10...
trial 8 of 10...
trial 9 of 10...
trial 10 of 10...
Problem type: 2gen_split6 - 12/20
trial 1 of 10...

=== PROMPT ===

System message: You are able to solve letter-string analogies

User message: Use the following alphabet to complete the pattern.

g b c d e f a q i t k z m l o p h n s j u v w x y r

Note that the alphabet may be in an unfamiliar order. Complete the pattern using this order. Answer with only the final answer and nothing else. Put your final answer between double brackets.

[t k z m] [t k z m l]
[f x q x t x z x] [


--- TARGET LETTERS ---

['f', 'x', 'q', 'x', 't', 'x', 'z', 'x', 'l', 'x']
Full Qwen output: [ f x q x t x z x ] [ f x q x t x z x l ]
trial 2 of 10...
trial 3 of 10...
trial 4 of 10...
trial 5 of 10...
trial 6 of 10...
trial 7 of 10...
trial 8 of 10...
trial 9 of 10...
trial 10 of 10...
Problem type: 2gensplit7 - 13/20
trial 1 of 10...

=== PROMPT ===

System message: You are able to solve letter-string analogies

User message: Use the following alphabet to complete the pattern.

g b c d e f a q i t k z m l o p h n s j u v w x y r

Note that the alphabet may be in an unfamiliar order. Complete the pattern using this order. Answer with only the final answer and nothing else. Put your final answer between double brackets.

[p h n s] [p h n s j]
[f f x x a a x x q q x x i i x x] [


--- TARGET LETTERS ---

['f', 'f', 'x', 'x', 'a', 'a', 'x', 'x', 'q', 'q', 'x', 'x', 'i', 'i', 'x', 'x', 't', 't', 'x', 'x']
Full Qwen output: [ p h n s ] [ p h n s j ] [ f f x x a a x x q q x x i i x x ] [ f f x x a a x x q q x x i i x x j j ]  

[[f f x x a a x x q q x x i i x x j j]]
Filtered Qwen output: f f x x a a x x q q x x i i x x j j
trial 2 of 10...
trial 3 of 10...
trial 4 of 10...
trial 5 of 10...
trial 6 of 10...
trial 7 of 10...
trial 8 of 10...
trial 9 of 10...
trial 10 of 10...
Problem type: 3gen_split1 - 14/20
trial 1 of 10...

=== PROMPT ===

System message: You are able to solve letter-string analogies

User message: Use the following alphabet to complete the pattern.

g b c d e f a q i t k z m l o p h n s j u v w x y r

Note that the alphabet may be in an unfamiliar order. Complete the pattern using this order. Answer with only the final answer and nothing else. Put your final answer between double brackets.

[h n m j u] [h n s j u]
[t x i x a x e x c x] [


--- TARGET LETTERS ---

['k', 'x', 'i', 'x', 'a', 'x', 'e', 'x', 'c', 'x']
Full Qwen output: [ h n m j u ] [ h n s j u ]  
[ t x i x a x e x c x ] [ t x a x e x c x ]  

[[t x a x e x c x]]
Filtered Qwen output: t x a x e x c x
trial 2 of 10...
trial 3 of 10...
trial 4 of 10...
trial 5 of 10...
trial 6 of 10...
trial 7 of 10...
trial 8 of 10...
trial 9 of 10...
trial 10 of 10...
Problem type: 3gen_split2 - 15/20
trial 1 of 10...

=== PROMPT ===

System message: You are able to solve letter-string analogies

User message: Use the following alphabet to complete the pattern.

g b c d e f a q i t k z m l o p h n s j u v w x y r

Note that the alphabet may be in an unfamiliar order. Complete the pattern using this order. Answer with only the final answer and nothing else. Put your final answer between double brackets.

[g b r d e] [g b c d e]
[y y w w u u n n] [


--- TARGET LETTERS ---

['y', 'y', 'w', 'w', 'u', 'u', 's', 's']
Full Qwen output: [ g b r d e ] [ g b c d e ]  
[ y y w w u u n n ] [ **y y w w u u n n** ]  

[[y y w w u u n n]]
Filtered Qwen output: y y w w u u n n
trial 2 of 10...
trial 3 of 10...
trial 4 of 10...
trial 5 of 10...
trial 6 of 10...
trial 7 of 10...
trial 8 of 10...
trial 9 of 10...
trial 10 of 10...
Problem type: 3gen_split3 - 16/20
trial 1 of 10...

=== PROMPT ===

System message: You are able to solve letter-string analogies

User message: Use the following alphabet to complete the pattern.

g b c d e f a q i t k z m l o p h n s j u v w x y r

Note that the alphabet may be in an unfamiliar order. Complete the pattern using this order. Answer with only the final answer and nothing else. Put your final answer between double brackets.

[d e t a q] [d e f a q]
[5 0 7 0 1 0 11 0 13 0] [


--- TARGET LETTERS ---

[np.int64(5), '0', np.int64(7), '0', np.int64(9), '0', np.int64(11), '0', np.int64(13), '0']
Full Qwen output: [5 0 7 0 1 0 11 0 13 0] [5 0 7 0 1 0 11 0 13 0]
trial 2 of 10...
trial 3 of 10...
trial 4 of 10...
trial 5 of 10...
trial 6 of 10...
trial 7 of 10...
trial 8 of 10...
trial 9 of 10...
trial 10 of 10...
Problem type: 3gen_split4 - 17/20
trial 1 of 10...

=== PROMPT ===

System message: You are able to solve letter-string analogies

User message: Use the following alphabet to complete the pattern.

g b c d e f a q i t k z m l o p h n s j u v w x y r

Note that the alphabet may be in an unfamiliar order. Complete the pattern using this order. Answer with only the final answer and nothing else. Put your final answer between double brackets.

[t k z m] [t k z m l]
[g g x x b b x x c c x x d d x x e e x x f f x x a a x x q q x x] [


--- TARGET LETTERS ---

['g', 'g', 'x', 'x', 'b', 'b', 'x', 'x', 'c', 'c', 'x', 'x', 'd', 'd', 'x', 'x', 'e', 'e', 'x', 'x', 'f', 'f', 'x', 'x', 'a', 'a', 'x', 'x', 'q', 'q', 'x', 'x', 'i', 'i', 'x', 'x']
Full Qwen output: [ [t k z m l o] ]
trial 2 of 10...
trial 3 of 10...
trial 4 of 10...
trial 5 of 10...
trial 6 of 10...
trial 7 of 10...
trial 8 of 10...
trial 9 of 10...
trial 10 of 10...
Problem type: 3gen_split5 - 18/20
trial 1 of 10...

=== PROMPT ===

System message: You are able to solve letter-string analogies

User message: Use the following alphabet to complete the pattern.

g b c d e f a q i t k z m l o p h n s j u v w x y r

Note that the alphabet may be in an unfamiliar order. Complete the pattern using this order. Answer with only the final answer and nothing else. Put your final answer between double brackets.

[s j v u w] [s j u v w]
[w u s h o m i k a] [


--- TARGET LETTERS ---

['w', 'u', 's', 'h', 'o', 'm', 'k', 'i', 'a']
Full Qwen output: [ w u s h o m i k a ] [ w u s h o m i k a ]
trial 2 of 10...
trial 3 of 10...
trial 4 of 10...
trial 5 of 10...
trial 6 of 10...
trial 7 of 10...
trial 8 of 10...
trial 9 of 10...
trial 10 of 10...
Problem type: 3gen_split6 - 19/20
trial 1 of 10...

=== PROMPT ===

System message: You are able to solve letter-string analogies

User message: Use the following alphabet to complete the pattern.

g b c d e f a q i t k z m l o p h n s j u v w x y r

Note that the alphabet may be in an unfamiliar order. Complete the pattern using this order. Answer with only the final answer and nothing else. Put your final answer between double brackets.

[f f a q i t] [f a q i t]
[4 4 0 0 5 5 0 0 6 6 0 0 7 7 0 0 8 8 0 0 8 8 0 0] [


--- TARGET LETTERS ---

[np.int64(4), np.int64(4), '0', '0', np.int64(5), np.int64(5), '0', '0', np.int64(6), np.int64(6), '0', '0', np.int64(7), np.int64(7), '0', '0', np.int64(8), np.int64(8), '0', '0']
Full Qwen output: [4 4 0 0 5 5 0 0 6 6 0 0 7 7 0 0 8 8 0 0 8 8 0 0] [4 4 0 0 5 5 0 0 6 6 0 0 7 7 0 0 8 8 0 0 8 8 0 0]
trial 2 of 10...
trial 3 of 10...
trial 4 of 10...
trial 5 of 10...
trial 6 of 10...
trial 7 of 10...
trial 8 of 10...
trial 9 of 10...
trial 10 of 10...
Problem type: 3gensplit7 - 20/20
trial 1 of 10...

=== PROMPT ===

System message: You are able to solve letter-string analogies

User message: Use the following alphabet to complete the pattern.

g b c d e f a q i t k z m l o p h n s j u v w x y r

Note that the alphabet may be in an unfamiliar order. Complete the pattern using this order. Answer with only the final answer and nothing else. Put your final answer between double brackets.

[e f a q] [e f a q i]
[d d f f q q t t z z l l p p n n] [


--- TARGET LETTERS ---

['d', 'd', 'f', 'f', 'q', 'q', 't', 't', 'z', 'z', 'l', 'l', 'p', 'p', 'n', 'n', 'j', 'j']
Full Qwen output: [ e f a q ] [ e f a q i ]  
[ d d f f q q t t z z l l p p n n ] [ d d f f q q t t z z l l p p n n i ]  

[[d d f f q q t t z z l l p p n n i]]
Filtered Qwen output: d d f f q q t t z z l l p p n n i
trial 2 of 10...
trial 3 of 10...
trial 4 of 10...
trial 5 of 10...
trial 6 of 10...
trial 7 of 10...
trial 8 of 10...
trial 9 of 10...
trial 10 of 10...
alph_5
e a c d b f g r i j k w m p n h q l s t u v o x y z
Problem type: larger_int - 1/20
trial 1 of 10...

=== PROMPT ===

System message: You are able to solve letter-string analogies

User message: Use the following alphabet to complete the pattern.

e a c d b f g r i j k w m p n h q l s t u v o x y z

Note that the alphabet may be in an unfamiliar order. Complete the pattern using this order. Answer with only the final answer and nothing else. Put your final answer between double brackets.

[g r i k j] [g r i j k]
[q s u y o] [


--- TARGET LETTERS ---

['q', 's', 'u', 'o', 'y']
Full Qwen output: [ q s u y o ] [ q s u o y ]
trial 2 of 10...
trial 3 of 10...
trial 4 of 10...
trial 5 of 10...
trial 6 of 10...
trial 7 of 10...
trial 8 of 10...
trial 9 of 10...
trial 10 of 10...
Problem type: longer_targ - 2/20
trial 1 of 10...

=== PROMPT ===

System message: You are able to solve letter-string analogies

User message: Use the following alphabet to complete the pattern.

e a c d b f g r i j k w m p n h q l s t u v o x y z

Note that the alphabet may be in an unfamiliar order. Complete the pattern using this order. Answer with only the final answer and nothing else. Put your final answer between double brackets.

[p n h q] [p n h q l]
[g r i j k w m p] [


--- TARGET LETTERS ---

['g', 'r', 'i', 'j', 'k', 'w', 'm', 'p', 'n']
Full Qwen output: [ g r i j k w m p n h q l s ]
trial 2 of 10...
trial 3 of 10...
trial 4 of 10...
trial 5 of 10...
trial 6 of 10...
trial 7 of 10...
trial 8 of 10...
trial 9 of 10...
trial 10 of 10...
Problem type: group - 3/20
trial 1 of 10...

=== PROMPT ===

System message: You are able to solve letter-string analogies

User message: Use the following alphabet to complete the pattern.

e a c d b f g r i j k w m p n h q l s t u v o x y z

Note that the alphabet may be in an unfamiliar order. Complete the pattern using this order. Answer with only the final answer and nothing else. Put your final answer between double brackets.

[s p u v o] [s t u v o]
[o o w w m m p p n n] [


--- TARGET LETTERS ---

['k', 'k', 'w', 'w', 'm', 'm', 'p', 'p', 'n', 'n']
Full Qwen output: [ o o w w m m p p n n ] [ o o w w m m p p n n ]
trial 2 of 10...
trial 3 of 10...
trial 4 of 10...
trial 5 of 10...
trial 6 of 10...
trial 7 of 10...
trial 8 of 10...
trial 9 of 10...
trial 10 of 10...
Problem type: interleaved - 4/20
trial 1 of 10...

=== PROMPT ===

System message: You are able to solve letter-string analogies

User message: Use the following alphabet to complete the pattern.

e a c d b f g r i j k w m p n h q l s t u v o x y z

Note that the alphabet may be in an unfamiliar order. Complete the pattern using this order. Answer with only the final answer and nothing else. Put your final answer between double brackets.

[l s t u] [l s t v]
[a x c x d x b x] [


--- TARGET LETTERS ---

['a', 'x', 'c', 'x', 'd', 'x', 'f', 'x']
Full Qwen output: [ l s t u ] [ l s t v ]  
[ a x c x d x b x ] [ a x c x d x b x ]  

The pattern appears to be repeating the same sequence in the second half. The first half is:  
[ l s t u ] [ l s t v ]  

So the second half should be:  
[ a x c x d x b x ] [ a x c x d x b x ]  

Final answer:  
[[a x c x d x b x]]
Filtered Qwen output: a x c x d x b x
trial 2 of 10...
trial 3 of 10...
trial 4 of 10...
trial 5 of 10...
trial 6 of 10...
trial 7 of 10...
trial 8 of 10...
trial 9 of 10...
trial 10 of 10...
Problem type: letter2num - 5/20
trial 1 of 10...

=== PROMPT ===

System message: You are able to solve letter-string analogies

User message: Use the following alphabet to complete the pattern.

e a c d b f g r i j k w m p n h q l s t u v o x y z

Note that the alphabet may be in an unfamiliar order. Complete the pattern using this order. Answer with only the final answer and nothing else. Put your final answer between double brackets.

[n h q l] [n h q s]
[19 20 21 22] [


--- TARGET LETTERS ---

[np.int64(19), np.int64(20), np.int64(21), np.int64(23)]
Full Qwen output: [19 20 21 23]
trial 2 of 10...
trial 3 of 10...
trial 4 of 10...
trial 5 of 10...
trial 6 of 10...
trial 7 of 10...
trial 8 of 10...
trial 9 of 10...
trial 10 of 10...
Problem type: reverse - 6/20
trial 1 of 10...

=== PROMPT ===

System message: You are able to solve letter-string analogies

User message: Use the following alphabet to complete the pattern.

e a c d b f g r i j k w m p n h q l s t u v o x y z

Note that the alphabet may be in an unfamiliar order. Complete the pattern using this order. Answer with only the final answer and nothing else. Put your final answer between double brackets.

[k i j r w] [r i j k w]
[h n w m p] [


--- TARGET LETTERS ---

['h', 'n', 'p', 'm', 'w']
Full Qwen output: [ h n w m p ] [ m p h n w ]
trial 2 of 10...
trial 3 of 10...
trial 4 of 10...
trial 5 of 10...
trial 6 of 10...
trial 7 of 10...
trial 8 of 10...
trial 9 of 10...
trial 10 of 10...
Problem type: 2gen_split1 - 7/20
trial 1 of 10...

=== PROMPT ===

System message: You are able to solve letter-string analogies

User message: Use the following alphabet to complete the pattern.

e a c d b f g r i j k w m p n h q l s t u v o x y z

Note that the alphabet may be in an unfamiliar order. Complete the pattern using this order. Answer with only the final answer and nothing else. Put your final answer between double brackets.

[u v o x] [u v o y]
[i i j j k k w w m m p p n n h h] [


--- TARGET LETTERS ---

['i', 'i', 'j', 'j', 'k', 'k', 'w', 'w', 'm', 'm', 'p', 'p', 'n', 'n', 'q', 'q']
Full Qwen output: [ u v o x ] [ u v o y ]  
[ i i j j k k w w m m p p n n h h ] [ i i j j k k w w m m p p n n h h ]  

[[i i j j k k w w m m p p n n h h]]
Filtered Qwen output: i i j j k k w w m m p p n n h h
trial 2 of 10...
trial 3 of 10...
trial 4 of 10...
trial 5 of 10...
trial 6 of 10...
trial 7 of 10...
trial 8 of 10...
trial 9 of 10...
trial 10 of 10...
Problem type: 2gen_split2 - 8/20
trial 1 of 10...

=== PROMPT ===

System message: You are able to solve letter-string analogies

User message: Use the following alphabet to complete the pattern.

e a c d b f g r i j k w m p n h q l s t u v o x y z

Note that the alphabet may be in an unfamiliar order. Complete the pattern using this order. Answer with only the final answer and nothing else. Put your final answer between double brackets.

[w m p n] [w m p n h]
[t t s s l l q q] [


--- TARGET LETTERS ---

['t', 't', 's', 's', 'l', 'l', 'q', 'q', 'h', 'h']
Full Qwen output: [ t t s s l l q q ] [ t t s s l l q q h ]
trial 2 of 10...
trial 3 of 10...
trial 4 of 10...
trial 5 of 10...
trial 6 of 10...
trial 7 of 10...
trial 8 of 10...
trial 9 of 10...
trial 10 of 10...
Problem type: 2gen_split3 - 9/20
trial 1 of 10...

=== PROMPT ===

System message: You are able to solve letter-string analogies

User message: Use the following alphabet to complete the pattern.

e a c d b f g r i j k w m p n h q l s t u v o x y z

Note that the alphabet may be in an unfamiliar order. Complete the pattern using this order. Answer with only the final answer and nothing else. Put your final answer between double brackets.

[e a c d] [e a c b]
[j x w x p x h x] [


--- TARGET LETTERS ---

['j', 'x', 'w', 'x', 'p', 'x', 'l', 'x']
Full Qwen output: [ j x w x p x h x ] [ j x w x p x h x ]
trial 2 of 10...
trial 3 of 10...
trial 4 of 10...
trial 5 of 10...
trial 6 of 10...
trial 7 of 10...
trial 8 of 10...
trial 9 of 10...
trial 10 of 10...
Problem type: 2gen_split4 - 10/20
trial 1 of 10...

=== PROMPT ===

System message: You are able to solve letter-string analogies

User message: Use the following alphabet to complete the pattern.

e a c d b f g r i j k w m p n h q l s t u v o x y z

Note that the alphabet may be in an unfamiliar order. Complete the pattern using this order. Answer with only the final answer and nothing else. Put your final answer between double brackets.

[i j k w] [i j k w m]
[25 24 23 22] [


--- TARGET LETTERS ---

[np.int64(25), np.int64(24), np.int64(23), np.int64(22), np.int64(21)]
Full Qwen output: [25 24 23 22 21]
trial 2 of 10...
trial 3 of 10...
trial 4 of 10...
trial 5 of 10...
trial 6 of 10...
trial 7 of 10...
trial 8 of 10...
trial 9 of 10...
trial 10 of 10...
Problem type: 2gen_split5 - 11/20
trial 1 of 10...

=== PROMPT ===

System message: You are able to solve letter-string analogies

User message: Use the following alphabet to complete the pattern.

e a c d b f g r i j k w m p n h q l s t u v o x y z

Note that the alphabet may be in an unfamiliar order. Complete the pattern using this order. Answer with only the final answer and nothing else. Put your final answer between double brackets.

[t u v o] [t u v o x]
[n n p p m m w w] [


--- TARGET LETTERS ---

['n', 'n', 'p', 'p', 'm', 'm', 'w', 'w', 'k', 'k']
Full Qwen output: [ n n p p m m w w ] [ n n p p m m w w x ]
trial 2 of 10...
trial 3 of 10...
trial 4 of 10...
trial 5 of 10...
trial 6 of 10...
trial 7 of 10...
trial 8 of 10...
trial 9 of 10...
trial 10 of 10...
Problem type: 2gen_split6 - 12/20
trial 1 of 10...

=== PROMPT ===

System message: You are able to solve letter-string analogies

User message: Use the following alphabet to complete the pattern.

e a c d b f g r i j k w m p n h q l s t u v o x y z

Note that the alphabet may be in an unfamiliar order. Complete the pattern using this order. Answer with only the final answer and nothing else. Put your final answer between double brackets.

[b f g r] [b f g i]
[9 10 11 12 13 14 15 16] [


--- TARGET LETTERS ---

[np.int64(9), np.int64(10), np.int64(11), np.int64(12), np.int64(13), np.int64(14), np.int64(15), np.int64(17)]
Full Qwen output: [9 10 11 12 13 14 15 16] [9 10 11 12 13 14 15 16]  
[9 10 11 12 13 14 15 16] [9 10 11 12 13 14 15 16]  

[[9 10 11 12 13 14 15 16]]
Filtered Qwen output: 9 10 11 12 13 14 15 16
trial 2 of 10...
trial 3 of 10...
trial 4 of 10...
trial 5 of 10...
trial 6 of 10...
trial 7 of 10...
trial 8 of 10...
trial 9 of 10...
trial 10 of 10...
Problem type: 2gensplit7 - 13/20
trial 1 of 10...

=== PROMPT ===

System message: You are able to solve letter-string analogies

User message: Use the following alphabet to complete the pattern.

e a c d b f g r i j k w m p n h q l s t u v o x y z

Note that the alphabet may be in an unfamiliar order. Complete the pattern using this order. Answer with only the final answer and nothing else. Put your final answer between double brackets.

[m p p n h q] [m p n h q]
[r x j x w x w x p x h x] [


--- TARGET LETTERS ---

['r', 'x', 'j', 'x', 'w', 'x', 'p', 'x', 'h', 'x']
Full Qwen output: [ m p p n h q ] [ m p n h q ] [ r x j x w x w x p x h x ] [ r x j w p h ]
trial 2 of 10...
trial 3 of 10...
trial 4 of 10...
trial 5 of 10...
trial 6 of 10...
trial 7 of 10...
trial 8 of 10...
trial 9 of 10...
trial 10 of 10...
Problem type: 3gen_split1 - 14/20
trial 1 of 10...

=== PROMPT ===

System message: You are able to solve letter-string analogies

User message: Use the following alphabet to complete the pattern.

e a c d b f g r i j k w m p n h q l s t u v o x y z

Note that the alphabet may be in an unfamiliar order. Complete the pattern using this order. Answer with only the final answer and nothing else. Put your final answer between double brackets.

[w m p n] [w m p n h]
[m m k k i i g g] [


--- TARGET LETTERS ---

['m', 'm', 'k', 'k', 'i', 'i', 'g', 'g', 'b', 'b']
Full Qwen output: [ m m k k i i g g e e c c a a ]
trial 2 of 10...
trial 3 of 10...
trial 4 of 10...
trial 5 of 10...
trial 6 of 10...
trial 7 of 10...
trial 8 of 10...
trial 9 of 10...
trial 10 of 10...
Problem type: 3gen_split2 - 15/20
trial 1 of 10...

=== PROMPT ===

System message: You are able to solve letter-string analogies

User message: Use the following alphabet to complete the pattern.

e a c d b f g r i j k w m p n h q l s t u v o x y z

Note that the alphabet may be in an unfamiliar order. Complete the pattern using this order. Answer with only the final answer and nothing else. Put your final answer between double brackets.

[u v o x x y] [u v o x y]
[26 25 24 23 22 21 21 20 19 18] [


--- TARGET LETTERS ---

[np.int64(26), np.int64(25), np.int64(24), np.int64(23), np.int64(22), np.int64(21), np.int64(20), np.int64(19), np.int64(18)]
Full Qwen output: [26 25 24 23 22 21 21 20 19 18] [26 25 24 23 22 21 20 19 18 17]
trial 2 of 10...
trial 3 of 10...
trial 4 of 10...
trial 5 of 10...
trial 6 of 10...
trial 7 of 10...
trial 8 of 10...
trial 9 of 10...
trial 10 of 10...
Problem type: 3gen_split3 - 16/20
trial 1 of 10...

=== PROMPT ===

System message: You are able to solve letter-string analogies

User message: Use the following alphabet to complete the pattern.

e a c d b f g r i j k w m p n h q l s t u v o x y z

Note that the alphabet may be in an unfamiliar order. Complete the pattern using this order. Answer with only the final answer and nothing else. Put your final answer between double brackets.

[a c d b] [a c d b f]
[y o u s q n m k] [


--- TARGET LETTERS ---

['y', 'o', 'u', 's', 'q', 'n', 'm', 'k', 'i']
Full Qwen output: [ y o u s q n m k l ]
trial 2 of 10...
trial 3 of 10...
trial 4 of 10...
trial 5 of 10...
trial 6 of 10...
trial 7 of 10...
trial 8 of 10...
trial 9 of 10...
trial 10 of 10...
Problem type: 3gen_split4 - 17/20
trial 1 of 10...

=== PROMPT ===

System message: You are able to solve letter-string analogies

User message: Use the following alphabet to complete the pattern.

e a c d b f g r i j k w m p n h q l s t u v o x y z

Note that the alphabet may be in an unfamiliar order. Complete the pattern using this order. Answer with only the final answer and nothing else. Put your final answer between double brackets.

[u v o x r] [u v o x y]
[20 19 22 17 16 15 14 13 12] [


--- TARGET LETTERS ---

[np.int64(20), np.int64(19), np.int64(18), np.int64(17), np.int64(16), np.int64(15), np.int64(14), np.int64(13), np.int64(12)]
Full Qwen output: [20 19 22 17 16 15 14 13 12] [20 19 22 17 16 15 14 13 12]
trial 2 of 10...
trial 3 of 10...
trial 4 of 10...
trial 5 of 10...
trial 6 of 10...
trial 7 of 10...
trial 8 of 10...
trial 9 of 10...
trial 10 of 10...
Problem type: 3gen_split5 - 18/20
trial 1 of 10...

=== PROMPT ===

System message: You are able to solve letter-string analogies

User message: Use the following alphabet to complete the pattern.

e a c d b f g r i j k w m p n h q l s t u v o x y z

Note that the alphabet may be in an unfamiliar order. Complete the pattern using this order. Answer with only the final answer and nothing else. Put your final answer between double brackets.

[n w m p k] [k w m p n]
[p p x x h h x x n n x x q q x x m m x x] [


--- TARGET LETTERS ---

['q', 'q', 'x', 'x', 'h', 'h', 'x', 'x', 'n', 'n', 'x', 'x', 'p', 'p', 'x', 'x', 'm', 'm', 'x', 'x']
Full Qwen output: To solve this pattern, we need to understand the sequence and how the letters are arranged in the given alphabet. The given alphabet is:

**e a c d b f g r i j k w m p n h q l s t u v o x y z**

Let's first identify the positions of each letter in this custom alphabet:

1. e  
2. a  
3. c  
4. d  
5. b  
6. f  
7. g  
8. r  
9. i  
10. j  
11. k  
12. w  
13. m  
14.
trial 2 of 10...
trial 3 of 10...
trial 4 of 10...
trial 5 of 10...
trial 6 of 10...
trial 7 of 10...
trial 8 of 10...
trial 9 of 10...
trial 10 of 10...
Problem type: 3gen_split6 - 19/20
trial 1 of 10...

=== PROMPT ===

System message: You are able to solve letter-string analogies

User message: Use the following alphabet to complete the pattern.

e a c d b f g r i j k w m p n h q l s t u v o x y z

Note that the alphabet may be in an unfamiliar order. Complete the pattern using this order. Answer with only the final answer and nothing else. Put your final answer between double brackets.

[e a c d] [e a c b]
[j j x x k k x x w w x x m m x x p p x x n n x x h h x x q q x x] [


--- TARGET LETTERS ---

['j', 'j', 'x', 'x', 'k', 'k', 'x', 'x', 'w', 'w', 'x', 'x', 'm', 'm', 'x', 'x', 'p', 'p', 'x', 'x', 'n', 'n', 'x', 'x', 'h', 'h', 'x', 'x', 'l', 'l', 'x', 'x']
Full Qwen output: [ e a c d ] [ e a c b ] [ j j x x k k x x w w x x m m x x p p x x n n x x h h x x q q x x ] [ j j x x k k x x w w x x m m x x p p x x n n x x h h x x q q x x ]
trial 2 of 10...
trial 3 of 10...
trial 4 of 10...
trial 5 of 10...
trial 6 of 10...
trial 7 of 10...
trial 8 of 10...
trial 9 of 10...
trial 10 of 10...
Problem type: 3gensplit7 - 20/20
trial 1 of 10...

=== PROMPT ===

System message: You are able to solve letter-string analogies

User message: Use the following alphabet to complete the pattern.

e a c d b f g r i j k w m p n h q l s t u v o x y z

Note that the alphabet may be in an unfamiliar order. Complete the pattern using this order. Answer with only the final answer and nothing else. Put your final answer between double brackets.

[p n h q] [m n h q]
[o o x x v v x x u u x x t t x x] [


--- TARGET LETTERS ---

['x', 'x', 'x', 'x', 'v', 'v', 'x', 'x', 'u', 'u', 'x', 'x', 't', 't', 'x', 'x']
Full Qwen output: [ p n h q ] [ m n h q ]  
[ o o x x v v x x u u x x t t x x ] [ **p p x x v v x x u u x x t t x x** ]  

[[p p x x v v x x u u x x t t x x]]
Filtered Qwen output: p p x x v v x x u u x x t t x x
trial 2 of 10...
trial 3 of 10...
trial 4 of 10...
trial 5 of 10...
trial 6 of 10...
trial 7 of 10...
trial 8 of 10...
trial 9 of 10...
trial 10 of 10...
alph_6
a b s d e f g o i j k c x n h p q t y r u v w l m z
Problem type: larger_int - 1/20
trial 1 of 10...

=== PROMPT ===

System message: You are able to solve letter-string analogies

User message: Use the following alphabet to complete the pattern.

a b s d e f g o i j k c x n h p q t y r u v w l m z

Note that the alphabet may be in an unfamiliar order. Complete the pattern using this order. Answer with only the final answer and nothing else. Put your final answer between double brackets.

[d e f g] [d e f g o]
[s e g i] [


--- TARGET LETTERS ---

['s', 'e', 'g', 'i', 'k']
Full Qwen output: [ s e g i ] [ s e g i o ]
trial 2 of 10...
trial 3 of 10...
trial 4 of 10...
trial 5 of 10...
trial 6 of 10...
trial 7 of 10...
trial 8 of 10...
trial 9 of 10...
trial 10 of 10...
Problem type: longer_targ - 2/20
trial 1 of 10...

=== PROMPT ===

System message: You are able to solve letter-string analogies

User message: Use the following alphabet to complete the pattern.

a b s d e f g o i j k c x n h p q t y r u v w l m z

Note that the alphabet may be in an unfamiliar order. Complete the pattern using this order. Answer with only the final answer and nothing else. Put your final answer between double brackets.

[p q r y t] [p q t y r]
[h i j k c x n o p] [


--- TARGET LETTERS ---

['o', 'i', 'j', 'k', 'c', 'x', 'n', 'h', 'p']
Full Qwen output: [ h i j k c x n o p ] [ h i j k c x n o q ]
trial 2 of 10...
trial 3 of 10...
trial 4 of 10...
trial 5 of 10...
trial 6 of 10...
trial 7 of 10...
trial 8 of 10...
trial 9 of 10...
trial 10 of 10...
Problem type: group - 3/20
trial 1 of 10...

=== PROMPT ===

System message: You are able to solve letter-string analogies

User message: Use the following alphabet to complete the pattern.

a b s d e f g o i j k c x n h p q t y r u v w l m z

Note that the alphabet may be in an unfamiliar order. Complete the pattern using this order. Answer with only the final answer and nothing else. Put your final answer between double brackets.

[d e f g] [s e f g]
[g g o o i i j j] [


--- TARGET LETTERS ---

['f', 'f', 'o', 'o', 'i', 'i', 'j', 'j']
Full Qwen output: [ggooiijj] [ggooiijj]
trial 2 of 10...
trial 3 of 10...
trial 4 of 10...
trial 5 of 10...
trial 6 of 10...
trial 7 of 10...
trial 8 of 10...
trial 9 of 10...
trial 10 of 10...
Problem type: interleaved - 4/20
trial 1 of 10...

=== PROMPT ===

System message: You are able to solve letter-string analogies

User message: Use the following alphabet to complete the pattern.

a b s d e f g o i j k c x n h p q t y r u v w l m z

Note that the alphabet may be in an unfamiliar order. Complete the pattern using this order. Answer with only the final answer and nothing else. Put your final answer between double brackets.

[c x n u p] [c x n h p]
[m x c x x x n x h x] [


--- TARGET LETTERS ---

['k', 'x', 'c', 'x', 'x', 'x', 'n', 'x', 'h', 'x']
Full Qwen output: [ m x c x x x n x h x ] [ m x c x x x n x h x ]
trial 2 of 10...
trial 3 of 10...
trial 4 of 10...
trial 5 of 10...
trial 6 of 10...
trial 7 of 10...
trial 8 of 10...
trial 9 of 10...
trial 10 of 10...
Problem type: letter2num - 5/20
trial 1 of 10...

=== PROMPT ===

System message: You are able to solve letter-string analogies

User message: Use the following alphabet to complete the pattern.

a b s d e f g o i j k c x n h p q t y r u v w l m z

Note that the alphabet may be in an unfamiliar order. Complete the pattern using this order. Answer with only the final answer and nothing else. Put your final answer between double brackets.

[g o i j] [g o i k]
[22 23 24 25] [


--- TARGET LETTERS ---

[np.int64(22), np.int64(23), np.int64(24), np.int64(26)]
Full Qwen output: [22 23 24 25] [22 23 24 26]  
[[22 23 24 26]]
Filtered Qwen output: 22 23 24 26
trial 2 of 10...
trial 3 of 10...
trial 4 of 10...
trial 5 of 10...
trial 6 of 10...
trial 7 of 10...
trial 8 of 10...
trial 9 of 10...
trial 10 of 10...
Problem type: reverse - 6/20
trial 1 of 10...

=== PROMPT ===

System message: You are able to solve letter-string analogies

User message: Use the following alphabet to complete the pattern.

a b s d e f g o i j k c x n h p q t y r u v w l m z

Note that the alphabet may be in an unfamiliar order. Complete the pattern using this order. Answer with only the final answer and nothing else. Put your final answer between double brackets.

[y r u v] [t r u v]
[f e d s] [


--- TARGET LETTERS ---

['g', 'e', 'd', 's']
Full Qwen output: [ f e d s ] [ t r u v ]
trial 2 of 10...
trial 3 of 10...
trial 4 of 10...
trial 5 of 10...
trial 6 of 10...
trial 7 of 10...
trial 8 of 10...
trial 9 of 10...
trial 10 of 10...
Problem type: 2gen_split1 - 7/20
trial 1 of 10...

=== PROMPT ===

System message: You are able to solve letter-string analogies

User message: Use the following alphabet to complete the pattern.

a b s d e f g o i j k c x n h p q t y r u v w l m z

Note that the alphabet may be in an unfamiliar order. Complete the pattern using this order. Answer with only the final answer and nothing else. Put your final answer between double brackets.

[h j q t y] [h p q t y]
[l x y x t x q x p x] [


--- TARGET LETTERS ---

['r', 'x', 'y', 'x', 't', 'x', 'q', 'x', 'p', 'x']
Full Qwen output: [ l x y x t x q x p x ] [ l x y x t x q x p x ]
trial 2 of 10...
trial 3 of 10...
trial 4 of 10...
trial 5 of 10...
trial 6 of 10...
trial 7 of 10...
trial 8 of 10...
trial 9 of 10...
trial 10 of 10...
Problem type: 2gen_split2 - 8/20
trial 1 of 10...

=== PROMPT ===

System message: You are able to solve letter-string analogies

User message: Use the following alphabet to complete the pattern.

a b s d e f g o i j k c x n h p q t y r u v w l m z

Note that the alphabet may be in an unfamiliar order. Complete the pattern using this order. Answer with only the final answer and nothing else. Put your final answer between double brackets.

[s d e f] [b d e f]
[23 23 24 24 25 25 26 26] [


--- TARGET LETTERS ---

[np.int64(22), np.int64(22), np.int64(24), np.int64(24), np.int64(25), np.int64(25), np.int64(26), np.int64(26)]
Full Qwen output: [23 23 24 24 25 25 26 26] [23 23 24 24 25 25 26 26]
trial 2 of 10...
trial 3 of 10...
trial 4 of 10...
trial 5 of 10...
trial 6 of 10...
trial 7 of 10...
trial 8 of 10...
trial 9 of 10...
trial 10 of 10...
Problem type: 2gen_split3 - 9/20
trial 1 of 10...

=== PROMPT ===

System message: You are able to solve letter-string analogies

User message: Use the following alphabet to complete the pattern.

a b s d e f g o i j k c x n h p q t y r u v w l m z

Note that the alphabet may be in an unfamiliar order. Complete the pattern using this order. Answer with only the final answer and nothing else. Put your final answer between double brackets.

[h p q t t y] [h p q t y]
[j x c x c x n x p x t x] [


--- TARGET LETTERS ---

['j', 'x', 'c', 'x', 'n', 'x', 'p', 'x', 't', 'x']
Full Qwen output: [ h p q t t y ] [ h p q t y ] [ j x c x c x n x p x t x ] [ j x c x n x p x t x ]
trial 2 of 10...
trial 3 of 10...
trial 4 of 10...
trial 5 of 10...
trial 6 of 10...
trial 7 of 10...
trial 8 of 10...
trial 9 of 10...
trial 10 of 10...
Problem type: 2gen_split4 - 10/20
trial 1 of 10...

=== PROMPT ===

System message: You are able to solve letter-string analogies

User message: Use the following alphabet to complete the pattern.

a b s d e f g o i j k c x n h p q t y r u v w l m z

Note that the alphabet may be in an unfamiliar order. Complete the pattern using this order. Answer with only the final answer and nothing else. Put your final answer between double brackets.

[o i j k c c] [o i j k c]
[a x b x s x d x e x e x f x g x o x i x] [


--- TARGET LETTERS ---

['a', 'x', 'b', 'x', 's', 'x', 'd', 'x', 'e', 'x', 'f', 'x', 'g', 'x', 'o', 'x', 'i', 'x']
Full Qwen output: [ o i j k c c ] [ o i j k c ]  
[ a x b x s x d x e x e x f x g x o x i x ] [ a x b x s x d x e x e x f x g x o x i x ]  

The pattern is repeating the first part twice. The final answer is:  
[[a x b x s x d x e x e x f x g x o x i x]]
Filtered Qwen output: a x b x s x d x e x e x f x g x o x i x
trial 2 of 10...
trial 3 of 10...
trial 4 of 10...
trial 5 of 10...
trial 6 of 10...
trial 7 of 10...
trial 8 of 10...
trial 9 of 10...
trial 10 of 10...
Problem type: 2gen_split5 - 11/20
trial 1 of 10...

=== PROMPT ===

System message: You are able to solve letter-string analogies

User message: Use the following alphabet to complete the pattern.

a b s d e f g o i j k c x n h p q t y r u v w l m z

Note that the alphabet may be in an unfamiliar order. Complete the pattern using this order. Answer with only the final answer and nothing else. Put your final answer between double brackets.

[y r u v] [t r u v]
[12 0 13 0 14 0 15 0] [


--- TARGET LETTERS ---

[np.int64(11), '0', np.int64(13), '0', np.int64(14), '0', np.int64(15), '0']
Full Qwen output: [12 0 13 0 14 0 15 0] [12 0 13 0 14 0 15 0]
trial 2 of 10...
trial 3 of 10...
trial 4 of 10...
trial 5 of 10...
trial 6 of 10...
trial 7 of 10...
trial 8 of 10...
trial 9 of 10...
trial 10 of 10...
Problem type: 2gen_split6 - 12/20
trial 1 of 10...

=== PROMPT ===

System message: You are able to solve letter-string analogies

User message: Use the following alphabet to complete the pattern.

a b s d e f g o i j k c x n h p q t y r u v w l m z

Note that the alphabet may be in an unfamiliar order. Complete the pattern using this order. Answer with only the final answer and nothing else. Put your final answer between double brackets.

[b s d e] [b s d e f]
[h h p p q q t t y y r r u u v v] [


--- TARGET LETTERS ---

['h', 'h', 'p', 'p', 'q', 'q', 't', 't', 'y', 'y', 'r', 'r', 'u', 'u', 'v', 'v', 'w', 'w']
Full Qwen output: [b s d e] [b s d e f] [h h p p q q t t y y r r u u v v w w]
trial 2 of 10...
trial 3 of 10...
trial 4 of 10...
trial 5 of 10...
trial 6 of 10...
trial 7 of 10...
trial 8 of 10...
trial 9 of 10...
trial 10 of 10...
Problem type: 2gensplit7 - 13/20
trial 1 of 10...

=== PROMPT ===

System message: You are able to solve letter-string analogies

User message: Use the following alphabet to complete the pattern.

a b s d e f g o i j k c x n h p q t y r u v w l m z

Note that the alphabet may be in an unfamiliar order. Complete the pattern using this order. Answer with only the final answer and nothing else. Put your final answer between double brackets.

[j k c x] [j k c x n]
[18 19 20 21 22 23 24 25] [


--- TARGET LETTERS ---

[np.int64(18), np.int64(19), np.int64(20), np.int64(21), np.int64(22), np.int64(23), np.int64(24), np.int64(25), np.int64(26)]
Full Qwen output: [18 19 20 21 22 23 24 25 26]
trial 2 of 10...
trial 3 of 10...
trial 4 of 10...
trial 5 of 10...
trial 6 of 10...
trial 7 of 10...
trial 8 of 10...
trial 9 of 10...
trial 10 of 10...
Problem type: 3gen_split1 - 14/20
trial 1 of 10...

=== PROMPT ===

System message: You are able to solve letter-string analogies

User message: Use the following alphabet to complete the pattern.

a b s d e f g o i j k c x n h p q t y r u v w l m z

Note that the alphabet may be in an unfamiliar order. Complete the pattern using this order. Answer with only the final answer and nothing else. Put your final answer between double brackets.

[j k c x n n] [j k c x n]
[22 21 20 19 18 17 16 15 14 14] [


--- TARGET LETTERS ---

[np.int64(22), np.int64(21), np.int64(20), np.int64(19), np.int64(18), np.int64(17), np.int64(16), np.int64(15), np.int64(14)]
Full Qwen output: [22 21 20 19 18 17 16 15 14 14] [22 21 20 19 18 17 16 15 14]  
[[j k c x n n] [j k c x n]]
Filtered Qwen output: j k c x n n] [j k c x n
trial 2 of 10...
trial 3 of 10...
trial 4 of 10...
trial 5 of 10...
trial 6 of 10...
trial 7 of 10...
trial 8 of 10...
trial 9 of 10...
trial 10 of 10...
Problem type: 3gen_split2 - 15/20
trial 1 of 10...

=== PROMPT ===

System message: You are able to solve letter-string analogies

User message: Use the following alphabet to complete the pattern.

a b s d e f g o i j k c x n h p q t y r u v w l m z

Note that the alphabet may be in an unfamiliar order. Complete the pattern using this order. Answer with only the final answer and nothing else. Put your final answer between double brackets.

[b s r e f] [b s d e f]
[15 15 0 0 17 17 0 0 18 18 0 0 19 19 0 0 20 20 0 0] [


--- TARGET LETTERS ---

[np.int64(16), np.int64(16), '0', '0', np.int64(17), np.int64(17), '0', '0', np.int64(18), np.int64(18), '0', '0', np.int64(19), np.int64(19), '0', '0', np.int64(20), np.int64(20), '0', '0']
Full Qwen output: [15 15 0 0 17 17 0 0 18 18 0 0 19 19 0 0 20 20 0 0] [15 15 0 0 17 17 0 0 18 18 0 0 19 19 0 0 20 20 0 0]
trial 2 of 10...
trial 3 of 10...
trial 4 of 10...
trial 5 of 10...
trial 6 of 10...
trial 7 of 10...
trial 8 of 10...
trial 9 of 10...
trial 10 of 10...
Problem type: 3gen_split3 - 16/20
trial 1 of 10...

=== PROMPT ===

System message: You are able to solve letter-string analogies

User message: Use the following alphabet to complete the pattern.

a b s d e f g o i j k c x n h p q t y r u v w l m z

Note that the alphabet may be in an unfamiliar order. Complete the pattern using this order. Answer with only the final answer and nothing else. Put your final answer between double brackets.

[a n s d e] [a b s d e]
[n n x x c c k k j j i i u u g g f f] [


--- TARGET LETTERS ---

['n', 'n', 'x', 'x', 'c', 'c', 'k', 'k', 'j', 'j', 'i', 'i', 'o', 'o', 'g', 'g', 'f', 'f']
Full Qwen output: [ansd e] [ab s d e]  
[nnxx cc kk jj ii uu gg ff] [ansd e]  

[[ansd e]]
Filtered Qwen output: ansd e
trial 2 of 10...
trial 3 of 10...
trial 4 of 10...
trial 5 of 10...
trial 6 of 10...
trial 7 of 10...
trial 8 of 10...
trial 9 of 10...
trial 10 of 10...
Problem type: 3gen_split4 - 17/20
trial 1 of 10...

=== PROMPT ===

System message: You are able to solve letter-string analogies

User message: Use the following alphabet to complete the pattern.

a b s d e f g o i j k c x n h p q t y r u v w l m z

Note that the alphabet may be in an unfamiliar order. Complete the pattern using this order. Answer with only the final answer and nothing else. Put your final answer between double brackets.

[i j k c] [i j k c x]
[4 4 6 6 8 8 10 10] [


--- TARGET LETTERS ---

[np.int64(4), np.int64(4), np.int64(6), np.int64(6), np.int64(8), np.int64(8), np.int64(10), np.int64(10), np.int64(12), np.int64(12)]
Full Qwen output: [4 4 6 6 8 8 10 10] [4 4 6 6 8 8 10 10 12 12]
trial 2 of 10...
trial 3 of 10...
trial 4 of 10...
trial 5 of 10...
trial 6 of 10...
trial 7 of 10...
trial 8 of 10...
trial 9 of 10...
trial 10 of 10...
Problem type: 3gen_split5 - 18/20
trial 1 of 10...

=== PROMPT ===

System message: You are able to solve letter-string analogies

User message: Use the following alphabet to complete the pattern.

a b s d e f g o i j k c x n h p q t y r u v w l m z

Note that the alphabet may be in an unfamiliar order. Complete the pattern using this order. Answer with only the final answer and nothing else. Put your final answer between double brackets.

[x n h p] [x n h p q]
[p p n n c c j j] [


--- TARGET LETTERS ---

['p', 'p', 'n', 'n', 'c', 'c', 'j', 'j', 'o', 'o']
Full Qwen output: [ p p n n c c j j ] [ p p n n c c j j q ]
trial 2 of 10...
trial 3 of 10...
trial 4 of 10...
trial 5 of 10...
trial 6 of 10...
trial 7 of 10...
trial 8 of 10...
trial 9 of 10...
trial 10 of 10...
Problem type: 3gen_split6 - 19/20
trial 1 of 10...

=== PROMPT ===

System message: You are able to solve letter-string analogies

User message: Use the following alphabet to complete the pattern.

a b s d e f g o i j k c x n h p q t y r u v w l m z

Note that the alphabet may be in an unfamiliar order. Complete the pattern using this order. Answer with only the final answer and nothing else. Put your final answer between double brackets.

[c x n h] [c x n h p]
[2 4 6 8 10 12 14 16] [


--- TARGET LETTERS ---

[np.int64(2), np.int64(4), np.int64(6), np.int64(8), np.int64(10), np.int64(12), np.int64(14), np.int64(16), np.int64(18)]
Full Qwen output: [2 4 6 8 10 12 14 16] [2 4 6 8 10 12 14 16 18]
trial 2 of 10...
trial 3 of 10...
trial 4 of 10...
trial 5 of 10...
trial 6 of 10...
trial 7 of 10...
trial 8 of 10...
trial 9 of 10...
trial 10 of 10...
Problem type: 3gensplit7 - 20/20
trial 1 of 10...

=== PROMPT ===

System message: You are able to solve letter-string analogies

User message: Use the following alphabet to complete the pattern.

a b s d e f g o i j k c x n h p q t y r u v w l m z

Note that the alphabet may be in an unfamiliar order. Complete the pattern using this order. Answer with only the final answer and nothing else. Put your final answer between double brackets.

[c x n h s] [c x n h p]
[4 0 5 0 6 0 16 0 8 0 9 0 10 0 11 0 12 0] [


--- TARGET LETTERS ---

[np.int64(4), '0', np.int64(5), '0', np.int64(6), '0', np.int64(7), '0', np.int64(8), '0', np.int64(9), '0', np.int64(10), '0', np.int64(11), '0', np.int64(12), '0']
Full Qwen output: [4 0 5 0 6 0 16 0 8 0 9 0 10 0 11 0 12 0] [4 0 5 0 6 0 16 0 8 0 9 0 10 0 11 0 12 0]
trial 2 of 10...
trial 3 of 10...
trial 4 of 10...
trial 5 of 10...
trial 6 of 10...
trial 7 of 10...
trial 8 of 10...
trial 9 of 10...
trial 10 of 10...
Saved ./Qwen_Qwen3-8B_prob_predictions_multi_alph/gen/Qwen_Qwen3-8B_letterstring_results_10_multi_alph_gptprobs_minimal.npz
Total time: 2183.602691411972 seconds.
Loading model Qwen/Qwen3-8B...
GPU memory available: 39.49 GB
`torch_dtype` is deprecated! Use `dtype` instead!
Flash Attention 2 not available (FlashAttention2 has been toggled on, but it cannot be used due to the following error: the package flash_attn seems to be not installed. Please refer to the documentation of https://huggingface.co/docs/transformers/perf_infer_gpu_one#flashattention-2 to install Flash Attention 2.), using default attention
Loading checkpoint shards:   0%|          | 0/5 [00:00<?, ?it/s]Loading checkpoint shards:  20%|██        | 1/5 [00:01<00:06,  1.73s/it]Loading checkpoint shards:  40%|████      | 2/5 [00:03<00:05,  1.73s/it]Loading checkpoint shards:  60%|██████    | 3/5 [00:05<00:03,  1.72s/it]Loading checkpoint shards:  80%|████████  | 4/5 [00:06<00:01,  1.59s/it]Loading checkpoint shards: 100%|██████████| 5/5 [00:07<00:00,  1.21s/it]Loading checkpoint shards: 100%|██████████| 5/5 [00:07<00:00,  1.42s/it]
Model loaded with default attention
Model device: cuda:0
GPU memory allocated: 15.26 GB, reserved: 15.26 GB
Model loaded. Loading tokenizer...
Model Qwen/Qwen3-8B and tokenizer loaded.
alph_0
u n o y q l g f j d k h a z b p e r s t w m c i x v
Problem type: larger_int - 1/20
trial 1 of 10...

=== PROMPT ===

System message: You are able to solve letter-string analogies

User message: Use the following alphabet to complete the pattern.

u n o y q l g f j d k h a z b p e r s t w m c i x v

Note that the alphabet may be in an unfamiliar order. Complete the pattern using this order. Answer with only the final answer and nothing else. Put your final answer between double brackets.

[g f j d] [l f j d]
[g j k a] [


--- TARGET LETTERS ---

['q', 'j', 'k', 'a']
The following generation flags are not valid and may be ignored: ['temperature', 'top_k']. Set `TRANSFORMERS_VERBOSITY=info` for more details.
Full Qwen output: [ g j k a ] [ l j k a ]
trial 2 of 10...
trial 3 of 10...
trial 4 of 10...
trial 5 of 10...
trial 6 of 10...
trial 7 of 10...
trial 8 of 10...
trial 9 of 10...
trial 10 of 10...
Problem type: longer_targ - 2/20
trial 1 of 10...

=== PROMPT ===

System message: You are able to solve letter-string analogies

User message: Use the following alphabet to complete the pattern.

u n o y q l g f j d k h a z b p e r s t w m c i x v

Note that the alphabet may be in an unfamiliar order. Complete the pattern using this order. Answer with only the final answer and nothing else. Put your final answer between double brackets.

[g f j d k k] [g f j d k]
[u n o y q q l g f j] [


--- TARGET LETTERS ---

['u', 'n', 'o', 'y', 'q', 'l', 'g', 'f', 'j']
Full Qwen output: [ g f j d k k ] [ g f j d k ] [ u n o y q q l g f j ] [ u n o y q l g f j ]
trial 2 of 10...
trial 3 of 10...
trial 4 of 10...
trial 5 of 10...
trial 6 of 10...
trial 7 of 10...
trial 8 of 10...
trial 9 of 10...
trial 10 of 10...
Problem type: group - 3/20
trial 1 of 10...

=== PROMPT ===

System message: You are able to solve letter-string analogies

User message: Use the following alphabet to complete the pattern.

u n o y q l g f j d k h a z b p e r s t w m c i x v

Note that the alphabet may be in an unfamiliar order. Complete the pattern using this order. Answer with only the final answer and nothing else. Put your final answer between double brackets.

[c i x v] [m i x v]
[l l g g f f j j] [


--- TARGET LETTERS ---

['q', 'q', 'g', 'g', 'f', 'f', 'j', 'j']
Full Qwen output: [ l l g g f f j j ] [ c c i i x x v v ]
trial 2 of 10...
trial 3 of 10...
trial 4 of 10...
trial 5 of 10...
trial 6 of 10...
trial 7 of 10...
trial 8 of 10...
trial 9 of 10...
trial 10 of 10...
Problem type: interleaved - 4/20
trial 1 of 10...

=== PROMPT ===

System message: You are able to solve letter-string analogies

User message: Use the following alphabet to complete the pattern.

u n o y q l g f j d k h a z b p e r s t w m c i x v

Note that the alphabet may be in an unfamiliar order. Complete the pattern using this order. Answer with only the final answer and nothing else. Put your final answer between double brackets.

[p n o y q] [u n o y q]
[b x p x e x m x s x] [


--- TARGET LETTERS ---

['b', 'x', 'p', 'x', 'e', 'x', 'r', 'x', 's', 'x']
Full Qwen output: [ p n o y q ] [ u n o y q ]  
[ b x p x e x m x s x ] [ b x p x e x m x s x ]  

[[b x p x e x m x s x]]
Filtered Qwen output: b x p x e x m x s x
trial 2 of 10...
trial 3 of 10...
trial 4 of 10...
trial 5 of 10...
trial 6 of 10...
trial 7 of 10...
trial 8 of 10...
trial 9 of 10...
trial 10 of 10...
Problem type: letter2num - 5/20
trial 1 of 10...

=== PROMPT ===

System message: You are able to solve letter-string analogies

User message: Use the following alphabet to complete the pattern.

u n o y q l g f j d k h a z b p e r s t w m c i x v

Note that the alphabet may be in an unfamiliar order. Complete the pattern using this order. Answer with only the final answer and nothing else. Put your final answer between double brackets.

[q l g f] [q l g j]
[20 21 22 23] [


--- TARGET LETTERS ---

[np.int64(20), np.int64(21), np.int64(22), np.int64(24)]
Full Qwen output: [20 21 22 24]
trial 2 of 10...
trial 3 of 10...
trial 4 of 10...
trial 5 of 10...
trial 6 of 10...
trial 7 of 10...
trial 8 of 10...
trial 9 of 10...
trial 10 of 10...
Problem type: reverse - 6/20
trial 1 of 10...

=== PROMPT ===

System message: You are able to solve letter-string analogies

User message: Use the following alphabet to complete the pattern.

u n o y q l g f j d k h a z b p e r s t w m c i x v

Note that the alphabet may be in an unfamiliar order. Complete the pattern using this order. Answer with only the final answer and nothing else. Put your final answer between double brackets.

[w m c i x x] [w m c i x]
[d j f g g l] [


--- TARGET LETTERS ---

['d', 'j', 'f', 'g', 'l']
Full Qwen output: [ w m c i x x ] [ w m c i x ]  
[ d j f g g l ] [ d j f g g ]
trial 2 of 10...
trial 3 of 10...
trial 4 of 10...
trial 5 of 10...
trial 6 of 10...
trial 7 of 10...
trial 8 of 10...
trial 9 of 10...
trial 10 of 10...
Problem type: 2gen_split1 - 7/20
trial 1 of 10...

=== PROMPT ===

System message: You are able to solve letter-string analogies

User message: Use the following alphabet to complete the pattern.

u n o y q l g f j d k h a z b p e r s t w m c i x v

Note that the alphabet may be in an unfamiliar order. Complete the pattern using this order. Answer with only the final answer and nothing else. Put your final answer between double brackets.

[p a z b h] [h a z b p]
[u u q q o o g g j j] [


--- TARGET LETTERS ---

['u', 'u', 'o', 'o', 'q', 'q', 'g', 'g', 'j', 'j']
Full Qwen output: [ u u q q o o g g j j ] [ u u q q o o g g j j ]
trial 2 of 10...
trial 3 of 10...
trial 4 of 10...
trial 5 of 10...
trial 6 of 10...
trial 7 of 10...
trial 8 of 10...
trial 9 of 10...
trial 10 of 10...
Problem type: 2gen_split2 - 8/20
trial 1 of 10...

=== PROMPT ===

System message: You are able to solve letter-string analogies

User message: Use the following alphabet to complete the pattern.

u n o y q l g f j d k h a z b p e r s t w m c i x v

Note that the alphabet may be in an unfamiliar order. Complete the pattern using this order. Answer with only the final answer and nothing else. Put your final answer between double brackets.

[k h l z b] [k h a z b]
[r x t x m x i x f x] [


--- TARGET LETTERS ---

['r', 'x', 't', 'x', 'm', 'x', 'i', 'x', 'v', 'x']
Full Qwen output: [ k h l z b ] [ k h a z b ]  
[ r x t x m x i x f x ] [ r x a x m x i x f x ]  

[[r x a x m x i x f x]]
Filtered Qwen output: r x a x m x i x f x
trial 2 of 10...
trial 3 of 10...
trial 4 of 10...
trial 5 of 10...
trial 6 of 10...
trial 7 of 10...
trial 8 of 10...
trial 9 of 10...
trial 10 of 10...
Problem type: 2gen_split3 - 9/20
trial 1 of 10...

=== PROMPT ===

System message: You are able to solve letter-string analogies

User message: Use the following alphabet to complete the pattern.

u n o y q l g f j d k h a z b p e r s t w m c i x v

Note that the alphabet may be in an unfamiliar order. Complete the pattern using this order. Answer with only the final answer and nothing else. Put your final answer between double brackets.

[y q l g] [y q l g f]
[b x p x e x r x s x t x w x m x] [


--- TARGET LETTERS ---

['b', 'x', 'p', 'x', 'e', 'x', 'r', 'x', 's', 'x', 't', 'x', 'w', 'x', 'm', 'x', 'c', 'x']
Full Qwen output: [ y q l g ] [ y q l g f ] [ b x p x e x r x s x t x w x m x ] [ b x p x e x r x s x t x w x m x c ]
trial 2 of 10...
trial 3 of 10...
trial 4 of 10...
trial 5 of 10...
trial 6 of 10...
trial 7 of 10...
trial 8 of 10...
trial 9 of 10...
trial 10 of 10...
Problem type: 2gen_split4 - 10/20
trial 1 of 10...

=== PROMPT ===

System message: You are able to solve letter-string analogies

User message: Use the following alphabet to complete the pattern.

u n o y q l g f j d k h a z b p e r s t w m c i x v

Note that the alphabet may be in an unfamiliar order. Complete the pattern using this order. Answer with only the final answer and nothing else. Put your final answer between double brackets.

[h a z b] [h a z p]
[d d x x k k x x h h x x a a x x] [


--- TARGET LETTERS ---

['d', 'd', 'x', 'x', 'k', 'k', 'x', 'x', 'h', 'h', 'x', 'x', 'z', 'z', 'x', 'x']
Full Qwen output: [ h a z b ] [ h a z p ]  
[ d d x x k k x x h h x x a a x x ] [ d d x x k k x x h h x x a a x x ]  

The pattern repeats the third segment.  

Final answer:  
[[d d x x k k x x h h x x a a x x]]
Filtered Qwen output: d d x x k k x x h h x x a a x x
trial 2 of 10...
trial 3 of 10...
trial 4 of 10...
trial 5 of 10...
trial 6 of 10...
trial 7 of 10...
trial 8 of 10...
trial 9 of 10...
trial 10 of 10...
Problem type: 2gen_split5 - 11/20
trial 1 of 10...

=== PROMPT ===

System message: You are able to solve letter-string analogies

User message: Use the following alphabet to complete the pattern.

u n o y q l g f j d k h a z b p e r s t w m c i x v

Note that the alphabet may be in an unfamiliar order. Complete the pattern using this order. Answer with only the final answer and nothing else. Put your final answer between double brackets.

[s t w m j] [s t w m c]
[a a h h k k d d z z] [


--- TARGET LETTERS ---

['a', 'a', 'h', 'h', 'k', 'k', 'd', 'd', 'j', 'j']
Full Qwen output: [ a a h h k k d d z z ] [ a a h h k k d d z z ]
trial 2 of 10...
trial 3 of 10...
trial 4 of 10...
trial 5 of 10...
trial 6 of 10...
trial 7 of 10...
trial 8 of 10...
trial 9 of 10...
trial 10 of 10...
Problem type: 2gen_split6 - 12/20
trial 1 of 10...

=== PROMPT ===

System message: You are able to solve letter-string analogies

User message: Use the following alphabet to complete the pattern.

u n o y q l g f j d k h a z b p e r s t w m c i x v

Note that the alphabet may be in an unfamiliar order. Complete the pattern using this order. Answer with only the final answer and nothing else. Put your final answer between double brackets.

[t c m w i] [t w m c i]
[4 10 8 6 12] [


--- TARGET LETTERS ---

[np.int64(4), np.int64(6), np.int64(8), np.int64(10), np.int64(12)]
Full Qwen output: [4 10 8 6 12] [4 10 8 6 12]
trial 2 of 10...
trial 3 of 10...
trial 4 of 10...
trial 5 of 10...
trial 6 of 10...
trial 7 of 10...
trial 8 of 10...
trial 9 of 10...
trial 10 of 10...
Problem type: 2gensplit7 - 13/20
trial 1 of 10...

=== PROMPT ===

System message: You are able to solve letter-string analogies

User message: Use the following alphabet to complete the pattern.

u n o y q l g f j d k h a z b p e r s t w m c i x v

Note that the alphabet may be in an unfamiliar order. Complete the pattern using this order. Answer with only the final answer and nothing else. Put your final answer between double brackets.

[m c i x] [m c i v]
[2 4 6 8] [


--- TARGET LETTERS ---

[np.int64(2), np.int64(4), np.int64(6), np.int64(10)]
Full Qwen output: [2 4 6 8] [2 4 6 8]
trial 2 of 10...
trial 3 of 10...
trial 4 of 10...
trial 5 of 10...
trial 6 of 10...
trial 7 of 10...
trial 8 of 10...
trial 9 of 10...
trial 10 of 10...
Problem type: 3gen_split1 - 14/20
trial 1 of 10...

=== PROMPT ===

System message: You are able to solve letter-string analogies

User message: Use the following alphabet to complete the pattern.

u n o y q l g f j d k h a z b p e r s t w m c i x v

Note that the alphabet may be in an unfamiliar order. Complete the pattern using this order. Answer with only the final answer and nothing else. Put your final answer between double brackets.

[o y q l] [o y q g]
[25 0 24 0 23 0 22 0] [


--- TARGET LETTERS ---

[np.int64(25), '0', np.int64(24), '0', np.int64(23), '0', np.int64(21), '0']
Full Qwen output: [25 0 24 0 23 0 22 0] [25 0 24 0 23 0 22 0]  
[[25 0 24 0 23 0 22 0] [25 0 24 0 23 0 22 0]]
Filtered Qwen output: 25 0 24 0 23 0 22 0] [25 0 24 0 23 0 22 0
trial 2 of 10...
trial 3 of 10...
trial 4 of 10...
trial 5 of 10...
trial 6 of 10...
trial 7 of 10...
trial 8 of 10...
trial 9 of 10...
trial 10 of 10...
Problem type: 3gen_split2 - 15/20
trial 1 of 10...

=== PROMPT ===

System message: You are able to solve letter-string analogies

User message: Use the following alphabet to complete the pattern.

u n o y q l g f j d k h a z b p e r s t w m c i x v

Note that the alphabet may be in an unfamiliar order. Complete the pattern using this order. Answer with only the final answer and nothing else. Put your final answer between double brackets.

[n o y q] [n o y q l]
[b b x x p p x x e e x x r r x x s s x x t t x x w w x x m m x x] [


--- TARGET LETTERS ---

['b', 'b', 'x', 'x', 'p', 'p', 'x', 'x', 'e', 'e', 'x', 'x', 'r', 'r', 'x', 'x', 's', 's', 'x', 'x', 't', 't', 'x', 'x', 'w', 'w', 'x', 'x', 'm', 'm', 'x', 'x', 'c', 'c', 'x', 'x']
Full Qwen output: [ n o y q l g ] [ n o y q l g f ] [ b b x x p p x x e e x x r r x x s s x x t t x x w w x x m m x x ] [ b b x x p p x x e e x x r r x x s s x x t t x x w w x x m m x x c ]
trial 2 of 10...
trial 3 of 10...
trial 4 of 10...
trial 5 of 10...
trial 6 of 10...
trial 7 of 10...
trial 8 of 10...
trial 9 of 10...
trial 10 of 10...
Problem type: 3gen_split3 - 16/20
trial 1 of 10...

=== PROMPT ===

System message: You are able to solve letter-string analogies

User message: Use the following alphabet to complete the pattern.

u n o y q l g f j d k h a z b p e r s t w m c i x v

Note that the alphabet may be in an unfamiliar order. Complete the pattern using this order. Answer with only the final answer and nothing else. Put your final answer between double brackets.

[n o c q l] [n o y q l]
[1 3 5 26 9 11 13 15 17] [


--- TARGET LETTERS ---

[np.int64(1), np.int64(3), np.int64(5), np.int64(7), np.int64(9), np.int64(11), np.int64(13), np.int64(15), np.int64(17)]
Full Qwen output: [1 3 5 26 9 11 13 15 17] [1 3 5 26 9 11 13 15 17]
trial 2 of 10...
trial 3 of 10...
trial 4 of 10...
trial 5 of 10...
trial 6 of 10...
trial 7 of 10...
trial 8 of 10...
trial 9 of 10...
trial 10 of 10...
Problem type: 3gen_split4 - 17/20
trial 1 of 10...

=== PROMPT ===

System message: You are able to solve letter-string analogies

User message: Use the following alphabet to complete the pattern.

u n o y q l g f j d k h a z b p e r s t w m c i x v

Note that the alphabet may be in an unfamiliar order. Complete the pattern using this order. Answer with only the final answer and nothing else. Put your final answer between double brackets.

[l g f j] [l g f d]
[9 8 7 6 5 4 3 2] [


--- TARGET LETTERS ---

[np.int64(9), np.int64(8), np.int64(7), np.int64(6), np.int64(5), np.int64(4), np.int64(3), np.int64(1)]
Full Qwen output: [9 8 7 6 5 4 3 2] [9 8 7 6 5 4 3]  
[[9 8 7 6 5 4 3]]
Filtered Qwen output: 9 8 7 6 5 4 3
trial 2 of 10...
trial 3 of 10...
trial 4 of 10...
trial 5 of 10...
trial 6 of 10...
trial 7 of 10...
trial 8 of 10...
trial 9 of 10...
trial 10 of 10...
Problem type: 3gen_split5 - 18/20
trial 1 of 10...

=== PROMPT ===

System message: You are able to solve letter-string analogies

User message: Use the following alphabet to complete the pattern.

u n o y q l g f j d k h a z b p e r s t w m c i x v

Note that the alphabet may be in an unfamiliar order. Complete the pattern using this order. Answer with only the final answer and nothing else. Put your final answer between double brackets.

[q n o y u] [u n o y q]
[7 0 8 0 9 0 13 0 11 0 12 0 10 0 14 0 15 0] [


--- TARGET LETTERS ---

[np.int64(7), '0', np.int64(8), '0', np.int64(9), '0', np.int64(10), '0', np.int64(11), '0', np.int64(12), '0', np.int64(13), '0', np.int64(14), '0', np.int64(15), '0']
Full Qwen output: [7 0 8 0 9 0 13 0 11 0 12 0 10 0 14 0 15 0] [q n o y u] [u n o y q]
trial 2 of 10...
trial 3 of 10...
trial 4 of 10...
trial 5 of 10...
trial 6 of 10...
trial 7 of 10...
trial 8 of 10...
trial 9 of 10...
trial 10 of 10...
Problem type: 3gen_split6 - 19/20
trial 1 of 10...

=== PROMPT ===

System message: You are able to solve letter-string analogies

User message: Use the following alphabet to complete the pattern.

u n o y q l g f j d k h a z b p e r s t w m c i x v

Note that the alphabet may be in an unfamiliar order. Complete the pattern using this order. Answer with only the final answer and nothing else. Put your final answer between double brackets.

[k h a z] [k h a b]
[t x r x p x z x] [


--- TARGET LETTERS ---

['t', 'x', 'r', 'x', 'p', 'x', 'h', 'x']
Full Qwen output: [ k h a z ] [ k h a b ]  
[ t x r x p x z x ] [ t x r b ]  

[[t x r b]]
Filtered Qwen output: t x r b
trial 2 of 10...
trial 3 of 10...
trial 4 of 10...
trial 5 of 10...
trial 6 of 10...
trial 7 of 10...
trial 8 of 10...
trial 9 of 10...
trial 10 of 10...
Problem type: 3gensplit7 - 20/20
trial 1 of 10...

=== PROMPT ===

System message: You are able to solve letter-string analogies

User message: Use the following alphabet to complete the pattern.

u n o y q l g f j d k h a z b p e r s t w m c i x v

Note that the alphabet may be in an unfamiliar order. Complete the pattern using this order. Answer with only the final answer and nothing else. Put your final answer between double brackets.

[u n n o y q] [u n o y q]
[19 17 17 15 13 11] [


--- TARGET LETTERS ---

[np.int64(19), np.int64(17), np.int64(15), np.int64(13), np.int64(11)]
Full Qwen output: [19 17 17 15 13 11] [19 17 15 13 11]
trial 2 of 10...
trial 3 of 10...
trial 4 of 10...
trial 5 of 10...
trial 6 of 10...
trial 7 of 10...
trial 8 of 10...
trial 9 of 10...
trial 10 of 10...
alph_1
a b g z y w m h i r k d t s j e o f l u v p n x q c
Problem type: larger_int - 1/20
trial 1 of 10...

=== PROMPT ===

System message: You are able to solve letter-string analogies

User message: Use the following alphabet to complete the pattern.

a b g z y w m h i r k d t s j e o f l u v p n x q c

Note that the alphabet may be in an unfamiliar order. Complete the pattern using this order. Answer with only the final answer and nothing else. Put your final answer between double brackets.

[i h m r k] [m h i r k]
[j l o v n] [


--- TARGET LETTERS ---

['j', 'o', 'l', 'v', 'n']
Full Qwen output: [ j l o v n ] [ n v o l j ]
trial 2 of 10...
trial 3 of 10...
trial 4 of 10...
trial 5 of 10...
trial 6 of 10...
trial 7 of 10...
trial 8 of 10...
trial 9 of 10...
trial 10 of 10...
Problem type: longer_targ - 2/20
trial 1 of 10...

=== PROMPT ===

System message: You are able to solve letter-string analogies

User message: Use the following alphabet to complete the pattern.

a b g z y w m h i r k d t s j e o f l u v p n x q c

Note that the alphabet may be in an unfamiliar order. Complete the pattern using this order. Answer with only the final answer and nothing else. Put your final answer between double brackets.

[d t s e j] [d t s j e]
[f l u v p n q x c] [


--- TARGET LETTERS ---

['f', 'l', 'u', 'v', 'p', 'n', 'x', 'q', 'c']
Full Qwen output: [ f l u v p n q x c ] [ f l u v p n q x c ]
trial 2 of 10...
trial 3 of 10...
trial 4 of 10...
trial 5 of 10...
trial 6 of 10...
trial 7 of 10...
trial 8 of 10...
trial 9 of 10...
trial 10 of 10...
Problem type: group - 3/20
trial 1 of 10...

=== PROMPT ===

System message: You are able to solve letter-string analogies

User message: Use the following alphabet to complete the pattern.

a b g z y w m h i r k d t s j e o f l u v p n x q c

Note that the alphabet may be in an unfamiliar order. Complete the pattern using this order. Answer with only the final answer and nothing else. Put your final answer between double brackets.

[l u v p] [l u v n]
[m m h h i i r r] [


--- TARGET LETTERS ---

['m', 'm', 'h', 'h', 'i', 'i', 'k', 'k']
Full Qwen output: [ m m h h i i r r ] [ m m h h i i n n ]
trial 2 of 10...
trial 3 of 10...
trial 4 of 10...
trial 5 of 10...
trial 6 of 10...
trial 7 of 10...
trial 8 of 10...
trial 9 of 10...
trial 10 of 10...
Problem type: interleaved - 4/20
trial 1 of 10...

=== PROMPT ===

System message: You are able to solve letter-string analogies

User message: Use the following alphabet to complete the pattern.

a b g z y w m h i r k d t s j e o f l u v p n x q c

Note that the alphabet may be in an unfamiliar order. Complete the pattern using this order. Answer with only the final answer and nothing else. Put your final answer between double brackets.

[s j e o] [s j e o f]
[u x v x p x n x] [


--- TARGET LETTERS ---

['u', 'x', 'v', 'x', 'p', 'x', 'n', 'x', 'x', 'x']
Full Qwen output: [ u x v x p x n x ] [ u x v x p x n x q ]
trial 2 of 10...
trial 3 of 10...
trial 4 of 10...
trial 5 of 10...
trial 6 of 10...
trial 7 of 10...
trial 8 of 10...
trial 9 of 10...
trial 10 of 10...
Problem type: letter2num - 5/20
trial 1 of 10...

=== PROMPT ===

System message: You are able to solve letter-string analogies

User message: Use the following alphabet to complete the pattern.

a b g z y w m h i r k d t s j e o f l u v p n x q c

Note that the alphabet may be in an unfamiliar order. Complete the pattern using this order. Answer with only the final answer and nothing else. Put your final answer between double brackets.

[v u p n x] [u v p n x]
[9 10 11 13 12] [


--- TARGET LETTERS ---

[np.int64(9), np.int64(10), np.int64(11), np.int64(12), np.int64(13)]
Full Qwen output: [9 10 11 13 12] [10 9 12 13 11]
trial 2 of 10...
trial 3 of 10...
trial 4 of 10...
trial 5 of 10...
trial 6 of 10...
trial 7 of 10...
trial 8 of 10...
trial 9 of 10...
trial 10 of 10...
Problem type: reverse - 6/20
trial 1 of 10...

=== PROMPT ===

System message: You are able to solve letter-string analogies

User message: Use the following alphabet to complete the pattern.

a b g z y w m h i r k d t s j e o f l u v p n x q c

Note that the alphabet may be in an unfamiliar order. Complete the pattern using this order. Answer with only the final answer and nothing else. Put your final answer between double brackets.

[y w m h] [z w m h]
[q x n p] [


--- TARGET LETTERS ---

['c', 'x', 'n', 'p']
Full Qwen output: [ q x n p ] [ r k d t ]
trial 2 of 10...
trial 3 of 10...
trial 4 of 10...
trial 5 of 10...
trial 6 of 10...
trial 7 of 10...
trial 8 of 10...
trial 9 of 10...
trial 10 of 10...
Problem type: 2gen_split1 - 7/20
trial 1 of 10...

=== PROMPT ===

System message: You are able to solve letter-string analogies

User message: Use the following alphabet to complete the pattern.

a b g z y w m h i r k d t s j e o f l u v p n x q c

Note that the alphabet may be in an unfamiliar order. Complete the pattern using this order. Answer with only the final answer and nothing else. Put your final answer between double brackets.

[y w m h] [y w m h i]
[13 15 17 19] [


--- TARGET LETTERS ---

[np.int64(13), np.int64(15), np.int64(17), np.int64(19), np.int64(21)]
Full Qwen output: [13 15 17 19 21]
trial 2 of 10...
trial 3 of 10...
trial 4 of 10...
trial 5 of 10...
trial 6 of 10...
trial 7 of 10...
trial 8 of 10...
trial 9 of 10...
trial 10 of 10...
Problem type: 2gen_split2 - 8/20
trial 1 of 10...

=== PROMPT ===

System message: You are able to solve letter-string analogies

User message: Use the following alphabet to complete the pattern.

a b g z y w m h i r k d t s j e o f l u v p n x q c

Note that the alphabet may be in an unfamiliar order. Complete the pattern using this order. Answer with only the final answer and nothing else. Put your final answer between double brackets.

[y w h m i] [y w m h i]
[s x j x e x o x f x l x p x v x u x] [


--- TARGET LETTERS ---

['s', 'x', 'j', 'x', 'e', 'x', 'o', 'x', 'f', 'x', 'l', 'x', 'u', 'x', 'v', 'x', 'p', 'x']
Full Qwen output: [ y w h m i ] [ y w m h i ]  
[ s x j x e x o x f x l x p x v x u x ] [ s x j e o f l p v u ]  

[[s x j e o f l p v u]]
Filtered Qwen output: s x j e o f l p v u
trial 2 of 10...
trial 3 of 10...
trial 4 of 10...
trial 5 of 10...
trial 6 of 10...
trial 7 of 10...
trial 8 of 10...
trial 9 of 10...
trial 10 of 10...
Problem type: 2gen_split3 - 9/20
trial 1 of 10...

=== PROMPT ===

System message: You are able to solve letter-string analogies

User message: Use the following alphabet to complete the pattern.

a b g z y w m h i r k d t s j e o f l u v p n x q c

Note that the alphabet may be in an unfamiliar order. Complete the pattern using this order. Answer with only the final answer and nothing else. Put your final answer between double brackets.

[e o f l] [j o f l]
[o o x x f f x x l l x x u u x x] [


--- TARGET LETTERS ---

['e', 'e', 'x', 'x', 'f', 'f', 'x', 'x', 'l', 'l', 'x', 'x', 'u', 'u', 'x', 'x']
Full Qwen output: [ e o f l ] [ j o f l ]  
[ o o x x f f x x l l x x ] [ e o f l ]  

[[e o f l]]
Filtered Qwen output: e o f l
trial 2 of 10...
trial 3 of 10...
trial 4 of 10...
trial 5 of 10...
trial 6 of 10...
trial 7 of 10...
trial 8 of 10...
trial 9 of 10...
trial 10 of 10...
Problem type: 2gen_split4 - 10/20
trial 1 of 10...

=== PROMPT ===

System message: You are able to solve letter-string analogies

User message: Use the following alphabet to complete the pattern.

a b g z y w m h i r k d t s j e o f l u v p n x q c

Note that the alphabet may be in an unfamiliar order. Complete the pattern using this order. Answer with only the final answer and nothing else. Put your final answer between double brackets.

[u v p f x] [u v p n x]
[q q r r i i h h m m] [


--- TARGET LETTERS ---

['k', 'k', 'r', 'r', 'i', 'i', 'h', 'h', 'm', 'm']
Full Qwen output: [ u v p f x ] [ u v p n x ]  
[ q q r r i i h h m m ] [ q q r r i i h h m m ]  

[[q q r r i i h h m m]]
Filtered Qwen output: q q r r i i h h m m
trial 2 of 10...
trial 3 of 10...
trial 4 of 10...
trial 5 of 10...
trial 6 of 10...
trial 7 of 10...
trial 8 of 10...
trial 9 of 10...
trial 10 of 10...
Problem type: 2gen_split5 - 11/20
trial 1 of 10...

=== PROMPT ===

System message: You are able to solve letter-string analogies

User message: Use the following alphabet to complete the pattern.

a b g z y w m h i r k d t s j e o f l u v p n x q c

Note that the alphabet may be in an unfamiliar order. Complete the pattern using this order. Answer with only the final answer and nothing else. Put your final answer between double brackets.

[v p n x] [v p n x q]
[x x n x p x v x] [


--- TARGET LETTERS ---

['x', 'x', 'n', 'x', 'p', 'x', 'v', 'x', 'u', 'x']
Full Qwen output: [ v p n x ] [ v p n x q ] [ x x n x p x v x ] [ v p n x q c ]
trial 2 of 10...
trial 3 of 10...
trial 4 of 10...
trial 5 of 10...
trial 6 of 10...
trial 7 of 10...
trial 8 of 10...
trial 9 of 10...
trial 10 of 10...
Problem type: 2gen_split6 - 12/20
trial 1 of 10...

=== PROMPT ===

System message: You are able to solve letter-string analogies

User message: Use the following alphabet to complete the pattern.

a b g z y w m h i r k d t s j e o f l u v p n x q c

Note that the alphabet may be in an unfamiliar order. Complete the pattern using this order. Answer with only the final answer and nothing else. Put your final answer between double brackets.

[s j e o] [t j e o]
[w w m m h h i i r r k k d d t t] [


--- TARGET LETTERS ---

['y', 'y', 'm', 'm', 'h', 'h', 'i', 'i', 'r', 'r', 'k', 'k', 'd', 'd', 't', 't']
Full Qwen output: [ s j e o ] [ t j e o ]  
[ w w m m h h i i r r k k d d t t ] [ **s s j j e e o o** ]  

[[s s j j e e o o]]
Filtered Qwen output: s s j j e e o o
trial 2 of 10...
trial 3 of 10...
trial 4 of 10...
trial 5 of 10...
trial 6 of 10...
trial 7 of 10...
trial 8 of 10...
trial 9 of 10...
trial 10 of 10...
Problem type: 2gensplit7 - 13/20
trial 1 of 10...

=== PROMPT ===

System message: You are able to solve letter-string analogies

User message: Use the following alphabet to complete the pattern.

a b g z y w m h i r k d t s j e o f l u v p n x q c

Note that the alphabet may be in an unfamiliar order. Complete the pattern using this order. Answer with only the final answer and nothing else. Put your final answer between double brackets.

[y w m h] [y w m i]
[21 0 22 0 23 0 24 0] [


--- TARGET LETTERS ---

[np.int64(21), '0', np.int64(22), '0', np.int64(23), '0', np.int64(25), '0']
Full Qwen output: [21 0 22 0 23 0 24 0] [21 0 22 0 23 0 24 0]
trial 2 of 10...
trial 3 of 10...
trial 4 of 10...
trial 5 of 10...
trial 6 of 10...
trial 7 of 10...
trial 8 of 10...
trial 9 of 10...
trial 10 of 10...
Problem type: 3gen_split1 - 14/20
trial 1 of 10...

=== PROMPT ===

System message: You are able to solve letter-string analogies

User message: Use the following alphabet to complete the pattern.

a b g z y w m h i r k d t s j e o f l u v p n x q c

Note that the alphabet may be in an unfamiliar order. Complete the pattern using this order. Answer with only the final answer and nothing else. Put your final answer between double brackets.

[d t s j] [d t s e]
[r x d x s x e x f x u x p x x x] [


--- TARGET LETTERS ---

['r', 'x', 'd', 'x', 's', 'x', 'e', 'x', 'f', 'x', 'u', 'x', 'p', 'x', 'c', 'x']
Full Qwen output: [ d t s j ] [ d t s e ]  
[ r x d x s x e x f x u x p x x x ] [ r x d x s x e x f x u x p x x x ]  

[[r x d x s x e x f x u x p x x x]]
Filtered Qwen output: r x d x s x e x f x u x p x x x
trial 2 of 10...
trial 3 of 10...
trial 4 of 10...
trial 5 of 10...
trial 6 of 10...
trial 7 of 10...
trial 8 of 10...
trial 9 of 10...
trial 10 of 10...
Problem type: 3gen_split2 - 15/20
trial 1 of 10...

=== PROMPT ===

System message: You are able to solve letter-string analogies

User message: Use the following alphabet to complete the pattern.

a b g z y w m h i r k d t s j e o f l u v p n x q c

Note that the alphabet may be in an unfamiliar order. Complete the pattern using this order. Answer with only the final answer and nothing else. Put your final answer between double brackets.

[k d t s] [k d t s j]
[4 0 6 0 8 0 10 0] [


--- TARGET LETTERS ---

[np.int64(4), '0', np.int64(6), '0', np.int64(8), '0', np.int64(10), '0', np.int64(12), '0']
Full Qwen output: [4 0 6 0 8 0 10 0] [4 0 6 0 8 0 10 0 12]
trial 2 of 10...
trial 3 of 10...
trial 4 of 10...
trial 5 of 10...
trial 6 of 10...
trial 7 of 10...
trial 8 of 10...
trial 9 of 10...
trial 10 of 10...
Problem type: 3gen_split3 - 16/20
trial 1 of 10...

=== PROMPT ===

System message: You are able to solve letter-string analogies

User message: Use the following alphabet to complete the pattern.

a b g z y w m h i r k d t s j e o f l u v p n x q c

Note that the alphabet may be in an unfamiliar order. Complete the pattern using this order. Answer with only the final answer and nothing else. Put your final answer between double brackets.

[k d t s] [k d t s j]
[r r x x i i x x h h x x m m x x] [


--- TARGET LETTERS ---

['r', 'r', 'x', 'x', 'i', 'i', 'x', 'x', 'h', 'h', 'x', 'x', 'm', 'm', 'x', 'x', 'w', 'w', 'x', 'x']
Full Qwen output: [ k d t s ] [ k d t s j ] [ r r x x i i x x h h x x m m x x ] [ r r x x i i x x h h x x m m x x j j ]
trial 2 of 10...
trial 3 of 10...
trial 4 of 10...
trial 5 of 10...
trial 6 of 10...
trial 7 of 10...
trial 8 of 10...
trial 9 of 10...
trial 10 of 10...
Problem type: 3gen_split4 - 17/20
trial 1 of 10...

=== PROMPT ===

System message: You are able to solve letter-string analogies

User message: Use the following alphabet to complete the pattern.

a b g z y w m h i r k d t s j e o f l u v p n x q c

Note that the alphabet may be in an unfamiliar order. Complete the pattern using this order. Answer with only the final answer and nothing else. Put your final answer between double brackets.

[o x l u v] [o f l u v]
[8 0 7 0 6 0 14 0 4 0] [


--- TARGET LETTERS ---

[np.int64(8), '0', np.int64(7), '0', np.int64(6), '0', np.int64(5), '0', np.int64(4), '0']
Full Qwen output: [8 0 7 0 6 0 14 0 4 0] [8 0 7 0 6 0 14 0 4 0]
trial 2 of 10...
trial 3 of 10...
trial 4 of 10...
trial 5 of 10...
trial 6 of 10...
trial 7 of 10...
trial 8 of 10...
trial 9 of 10...
trial 10 of 10...
Problem type: 3gen_split5 - 18/20
trial 1 of 10...

=== PROMPT ===

System message: You are able to solve letter-string analogies

User message: Use the following alphabet to complete the pattern.

a b g z y w m h i r k d t s j e o f l u v p n x q c

Note that the alphabet may be in an unfamiliar order. Complete the pattern using this order. Answer with only the final answer and nothing else. Put your final answer between double brackets.

[h i r k] [h i r d]
[u u f f e e s s] [


--- TARGET LETTERS ---

['u', 'u', 'f', 'f', 'e', 'e', 'd', 'd']
Full Qwen output: [ u u f f e e s s ] [ u u f f e e s s ]
trial 2 of 10...
trial 3 of 10...
trial 4 of 10...
trial 5 of 10...
trial 6 of 10...
trial 7 of 10...
trial 8 of 10...
trial 9 of 10...
trial 10 of 10...
Problem type: 3gen_split6 - 19/20
trial 1 of 10...

=== PROMPT ===

System message: You are able to solve letter-string analogies

User message: Use the following alphabet to complete the pattern.

a b g z y w m h i r k d t s j e o f l u v p n x q c

Note that the alphabet may be in an unfamiliar order. Complete the pattern using this order. Answer with only the final answer and nothing else. Put your final answer between double brackets.

[j e o f] [s e o f]
[k k t t j j o o l l v v n n q q] [


--- TARGET LETTERS ---

['i', 'i', 't', 't', 'j', 'j', 'o', 'o', 'l', 'l', 'v', 'v', 'n', 'n', 'q', 'q']
Full Qwen output: [ j e o f ] [ s e o f ]  
[ k k t t j j o o l l v v n n q q ] [ **k k t t j j o o l l v v n n q q** ]  

[[k k t t j j o o l l v v n n q q]]
Filtered Qwen output: k k t t j j o o l l v v n n q q
trial 2 of 10...
trial 3 of 10...
trial 4 of 10...
trial 5 of 10...
trial 6 of 10...
trial 7 of 10...
trial 8 of 10...
trial 9 of 10...
trial 10 of 10...
Problem type: 3gensplit7 - 20/20
trial 1 of 10...

=== PROMPT ===

System message: You are able to solve letter-string analogies

User message: Use the following alphabet to complete the pattern.

a b g z y w m h i r k d t s j e o f l u v p n x q c

Note that the alphabet may be in an unfamiliar order. Complete the pattern using this order. Answer with only the final answer and nothing else. Put your final answer between double brackets.

[s j e o] [t j e o]
[23 23 0 0 24 24 0 0 25 25 0 0 26 26 0 0] [


--- TARGET LETTERS ---

[np.int64(22), np.int64(22), '0', '0', np.int64(24), np.int64(24), '0', '0', np.int64(25), np.int64(25), '0', '0', np.int64(26), np.int64(26), '0', '0']
Full Qwen output: [23 23 0 0 24 24 0 0 25 25 0 0 26 26 0 0] [23 23 0 0 24 24 0 0 25 25 0 0 26 26 0 0]
trial 2 of 10...
trial 3 of 10...
trial 4 of 10...
trial 5 of 10...
trial 6 of 10...
trial 7 of 10...
trial 8 of 10...
trial 9 of 10...
trial 10 of 10...
alph_2
b n f m p g h w i q e d l y s o c k a t u v r x j z
Problem type: larger_int - 1/20
trial 1 of 10...

=== PROMPT ===

System message: You are able to solve letter-string analogies

User message: Use the following alphabet to complete the pattern.

b n f m p g h w i q e d l y s o c k a t u v r x j z

Note that the alphabet may be in an unfamiliar order. Complete the pattern using this order. Answer with only the final answer and nothing else. Put your final answer between double brackets.

[n f m p] [n f m p g]
[q d y o] [


--- TARGET LETTERS ---

['q', 'd', 'y', 'o', 'k']
Full Qwen output: [ q d y o ] [ q d y o g ]
trial 2 of 10...
trial 3 of 10...
trial 4 of 10...
trial 5 of 10...
trial 6 of 10...
trial 7 of 10...
trial 8 of 10...
trial 9 of 10...
trial 10 of 10...
Problem type: longer_targ - 2/20
trial 1 of 10...

=== PROMPT ===

System message: You are able to solve letter-string analogies

User message: Use the following alphabet to complete the pattern.

b n f m p g h w i q e d l y s o c k a t u v r x j z

Note that the alphabet may be in an unfamiliar order. Complete the pattern using this order. Answer with only the final answer and nothing else. Put your final answer between double brackets.

[l y s o] [l y s c]
[c k a t u v r x] [


--- TARGET LETTERS ---

['c', 'k', 'a', 't', 'u', 'v', 'r', 'j']
Full Qwen output: [ckatuvrx] [ckatuvrx]
trial 2 of 10...
trial 3 of 10...
trial 4 of 10...
trial 5 of 10...
trial 6 of 10...
trial 7 of 10...
trial 8 of 10...
trial 9 of 10...
trial 10 of 10...
Problem type: group - 3/20
trial 1 of 10...

=== PROMPT ===

System message: You are able to solve letter-string analogies

User message: Use the following alphabet to complete the pattern.

b n f m p g h w i q e d l y s o c k a t u v r x j z

Note that the alphabet may be in an unfamiliar order. Complete the pattern using this order. Answer with only the final answer and nothing else. Put your final answer between double brackets.

[m p g h] [m p g h w]
[t t u u v v r r] [


--- TARGET LETTERS ---

['t', 't', 'u', 'u', 'v', 'v', 'r', 'r', 'x', 'x']
Full Qwen output: [ t t u u v v r r ] [ t t u u v v r r x ]
trial 2 of 10...
trial 3 of 10...
trial 4 of 10...
trial 5 of 10...
trial 6 of 10...
trial 7 of 10...
trial 8 of 10...
trial 9 of 10...
trial 10 of 10...
Problem type: interleaved - 4/20
trial 1 of 10...

=== PROMPT ===

System message: You are able to solve letter-string analogies

User message: Use the following alphabet to complete the pattern.

b n f m p g h w i q e d l y s o c k a t u v r x j z

Note that the alphabet may be in an unfamiliar order. Complete the pattern using this order. Answer with only the final answer and nothing else. Put your final answer between double brackets.

[i q e h l] [i q e d l]
[u x v x r x x x m x] [


--- TARGET LETTERS ---

['u', 'x', 'v', 'x', 'r', 'x', 'x', 'x', 'j', 'x']
Full Qwen output: [i q e h l] [i q e d l]  
[u x v x r x x x m x] [u x v x r x x x m x]  

[[u x v x r x x x m x]]
Filtered Qwen output: u x v x r x x x m x
trial 2 of 10...
trial 3 of 10...
trial 4 of 10...
trial 5 of 10...
trial 6 of 10...
trial 7 of 10...
trial 8 of 10...
trial 9 of 10...
trial 10 of 10...
Problem type: letter2num - 5/20
trial 1 of 10...

=== PROMPT ===

System message: You are able to solve letter-string analogies

User message: Use the following alphabet to complete the pattern.

b n f m p g h w i q e d l y s o c k a t u v r x j z

Note that the alphabet may be in an unfamiliar order. Complete the pattern using this order. Answer with only the final answer and nothing else. Put your final answer between double brackets.

[e d l y] [e d l s]
[1 2 3 4] [


--- TARGET LETTERS ---

[np.int64(1), np.int64(2), np.int64(3), np.int64(5)]
Full Qwen output: [1 2 3 4] [1 2 3 4]
trial 2 of 10...
trial 3 of 10...
trial 4 of 10...
trial 5 of 10...
trial 6 of 10...
trial 7 of 10...
trial 8 of 10...
trial 9 of 10...
trial 10 of 10...
Problem type: reverse - 6/20
trial 1 of 10...

=== PROMPT ===

System message: You are able to solve letter-string analogies

User message: Use the following alphabet to complete the pattern.

b n f m p g h w i q e d l y s o c k a t u v r x j z

Note that the alphabet may be in an unfamiliar order. Complete the pattern using this order. Answer with only the final answer and nothing else. Put your final answer between double brackets.

[s o o c k a] [s o c k a]
[i w h g p p] [


--- TARGET LETTERS ---

['i', 'w', 'h', 'g', 'p']
Full Qwen output: [ i w h g p p ] [ i w h g p p ]
trial 2 of 10...
trial 3 of 10...
trial 4 of 10...
trial 5 of 10...
trial 6 of 10...
trial 7 of 10...
trial 8 of 10...
trial 9 of 10...
trial 10 of 10...
Problem type: 2gen_split1 - 7/20
trial 1 of 10...

=== PROMPT ===

System message: You are able to solve letter-string analogies

User message: Use the following alphabet to complete the pattern.

b n f m p g h w i q e d l y s o c k a t u v r x j z

Note that the alphabet may be in an unfamiliar order. Complete the pattern using this order. Answer with only the final answer and nothing else. Put your final answer between double brackets.

[g h w b q] [g h w i q]
[i i e e l l o o c c] [


--- TARGET LETTERS ---

['i', 'i', 'e', 'e', 'l', 'l', 's', 's', 'c', 'c']
Full Qwen output: [ i i e e l l o o c c ] [ i i e e l l o o c c ]
trial 2 of 10...
trial 3 of 10...
trial 4 of 10...
trial 5 of 10...
trial 6 of 10...
trial 7 of 10...
trial 8 of 10...
trial 9 of 10...
trial 10 of 10...
Problem type: 2gen_split2 - 8/20
trial 1 of 10...

=== PROMPT ===

System message: You are able to solve letter-string analogies

User message: Use the following alphabet to complete the pattern.

b n f m p g h w i q e d l y s o c k a t u v r x j z

Note that the alphabet may be in an unfamiliar order. Complete the pattern using this order. Answer with only the final answer and nothing else. Put your final answer between double brackets.

[g n f m p] [b n f m p]
[g g p p m m y y n n] [


--- TARGET LETTERS ---

['g', 'g', 'p', 'p', 'm', 'm', 'f', 'f', 'n', 'n']
Full Qwen output: [ g n f m p ] [ b n f m p ]  
[ g g p p m m y y n n ] [ g g p p m m y y n n ]  

[[g g p p m m y y n n]]
Filtered Qwen output: g g p p m m y y n n
trial 2 of 10...
trial 3 of 10...
trial 4 of 10...
trial 5 of 10...
trial 6 of 10...
trial 7 of 10...
trial 8 of 10...
trial 9 of 10...
trial 10 of 10...
Problem type: 2gen_split3 - 9/20
trial 1 of 10...

=== PROMPT ===

System message: You are able to solve letter-string analogies

User message: Use the following alphabet to complete the pattern.

b n f m p g h w i q e d l y s o c k a t u v r x j z

Note that the alphabet may be in an unfamiliar order. Complete the pattern using this order. Answer with only the final answer and nothing else. Put your final answer between double brackets.

[b n f m] [b n f p]
[d x l x y x s x o x c x k x a x] [


--- TARGET LETTERS ---

['d', 'x', 'l', 'x', 'y', 'x', 's', 'x', 'o', 'x', 'c', 'x', 'k', 'x', 't', 'x']
Full Qwen output: [ b n f m ] [ b n f p ]  
[ d x l x y x s x o x c x k x a x ] [ d x l p ]  

[[d x l p]]
Filtered Qwen output: d x l p
trial 2 of 10...
trial 3 of 10...
trial 4 of 10...
trial 5 of 10...
trial 6 of 10...
trial 7 of 10...
trial 8 of 10...
trial 9 of 10...
trial 10 of 10...
Problem type: 2gen_split4 - 10/20
trial 1 of 10...

=== PROMPT ===

System message: You are able to solve letter-string analogies

User message: Use the following alphabet to complete the pattern.

b n f m p g h w i q e d l y s o c k a t u v r x j z

Note that the alphabet may be in an unfamiliar order. Complete the pattern using this order. Answer with only the final answer and nothing else. Put your final answer between double brackets.

[m p g g h w] [m p g h w]
[s x o x c x k x a x t x u x v x r x r x] [


--- TARGET LETTERS ---

['s', 'x', 'o', 'x', 'c', 'x', 'k', 'x', 'a', 'x', 't', 'x', 'u', 'x', 'v', 'x', 'r', 'x']
Full Qwen output: To solve this, we need to identify the pattern in the given sequences using the provided custom alphabet order:

**Custom Alphabet Order:**
b n f m p g h w i q e d l y s o c k a t u v r x j z

Let's analyze the first part of the pattern:  
**[m p g g h w] [m p g h w]**

We can see that the second part is the first part with the second "g" removed. So the pattern is:  
**[m p g g h w] [m p g h w]**

Now, let's
trial 2 of 10...
trial 3 of 10...
trial 4 of 10...
trial 5 of 10...
trial 6 of 10...
trial 7 of 10...
trial 8 of 10...
trial 9 of 10...
trial 10 of 10...
Problem type: 2gen_split5 - 11/20
trial 1 of 10...

=== PROMPT ===

System message: You are able to solve letter-string analogies

User message: Use the following alphabet to complete the pattern.

b n f m p g h w i q e d l y s o c k a t u v r x j z

Note that the alphabet may be in an unfamiliar order. Complete the pattern using this order. Answer with only the final answer and nothing else. Put your final answer between double brackets.

[y s o o c k] [y s o c k]
[7 7 8 8 9 9 10 10 11 11 11 11] [


--- TARGET LETTERS ---

[np.int64(7), np.int64(7), np.int64(8), np.int64(8), np.int64(9), np.int64(9), np.int64(10), np.int64(10), np.int64(11), np.int64(11)]
Full Qwen output: [7 7 8 8 9 9 10 10 11 11 11 11] [7 7 8 8 9 9 10 10 11 11 11 11]  
[[y s o o c k] [y s o c k]]
Filtered Qwen output: y s o o c k] [y s o c k
trial 2 of 10...
trial 3 of 10...
trial 4 of 10...
trial 5 of 10...
trial 6 of 10...
trial 7 of 10...
trial 8 of 10...
trial 9 of 10...
trial 10 of 10...
Problem type: 2gen_split6 - 12/20
trial 1 of 10...

=== PROMPT ===

System message: You are able to solve letter-string analogies

User message: Use the following alphabet to complete the pattern.

b n f m p g h w i q e d l y s o c k a t u v r x j z

Note that the alphabet may be in an unfamiliar order. Complete the pattern using this order. Answer with only the final answer and nothing else. Put your final answer between double brackets.

[i q e d] [w q e d]
[l s c a u r j] [


--- TARGET LETTERS ---

['e', 's', 'c', 'a', 'u', 'r', 'j']
Full Qwen output: [ l s c a u r j ] [ s c a u r j ]
trial 2 of 10...
trial 3 of 10...
trial 4 of 10...
trial 5 of 10...
trial 6 of 10...
trial 7 of 10...
trial 8 of 10...
trial 9 of 10...
trial 10 of 10...
Problem type: 2gensplit7 - 13/20
trial 1 of 10...

=== PROMPT ===

System message: You are able to solve letter-string analogies

User message: Use the following alphabet to complete the pattern.

b n f m p g h w i q e d l y s o c k a t u v r x j z

Note that the alphabet may be in an unfamiliar order. Complete the pattern using this order. Answer with only the final answer and nothing else. Put your final answer between double brackets.

[n f g p m] [n f m p g]
[o d y q k t v x z] [


--- TARGET LETTERS ---

['q', 'd', 'y', 'o', 'k', 't', 'v', 'x', 'z']
Full Qwen output: [ o d y q k t v x z ] [ o d y q k t v x z ]
trial 2 of 10...
trial 3 of 10...
trial 4 of 10...
trial 5 of 10...
trial 6 of 10...
trial 7 of 10...
trial 8 of 10...
trial 9 of 10...
trial 10 of 10...
Problem type: 3gen_split1 - 14/20
trial 1 of 10...

=== PROMPT ===

System message: You are able to solve letter-string analogies

User message: Use the following alphabet to complete the pattern.

b n f m p g h w i q e d l y s o c k a t u v r x j z

Note that the alphabet may be in an unfamiliar order. Complete the pattern using this order. Answer with only the final answer and nothing else. Put your final answer between double brackets.

[t u v r] [t u v x]
[5 5 4 4 3 3 2 2] [


--- TARGET LETTERS ---

[np.int64(5), np.int64(5), np.int64(4), np.int64(4), np.int64(3), np.int64(3), np.int64(1), np.int64(1)]
Full Qwen output: [5 5 4 4 3 3 2 2] [5 5 4 4 3 3 2 2]  
[[t u v r]]
Filtered Qwen output: t u v r
trial 2 of 10...
trial 3 of 10...
trial 4 of 10...
trial 5 of 10...
trial 6 of 10...
trial 7 of 10...
trial 8 of 10...
trial 9 of 10...
trial 10 of 10...
Problem type: 3gen_split2 - 15/20
trial 1 of 10...

=== PROMPT ===

System message: You are able to solve letter-string analogies

User message: Use the following alphabet to complete the pattern.

b n f m p g h w i q e d l y s o c k a t u v r x j z

Note that the alphabet may be in an unfamiliar order. Complete the pattern using this order. Answer with only the final answer and nothing else. Put your final answer between double brackets.

[h w i q] [h w i q e]
[c x s x l x e x] [


--- TARGET LETTERS ---

['c', 'x', 's', 'x', 'l', 'x', 'e', 'x', 'i', 'x']
Full Qwen output: [ c x s x l x e x ] [ c x s x l x e x l ]
trial 2 of 10...
trial 3 of 10...
trial 4 of 10...
trial 5 of 10...
trial 6 of 10...
trial 7 of 10...
trial 8 of 10...
trial 9 of 10...
trial 10 of 10...
Problem type: 3gen_split3 - 16/20
trial 1 of 10...

=== PROMPT ===

System message: You are able to solve letter-string analogies

User message: Use the following alphabet to complete the pattern.

b n f m p g h w i q e d l y s o c k a t u v r x j z

Note that the alphabet may be in an unfamiliar order. Complete the pattern using this order. Answer with only the final answer and nothing else. Put your final answer between double brackets.

[c k u t a] [c k a t u]
[10 0 12 0 16 0 14 0 18 0] [


--- TARGET LETTERS ---

[np.int64(10), '0', np.int64(12), '0', np.int64(14), '0', np.int64(16), '0', np.int64(18), '0']
Full Qwen output: [10 0 12 0 16 0 14 0 18 0] [10 0 12 0 16 0 14 0 18 0]
trial 2 of 10...
trial 3 of 10...
trial 4 of 10...
trial 5 of 10...
trial 6 of 10...
trial 7 of 10...
trial 8 of 10...
trial 9 of 10...
trial 10 of 10...
Problem type: 3gen_split4 - 17/20
trial 1 of 10...

=== PROMPT ===

System message: You are able to solve letter-string analogies

User message: Use the following alphabet to complete the pattern.

b n f m p g h w i q e d l y s o c k a t u v r x j z

Note that the alphabet may be in an unfamiliar order. Complete the pattern using this order. Answer with only the final answer and nothing else. Put your final answer between double brackets.

[g h w i] [p h w i]
[11 11 0 0 12 12 0 0 13 13 0 0 14 14 0 0] [


--- TARGET LETTERS ---

[np.int64(10), np.int64(10), '0', '0', np.int64(12), np.int64(12), '0', '0', np.int64(13), np.int64(13), '0', '0', np.int64(14), np.int64(14), '0', '0']
Full Qwen output: [15 15 0 0 16 16 0 0 17 17 0 0 18 18 0 0]
trial 2 of 10...
trial 3 of 10...
trial 4 of 10...
trial 5 of 10...
trial 6 of 10...
trial 7 of 10...
trial 8 of 10...
trial 9 of 10...
trial 10 of 10...
Problem type: 3gen_split5 - 18/20
trial 1 of 10...

=== PROMPT ===

System message: You are able to solve letter-string analogies

User message: Use the following alphabet to complete the pattern.

b n f m p g h w i q e d l y s o c k a t u v r x j z

Note that the alphabet may be in an unfamiliar order. Complete the pattern using this order. Answer with only the final answer and nothing else. Put your final answer between double brackets.

[r x j z] [v x j z]
[d d q q w w g g] [


--- TARGET LETTERS ---

['y', 'y', 'q', 'q', 'w', 'w', 'g', 'g']
Full Qwen output: [ r x j z ] [ v x j z ]  
[ d d q q w w g g ] [ b b n n f f m m p p g g h h w w i i q q e e d d l l y y s s o o c c k k a a t t u u v v r r x x j j z z ]  

The pattern is repeating the pairs in the first group. The final answer is:  
[[b b n n f f m m p p g g h h w w i i q q e e d d l l y y s s o o
trial 2 of 10...
trial 3 of 10...
trial 4 of 10...
trial 5 of 10...
trial 6 of 10...
trial 7 of 10...
trial 8 of 10...
trial 9 of 10...
trial 10 of 10...
Problem type: 3gen_split6 - 19/20
trial 1 of 10...

=== PROMPT ===

System message: You are able to solve letter-string analogies

User message: Use the following alphabet to complete the pattern.

b n f m p g h w i q e d l y s o c k a t u v r x j z

Note that the alphabet may be in an unfamiliar order. Complete the pattern using this order. Answer with only the final answer and nothing else. Put your final answer between double brackets.

[a t g v r] [a t u v r]
[f f x x p p x x r r x x i i x x e e x x] [


--- TARGET LETTERS ---

['f', 'f', 'x', 'x', 'p', 'p', 'x', 'x', 'h', 'h', 'x', 'x', 'i', 'i', 'x', 'x', 'e', 'e', 'x', 'x']
Full Qwen output: [ a t g v r ] [ a t u v r ]  
[ f f x x p p x x r r x x i i x x e e x x ] [  

The pattern appears to be based on repeating pairs of letters. The first part of the pattern is:  
[ a t g v r ] [ a t u v r ]  

This suggests that the first group is [a t g v r] and the second group is [a t u v r]. The second group seems to be a variation of the first, with some letters changed.  

Now, looking at the second part of the
trial 2 of 10...
trial 3 of 10...
trial 4 of 10...
trial 5 of 10...
trial 6 of 10...
trial 7 of 10...
trial 8 of 10...
trial 9 of 10...
trial 10 of 10...
Problem type: 3gensplit7 - 20/20
trial 1 of 10...

=== PROMPT ===

System message: You are able to solve letter-string analogies

User message: Use the following alphabet to complete the pattern.

b n f m p g h w i q e d l y s o c k a t u v r x j z

Note that the alphabet may be in an unfamiliar order. Complete the pattern using this order. Answer with only the final answer and nothing else. Put your final answer between double brackets.

[r x j z] [v x j z]
[h h x x i i x x e e x x l l x x] [


--- TARGET LETTERS ---

['p', 'p', 'x', 'x', 'i', 'i', 'x', 'x', 'e', 'e', 'x', 'x', 'l', 'l', 'x', 'x']
Full Qwen output: [ r x j z ] [ v x j z ] [ h h x x i i x x e e x x l l x x ] [ r r x x j j x x z z ]
trial 2 of 10...
trial 3 of 10...
trial 4 of 10...
trial 5 of 10...
trial 6 of 10...
trial 7 of 10...
trial 8 of 10...
trial 9 of 10...
trial 10 of 10...
alph_3
i b s d f z v h t c r l o g e p w j m x u q n y a k
Problem type: larger_int - 1/20
trial 1 of 10...

=== PROMPT ===

System message: You are able to solve letter-string analogies

User message: Use the following alphabet to complete the pattern.

i b s d f z v h t c r l o g e p w j m x u q n y a k

Note that the alphabet may be in an unfamiliar order. Complete the pattern using this order. Answer with only the final answer and nothing else. Put your final answer between double brackets.

[j m x u] [j m x q]
[v t r o] [


--- TARGET LETTERS ---

['v', 't', 'r', 'e']
Full Qwen output: [ v t r y ]
trial 2 of 10...
trial 3 of 10...
trial 4 of 10...
trial 5 of 10...
trial 6 of 10...
trial 7 of 10...
trial 8 of 10...
trial 9 of 10...
trial 10 of 10...
Problem type: longer_targ - 2/20
trial 1 of 10...

=== PROMPT ===

System message: You are able to solve letter-string analogies

User message: Use the following alphabet to complete the pattern.

i b s d f z v h t c r l o g e p w j m x u q n y a k

Note that the alphabet may be in an unfamiliar order. Complete the pattern using this order. Answer with only the final answer and nothing else. Put your final answer between double brackets.

[p e g w j] [g e p w j]
[h b s d f z v i t] [


--- TARGET LETTERS ---

['i', 'b', 's', 'd', 'f', 'z', 'v', 'h', 't']
Full Qwen output: [ h b s d f z v i t ] [ h b s d f z v i t ]
trial 2 of 10...
trial 3 of 10...
trial 4 of 10...
trial 5 of 10...
trial 6 of 10...
trial 7 of 10...
trial 8 of 10...
trial 9 of 10...
trial 10 of 10...
Problem type: group - 3/20
trial 1 of 10...

=== PROMPT ===

System message: You are able to solve letter-string analogies

User message: Use the following alphabet to complete the pattern.

i b s d f z v h t c r l o g e p w j m x u q n y a k

Note that the alphabet may be in an unfamiliar order. Complete the pattern using this order. Answer with only the final answer and nothing else. Put your final answer between double brackets.

[q n y a] [q n y a k]
[o o g g e e p p] [


--- TARGET LETTERS ---

['o', 'o', 'g', 'g', 'e', 'e', 'p', 'p', 'w', 'w']
Full Qwen output: [[o o g g e e p p k]]
Filtered Qwen output: o o g g e e p p k
trial 2 of 10...
trial 3 of 10...
trial 4 of 10...
trial 5 of 10...
trial 6 of 10...
trial 7 of 10...
trial 8 of 10...
trial 9 of 10...
trial 10 of 10...
Problem type: interleaved - 4/20
trial 1 of 10...

=== PROMPT ===

System message: You are able to solve letter-string analogies

User message: Use the following alphabet to complete the pattern.

i b s d f z v h t c r l o g e p w j m x u q n y a k

Note that the alphabet may be in an unfamiliar order. Complete the pattern using this order. Answer with only the final answer and nothing else. Put your final answer between double brackets.

[q n y a] [q n y k]
[i x b x s x d x] [


--- TARGET LETTERS ---

['i', 'x', 'b', 'x', 's', 'x', 'f', 'x']
Full Qwen output: [[i x b x s x d x]]
Filtered Qwen output: i x b x s x d x
trial 2 of 10...
trial 3 of 10...
trial 4 of 10...
trial 5 of 10...
trial 6 of 10...
trial 7 of 10...
trial 8 of 10...
trial 9 of 10...
trial 10 of 10...
Problem type: letter2num - 5/20
trial 1 of 10...

=== PROMPT ===

System message: You are able to solve letter-string analogies

User message: Use the following alphabet to complete the pattern.

i b s d f z v h t c r l o g e p w j m x u q n y a k

Note that the alphabet may be in an unfamiliar order. Complete the pattern using this order. Answer with only the final answer and nothing else. Put your final answer between double brackets.

[u q n y] [u q n y a]
[1 2 3 4] [


--- TARGET LETTERS ---

[np.int64(1), np.int64(2), np.int64(3), np.int64(4), np.int64(5)]
Full Qwen output: [1 2 3 4 5]
trial 2 of 10...
trial 3 of 10...
trial 4 of 10...
trial 5 of 10...
trial 6 of 10...
trial 7 of 10...
trial 8 of 10...
trial 9 of 10...
trial 10 of 10...
Problem type: reverse - 6/20
trial 1 of 10...

=== PROMPT ===

System message: You are able to solve letter-string analogies

User message: Use the following alphabet to complete the pattern.

i b s d f z v h t c r l o g e p w j m x u q n y a k

Note that the alphabet may be in an unfamiliar order. Complete the pattern using this order. Answer with only the final answer and nothing else. Put your final answer between double brackets.

[i b s c f] [i b s d f]
[t h v z j] [


--- TARGET LETTERS ---

['t', 'h', 'v', 'z', 'f']
Full Qwen output: [i b s c f] [i b s d f]  
[t h v z j] [t h v z j]  

[[t h v z j]]
Filtered Qwen output: t h v z j
trial 2 of 10...
trial 3 of 10...
trial 4 of 10...
trial 5 of 10...
trial 6 of 10...
trial 7 of 10...
trial 8 of 10...
trial 9 of 10...
trial 10 of 10...
Problem type: 2gen_split1 - 7/20
trial 1 of 10...

=== PROMPT ===

System message: You are able to solve letter-string analogies

User message: Use the following alphabet to complete the pattern.

i b s d f z v h t c r l o g e p w j m x u q n y a k

Note that the alphabet may be in an unfamiliar order. Complete the pattern using this order. Answer with only the final answer and nothing else. Put your final answer between double brackets.

[i b s d v] [i b s d f]
[v x t x d x o x e x] [


--- TARGET LETTERS ---

['v', 'x', 't', 'x', 'r', 'x', 'o', 'x', 'e', 'x']
Full Qwen output: [i b s d v] [i b s d f]  
[v x t x d x o x e x] [v x t x d x o x e x]  

[[v x t x d x o x e x]]
Filtered Qwen output: v x t x d x o x e x
trial 2 of 10...
trial 3 of 10...
trial 4 of 10...
trial 5 of 10...
trial 6 of 10...
trial 7 of 10...
trial 8 of 10...
trial 9 of 10...
trial 10 of 10...
Problem type: 2gen_split2 - 8/20
trial 1 of 10...

=== PROMPT ===

System message: You are able to solve letter-string analogies

User message: Use the following alphabet to complete the pattern.

i b s d f z v h t c r l o g e p w j m x u q n y a k

Note that the alphabet may be in an unfamiliar order. Complete the pattern using this order. Answer with only the final answer and nothing else. Put your final answer between double brackets.

[h h t c r l] [h t c r l]
[e x p x w x j x j x m x x x u x q x n x] [


--- TARGET LETTERS ---

['e', 'x', 'p', 'x', 'w', 'x', 'j', 'x', 'm', 'x', 'x', 'x', 'u', 'x', 'q', 'x', 'n', 'x']
Full Qwen output: To solve this, we need to identify the pattern in the given sequence and apply it to the second part of the problem.

### Step 1: Understand the given alphabet order
The given alphabet is:
```
i b s d f z v h t c r l o g e p w j m x u q n y a k
```
Let's map the positions of each letter for reference:
```
Position: 1 2 3 4 5 6 7 8 9 10 11 12 13 14 15 16 1
trial 2 of 10...
trial 3 of 10...
trial 4 of 10...
trial 5 of 10...
trial 6 of 10...
trial 7 of 10...
trial 8 of 10...
trial 9 of 10...
trial 10 of 10...
Problem type: 2gen_split3 - 9/20
trial 1 of 10...

=== PROMPT ===

System message: You are able to solve letter-string analogies

User message: Use the following alphabet to complete the pattern.

i b s d f z v h t c r l o g e p w j m x u q n y a k

Note that the alphabet may be in an unfamiliar order. Complete the pattern using this order. Answer with only the final answer and nothing else. Put your final answer between double brackets.

[b s d f z z] [b s d f z]
[i x i x b x s x d x f x z x v x h x t x] [


--- TARGET LETTERS ---

['i', 'x', 'b', 'x', 's', 'x', 'd', 'x', 'f', 'x', 'z', 'x', 'v', 'x', 'h', 'x', 't', 'x']
Full Qwen output: [b s d f z z] [b s d f z] [i x i x b x s x d x f x z x v x h x t x] [i x b x s x d x f x z x v x h x t x]
trial 2 of 10...
trial 3 of 10...
trial 4 of 10...
trial 5 of 10...
trial 6 of 10...
trial 7 of 10...
trial 8 of 10...
trial 9 of 10...
trial 10 of 10...
Problem type: 2gen_split4 - 10/20
trial 1 of 10...

=== PROMPT ===

System message: You are able to solve letter-string analogies

User message: Use the following alphabet to complete the pattern.

i b s d f z v h t c r l o g e p w j m x u q n y a k

Note that the alphabet may be in an unfamiliar order. Complete the pattern using this order. Answer with only the final answer and nothing else. Put your final answer between double brackets.

[p w j m] [p w j x]
[e g o l r c t h] [


--- TARGET LETTERS ---

['e', 'g', 'o', 'l', 'r', 'c', 't', 'v']
Full Qwen output: [ e g o l r c t h ] [ e g o l r c t h ]
trial 2 of 10...
trial 3 of 10...
trial 4 of 10...
trial 5 of 10...
trial 6 of 10...
trial 7 of 10...
trial 8 of 10...
trial 9 of 10...
trial 10 of 10...
Problem type: 2gen_split5 - 11/20
trial 1 of 10...

=== PROMPT ===

System message: You are able to solve letter-string analogies

User message: Use the following alphabet to complete the pattern.

i b s d f z v h t c r l o g e p w j m x u q n y a k

Note that the alphabet may be in an unfamiliar order. Complete the pattern using this order. Answer with only the final answer and nothing else. Put your final answer between double brackets.

[z v h t c c] [z v h t c]
[w w j j j j m m x x u u q q n n y y a a] [


--- TARGET LETTERS ---

['w', 'w', 'j', 'j', 'm', 'm', 'x', 'x', 'u', 'u', 'q', 'q', 'n', 'n', 'y', 'y', 'a', 'a']
Full Qwen output: [[z v h t c c]] [[z v h t c]] [[w w j j j j m m x x u u q q n n y y a a]] [[w w j j j j m m x x u u q q n n y y a a]]
Filtered Qwen output: z v h t c c
trial 2 of 10...
trial 3 of 10...
trial 4 of 10...
trial 5 of 10...
trial 6 of 10...
trial 7 of 10...
trial 8 of 10...
trial 9 of 10...
trial 10 of 10...
Problem type: 2gen_split6 - 12/20
trial 1 of 10...

=== PROMPT ===

System message: You are able to solve letter-string analogies

User message: Use the following alphabet to complete the pattern.

i b s d f z v h t c r l o g e p w j m x u q n y a k

Note that the alphabet may be in an unfamiliar order. Complete the pattern using this order. Answer with only the final answer and nothing else. Put your final answer between double brackets.

[e p w j] [g p w j]
[x x q x y x k x] [


--- TARGET LETTERS ---

['j', 'x', 'q', 'x', 'y', 'x', 'k', 'x']
Full Qwen output: [ e p w j ] [ g p w j ]  
[ x x q x y x k x ] [ m x q y ]  

[[m x q y]]
Filtered Qwen output: m x q y
trial 2 of 10...
trial 3 of 10...
trial 4 of 10...
trial 5 of 10...
trial 6 of 10...
trial 7 of 10...
trial 8 of 10...
trial 9 of 10...
trial 10 of 10...
Problem type: 2gensplit7 - 13/20
trial 1 of 10...

=== PROMPT ===

System message: You are able to solve letter-string analogies

User message: Use the following alphabet to complete the pattern.

i b s d f z v h t c r l o g e p w j m x u q n y a k

Note that the alphabet may be in an unfamiliar order. Complete the pattern using this order. Answer with only the final answer and nothing else. Put your final answer between double brackets.

[r l o o g e] [r l o g e]
[18 18 19 19 19 19 20 20 21 21 22 22] [


--- TARGET LETTERS ---

[np.int64(18), np.int64(18), np.int64(19), np.int64(19), np.int64(20), np.int64(20), np.int64(21), np.int64(21), np.int64(22), np.int64(22)]
Full Qwen output: [18 18 19 19 19 19 20 20 21 21 22 22] [18 18 19 19 19 19 20 20 21 21 22 22]  
[[18 18 19 19 19 19 20 20 21 21 22 22]]
Filtered Qwen output: 18 18 19 19 19 19 20 20 21 21 22 22
trial 2 of 10...
trial 3 of 10...
trial 4 of 10...
trial 5 of 10...
trial 6 of 10...
trial 7 of 10...
trial 8 of 10...
trial 9 of 10...
trial 10 of 10...
Problem type: 3gen_split1 - 14/20
trial 1 of 10...

=== PROMPT ===

System message: You are able to solve letter-string analogies

User message: Use the following alphabet to complete the pattern.

i b s d f z v h t c r l o g e p w j m x u q n y a k

Note that the alphabet may be in an unfamiliar order. Complete the pattern using this order. Answer with only the final answer and nothing else. Put your final answer between double brackets.

[w j m x] [w j m u]
[12 12 13 13 14 14 15 15 16 16 17 17 18 18 19 19] [


--- TARGET LETTERS ---

[np.int64(12), np.int64(12), np.int64(13), np.int64(13), np.int64(14), np.int64(14), np.int64(15), np.int64(15), np.int64(16), np.int64(16), np.int64(17), np.int64(17), np.int64(18), np.int64(18), np.int64(20), np.int64(20)]
Full Qwen output: [[w j m x]] [[w j m u]]
Filtered Qwen output: w j m x
trial 2 of 10...
trial 3 of 10...
trial 4 of 10...
trial 5 of 10...
trial 6 of 10...
trial 7 of 10...
trial 8 of 10...
trial 9 of 10...
trial 10 of 10...
Problem type: 3gen_split2 - 15/20
trial 1 of 10...

=== PROMPT ===

System message: You are able to solve letter-string analogies

User message: Use the following alphabet to complete the pattern.

i b s d f z v h t c r l o g e p w j m x u q n y a k

Note that the alphabet may be in an unfamiliar order. Complete the pattern using this order. Answer with only the final answer and nothing else. Put your final answer between double brackets.

[c r l o] [c r l g]
[w e o r t v f s] [


--- TARGET LETTERS ---

['w', 'e', 'o', 'r', 't', 'v', 'f', 'i']
Full Qwen output: [ w e o r t v f s ] [ w e o g ]
trial 2 of 10...
trial 3 of 10...
trial 4 of 10...
trial 5 of 10...
trial 6 of 10...
trial 7 of 10...
trial 8 of 10...
trial 9 of 10...
trial 10 of 10...
Problem type: 3gen_split3 - 16/20
trial 1 of 10...

=== PROMPT ===

System message: You are able to solve letter-string analogies

User message: Use the following alphabet to complete the pattern.

i b s d f z v h t c r l o g e p w j m x u q n y a k

Note that the alphabet may be in an unfamiliar order. Complete the pattern using this order. Answer with only the final answer and nothing else. Put your final answer between double brackets.

[r l o g] [r l o e]
[8 0 9 0 10 0 11 0 12 0 13 0 14 0 15 0] [


--- TARGET LETTERS ---

[np.int64(8), '0', np.int64(9), '0', np.int64(10), '0', np.int64(11), '0', np.int64(12), '0', np.int64(13), '0', np.int64(14), '0', np.int64(16), '0']
Full Qwen output: [8 0 9 0 10 0 11 0 12 0 13 0 14 0 15 0] [8 0 9 0 10 0 11 0 12 0 13 0 14 0 15 0]
trial 2 of 10...
trial 3 of 10...
trial 4 of 10...
trial 5 of 10...
trial 6 of 10...
trial 7 of 10...
trial 8 of 10...
trial 9 of 10...
trial 10 of 10...
Problem type: 3gen_split4 - 17/20
trial 1 of 10...

=== PROMPT ===

System message: You are able to solve letter-string analogies

User message: Use the following alphabet to complete the pattern.

i b s d f z v h t c r l o g e p w j m x u q n y a k

Note that the alphabet may be in an unfamiliar order. Complete the pattern using this order. Answer with only the final answer and nothing else. Put your final answer between double brackets.

[e p m j w] [e p w j m]
[u m e w o r t v f] [


--- TARGET LETTERS ---

['u', 'm', 'w', 'e', 'o', 'r', 't', 'v', 'f']
Full Qwen output: [ u m e w o r t v f ] [ u m w e o r t v f ]
trial 2 of 10...
trial 3 of 10...
trial 4 of 10...
trial 5 of 10...
trial 6 of 10...
trial 7 of 10...
trial 8 of 10...
trial 9 of 10...
trial 10 of 10...
Problem type: 3gen_split5 - 18/20
trial 1 of 10...

=== PROMPT ===

System message: You are able to solve letter-string analogies

User message: Use the following alphabet to complete the pattern.

i b s d f z v h t c r l o g e p w j m x u q n y a k

Note that the alphabet may be in an unfamiliar order. Complete the pattern using this order. Answer with only the final answer and nothing else. Put your final answer between double brackets.

[o g e p] [l g e p]
[a a x x y y x x n n x x q q x x] [


--- TARGET LETTERS ---

['k', 'k', 'x', 'x', 'y', 'y', 'x', 'x', 'n', 'n', 'x', 'x', 'q', 'q', 'x', 'x']
Full Qwen output: [ o g e p ] [ l g e p ]  
[ a a x x y y x x n n x x q q x x ] [ **o g e p** ]  

[[o g e p]]
Filtered Qwen output: o g e p
trial 2 of 10...
trial 3 of 10...
trial 4 of 10...
trial 5 of 10...
trial 6 of 10...
trial 7 of 10...
trial 8 of 10...
trial 9 of 10...
trial 10 of 10...
Problem type: 3gen_split6 - 19/20
trial 1 of 10...

=== PROMPT ===

System message: You are able to solve letter-string analogies

User message: Use the following alphabet to complete the pattern.

i b s d f z v h t c r l o g e p w j m x u q n y a k

Note that the alphabet may be in an unfamiliar order. Complete the pattern using this order. Answer with only the final answer and nothing else. Put your final answer between double brackets.

[f z v h] [d z v h]
[g g o o l l r r c c t t h h v v] [


--- TARGET LETTERS ---

['e', 'e', 'o', 'o', 'l', 'l', 'r', 'r', 'c', 'c', 't', 't', 'h', 'h', 'v', 'v']
Full Qwen output: [ f z v h ] [ d z v h ]  
[ g g o o l l r r c c t t h h v v ] [ **d z v h** ]  

[[d z v h]]
Filtered Qwen output: d z v h
trial 2 of 10...
trial 3 of 10...
trial 4 of 10...
trial 5 of 10...
trial 6 of 10...
trial 7 of 10...
trial 8 of 10...
trial 9 of 10...
trial 10 of 10...
Problem type: 3gensplit7 - 20/20
trial 1 of 10...

=== PROMPT ===

System message: You are able to solve letter-string analogies

User message: Use the following alphabet to complete the pattern.

i b s d f z v h t c r l o g e p w j m x u q n y a k

Note that the alphabet may be in an unfamiliar order. Complete the pattern using this order. Answer with only the final answer and nothing else. Put your final answer between double brackets.

[b s d f] [i s d f]
[v v x x h h x x t t x x c c x x r r x x l l x x o o x x g g x x] [


--- TARGET LETTERS ---

['z', 'z', 'x', 'x', 'h', 'h', 'x', 'x', 't', 't', 'x', 'x', 'c', 'c', 'x', 'x', 'r', 'r', 'x', 'x', 'l', 'l', 'x', 'x', 'o', 'o', 'x', 'x', 'g', 'g', 'x', 'x']
Full Qwen output: [b s d f] [i s d f] [v v x x h h x x t t x x c c x x r r x x l l x x o o x x g g x x] [v v x x h h x x t t x x c c x x r r x x l l x x o o x x g g x x]
trial 2 of 10...
trial 3 of 10...
trial 4 of 10...
trial 5 of 10...
trial 6 of 10...
trial 7 of 10...
trial 8 of 10...
trial 9 of 10...
trial 10 of 10...
alph_4
w p c d e z b h a s j g x o m n t k f i u v q y r l
Problem type: larger_int - 1/20
trial 1 of 10...

=== PROMPT ===

System message: You are able to solve letter-string analogies

User message: Use the following alphabet to complete the pattern.

w p c d e z b h a s j g x o m n t k f i u v q y r l

Note that the alphabet may be in an unfamiliar order. Complete the pattern using this order. Answer with only the final answer and nothing else. Put your final answer between double brackets.

[a s j g x x] [a s j g x]
[w c c e b a] [


--- TARGET LETTERS ---

['w', 'c', 'e', 'b', 'a']
Full Qwen output: [ a s j g x x ] [ a s j g x ]  
[ w c c e b a ] [ w c c e b a ]
trial 2 of 10...
trial 3 of 10...
trial 4 of 10...
trial 5 of 10...
trial 6 of 10...
trial 7 of 10...
trial 8 of 10...
trial 9 of 10...
trial 10 of 10...
Problem type: longer_targ - 2/20
trial 1 of 10...

=== PROMPT ===

System message: You are able to solve letter-string analogies

User message: Use the following alphabet to complete the pattern.

w p c d e z b h a s j g x o m n t k f i u v q y r l

Note that the alphabet may be in an unfamiliar order. Complete the pattern using this order. Answer with only the final answer and nothing else. Put your final answer between double brackets.

[e z b u a] [e z b h a]
[z b h a s j g x w] [


--- TARGET LETTERS ---

['z', 'b', 'h', 'a', 's', 'j', 'g', 'x', 'o']
Full Qwen output: [ z b h a s j g x w ] [ z b h a s j g x w ]
trial 2 of 10...
trial 3 of 10...
trial 4 of 10...
trial 5 of 10...
trial 6 of 10...
trial 7 of 10...
trial 8 of 10...
trial 9 of 10...
trial 10 of 10...
Problem type: group - 3/20
trial 1 of 10...

=== PROMPT ===

System message: You are able to solve letter-string analogies

User message: Use the following alphabet to complete the pattern.

w p c d e z b h a s j g x o m n t k f i u v q y r l

Note that the alphabet may be in an unfamiliar order. Complete the pattern using this order. Answer with only the final answer and nothing else. Put your final answer between double brackets.

[k f i u] [k f i v]
[c c d d e e z z] [


--- TARGET LETTERS ---

['c', 'c', 'd', 'd', 'e', 'e', 'b', 'b']
Full Qwen output: [ c c d d e e z z ] [ c c d d e e z z ]
trial 2 of 10...
trial 3 of 10...
trial 4 of 10...
trial 5 of 10...
trial 6 of 10...
trial 7 of 10...
trial 8 of 10...
trial 9 of 10...
trial 10 of 10...
Problem type: interleaved - 4/20
trial 1 of 10...

=== PROMPT ===

System message: You are able to solve letter-string analogies

User message: Use the following alphabet to complete the pattern.

w p c d e z b h a s j g x o m n t k f i u v q y r l

Note that the alphabet may be in an unfamiliar order. Complete the pattern using this order. Answer with only the final answer and nothing else. Put your final answer between double brackets.

[f i u v] [f i u q]
[u x v x q x y x] [


--- TARGET LETTERS ---

['u', 'x', 'v', 'x', 'q', 'x', 'r', 'x']
Full Qwen output: [ u x v q ]
trial 2 of 10...
trial 3 of 10...
trial 4 of 10...
trial 5 of 10...
trial 6 of 10...
trial 7 of 10...
trial 8 of 10...
trial 9 of 10...
trial 10 of 10...
Problem type: letter2num - 5/20
trial 1 of 10...

=== PROMPT ===

System message: You are able to solve letter-string analogies

User message: Use the following alphabet to complete the pattern.

w p c d e z b h a s j g x o m n t k f i u v q y r l

Note that the alphabet may be in an unfamiliar order. Complete the pattern using this order. Answer with only the final answer and nothing else. Put your final answer between double brackets.

[p c z e d] [p c d e z]
[13 14 15 17 16] [


--- TARGET LETTERS ---

[np.int64(13), np.int64(14), np.int64(15), np.int64(16), np.int64(17)]
Full Qwen output: [13 14 15 17 16] [13 14 15 16 17]
trial 2 of 10...
trial 3 of 10...
trial 4 of 10...
trial 5 of 10...
trial 6 of 10...
trial 7 of 10...
trial 8 of 10...
trial 9 of 10...
trial 10 of 10...
Problem type: reverse - 6/20
trial 1 of 10...

=== PROMPT ===

System message: You are able to solve letter-string analogies

User message: Use the following alphabet to complete the pattern.

w p c d e z b h a s j g x o m n t k f i u v q y r l

Note that the alphabet may be in an unfamiliar order. Complete the pattern using this order. Answer with only the final answer and nothing else. Put your final answer between double brackets.

[u v q y] [u v q r]
[k t n m] [


--- TARGET LETTERS ---

['k', 't', 'n', 'o']
Full Qwen output: [ k t n m ] [ k t n r ]
trial 2 of 10...
trial 3 of 10...
trial 4 of 10...
trial 5 of 10...
trial 6 of 10...
trial 7 of 10...
trial 8 of 10...
trial 9 of 10...
trial 10 of 10...
Problem type: 2gen_split1 - 7/20
trial 1 of 10...

=== PROMPT ===

System message: You are able to solve letter-string analogies

User message: Use the following alphabet to complete the pattern.

w p c d e z b h a s j g x o m n t k f i u v q y r l

Note that the alphabet may be in an unfamiliar order. Complete the pattern using this order. Answer with only the final answer and nothing else. Put your final answer between double brackets.

[e z b h] [e z b h a]
[o o x x g g j j] [


--- TARGET LETTERS ---

['o', 'o', 'x', 'x', 'g', 'g', 'j', 'j', 's', 's']
Full Qwen output: [ o o x x g g j j ] [ o o x x g g j j a ]
trial 2 of 10...
trial 3 of 10...
trial 4 of 10...
trial 5 of 10...
trial 6 of 10...
trial 7 of 10...
trial 8 of 10...
trial 9 of 10...
trial 10 of 10...
Problem type: 2gen_split2 - 8/20
trial 1 of 10...

=== PROMPT ===

System message: You are able to solve letter-string analogies

User message: Use the following alphabet to complete the pattern.

w p c d e z b h a s j g x o m n t k f i u v q y r l

Note that the alphabet may be in an unfamiliar order. Complete the pattern using this order. Answer with only the final answer and nothing else. Put your final answer between double brackets.

[t k f i] [t k f i u]
[14 14 15 15 16 16 17 17] [


--- TARGET LETTERS ---

[np.int64(14), np.int64(14), np.int64(15), np.int64(15), np.int64(16), np.int64(16), np.int64(17), np.int64(17), np.int64(18), np.int64(18)]
Full Qwen output: [14 14 15 15 16 16 17 17] [14 14 15 15 16 16 17 17 18]  
[[14 14 15 15 16 16 17 17 18]]
Filtered Qwen output: 14 14 15 15 16 16 17 17 18
trial 2 of 10...
trial 3 of 10...
trial 4 of 10...
trial 5 of 10...
trial 6 of 10...
trial 7 of 10...
trial 8 of 10...
trial 9 of 10...
trial 10 of 10...
Problem type: 2gen_split3 - 9/20
trial 1 of 10...

=== PROMPT ===

System message: You are able to solve letter-string analogies

User message: Use the following alphabet to complete the pattern.

w p c d e z b h a s j g x o m n t k f i u v q y r l

Note that the alphabet may be in an unfamiliar order. Complete the pattern using this order. Answer with only the final answer and nothing else. Put your final answer between double brackets.

[x o m n] [x o m t]
[p x c x d x e x z x b x h x a x] [


--- TARGET LETTERS ---

['p', 'x', 'c', 'x', 'd', 'x', 'e', 'x', 'z', 'x', 'b', 'x', 'h', 'x', 's', 'x']
Full Qwen output: [ x o m n ] [ x o m t ]  
[ p x c x d x e x z x b x h x a x ] [ p x c x d x e x z x b x h x a x ]  

[[p x c x d x e x z x b x h x a x]]
Filtered Qwen output: p x c x d x e x z x b x h x a x
trial 2 of 10...
trial 3 of 10...
trial 4 of 10...
trial 5 of 10...
trial 6 of 10...
trial 7 of 10...
trial 8 of 10...
trial 9 of 10...
trial 10 of 10...
Problem type: 2gen_split4 - 10/20
trial 1 of 10...

=== PROMPT ===

System message: You are able to solve letter-string analogies

User message: Use the following alphabet to complete the pattern.

w p c d e z b h a s j g x o m n t k f i u v q y r l

Note that the alphabet may be in an unfamiliar order. Complete the pattern using this order. Answer with only the final answer and nothing else. Put your final answer between double brackets.

[v q y r] [u q y r]
[k k f f i i u u v v q q y y r r] [


--- TARGET LETTERS ---

['t', 't', 'f', 'f', 'i', 'i', 'u', 'u', 'v', 'v', 'q', 'q', 'y', 'y', 'r', 'r']
Full Qwen output: [ v q y r ] [ u q y r ]  
[ k k f f i i u u v v q q y y r r ] [ k k f f i i u u v v q q y y r r ]  

[[k k f f i i u u v v q q y y r r]]
Filtered Qwen output: k k f f i i u u v v q q y y r r
trial 2 of 10...
trial 3 of 10...
trial 4 of 10...
trial 5 of 10...
trial 6 of 10...
trial 7 of 10...
trial 8 of 10...
trial 9 of 10...
trial 10 of 10...
Problem type: 2gen_split5 - 11/20
trial 1 of 10...

=== PROMPT ===

System message: You are able to solve letter-string analogies

User message: Use the following alphabet to complete the pattern.

w p c d e z b h a s j g x o m n t k f i u v q y r l

Note that the alphabet may be in an unfamiliar order. Complete the pattern using this order. Answer with only the final answer and nothing else. Put your final answer between double brackets.

[u k f i t] [t k f i u]
[m m t t f f q q u u] [


--- TARGET LETTERS ---

['m', 'm', 't', 't', 'f', 'f', 'u', 'u', 'q', 'q']
Full Qwen output: [ m m t t f f q q u u ] [ m m t t f f q q u u ]
trial 2 of 10...
trial 3 of 10...
trial 4 of 10...
trial 5 of 10...
trial 6 of 10...
trial 7 of 10...
trial 8 of 10...
trial 9 of 10...
trial 10 of 10...
Problem type: 2gen_split6 - 12/20
trial 1 of 10...

=== PROMPT ===

System message: You are able to solve letter-string analogies

User message: Use the following alphabet to complete the pattern.

w p c d e z b h a s j g x o m n t k f i u v q y r l

Note that the alphabet may be in an unfamiliar order. Complete the pattern using this order. Answer with only the final answer and nothing else. Put your final answer between double brackets.

[s j g x] [s j g x o]
[j x m t f u q] [


--- TARGET LETTERS ---

['j', 'x', 'm', 't', 'f', 'u', 'q', 'r']
Full Qwen output: [ j x m t f u q r ]
trial 2 of 10...
trial 3 of 10...
trial 4 of 10...
trial 5 of 10...
trial 6 of 10...
trial 7 of 10...
trial 8 of 10...
trial 9 of 10...
trial 10 of 10...
Problem type: 2gensplit7 - 13/20
trial 1 of 10...

=== PROMPT ===

System message: You are able to solve letter-string analogies

User message: Use the following alphabet to complete the pattern.

w p c d e z b h a s j g x o m n t k f i u v q y r l

Note that the alphabet may be in an unfamiliar order. Complete the pattern using this order. Answer with only the final answer and nothing else. Put your final answer between double brackets.

[m n t k] [o n t k]
[v v u u i i f f] [


--- TARGET LETTERS ---

['q', 'q', 'u', 'u', 'i', 'i', 'f', 'f']
Full Qwen output: [ m n t k ] [ o n t k ]  
[ v v u u i i f f ] [ **l l r r** ]  

[[l l r r]]
Filtered Qwen output: l l r r
trial 2 of 10...
trial 3 of 10...
trial 4 of 10...
trial 5 of 10...
trial 6 of 10...
trial 7 of 10...
trial 8 of 10...
trial 9 of 10...
trial 10 of 10...
Problem type: 3gen_split1 - 14/20
trial 1 of 10...

=== PROMPT ===

System message: You are able to solve letter-string analogies

User message: Use the following alphabet to complete the pattern.

w p c d e z b h a s j g x o m n t k f i u v q y r l

Note that the alphabet may be in an unfamiliar order. Complete the pattern using this order. Answer with only the final answer and nothing else. Put your final answer between double brackets.

[z b h a] [z b h s]
[f f x x k k x x t t x x n n x x] [


--- TARGET LETTERS ---

['f', 'f', 'x', 'x', 'k', 'k', 'x', 'x', 't', 't', 'x', 'x', 'm', 'm', 'x', 'x']
Full Qwen output: [ z b h a ] [ z b h s ]  
[ f f x x k k x x t t x x n n x x ] [  

The pattern appears to be grouping letters in pairs, with the second group following a specific pattern. The first group is [z b h a], and the second is [z b h s]. The third group is [f f x x k k x x t t x x n n x x], and the fourth group is [? ? ? ?].

Looking at the pattern:
- The first group: [z b h a]
- The second group: [z
trial 2 of 10...
trial 3 of 10...
trial 4 of 10...
trial 5 of 10...
trial 6 of 10...
trial 7 of 10...
trial 8 of 10...
trial 9 of 10...
trial 10 of 10...
Problem type: 3gen_split2 - 15/20
trial 1 of 10...

=== PROMPT ===

System message: You are able to solve letter-string analogies

User message: Use the following alphabet to complete the pattern.

w p c d e z b h a s j g x o m n t k f i u v q y r l

Note that the alphabet may be in an unfamiliar order. Complete the pattern using this order. Answer with only the final answer and nothing else. Put your final answer between double brackets.

[a s j g] [a s j x]
[6 0 8 0 10 0 12 0] [


--- TARGET LETTERS ---

[np.int64(6), '0', np.int64(8), '0', np.int64(10), '0', np.int64(14), '0']
Full Qwen output: [6 0 8 0 10 0 12 0] [6 0 8 0 10 0 12 0]  
[[6 0 8 0 10 0 12 0]]
Filtered Qwen output: 6 0 8 0 10 0 12 0
trial 2 of 10...
trial 3 of 10...
trial 4 of 10...
trial 5 of 10...
trial 6 of 10...
trial 7 of 10...
trial 8 of 10...
trial 9 of 10...
trial 10 of 10...
Problem type: 3gen_split3 - 16/20
trial 1 of 10...

=== PROMPT ===

System message: You are able to solve letter-string analogies

User message: Use the following alphabet to complete the pattern.

w p c d e z b h a s j g x o m n t k f i u v q y r l

Note that the alphabet may be in an unfamiliar order. Complete the pattern using this order. Answer with only the final answer and nothing else. Put your final answer between double brackets.

[j g x l m] [j g x o m]
[11 11 18 18 17 17 16 16 15 15] [


--- TARGET LETTERS ---

[np.int64(19), np.int64(19), np.int64(18), np.int64(18), np.int64(17), np.int64(17), np.int64(16), np.int64(16), np.int64(15), np.int64(15)]
Full Qwen output: [11 11 18 18 17 17 16 16 15 15] [11 11 18 18 17 17 16 16 15 15]
trial 2 of 10...
trial 3 of 10...
trial 4 of 10...
trial 5 of 10...
trial 6 of 10...
trial 7 of 10...
trial 8 of 10...
trial 9 of 10...
trial 10 of 10...
Problem type: 3gen_split4 - 17/20
trial 1 of 10...

=== PROMPT ===

System message: You are able to solve letter-string analogies

User message: Use the following alphabet to complete the pattern.

w p c d e z b h a s j g x o m n t k f i u v q y r l

Note that the alphabet may be in an unfamiliar order. Complete the pattern using this order. Answer with only the final answer and nothing else. Put your final answer between double brackets.

[s j g x] [s j g x o]
[5 5 4 4 3 3 2 2] [


--- TARGET LETTERS ---

[np.int64(5), np.int64(5), np.int64(4), np.int64(4), np.int64(3), np.int64(3), np.int64(2), np.int64(2), np.int64(1), np.int64(1)]
Full Qwen output: [5 5 4 4 3 3 2 2 1]  
[[5 5 4 4 3 3 2 2 1]]
Filtered Qwen output: 5 5 4 4 3 3 2 2 1
trial 2 of 10...
trial 3 of 10...
trial 4 of 10...
trial 5 of 10...
trial 6 of 10...
trial 7 of 10...
trial 8 of 10...
trial 9 of 10...
trial 10 of 10...
Problem type: 3gen_split5 - 18/20
trial 1 of 10...

=== PROMPT ===

System message: You are able to solve letter-string analogies

User message: Use the following alphabet to complete the pattern.

w p c d e z b h a s j g x o m n t k f i u v q y r l

Note that the alphabet may be in an unfamiliar order. Complete the pattern using this order. Answer with only the final answer and nothing else. Put your final answer between double brackets.

[u v q y] [u v q r]
[a a x x s s x x j j x x g g x x x x x x o o x x m m x x n n x x] [


--- TARGET LETTERS ---

['a', 'a', 'x', 'x', 's', 's', 'x', 'x', 'j', 'j', 'x', 'x', 'g', 'g', 'x', 'x', 'x', 'x', 'x', 'x', 'o', 'o', 'x', 'x', 'm', 'm', 'x', 'x', 't', 't', 'x', 'x']
Full Qwen output: [ u v q y ] [ u v q r ]  
[ a a x x s s x x j j x x g g x x x x x x o o x x m m x x n n x x ] [ a a x x s s x x j j x x g g x x x x x x o o x x m m x x n n x x ]  

[[a a x x s s x x j j x x g g x x x x x x o o x x m m x x n n x x]]
Filtered Qwen output: a a x x s s x x j j x x g g x x x x x x o o x x m m x x n n x x
trial 2 of 10...
trial 3 of 10...
trial 4 of 10...
trial 5 of 10...
trial 6 of 10...
trial 7 of 10...
trial 8 of 10...
trial 9 of 10...
trial 10 of 10...
Problem type: 3gen_split6 - 19/20
trial 1 of 10...

=== PROMPT ===

System message: You are able to solve letter-string analogies

User message: Use the following alphabet to complete the pattern.

w p c d e z b h a s j g x o m n t k f i u v q y r l

Note that the alphabet may be in an unfamiliar order. Complete the pattern using this order. Answer with only the final answer and nothing else. Put your final answer between double brackets.

[n t k f] [m t k f]
[7 7 9 9 11 11 13 13] [


--- TARGET LETTERS ---

[np.int64(5), np.int64(5), np.int64(9), np.int64(9), np.int64(11), np.int64(11), np.int64(13), np.int64(13)]
Full Qwen output: [7 7 9 9 11 11 13 13] [7 7 9 9 11 11 13 13]  
[[7 7 9 9 11 11 13 13]]
Filtered Qwen output: 7 7 9 9 11 11 13 13
trial 2 of 10...
trial 3 of 10...
trial 4 of 10...
trial 5 of 10...
trial 6 of 10...
trial 7 of 10...
trial 8 of 10...
trial 9 of 10...
trial 10 of 10...
Problem type: 3gensplit7 - 20/20
trial 1 of 10...

=== PROMPT ===

System message: You are able to solve letter-string analogies

User message: Use the following alphabet to complete the pattern.

w p c d e z b h a s j g x o m n t k f i u v q y r l

Note that the alphabet may be in an unfamiliar order. Complete the pattern using this order. Answer with only the final answer and nothing else. Put your final answer between double brackets.

[j g x o] [j g x m]
[11 0 10 0 9 0 8 0] [


--- TARGET LETTERS ---

[np.int64(11), '0', np.int64(10), '0', np.int64(9), '0', np.int64(7), '0']
Full Qwen output: [11 0 10 0 9 0 8 0] [11 0 10 0 9 0 8 0]
trial 2 of 10...
trial 3 of 10...
trial 4 of 10...
trial 5 of 10...
trial 6 of 10...
trial 7 of 10...
trial 8 of 10...
trial 9 of 10...
trial 10 of 10...
alph_5
a r y t e f b n x j s z m p d u q v o g i k h l w c
Problem type: larger_int - 1/20
trial 1 of 10...

=== PROMPT ===

System message: You are able to solve letter-string analogies

User message: Use the following alphabet to complete the pattern.

a r y t e f b n x j s z m p d u q v o g i k h l w c

Note that the alphabet may be in an unfamiliar order. Complete the pattern using this order. Answer with only the final answer and nothing else. Put your final answer between double brackets.

[t e b f n] [t e f b n]
[d i o q h] [


--- TARGET LETTERS ---

['d', 'q', 'o', 'i', 'h']
Full Qwen output: [ d i o q h ] [ d i q o h ]
trial 2 of 10...
trial 3 of 10...
trial 4 of 10...
trial 5 of 10...
trial 6 of 10...
trial 7 of 10...
trial 8 of 10...
trial 9 of 10...
trial 10 of 10...
Problem type: longer_targ - 2/20
trial 1 of 10...

=== PROMPT ===

System message: You are able to solve letter-string analogies

User message: Use the following alphabet to complete the pattern.

a r y t e f b n x j s z m p d u q v o g i k h l w c

Note that the alphabet may be in an unfamiliar order. Complete the pattern using this order. Answer with only the final answer and nothing else. Put your final answer between double brackets.

[y t e f] [r t e f]
[r y t e f b n x] [


--- TARGET LETTERS ---

['a', 'y', 't', 'e', 'f', 'b', 'n', 'x']
Full Qwen output: [rytefbnx] [ytefbnxj]
trial 2 of 10...
trial 3 of 10...
trial 4 of 10...
trial 5 of 10...
trial 6 of 10...
trial 7 of 10...
trial 8 of 10...
trial 9 of 10...
trial 10 of 10...
Problem type: group - 3/20
trial 1 of 10...

=== PROMPT ===

System message: You are able to solve letter-string analogies

User message: Use the following alphabet to complete the pattern.

a r y t e f b n x j s z m p d u q v o g i k h l w c

Note that the alphabet may be in an unfamiliar order. Complete the pattern using this order. Answer with only the final answer and nothing else. Put your final answer between double brackets.

[f b n x] [f b n j]
[e e f f b b n n] [


--- TARGET LETTERS ---

['e', 'e', 'f', 'f', 'b', 'b', 'x', 'x']
Full Qwen output: [ e e f f b b n n ] [ e e f f b b n n ]
trial 2 of 10...
trial 3 of 10...
trial 4 of 10...
trial 5 of 10...
trial 6 of 10...
trial 7 of 10...
trial 8 of 10...
trial 9 of 10...
trial 10 of 10...
Problem type: interleaved - 4/20
trial 1 of 10...

=== PROMPT ===

System message: You are able to solve letter-string analogies

User message: Use the following alphabet to complete the pattern.

a r y t e f b n x j s z m p d u q v o g i k h l w c

Note that the alphabet may be in an unfamiliar order. Complete the pattern using this order. Answer with only the final answer and nothing else. Put your final answer between double brackets.

[b n x j] [b n x s]
[g x i x k x h x] [


--- TARGET LETTERS ---

['g', 'x', 'i', 'x', 'k', 'x', 'l', 'x']
Full Qwen output: [b n x j] [b n x s]  
[g x i x k x h x] [g x i x k x h x]  

[[g x i x k x h x]]
Filtered Qwen output: g x i x k x h x
trial 2 of 10...
trial 3 of 10...
trial 4 of 10...
trial 5 of 10...
trial 6 of 10...
trial 7 of 10...
trial 8 of 10...
trial 9 of 10...
trial 10 of 10...
Problem type: letter2num - 5/20
trial 1 of 10...

=== PROMPT ===

System message: You are able to solve letter-string analogies

User message: Use the following alphabet to complete the pattern.

a r y t e f b n x j s z m p d u q v o g i k h l w c

Note that the alphabet may be in an unfamiliar order. Complete the pattern using this order. Answer with only the final answer and nothing else. Put your final answer between double brackets.

[v o g i] [v o g k]
[19 20 21 22] [


--- TARGET LETTERS ---

[np.int64(19), np.int64(20), np.int64(21), np.int64(23)]
Full Qwen output: [19 20 21 22] [19 20 21 23]
trial 2 of 10...
trial 3 of 10...
trial 4 of 10...
trial 5 of 10...
trial 6 of 10...
trial 7 of 10...
trial 8 of 10...
trial 9 of 10...
trial 10 of 10...
Problem type: reverse - 6/20
trial 1 of 10...

=== PROMPT ===

System message: You are able to solve letter-string analogies

User message: Use the following alphabet to complete the pattern.

a r y t e f b n x j s z m p d u q v o g i k h l w c

Note that the alphabet may be in an unfamiliar order. Complete the pattern using this order. Answer with only the final answer and nothing else. Put your final answer between double brackets.

[o g i k] [o g i h]
[l h k i] [


--- TARGET LETTERS ---

['l', 'h', 'k', 'g']
Full Qwen output: [ l h k i ] [ l h k i ]
trial 2 of 10...
trial 3 of 10...
trial 4 of 10...
trial 5 of 10...
trial 6 of 10...
trial 7 of 10...
trial 8 of 10...
trial 9 of 10...
trial 10 of 10...
Problem type: 2gen_split1 - 7/20
trial 1 of 10...

=== PROMPT ===

System message: You are able to solve letter-string analogies

User message: Use the following alphabet to complete the pattern.

a r y t e f b n x j s z m p d u q v o g i k h l w c

Note that the alphabet may be in an unfamiliar order. Complete the pattern using this order. Answer with only the final answer and nothing else. Put your final answer between double brackets.

[s m z p d] [s z m p d]
[13 11 12 10 9] [


--- TARGET LETTERS ---

[np.int64(13), np.int64(12), np.int64(11), np.int64(10), np.int64(9)]
Full Qwen output: [13 11 12 10 9] [13 11 12 10 9]
trial 2 of 10...
trial 3 of 10...
trial 4 of 10...
trial 5 of 10...
trial 6 of 10...
trial 7 of 10...
trial 8 of 10...
trial 9 of 10...
trial 10 of 10...
Problem type: 2gen_split2 - 8/20
trial 1 of 10...

=== PROMPT ===

System message: You are able to solve letter-string analogies

User message: Use the following alphabet to complete the pattern.

a r y t e f b n x j s z m p d u q v o g i k h l w c

Note that the alphabet may be in an unfamiliar order. Complete the pattern using this order. Answer with only the final answer and nothing else. Put your final answer between double brackets.

[d d u q v o] [d u q v o]
[e e f f b b n n x x j j s s z z m m m m] [


--- TARGET LETTERS ---

['e', 'e', 'f', 'f', 'b', 'b', 'n', 'n', 'x', 'x', 'j', 'j', 's', 's', 'z', 'z', 'm', 'm']
Full Qwen output: [dduuqqvvo] [duqvov]
trial 2 of 10...
trial 3 of 10...
trial 4 of 10...
trial 5 of 10...
trial 6 of 10...
trial 7 of 10...
trial 8 of 10...
trial 9 of 10...
trial 10 of 10...
Problem type: 2gen_split3 - 9/20
trial 1 of 10...

=== PROMPT ===

System message: You are able to solve letter-string analogies

User message: Use the following alphabet to complete the pattern.

a r y t e f b n x j s z m p d u q v o g i k h l w c

Note that the alphabet may be in an unfamiliar order. Complete the pattern using this order. Answer with only the final answer and nothing else. Put your final answer between double brackets.

[g i k h] [g i k l]
[18 0 19 0 20 0 21 0] [


--- TARGET LETTERS ---

[np.int64(18), '0', np.int64(19), '0', np.int64(20), '0', np.int64(22), '0']
Full Qwen output: [18 0 19 0 20 0 21 0] [18 0 19 0 20 0 21 0]
trial 2 of 10...
trial 3 of 10...
trial 4 of 10...
trial 5 of 10...
trial 6 of 10...
trial 7 of 10...
trial 8 of 10...
trial 9 of 10...
trial 10 of 10...
Problem type: 2gen_split4 - 10/20
trial 1 of 10...

=== PROMPT ===

System message: You are able to solve letter-string analogies

User message: Use the following alphabet to complete the pattern.

a r y t e f b n x j s z m p d u q v o g i k h l w c

Note that the alphabet may be in an unfamiliar order. Complete the pattern using this order. Answer with only the final answer and nothing else. Put your final answer between double brackets.

[e f b n] [e f b x]
[y y e e b b x x] [


--- TARGET LETTERS ---

['y', 'y', 'e', 'e', 'b', 'b', 's', 's']
Full Qwen output: [ y y e e b b x x ] [ y y e e b b x x ]
trial 2 of 10...
trial 3 of 10...
trial 4 of 10...
trial 5 of 10...
trial 6 of 10...
trial 7 of 10...
trial 8 of 10...
trial 9 of 10...
trial 10 of 10...
Problem type: 2gen_split5 - 11/20
trial 1 of 10...

=== PROMPT ===

System message: You are able to solve letter-string analogies

User message: Use the following alphabet to complete the pattern.

a r y t e f b n x j s z m p d u q v o g i k h l w c

Note that the alphabet may be in an unfamiliar order. Complete the pattern using this order. Answer with only the final answer and nothing else. Put your final answer between double brackets.

[x j s z] [x j s m]
[s x b e] [


--- TARGET LETTERS ---

['s', 'x', 'b', 'y']
Full Qwen output: [ s x b m ]
trial 2 of 10...
trial 3 of 10...
trial 4 of 10...
trial 5 of 10...
trial 6 of 10...
trial 7 of 10...
trial 8 of 10...
trial 9 of 10...
trial 10 of 10...
Problem type: 2gen_split6 - 12/20
trial 1 of 10...

=== PROMPT ===

System message: You are able to solve letter-string analogies

User message: Use the following alphabet to complete the pattern.

a r y t e f b n x j s z m p d u q v o g i k h l w c

Note that the alphabet may be in an unfamiliar order. Complete the pattern using this order. Answer with only the final answer and nothing else. Put your final answer between double brackets.

[x j s z q] [x j s z m]
[8 10 12 20 16] [


--- TARGET LETTERS ---

[np.int64(8), np.int64(10), np.int64(12), np.int64(14), np.int64(16)]
Full Qwen output: [8 10 12 20 16] [8 10 12 20 14]
trial 2 of 10...
trial 3 of 10...
trial 4 of 10...
trial 5 of 10...
trial 6 of 10...
trial 7 of 10...
trial 8 of 10...
trial 9 of 10...
trial 10 of 10...
Problem type: 2gensplit7 - 13/20
trial 1 of 10...

=== PROMPT ===

System message: You are able to solve letter-string analogies

User message: Use the following alphabet to complete the pattern.

a r y t e f b n x j s z m p d u q v o g i k h l w c

Note that the alphabet may be in an unfamiliar order. Complete the pattern using this order. Answer with only the final answer and nothing else. Put your final answer between double brackets.

[k k h l w c] [k h l w c]
[j j x x n n n n b b f f] [


--- TARGET LETTERS ---

['j', 'j', 'x', 'x', 'n', 'n', 'b', 'b', 'f', 'f']
Full Qwen output: [ j j x x n n n n b b f f ] [ j x n b f ]
trial 2 of 10...
trial 3 of 10...
trial 4 of 10...
trial 5 of 10...
trial 6 of 10...
trial 7 of 10...
trial 8 of 10...
trial 9 of 10...
trial 10 of 10...
Problem type: 3gen_split1 - 14/20
trial 1 of 10...

=== PROMPT ===

System message: You are able to solve letter-string analogies

User message: Use the following alphabet to complete the pattern.

a r y t e f b n x j s z m p d u q v o g i k h l w c

Note that the alphabet may be in an unfamiliar order. Complete the pattern using this order. Answer with only the final answer and nothing else. Put your final answer between double brackets.

[v a g i k] [v o g i k]
[v x q x k x d x p x m x z x s x j x] [


--- TARGET LETTERS ---

['v', 'x', 'q', 'x', 'u', 'x', 'd', 'x', 'p', 'x', 'm', 'x', 'z', 'x', 's', 'x', 'j', 'x']
Full Qwen output: [ v a g i k ] [ v o g i k ]  
[ v x q x k x d x p x m x z x s x j x ] [ v a g i k ]  

[[v a g i k]]
Filtered Qwen output: v a g i k
trial 2 of 10...
trial 3 of 10...
trial 4 of 10...
trial 5 of 10...
trial 6 of 10...
trial 7 of 10...
trial 8 of 10...
trial 9 of 10...
trial 10 of 10...
Problem type: 3gen_split2 - 15/20
trial 1 of 10...

=== PROMPT ===

System message: You are able to solve letter-string analogies

User message: Use the following alphabet to complete the pattern.

a r y t e f b n x j s z m p d u q v o g i k h l w c

Note that the alphabet may be in an unfamiliar order. Complete the pattern using this order. Answer with only the final answer and nothing else. Put your final answer between double brackets.

[r y t e] [a y t e]
[u u x x v v x x g g x x k k x x] [


--- TARGET LETTERS ---

['p', 'p', 'x', 'x', 'v', 'v', 'x', 'x', 'g', 'g', 'x', 'x', 'k', 'k', 'x', 'x']
Full Qwen output: [ r y t e ] [ a y t e ]  
[ u u x x v v x x g g x x k k x x ] [ **r y t e** ]  

[[r y t e]]
Filtered Qwen output: r y t e
trial 2 of 10...
trial 3 of 10...
trial 4 of 10...
trial 5 of 10...
trial 6 of 10...
trial 7 of 10...
trial 8 of 10...
trial 9 of 10...
trial 10 of 10...
Problem type: 3gen_split3 - 16/20
trial 1 of 10...

=== PROMPT ===

System message: You are able to solve letter-string analogies

User message: Use the following alphabet to complete the pattern.

a r y t e f b n x j s z m p d u q v o g i k h l w c

Note that the alphabet may be in an unfamiliar order. Complete the pattern using this order. Answer with only the final answer and nothing else. Put your final answer between double brackets.

[i w h l k] [i k h l w]
[v v x x z z x x p p x x u u x x j j x x] [


--- TARGET LETTERS ---

['j', 'j', 'x', 'x', 'z', 'z', 'x', 'x', 'p', 'p', 'x', 'x', 'u', 'u', 'x', 'x', 'v', 'v', 'x', 'x']
Full Qwen output: [ i w h l k ] [ i k h l w ]  
[ v v x x z z x x p p x x u u x x j j x x ] [  

The pattern appears to be based on repeating pairs of letters. The first part is:  
[i w h l k] [i k h l w]  

This suggests a pattern where the second group is a rearrangement or reversal of the first group. Let's check:  
First group: i w h l k  
Second group: i k h l w  

It seems the second group is a rearrangement of the first group, possibly
trial 2 of 10...
trial 3 of 10...
trial 4 of 10...
trial 5 of 10...
trial 6 of 10...
trial 7 of 10...
trial 8 of 10...
trial 9 of 10...
trial 10 of 10...
Problem type: 3gen_split4 - 17/20
trial 1 of 10...

=== PROMPT ===

System message: You are able to solve letter-string analogies

User message: Use the following alphabet to complete the pattern.

a r y t e f b n x j s z m p d u q v o g i k h l w c

Note that the alphabet may be in an unfamiliar order. Complete the pattern using this order. Answer with only the final answer and nothing else. Put your final answer between double brackets.

[p d u q] [p d u v]
[9 9 0 0 10 10 0 0 11 11 0 0 12 12 0 0] [


--- TARGET LETTERS ---

[np.int64(9), np.int64(9), '0', '0', np.int64(10), np.int64(10), '0', '0', np.int64(11), np.int64(11), '0', '0', np.int64(13), np.int64(13), '0', '0']
Full Qwen output: To solve this, we need to understand the pattern in the given sequence and apply it to the unknown part.

### Step 1: Understand the Alphabet Order
The given alphabet is:
```
a r y t e f b n x j s z m p d u q v o g i k h l w c
```
Let's map each letter to its position in this custom alphabet:

| Letter | Position |
|--------|----------|
| a      | 1        |
| r      | 2        |
| y      | 3        |
| t      | 4        |
| e      |
trial 2 of 10...
trial 3 of 10...
trial 4 of 10...
trial 5 of 10...
trial 6 of 10...
trial 7 of 10...
trial 8 of 10...
trial 9 of 10...
trial 10 of 10...
Problem type: 3gen_split5 - 18/20
trial 1 of 10...

=== PROMPT ===

System message: You are able to solve letter-string analogies

User message: Use the following alphabet to complete the pattern.

a r y t e f b n x j s z m p d u q v o g i k h l w c

Note that the alphabet may be in an unfamiliar order. Complete the pattern using this order. Answer with only the final answer and nothing else. Put your final answer between double brackets.

[k h l w] [k h l c]
[11 0 12 0 13 0 14 0 15 0 16 0 17 0 18 0] [


--- TARGET LETTERS ---

[np.int64(11), '0', np.int64(12), '0', np.int64(13), '0', np.int64(14), '0', np.int64(15), '0', np.int64(16), '0', np.int64(17), '0', np.int64(19), '0']
Full Qwen output: [11 0 12 0 13 0 14 0 15 0 16 0 17 0 18 0] [11 0 12 0 13 0 14 0 15 0 16 0 17 0 18 0]
trial 2 of 10...
trial 3 of 10...
trial 4 of 10...
trial 5 of 10...
trial 6 of 10...
trial 7 of 10...
trial 8 of 10...
trial 9 of 10...
trial 10 of 10...
Problem type: 3gen_split6 - 19/20
trial 1 of 10...

=== PROMPT ===

System message: You are able to solve letter-string analogies

User message: Use the following alphabet to complete the pattern.

a r y t e f b n x j s z m p d u q v o g i k h l w c

Note that the alphabet may be in an unfamiliar order. Complete the pattern using this order. Answer with only the final answer and nothing else. Put your final answer between double brackets.

[a r y t] [a r y e]
[q q u u d d p p m m z z s s j j] [


--- TARGET LETTERS ---

['q', 'q', 'u', 'u', 'd', 'd', 'p', 'p', 'm', 'm', 'z', 'z', 's', 's', 'x', 'x']
Full Qwen output: [ q q u u d d p p m m z z s s j j ] [ q q u u d d p p m m z z s s j j ]
trial 2 of 10...
trial 3 of 10...
trial 4 of 10...
trial 5 of 10...
trial 6 of 10...
trial 7 of 10...
trial 8 of 10...
trial 9 of 10...
trial 10 of 10...
Problem type: 3gensplit7 - 20/20
trial 1 of 10...

=== PROMPT ===

System message: You are able to solve letter-string analogies

User message: Use the following alphabet to complete the pattern.

a r y t e f b n x j s z m p d u q v o g i k h l w c

Note that the alphabet may be in an unfamiliar order. Complete the pattern using this order. Answer with only the final answer and nothing else. Put your final answer between double brackets.

[x j s s z m] [x j s z m]
[j x z x p x u x v x v x g x k x l x c x] [


--- TARGET LETTERS ---

['j', 'x', 'z', 'x', 'p', 'x', 'u', 'x', 'v', 'x', 'g', 'x', 'k', 'x', 'l', 'x', 'c', 'x']
Full Qwen output: To solve this, we need to identify the pattern in the given sequence using the provided custom alphabet order:

**Custom Alphabet Order:**
a r y t e f b n x j s z m p d u q v o g i k h l w c

Let's analyze the pattern in the first part:  
**[x j s s z m]**

We'll map each letter to its position in the custom alphabet to see if there's a numerical pattern.

- x = 9  
- j = 11  
- s = 14  
- s = 14  
- z = 2
trial 2 of 10...
trial 3 of 10...
trial 4 of 10...
trial 5 of 10...
trial 6 of 10...
trial 7 of 10...
trial 8 of 10...
trial 9 of 10...
trial 10 of 10...
alph_6
x p j h n a u d i q k c m t f s b r g y e v w z l o
Problem type: larger_int - 1/20
trial 1 of 10...

=== PROMPT ===

System message: You are able to solve letter-string analogies

User message: Use the following alphabet to complete the pattern.

x p j h n a u d i q k c m t f s b r g y e v w z l o

Note that the alphabet may be in an unfamiliar order. Complete the pattern using this order. Answer with only the final answer and nothing else. Put your final answer between double brackets.

[x p j h h n] [x p j h n]
[f b g e e w] [


--- TARGET LETTERS ---

['f', 'b', 'g', 'e', 'w']
Full Qwen output: [ f b g e w ] [ f b g e w ]
trial 2 of 10...
trial 3 of 10...
trial 4 of 10...
trial 5 of 10...
trial 6 of 10...
trial 7 of 10...
trial 8 of 10...
trial 9 of 10...
trial 10 of 10...
Problem type: longer_targ - 2/20
trial 1 of 10...

=== PROMPT ===

System message: You are able to solve letter-string analogies

User message: Use the following alphabet to complete the pattern.

x p j h n a u d i q k c m t f s b r g y e v w z l o

Note that the alphabet may be in an unfamiliar order. Complete the pattern using this order. Answer with only the final answer and nothing else. Put your final answer between double brackets.

[f s b r] [f s b g]
[t f s b r g y e] [


--- TARGET LETTERS ---

['t', 'f', 's', 'b', 'r', 'g', 'y', 'v']
Full Qwen output: [ t f s b r g y e v w z l o ]
trial 2 of 10...
trial 3 of 10...
trial 4 of 10...
trial 5 of 10...
trial 6 of 10...
trial 7 of 10...
trial 8 of 10...
trial 9 of 10...
trial 10 of 10...
Problem type: group - 3/20
trial 1 of 10...

=== PROMPT ===

System message: You are able to solve letter-string analogies

User message: Use the following alphabet to complete the pattern.

x p j h n a u d i q k c m t f s b r g y e v w z l o

Note that the alphabet may be in an unfamiliar order. Complete the pattern using this order. Answer with only the final answer and nothing else. Put your final answer between double brackets.

[e v w z] [e v w z l]
[c c m m t t f f] [


--- TARGET LETTERS ---

['c', 'c', 'm', 'm', 't', 't', 'f', 'f', 's', 's']
Full Qwen output: [ c c m m t t f f s s ]
trial 2 of 10...
trial 3 of 10...
trial 4 of 10...
trial 5 of 10...
trial 6 of 10...
trial 7 of 10...
trial 8 of 10...
trial 9 of 10...
trial 10 of 10...
Problem type: interleaved - 4/20
trial 1 of 10...

=== PROMPT ===

System message: You are able to solve letter-string analogies

User message: Use the following alphabet to complete the pattern.

x p j h n a u d i q k c m t f s b r g y e v w z l o

Note that the alphabet may be in an unfamiliar order. Complete the pattern using this order. Answer with only the final answer and nothing else. Put your final answer between double brackets.

[a u d i] [a u d q]
[y x e x v x w x] [


--- TARGET LETTERS ---

['y', 'x', 'e', 'x', 'v', 'x', 'z', 'x']
Full Qwen output: [ y x e x v x w x ] [ y x e x v x w y ]
trial 2 of 10...
trial 3 of 10...
trial 4 of 10...
trial 5 of 10...
trial 6 of 10...
trial 7 of 10...
trial 8 of 10...
trial 9 of 10...
trial 10 of 10...
Problem type: letter2num - 5/20
trial 1 of 10...

=== PROMPT ===

System message: You are able to solve letter-string analogies

User message: Use the following alphabet to complete the pattern.

x p j h n a u d i q k c m t f s b r g y e v w z l o

Note that the alphabet may be in an unfamiliar order. Complete the pattern using this order. Answer with only the final answer and nothing else. Put your final answer between double brackets.

[n a f d i] [n a u d i]
[1 18 19 20 21] [


--- TARGET LETTERS ---

[np.int64(17), np.int64(18), np.int64(19), np.int64(20), np.int64(21)]
Full Qwen output: [1 18 19 20 21] [1 18 21 20 19]
trial 2 of 10...
trial 3 of 10...
trial 4 of 10...
trial 5 of 10...
trial 6 of 10...
trial 7 of 10...
trial 8 of 10...
trial 9 of 10...
trial 10 of 10...
Problem type: reverse - 6/20
trial 1 of 10...

=== PROMPT ===

System message: You are able to solve letter-string analogies

User message: Use the following alphabet to complete the pattern.

x p j h n a u d i q k c m t f s b r g y e v w z l o

Note that the alphabet may be in an unfamiliar order. Complete the pattern using this order. Answer with only the final answer and nothing else. Put your final answer between double brackets.

[r g y e] [r g y v]
[l z w v] [


--- TARGET LETTERS ---

['l', 'z', 'w', 'e']
Full Qwen output: [ l z w o ]
trial 2 of 10...
trial 3 of 10...
trial 4 of 10...
trial 5 of 10...
trial 6 of 10...
trial 7 of 10...
trial 8 of 10...
trial 9 of 10...
trial 10 of 10...
Problem type: 2gen_split1 - 7/20
trial 1 of 10...

=== PROMPT ===

System message: You are able to solve letter-string analogies

User message: Use the following alphabet to complete the pattern.

x p j h n a u d i q k c m t f s b r g y e v w z l o

Note that the alphabet may be in an unfamiliar order. Complete the pattern using this order. Answer with only the final answer and nothing else. Put your final answer between double brackets.

[k c m t] [q c m t]
[f x b x g x e x] [


--- TARGET LETTERS ---

['m', 'x', 'b', 'x', 'g', 'x', 'e', 'x']
Full Qwen output: [k c m t] [q c m t]  
[f x b x g x e x] [r x d x h x f x]  

[[r x d x h x f x]]
Filtered Qwen output: r x d x h x f x
trial 2 of 10...
trial 3 of 10...
trial 4 of 10...
trial 5 of 10...
trial 6 of 10...
trial 7 of 10...
trial 8 of 10...
trial 9 of 10...
trial 10 of 10...
Problem type: 2gen_split2 - 8/20
trial 1 of 10...

=== PROMPT ===

System message: You are able to solve letter-string analogies

User message: Use the following alphabet to complete the pattern.

x p j h n a u d i q k c m t f s b r g y e v w z l o

Note that the alphabet may be in an unfamiliar order. Complete the pattern using this order. Answer with only the final answer and nothing else. Put your final answer between double brackets.

[t f s b] [t f s r]
[6 6 7 7 8 8 9 9] [


--- TARGET LETTERS ---

[np.int64(6), np.int64(6), np.int64(7), np.int64(7), np.int64(8), np.int64(8), np.int64(10), np.int64(10)]
Full Qwen output: [6 6 7 7 8 8 9 9] [6 6 7 7 8 8 9 9]
trial 2 of 10...
trial 3 of 10...
trial 4 of 10...
trial 5 of 10...
trial 6 of 10...
trial 7 of 10...
trial 8 of 10...
trial 9 of 10...
trial 10 of 10...
Problem type: 2gen_split3 - 9/20
trial 1 of 10...

=== PROMPT ===

System message: You are able to solve letter-string analogies

User message: Use the following alphabet to complete the pattern.

x p j h n a u d i q k c m t f s b r g y e v w z l o

Note that the alphabet may be in an unfamiliar order. Complete the pattern using this order. Answer with only the final answer and nothing else. Put your final answer between double brackets.

[t f s b r r] [t f s b r]
[q c t s r y v z z o] [


--- TARGET LETTERS ---

['q', 'c', 't', 's', 'r', 'y', 'v', 'z', 'o']
Full Qwen output: [ t f s b r r ] [ t f s b r ]  
[ q c t s r y v z z o ] [ q c t s r y v z z o ]  

The pattern is repeating the first part. The final answer is:  
[[q c t s r y v z z o]]
Filtered Qwen output: q c t s r y v z z o
trial 2 of 10...
trial 3 of 10...
trial 4 of 10...
trial 5 of 10...
trial 6 of 10...
trial 7 of 10...
trial 8 of 10...
trial 9 of 10...
trial 10 of 10...
Problem type: 2gen_split4 - 10/20
trial 1 of 10...

=== PROMPT ===

System message: You are able to solve letter-string analogies

User message: Use the following alphabet to complete the pattern.

x p j h n a u d i q k c m t f s b r g y e v w z l o

Note that the alphabet may be in an unfamiliar order. Complete the pattern using this order. Answer with only the final answer and nothing else. Put your final answer between double brackets.

[t r s b f] [t f s b r]
[t t m m c c f f s s b b r r g g y y] [


--- TARGET LETTERS ---

['c', 'c', 'm', 'm', 't', 't', 'f', 'f', 's', 's', 'b', 'b', 'r', 'r', 'g', 'g', 'y', 'y']
Full Qwen output: To solve this pattern, we need to understand the order of the alphabet provided:

**x p j h n a u d i q k c m t f s b r g y e v w z l o**

Let's first map each letter to its position in this custom alphabet:

1. x  
2. p  
3. j  
4. h  
5. n  
6. a  
7. u  
8. d  
9. i  
10. q  
11. k  
12. c  
13. m  
14. t  
15. f  
16. s
trial 2 of 10...
trial 3 of 10...
trial 4 of 10...
trial 5 of 10...
trial 6 of 10...
trial 7 of 10...
trial 8 of 10...
trial 9 of 10...
trial 10 of 10...
Problem type: 2gen_split5 - 11/20
trial 1 of 10...

=== PROMPT ===

System message: You are able to solve letter-string analogies

User message: Use the following alphabet to complete the pattern.

x p j h n a u d i q k c m t f s b r g y e v w z l o

Note that the alphabet may be in an unfamiliar order. Complete the pattern using this order. Answer with only the final answer and nothing else. Put your final answer between double brackets.

[a u d i] [n u d i]
[k x m x f x b x] [


--- TARGET LETTERS ---

['i', 'x', 'm', 'x', 'f', 'x', 'b', 'x']
Full Qwen output: [ k x m x f x b x ] [ c o m p ]
trial 2 of 10...
trial 3 of 10...
trial 4 of 10...
trial 5 of 10...
trial 6 of 10...
trial 7 of 10...
trial 8 of 10...
trial 9 of 10...
trial 10 of 10...
Problem type: 2gen_split6 - 12/20
trial 1 of 10...

=== PROMPT ===

System message: You are able to solve letter-string analogies

User message: Use the following alphabet to complete the pattern.

x p j h n a u d i q k c m t f s b r g y e v w z l o

Note that the alphabet may be in an unfamiliar order. Complete the pattern using this order. Answer with only the final answer and nothing else. Put your final answer between double brackets.

[b r g y] [b r g e]
[s x f x t x m x] [


--- TARGET LETTERS ---

['s', 'x', 'f', 'x', 't', 'x', 'c', 'x']
Full Qwen output: [ b r g y ] [ b r g e ]  
[ s x f x t x m x ] [ s x f x t x m x ]  

[[s x f x t x m x]]
Filtered Qwen output: s x f x t x m x
trial 2 of 10...
trial 3 of 10...
trial 4 of 10...
trial 5 of 10...
trial 6 of 10...
trial 7 of 10...
trial 8 of 10...
trial 9 of 10...
trial 10 of 10...
Problem type: 2gensplit7 - 13/20
trial 1 of 10...

=== PROMPT ===

System message: You are able to solve letter-string analogies

User message: Use the following alphabet to complete the pattern.

x p j h n a u d i q k c m t f s b r g y e v w z l o

Note that the alphabet may be in an unfamiliar order. Complete the pattern using this order. Answer with only the final answer and nothing else. Put your final answer between double brackets.

[x p j h n n] [x p j h n]
[d x q x q x c x t x s x] [


--- TARGET LETTERS ---

['d', 'x', 'q', 'x', 'c', 'x', 't', 'x', 's', 'x']
Full Qwen output: [ x p j h n n ] [ x p j h n ]  
[ d x q x q x c x t x s x ] [ d x q x q x c x t x s x ]  

[[d x q x q x c x t x s x]]
Filtered Qwen output: d x q x q x c x t x s x
trial 2 of 10...
trial 3 of 10...
trial 4 of 10...
trial 5 of 10...
trial 6 of 10...
trial 7 of 10...
trial 8 of 10...
trial 9 of 10...
trial 10 of 10...
Problem type: 3gen_split1 - 14/20
trial 1 of 10...

=== PROMPT ===

System message: You are able to solve letter-string analogies

User message: Use the following alphabet to complete the pattern.

x p j h n a u d i q k c m t f s b r g y e v w z l o

Note that the alphabet may be in an unfamiliar order. Complete the pattern using this order. Answer with only the final answer and nothing else. Put your final answer between double brackets.

[x p h j n] [x p j h n]
[v v y y t t s s r r] [


--- TARGET LETTERS ---

['v', 'v', 'y', 'y', 'r', 'r', 's', 's', 't', 't']
Full Qwen output: [ x p h j n ] [ x p j h n ] [ v v y y t t s s r r ] [ v v y y t t s s r r ]  

[[v v y y t t s s r r]]
Filtered Qwen output: v v y y t t s s r r
trial 2 of 10...
trial 3 of 10...
trial 4 of 10...
trial 5 of 10...
trial 6 of 10...
trial 7 of 10...
trial 8 of 10...
trial 9 of 10...
trial 10 of 10...
Problem type: 3gen_split2 - 15/20
trial 1 of 10...

=== PROMPT ===

System message: You are able to solve letter-string analogies

User message: Use the following alphabet to complete the pattern.

x p j h n a u d i q k c m t f s b r g y e v w z l o

Note that the alphabet may be in an unfamiliar order. Complete the pattern using this order. Answer with only the final answer and nothing else. Put your final answer between double brackets.

[g y e v] [g y e w]
[c x q x d x a x] [


--- TARGET LETTERS ---

['c', 'x', 'q', 'x', 'd', 'x', 'h', 'x']
Full Qwen output: [ c x q x d x a x ] [ c x q x d x a y ]
trial 2 of 10...
trial 3 of 10...
trial 4 of 10...
trial 5 of 10...
trial 6 of 10...
trial 7 of 10...
trial 8 of 10...
trial 9 of 10...
trial 10 of 10...
Problem type: 3gen_split3 - 16/20
trial 1 of 10...

=== PROMPT ===

System message: You are able to solve letter-string analogies

User message: Use the following alphabet to complete the pattern.

x p j h n a u d i q k c m t f s b r g y e v w z l o

Note that the alphabet may be in an unfamiliar order. Complete the pattern using this order. Answer with only the final answer and nothing else. Put your final answer between double brackets.

[v w z a o] [v w z l o]
[6 0 8 0 10 0 12 0 2 0] [


--- TARGET LETTERS ---

[np.int64(6), '0', np.int64(8), '0', np.int64(10), '0', np.int64(12), '0', np.int64(14), '0']
Full Qwen output: [6 0 8 0 10 0 12 0 2 0] [6 0 8 0 10 0 12 0 2 0]
trial 2 of 10...
trial 3 of 10...
trial 4 of 10...
trial 5 of 10...
trial 6 of 10...
trial 7 of 10...
trial 8 of 10...
trial 9 of 10...
trial 10 of 10...
Problem type: 3gen_split4 - 17/20
trial 1 of 10...

=== PROMPT ===

System message: You are able to solve letter-string analogies

User message: Use the following alphabet to complete the pattern.

x p j h n a u d i q k c m t f s b r g y e v w z l o

Note that the alphabet may be in an unfamiliar order. Complete the pattern using this order. Answer with only the final answer and nothing else. Put your final answer between double brackets.

[t n a u d] [h n a u d]
[r r s s t t k k q q] [


--- TARGET LETTERS ---

['r', 'r', 's', 's', 't', 't', 'c', 'c', 'q', 'q']
Full Qwen output: [rrss tt kk qq] [aa uu dd hh nn]
trial 2 of 10...
trial 3 of 10...
trial 4 of 10...
trial 5 of 10...
trial 6 of 10...
trial 7 of 10...
trial 8 of 10...
trial 9 of 10...
trial 10 of 10...
Problem type: 3gen_split5 - 18/20
trial 1 of 10...

=== PROMPT ===

System message: You are able to solve letter-string analogies

User message: Use the following alphabet to complete the pattern.

x p j h n a u d i q k c m t f s b r g y e v w z l o

Note that the alphabet may be in an unfamiliar order. Complete the pattern using this order. Answer with only the final answer and nothing else. Put your final answer between double brackets.

[c m t f] [k m t f]
[h h x x a a x x d d x x q q x x] [


--- TARGET LETTERS ---

['p', 'p', 'x', 'x', 'a', 'a', 'x', 'x', 'd', 'd', 'x', 'x', 'q', 'q', 'x', 'x']
Full Qwen output: [ c m t f ] [ k m t f ] [ h h x x a a x x d d x x q q x x ] [ l l o o ]
trial 2 of 10...
trial 3 of 10...
trial 4 of 10...
trial 5 of 10...
trial 6 of 10...
trial 7 of 10...
trial 8 of 10...
trial 9 of 10...
trial 10 of 10...
Problem type: 3gen_split6 - 19/20
trial 1 of 10...

=== PROMPT ===

System message: You are able to solve letter-string analogies

User message: Use the following alphabet to complete the pattern.

x p j h n a u d i q k c m t f s b r g y e v w z l o

Note that the alphabet may be in an unfamiliar order. Complete the pattern using this order. Answer with only the final answer and nothing else. Put your final answer between double brackets.

[f s b r] [f s b r g]
[19 19 21 21 23 23] [


--- TARGET LETTERS ---

[np.int64(19), np.int64(19), np.int64(21), np.int64(21), np.int64(23), np.int64(23), np.int64(25), np.int64(25)]
Full Qwen output: [19 19 21 21 23 23 25]
trial 2 of 10...
trial 3 of 10...
trial 4 of 10...
trial 5 of 10...
trial 6 of 10...
trial 7 of 10...
trial 8 of 10...
trial 9 of 10...
trial 10 of 10...
Problem type: 3gensplit7 - 20/20
trial 1 of 10...

=== PROMPT ===

System message: You are able to solve letter-string analogies

User message: Use the following alphabet to complete the pattern.

x p j h n a u d i q k c m t f s b r g y e v w z l o

Note that the alphabet may be in an unfamiliar order. Complete the pattern using this order. Answer with only the final answer and nothing else. Put your final answer between double brackets.

[k c m t] [k c m f]
[9 11 13 15 17 19 21 23] [


--- TARGET LETTERS ---

[np.int64(9), np.int64(11), np.int64(13), np.int64(15), np.int64(17), np.int64(19), np.int64(21), np.int64(25)]
Full Qwen output: [9 11 13 15 17 19 21 23] [9 11 13 15]  
[[9 11 13 15 17 19 21 23] [9 11 13 15]]
Filtered Qwen output: 9 11 13 15 17 19 21 23] [9 11 13 15
trial 2 of 10...
trial 3 of 10...
trial 4 of 10...
trial 5 of 10...
trial 6 of 10...
trial 7 of 10...
trial 8 of 10...
trial 9 of 10...
trial 10 of 10...
Saved ./Qwen_Qwen3-8B_prob_predictions_multi_alph/gen/Qwen_Qwen3-8B_letterstring_results_20_multi_alph_gptprobs_minimal.npz
Total time: 2561.775746822357 seconds.
Loading model Qwen/Qwen3-8B...
GPU memory available: 39.49 GB
`torch_dtype` is deprecated! Use `dtype` instead!
Flash Attention 2 not available (FlashAttention2 has been toggled on, but it cannot be used due to the following error: the package flash_attn seems to be not installed. Please refer to the documentation of https://huggingface.co/docs/transformers/perf_infer_gpu_one#flashattention-2 to install Flash Attention 2.), using default attention
Loading checkpoint shards:   0%|          | 0/5 [00:00<?, ?it/s]Loading checkpoint shards:  20%|██        | 1/5 [00:01<00:06,  1.72s/it]Loading checkpoint shards:  40%|████      | 2/5 [00:03<00:05,  1.73s/it]Loading checkpoint shards:  60%|██████    | 3/5 [00:05<00:03,  1.72s/it]Loading checkpoint shards:  80%|████████  | 4/5 [00:06<00:01,  1.58s/it]Loading checkpoint shards: 100%|██████████| 5/5 [00:07<00:00,  1.20s/it]Loading checkpoint shards: 100%|██████████| 5/5 [00:07<00:00,  1.41s/it]
Model loaded with default attention
Model device: cuda:0
GPU memory allocated: 15.26 GB, reserved: 15.26 GB
Model loaded. Loading tokenizer...
Model Qwen/Qwen3-8B and tokenizer loaded.
symb_0
> $ ) * @ = & < + !
Problem type: succ - 1/2
trial 1 of 10...

=== PROMPT ===

System message: You are able to solve letter-string analogies

User message: Use the following alphabet to complete the pattern.

> $ ) * @ = & < + !

Note that the alphabet may be in an unfamiliar order. Complete the pattern using this order. Answer with only the final answer and nothing else. Put your final answer between double brackets.

[$ ) * @] [$ ) * =]
[) * @ =] [


--- TARGET LETTERS ---

[')', '*', '@', '&']
The following generation flags are not valid and may be ignored: ['temperature', 'top_k']. Set `TRANSFORMERS_VERBOSITY=info` for more details.
Full Qwen output: [) * @ =] [) * @ =]
trial 2 of 10...
trial 3 of 10...
trial 4 of 10...
trial 5 of 10...
trial 6 of 10...
trial 7 of 10...
trial 8 of 10...
trial 9 of 10...
trial 10 of 10...
Problem type: pred - 2/2
trial 1 of 10...

=== PROMPT ===

System message: You are able to solve letter-string analogies

User message: Use the following alphabet to complete the pattern.

> $ ) * @ = & < + !

Note that the alphabet may be in an unfamiliar order. Complete the pattern using this order. Answer with only the final answer and nothing else. Put your final answer between double brackets.

[$ ) * @] [> ) * @]
[) * @ =] [


--- TARGET LETTERS ---

['$', '*', '@', '=']
Full Qwen output: [= & < +]
trial 2 of 10...
trial 3 of 10...
trial 4 of 10...
trial 5 of 10...
trial 6 of 10...
trial 7 of 10...
trial 8 of 10...
trial 9 of 10...
trial 10 of 10...
symb_1
& > $ ! + ) < @ = *
Problem type: succ - 1/2
trial 1 of 10...

=== PROMPT ===

System message: You are able to solve letter-string analogies

User message: Use the following alphabet to complete the pattern.

& > $ ! + ) < @ = *

Note that the alphabet may be in an unfamiliar order. Complete the pattern using this order. Answer with only the final answer and nothing else. Put your final answer between double brackets.

[) < @ =] [) < @ *]
[+ ) < @] [


--- TARGET LETTERS ---

['+', ')', '<', '=']
Full Qwen output: [+ ) < @] [+ ) < @]
trial 2 of 10...
trial 3 of 10...
trial 4 of 10...
trial 5 of 10...
trial 6 of 10...
trial 7 of 10...
trial 8 of 10...
trial 9 of 10...
trial 10 of 10...
Problem type: pred - 2/2
trial 1 of 10...

=== PROMPT ===

System message: You are able to solve letter-string analogies

User message: Use the following alphabet to complete the pattern.

& > $ ! + ) < @ = *

Note that the alphabet may be in an unfamiliar order. Complete the pattern using this order. Answer with only the final answer and nothing else. Put your final answer between double brackets.

[+ ) < @] [! ) < @]
[) < @ =] [


--- TARGET LETTERS ---

['+', '<', '@', '=']
Full Qwen output: [! < @ =]
trial 2 of 10...
trial 3 of 10...
trial 4 of 10...
trial 5 of 10...
trial 6 of 10...
trial 7 of 10...
trial 8 of 10...
trial 9 of 10...
trial 10 of 10...
Saved ./Qwen_Qwen3-8B_prob_predictions_multi_alph/gen/Qwen_Qwen3-8B_letterstring_results_symb_multi_alph_gptprobs_minimal.npz
Total time: 34.45679020881653 seconds.
