============================================================================================== 
Warning! Mixing Conda and module environments may lead to corruption of the
user environment. 
We do not recommend users mixing those two environments unless absolutely
necessary. Note that 
SURF does not provide any support for Conda environment.
For more information, please refer to our software policy page:
https://servicedesk.surf.nl/wiki/display/WIKI/Software+policy+Snellius#SoftwarepolicySnellius-UseofAnacondaandMinicondaenvironmentsonSnellius 

Remember that many packages have already been installed on the system and can
be loaded using 
the 'module load <package__name>' command. If you are uncertain if a package is
already available 
on the system, please use 'module avail' or 'module spider' to search for it.
============================================================================================== 
Loading model Qwen/Qwen3-14B...
GPU memory available: 39.49 GB
`torch_dtype` is deprecated! Use `dtype` instead!
Flash Attention 2 not available (FlashAttention2 has been toggled on, but it cannot be used due to the following error: the package flash_attn seems to be not installed. Please refer to the documentation of https://huggingface.co/docs/transformers/perf_infer_gpu_one#flashattention-2 to install Flash Attention 2.), using default attention
Loading checkpoint shards:   0%|          | 0/8 [00:00<?, ?it/s]Loading checkpoint shards:  12%|█▎        | 1/8 [00:01<00:12,  1.81s/it]Loading checkpoint shards:  25%|██▌       | 2/8 [00:03<00:10,  1.83s/it]Loading checkpoint shards:  38%|███▊      | 3/8 [00:05<00:09,  1.84s/it]Loading checkpoint shards:  50%|█████     | 4/8 [00:07<00:07,  1.84s/it]Loading checkpoint shards:  62%|██████▎   | 5/8 [00:09<00:05,  1.85s/it]Loading checkpoint shards:  75%|███████▌  | 6/8 [00:11<00:03,  1.85s/it]Loading checkpoint shards:  88%|████████▊ | 7/8 [00:12<00:01,  1.85s/it]Loading checkpoint shards: 100%|██████████| 8/8 [00:13<00:00,  1.54s/it]Loading checkpoint shards: 100%|██████████| 8/8 [00:13<00:00,  1.72s/it]
Model loaded with default attention
Model device: cuda:0
GPU memory allocated: 27.51 GB, reserved: 27.51 GB
Model loaded. Loading tokenizer...
Model Qwen/Qwen3-14B and tokenizer loaded.
alph_0
a u c d e f g h i j k l m n o p q r s t b v w x y z
Problem type: larger_int - 1/20
trial 1 of 10...

=== PROMPT ===

System message: You are able to solve letter-string analogies

User message: Use the following alphabet to complete the pattern.

a u c d e f g h i j k l m n o p q r s t b v w x y z

First, describe 3 relevant exemplars that are distinct from this problem, then give the final answer. Answer with only the examples and the final answer with no further explanation. Put your final answer between double brackets. Note that the alphabet may be in an unfamiliar order. Complete the pattern using this order.

[g h i j] [f h i j]
[d f h j] [


--- TARGET LETTERS ---

['u', 'f', 'h', 'j']
The following generation flags are not valid and may be ignored: ['temperature', 'top_k']. Set `TRANSFORMERS_VERBOSITY=info` for more details.
Full Qwen output: 1. [a b c d] [b c d e]  
2. [x y z a] [y z a b]  
3. [m n o p] [n o p q]  

[[c e g i]]
Filtered Qwen output: c e g i
trial 2 of 10...
trial 3 of 10...
trial 4 of 10...
trial 5 of 10...
trial 6 of 10...
trial 7 of 10...
trial 8 of 10...
trial 9 of 10...
trial 10 of 10...
Problem type: longer_targ - 2/20
trial 1 of 10...

=== PROMPT ===

System message: You are able to solve letter-string analogies

User message: Use the following alphabet to complete the pattern.

a u c d e f g h i j k l m n o p q r s t b v w x y z

First, describe 3 relevant exemplars that are distinct from this problem, then give the final answer. Answer with only the examples and the final answer with no further explanation. Put your final answer between double brackets. Note that the alphabet may be in an unfamiliar order. Complete the pattern using this order.

[a u c c d e] [a u c d e]
[o p p q r s t b v w] [


--- TARGET LETTERS ---

['o', 'p', 'q', 'r', 's', 't', 'b', 'v', 'w']
Full Qwen output: 1. [a b c d e f] [a b c d e]  
2. [x y z a b c] [x y z a b]  
3. [m n o p q r] [m n o p q]  

[[o p p q r s t b v w] [o p p q r s t b v]]
Filtered Qwen output: o p p q r s t b v w] [o p p q r s t b v
trial 2 of 10...
trial 3 of 10...
trial 4 of 10...
trial 5 of 10...
trial 6 of 10...
trial 7 of 10...
trial 8 of 10...
trial 9 of 10...
trial 10 of 10...
Problem type: group - 3/20
trial 1 of 10...

=== PROMPT ===

System message: You are able to solve letter-string analogies

User message: Use the following alphabet to complete the pattern.

a u c d e f g h i j k l m n o p q r s t b v w x y z

First, describe 3 relevant exemplars that are distinct from this problem, then give the final answer. Answer with only the examples and the final answer with no further explanation. Put your final answer between double brackets. Note that the alphabet may be in an unfamiliar order. Complete the pattern using this order.

[c d e f] [u d e f]
[w w x x y y z z] [


--- TARGET LETTERS ---

['v', 'v', 'x', 'x', 'y', 'y', 'z', 'z']
Full Qwen output: 1. [a b c d] [e f g h]  
2. [m n o p] [q r s t]  
3. [j k l m] [n o p q]  

[[v w x y] [z a b c]]
Filtered Qwen output: v w x y] [z a b c
trial 2 of 10...
trial 3 of 10...
trial 4 of 10...
trial 5 of 10...
trial 6 of 10...
trial 7 of 10...
trial 8 of 10...
trial 9 of 10...
trial 10 of 10...
Problem type: interleaved - 4/20
trial 1 of 10...

=== PROMPT ===

System message: You are able to solve letter-string analogies

User message: Use the following alphabet to complete the pattern.

a u c d e f g h i j k l m n o p q r s t b v w x y z

First, describe 3 relevant exemplars that are distinct from this problem, then give the final answer. Answer with only the examples and the final answer with no further explanation. Put your final answer between double brackets. Note that the alphabet may be in an unfamiliar order. Complete the pattern using this order.

[h i j n l] [h i j k l]
[l x v x w x x x y x] [


--- TARGET LETTERS ---

['b', 'x', 'v', 'x', 'w', 'x', 'x', 'x', 'y', 'x']
Full Qwen output: 1. [a b c d e] [a b c d]  
2. [p q r s t] [p q r s]  
3. [m n o p q] [m n o p]  

[[l x v x w x x x y x] [l x v x w x x x y]]
Filtered Qwen output: l x v x w x x x y x] [l x v x w x x x y
trial 2 of 10...
trial 3 of 10...
trial 4 of 10...
trial 5 of 10...
trial 6 of 10...
trial 7 of 10...
trial 8 of 10...
trial 9 of 10...
trial 10 of 10...
Problem type: letter2num - 5/20
trial 1 of 10...

=== PROMPT ===

System message: You are able to solve letter-string analogies

User message: Use the following alphabet to complete the pattern.

a u c d e f g h i j k l m n o p q r s t b v w x y z

First, describe 3 relevant exemplars that are distinct from this problem, then give the final answer. Answer with only the examples and the final answer with no further explanation. Put your final answer between double brackets. Note that the alphabet may be in an unfamiliar order. Complete the pattern using this order.

[b v w x] [b v w y]
[1 2 3 4] [


--- TARGET LETTERS ---

[np.int64(1), np.int64(2), np.int64(3), np.int64(5)]
Full Qwen output: 1. [a b c d] [a b c e]  
2. [p q r s] [p q r t]  
3. [m n o p] [m n o q]  

[[b v w z]]
Filtered Qwen output: b v w z
trial 2 of 10...
trial 3 of 10...
trial 4 of 10...
trial 5 of 10...
trial 6 of 10...
trial 7 of 10...
trial 8 of 10...
trial 9 of 10...
trial 10 of 10...
Problem type: reverse - 6/20
trial 1 of 10...

=== PROMPT ===

System message: You are able to solve letter-string analogies

User message: Use the following alphabet to complete the pattern.

a u c d e f g h i j k l m n o p q r s t b v w x y z

First, describe 3 relevant exemplars that are distinct from this problem, then give the final answer. Answer with only the examples and the final answer with no further explanation. Put your final answer between double brackets. Note that the alphabet may be in an unfamiliar order. Complete the pattern using this order.

[e f g h h i] [e f g h i]
[w w v b t s] [


--- TARGET LETTERS ---

['w', 'v', 'b', 't', 's']
Full Qwen output: 1. [a b c d d e] [a b c d e]  
2. [x y z a a b] [x y z a b]  
3. [m n o p p q] [m n o p q]  

[[w v b t s]]
Filtered Qwen output: w v b t s
trial 2 of 10...
trial 3 of 10...
trial 4 of 10...
trial 5 of 10...
trial 6 of 10...
trial 7 of 10...
trial 8 of 10...
trial 9 of 10...
trial 10 of 10...
Problem type: 2gen_split1 - 7/20
trial 1 of 10...

=== PROMPT ===

System message: You are able to solve letter-string analogies

User message: Use the following alphabet to complete the pattern.

a u c d e f g h i j k l m n o p q r s t b v w x y z

First, describe 3 relevant exemplars that are distinct from this problem, then give the final answer. Answer with only the examples and the final answer with no further explanation. Put your final answer between double brackets. Note that the alphabet may be in an unfamiliar order. Complete the pattern using this order.

[b t s v w] [s t b v w]
[q q k k m m o o i i] [


--- TARGET LETTERS ---

['i', 'i', 'k', 'k', 'm', 'm', 'o', 'o', 'q', 'q']
Full Qwen output: 1. [a c e g i] [c e g i k]  
2. [x y z a b] [z a b c d]  
3. [m n o p q] [n o p q r]  

[[q k m o i]]
Filtered Qwen output: q k m o i
trial 2 of 10...
trial 3 of 10...
trial 4 of 10...
trial 5 of 10...
trial 6 of 10...
trial 7 of 10...
trial 8 of 10...
trial 9 of 10...
trial 10 of 10...
Problem type: 2gen_split2 - 8/20
trial 1 of 10...

=== PROMPT ===

System message: You are able to solve letter-string analogies

User message: Use the following alphabet to complete the pattern.

a u c d e f g h i j k l m n o p q r s t b v w x y z

First, describe 3 relevant exemplars that are distinct from this problem, then give the final answer. Answer with only the examples and the final answer with no further explanation. Put your final answer between double brackets. Note that the alphabet may be in an unfamiliar order. Complete the pattern using this order.

[a u w d e] [a u c d e]
[o x q x s x g x w x] [


--- TARGET LETTERS ---

['o', 'x', 'q', 'x', 's', 'x', 'b', 'x', 'w', 'x']
Full Qwen output: 1. [a b c d e] [a b c d e]  
2. [x y z a b] [x y z a b]  
3. [m n o p q] [m n o p q]  

[[o x q x s x g x w x] [o x q x s x g x w x]]
Filtered Qwen output: o x q x s x g x w x] [o x q x s x g x w x
trial 2 of 10...
trial 3 of 10...
trial 4 of 10...
trial 5 of 10...
trial 6 of 10...
trial 7 of 10...
trial 8 of 10...
trial 9 of 10...
trial 10 of 10...
Problem type: 2gen_split3 - 9/20
trial 1 of 10...

=== PROMPT ===

System message: You are able to solve letter-string analogies

User message: Use the following alphabet to complete the pattern.

a u c d e f g h i j k l m n o p q r s t b v w x y z

First, describe 3 relevant exemplars that are distinct from this problem, then give the final answer. Answer with only the examples and the final answer with no further explanation. Put your final answer between double brackets. Note that the alphabet may be in an unfamiliar order. Complete the pattern using this order.

[a u c d] [a u c d e]
[g x h x i x j x k x l x m x n x] [


--- TARGET LETTERS ---

['g', 'x', 'h', 'x', 'i', 'x', 'j', 'x', 'k', 'x', 'l', 'x', 'm', 'x', 'n', 'x', 'o', 'x']
Full Qwen output: 1. [a b c d] [a b c d e]  
2. [p q r s] [p q r s t]  
3. [m n o p] [m n o p q]  

[[g x h x i x j x k x l x m x n x o x]]
Filtered Qwen output: g x h x i x j x k x l x m x n x o x
trial 2 of 10...
trial 3 of 10...
trial 4 of 10...
trial 5 of 10...
trial 6 of 10...
trial 7 of 10...
trial 8 of 10...
trial 9 of 10...
trial 10 of 10...
Problem type: 2gen_split4 - 10/20
trial 1 of 10...

=== PROMPT ===

System message: You are able to solve letter-string analogies

User message: Use the following alphabet to complete the pattern.

a u c d e f g h i j k l m n o p q r s t b v w x y z

First, describe 3 relevant exemplars that are distinct from this problem, then give the final answer. Answer with only the examples and the final answer with no further explanation. Put your final answer between double brackets. Note that the alphabet may be in an unfamiliar order. Complete the pattern using this order.

[c d e f] [c d e g]
[t t x x b b x x v v x x w w x x] [


--- TARGET LETTERS ---

['t', 't', 'x', 'x', 'b', 'b', 'x', 'x', 'v', 'v', 'x', 'x', 'x', 'x', 'x', 'x']
Full Qwen output: 1. [a b c d] [a b c e]  
2. [m n o p] [m n o q]  
3. [h i j k] [h i j l]  

[[t t x x b b x x v v x x w w x x] [t t x x b b x x v v x x w w x x y y x x z z x x]]
Filtered Qwen output: t t x x b b x x v v x x w w x x] [t t x x b b x x v v x x w w x x y y x x z z x x
trial 2 of 10...
trial 3 of 10...
trial 4 of 10...
trial 5 of 10...
trial 6 of 10...
trial 7 of 10...
trial 8 of 10...
trial 9 of 10...
trial 10 of 10...
Problem type: 2gen_split5 - 11/20
trial 1 of 10...

=== PROMPT ===

System message: You are able to solve letter-string analogies

User message: Use the following alphabet to complete the pattern.

a u c d e f g h i j k l m n o p q r s t b v w x y z

First, describe 3 relevant exemplars that are distinct from this problem, then give the final answer. Answer with only the examples and the final answer with no further explanation. Put your final answer between double brackets. Note that the alphabet may be in an unfamiliar order. Complete the pattern using this order.

[r c d e f] [u c d e f]
[y y x x w w v v d d] [


--- TARGET LETTERS ---

['y', 'y', 'x', 'x', 'w', 'w', 'v', 'v', 'b', 'b']
Full Qwen output: 1. [a b c d e] [f g h i j]  
2. [m n o p q] [r s t u v]  
3. [z a b c d] [e f g h i]  

[[z y x w v]]
Filtered Qwen output: z y x w v
trial 2 of 10...
trial 3 of 10...
trial 4 of 10...
trial 5 of 10...
trial 6 of 10...
trial 7 of 10...
trial 8 of 10...
trial 9 of 10...
trial 10 of 10...
Problem type: 2gen_split6 - 12/20
trial 1 of 10...

=== PROMPT ===

System message: You are able to solve letter-string analogies

User message: Use the following alphabet to complete the pattern.

a u c d e f g h i j k l m n o p q r s t b v w x y z

First, describe 3 relevant exemplars that are distinct from this problem, then give the final answer. Answer with only the examples and the final answer with no further explanation. Put your final answer between double brackets. Note that the alphabet may be in an unfamiliar order. Complete the pattern using this order.

[d e f h g] [d e f g h]
[19 17 21 23 25] [


--- TARGET LETTERS ---

[np.int64(17), np.int64(19), np.int64(21), np.int64(23), np.int64(25)]
Full Qwen output: 1. [a b c d e] [a b c d e]  
2. [x y z a b] [x y z a b]  
3. [m n o p q] [m n o p q]  

[[d e f g h]]
Filtered Qwen output: d e f g h
trial 2 of 10...
trial 3 of 10...
trial 4 of 10...
trial 5 of 10...
trial 6 of 10...
trial 7 of 10...
trial 8 of 10...
trial 9 of 10...
trial 10 of 10...
Problem type: 2gensplit7 - 13/20
trial 1 of 10...

=== PROMPT ===

System message: You are able to solve letter-string analogies

User message: Use the following alphabet to complete the pattern.

a u c d e f g h i j k l m n o p q r s t b v w x y z

First, describe 3 relevant exemplars that are distinct from this problem, then give the final answer. Answer with only the examples and the final answer with no further explanation. Put your final answer between double brackets. Note that the alphabet may be in an unfamiliar order. Complete the pattern using this order.

[b v w x] [b v w y]
[11 13 15 17] [


--- TARGET LETTERS ---

[np.int64(11), np.int64(13), np.int64(15), np.int64(19)]
Full Qwen output: 1. [a c e g] [a c e h]  
2. [d f h j] [d f h k]  
3. [m o q s] [m o q t]  

[[b v w z]]
Filtered Qwen output: b v w z
trial 2 of 10...
trial 3 of 10...
trial 4 of 10...
trial 5 of 10...
trial 6 of 10...
trial 7 of 10...
trial 8 of 10...
trial 9 of 10...
trial 10 of 10...
Problem type: 3gen_split1 - 14/20
trial 1 of 10...

=== PROMPT ===

System message: You are able to solve letter-string analogies

User message: Use the following alphabet to complete the pattern.

a u c d e f g h i j k l m n o p q r s t b v w x y z

First, describe 3 relevant exemplars that are distinct from this problem, then give the final answer. Answer with only the examples and the final answer with no further explanation. Put your final answer between double brackets. Note that the alphabet may be in an unfamiliar order. Complete the pattern using this order.

[a u c d] [a u c e]
[7 0 6 0 5 0 4 0] [


--- TARGET LETTERS ---

[np.int64(7), '0', np.int64(6), '0', np.int64(5), '0', np.int64(3), '0']
Full Qwen output: 1. [a b c d] [a b c e]  
2. [x y z a] [x y z b]  
3. [1 2 3 4] [1 2 3 5]  

[[7 0 6 0 5 0 4 0 3 0]]
Filtered Qwen output: 7 0 6 0 5 0 4 0 3 0
trial 2 of 10...
trial 3 of 10...
trial 4 of 10...
trial 5 of 10...
trial 6 of 10...
trial 7 of 10...
trial 8 of 10...
trial 9 of 10...
trial 10 of 10...
Problem type: 3gen_split2 - 15/20
trial 1 of 10...

=== PROMPT ===

System message: You are able to solve letter-string analogies

User message: Use the following alphabet to complete the pattern.

a u c d e f g h i j k l m n o p q r s t b v w x y z

First, describe 3 relevant exemplars that are distinct from this problem, then give the final answer. Answer with only the examples and the final answer with no further explanation. Put your final answer between double brackets. Note that the alphabet may be in an unfamiliar order. Complete the pattern using this order.

[q r s t] [q r s t b]
[r r x x s s x x t t x x b b x x v v x x w w x x x x x x y y x x] [


--- TARGET LETTERS ---

['r', 'r', 'x', 'x', 's', 's', 'x', 'x', 't', 't', 'x', 'x', 'b', 'b', 'x', 'x', 'v', 'v', 'x', 'x', 'w', 'w', 'x', 'x', 'x', 'x', 'x', 'x', 'y', 'y', 'x', 'x', 'z', 'z', 'x', 'x']
Full Qwen output: a b c  
d e f  
g h i  

[[r r x x s s x x t t x x b b x x v v x x w w x x x x x x y y x x]]
Filtered Qwen output: r r x x s s x x t t x x b b x x v v x x w w x x x x x x y y x x
trial 2 of 10...
trial 3 of 10...
trial 4 of 10...
trial 5 of 10...
trial 6 of 10...
trial 7 of 10...
trial 8 of 10...
trial 9 of 10...
trial 10 of 10...
Problem type: 3gen_split3 - 16/20
trial 1 of 10...

=== PROMPT ===

System message: You are able to solve letter-string analogies

User message: Use the following alphabet to complete the pattern.

a u c d e f g h i j k l m n o p q r s t b v w x y z

First, describe 3 relevant exemplars that are distinct from this problem, then give the final answer. Answer with only the examples and the final answer with no further explanation. Put your final answer between double brackets. Note that the alphabet may be in an unfamiliar order. Complete the pattern using this order.

[e f g h q] [e f g h i]
[9 11 13 15 17 19 21 23 12] [


--- TARGET LETTERS ---

[np.int64(9), np.int64(11), np.int64(13), np.int64(15), np.int64(17), np.int64(19), np.int64(21), np.int64(23), np.int64(25)]
Full Qwen output: 1. [a b c d e] [a b c d e f]  
2. [x y z a b] [x y z a b c]  
3. [m n o p q] [m n o p q r]  

[[e f g h i j k l m]]
Filtered Qwen output: e f g h i j k l m
trial 2 of 10...
trial 3 of 10...
trial 4 of 10...
trial 5 of 10...
trial 6 of 10...
trial 7 of 10...
trial 8 of 10...
trial 9 of 10...
trial 10 of 10...
Problem type: 3gen_split4 - 17/20
trial 1 of 10...

=== PROMPT ===

System message: You are able to solve letter-string analogies

User message: Use the following alphabet to complete the pattern.

a u c d e f g h i j k l m n o p q r s t b v w x y z

First, describe 3 relevant exemplars that are distinct from this problem, then give the final answer. Answer with only the examples and the final answer with no further explanation. Put your final answer between double brackets. Note that the alphabet may be in an unfamiliar order. Complete the pattern using this order.

[q r s t] [q r s b]
[24 23 22 21 20 19 18 17] [


--- TARGET LETTERS ---

[np.int64(24), np.int64(23), np.int64(22), np.int64(21), np.int64(20), np.int64(19), np.int64(18), np.int64(16)]
Full Qwen output: a u c d e f g h i j k l m n o p q r s t b v w x y z

Examples:  
[cat] [cab]  
[dog] [dod]  
[fly] [fle]

[[q r s t] [q r s b]]
Filtered Qwen output: q r s t] [q r s b
trial 2 of 10...
trial 3 of 10...
trial 4 of 10...
trial 5 of 10...
trial 6 of 10...
trial 7 of 10...
trial 8 of 10...
trial 9 of 10...
trial 10 of 10...
Problem type: 3gen_split5 - 18/20
trial 1 of 10...

=== PROMPT ===

System message: You are able to solve letter-string analogies

User message: Use the following alphabet to complete the pattern.

a u c d e f g h i j k l m n o p q r s t b v w x y z

First, describe 3 relevant exemplars that are distinct from this problem, then give the final answer. Answer with only the examples and the final answer with no further explanation. Put your final answer between double brackets. Note that the alphabet may be in an unfamiliar order. Complete the pattern using this order.

[e f g i h] [e f g h i]
[14 0 16 0 15 0 17 0 18 0 19 0 20 0 21 0 22 0] [


--- TARGET LETTERS ---

[np.int64(14), '0', np.int64(15), '0', np.int64(16), '0', np.int64(17), '0', np.int64(18), '0', np.int64(19), '0', np.int64(20), '0', np.int64(21), '0', np.int64(22), '0']
Full Qwen output: 1. [a b c d e] [a b c d e f]  
2. [x y z a b] [x y z a b c]  
3. [m n o p q] [m n o p q r]  

[[e f g h i j]]
Filtered Qwen output: e f g h i j
trial 2 of 10...
trial 3 of 10...
trial 4 of 10...
trial 5 of 10...
trial 6 of 10...
trial 7 of 10...
trial 8 of 10...
trial 9 of 10...
trial 10 of 10...
Problem type: 3gen_split6 - 19/20
trial 1 of 10...

=== PROMPT ===

System message: You are able to solve letter-string analogies

User message: Use the following alphabet to complete the pattern.

a u c d e f g h i j k l m n o p q r s t b v w x y z

First, describe 3 relevant exemplars that are distinct from this problem, then give the final answer. Answer with only the examples and the final answer with no further explanation. Put your final answer between double brackets. Note that the alphabet may be in an unfamiliar order. Complete the pattern using this order.

[u c d e] [u c d f]
[y x w x b x s x] [


--- TARGET LETTERS ---

['y', 'x', 'w', 'x', 'b', 'x', 'q', 'x']
Full Qwen output: 1. [a b c d] [a b c e]  
2. [m n o p] [m n o q]  
3. [g h i j] [g h i k]  

[[y x w x b x s x] [y x w x b x s y]]
Filtered Qwen output: y x w x b x s x] [y x w x b x s y
trial 2 of 10...
trial 3 of 10...
trial 4 of 10...
trial 5 of 10...
trial 6 of 10...
trial 7 of 10...
trial 8 of 10...
trial 9 of 10...
trial 10 of 10...
Problem type: 3gensplit7 - 20/20
trial 1 of 10...

=== PROMPT ===

System message: You are able to solve letter-string analogies

User message: Use the following alphabet to complete the pattern.

a u c d e f g h i j k l m n o p q r s t b v w x y z

First, describe 3 relevant exemplars that are distinct from this problem, then give the final answer. Answer with only the examples and the final answer with no further explanation. Put your final answer between double brackets. Note that the alphabet may be in an unfamiliar order. Complete the pattern using this order.

[a u c d e e] [a u c d e]
[19 17 15 15 13 11] [


--- TARGET LETTERS ---

[np.int64(19), np.int64(17), np.int64(15), np.int64(13), np.int64(11)]
Full Qwen output: 1. [b v w x y z] [b v w x y]  
2. [g h i j k l] [g h i j k]  
3. [m n o p q r] [m n o p q]  

[[a u c d e]]
Filtered Qwen output: a u c d e
trial 2 of 10...
trial 3 of 10...
trial 4 of 10...
trial 5 of 10...
trial 6 of 10...
trial 7 of 10...
trial 8 of 10...
trial 9 of 10...
trial 10 of 10...
alph_1
a l c d e f g h i j k b m n o p q r s t u v w x y z
Problem type: larger_int - 1/20
trial 1 of 10...

=== PROMPT ===

System message: You are able to solve letter-string analogies

User message: Use the following alphabet to complete the pattern.

a l c d e f g h i j k b m n o p q r s t u v w x y z

First, describe 3 relevant exemplars that are distinct from this problem, then give the final answer. Answer with only the examples and the final answer with no further explanation. Put your final answer between double brackets. Note that the alphabet may be in an unfamiliar order. Complete the pattern using this order.

[k o m n b] [k b m n o]
[l d f j h] [


--- TARGET LETTERS ---

['l', 'd', 'f', 'h', 'j']
Full Qwen output: 1. [a c e g i] [a i e g c]  
2. [x z v t r] [x r v t z]  
3. [p r t v x] [p x t v r]  

[[l h f j d]]
Filtered Qwen output: l h f j d
trial 2 of 10...
trial 3 of 10...
trial 4 of 10...
trial 5 of 10...
trial 6 of 10...
trial 7 of 10...
trial 8 of 10...
trial 9 of 10...
trial 10 of 10...
Problem type: longer_targ - 2/20
trial 1 of 10...

=== PROMPT ===

System message: You are able to solve letter-string analogies

User message: Use the following alphabet to complete the pattern.

a l c d e f g h i j k b m n o p q r s t u v w x y z

First, describe 3 relevant exemplars that are distinct from this problem, then give the final answer. Answer with only the examples and the final answer with no further explanation. Put your final answer between double brackets. Note that the alphabet may be in an unfamiliar order. Complete the pattern using this order.

[q r u t s] [q r s t u]
[a l c d f e g h i] [


--- TARGET LETTERS ---

['a', 'l', 'c', 'd', 'e', 'f', 'g', 'h', 'i']
Full Qwen output: 1. [a b c d e] [a b c d e]  
2. [x y z a b] [x y z a b]  
3. [m n o p q] [m n o p q]  

[[a l c d e] [a l c d e]]
Filtered Qwen output: a l c d e] [a l c d e
trial 2 of 10...
trial 3 of 10...
trial 4 of 10...
trial 5 of 10...
trial 6 of 10...
trial 7 of 10...
trial 8 of 10...
trial 9 of 10...
trial 10 of 10...
Problem type: group - 3/20
trial 1 of 10...

=== PROMPT ===

System message: You are able to solve letter-string analogies

User message: Use the following alphabet to complete the pattern.

a l c d e f g h i j k b m n o p q r s t u v w x y z

First, describe 3 relevant exemplars that are distinct from this problem, then give the final answer. Answer with only the examples and the final answer with no further explanation. Put your final answer between double brackets. Note that the alphabet may be in an unfamiliar order. Complete the pattern using this order.

[a l c d] [a l c e]
[p p q q r r s s] [


--- TARGET LETTERS ---

['p', 'p', 'q', 'q', 'r', 'r', 't', 't']
Full Qwen output: 1. [a b c d] [a b c e]  
2. [x y z a] [x y z b]  
3. [m n o p] [m n o q]  

[[p p q q r r s s] [p p q q r r s t]]
Filtered Qwen output: p p q q r r s s] [p p q q r r s t
trial 2 of 10...
trial 3 of 10...
trial 4 of 10...
trial 5 of 10...
trial 6 of 10...
trial 7 of 10...
trial 8 of 10...
trial 9 of 10...
trial 10 of 10...
Problem type: interleaved - 4/20
trial 1 of 10...

=== PROMPT ===

System message: You are able to solve letter-string analogies

User message: Use the following alphabet to complete the pattern.

a l c d e f g h i j k b m n o p q r s t u v w x y z

First, describe 3 relevant exemplars that are distinct from this problem, then give the final answer. Answer with only the examples and the final answer with no further explanation. Put your final answer between double brackets. Note that the alphabet may be in an unfamiliar order. Complete the pattern using this order.

[l c d e] [l c d e f]
[a x l x c x d x] [


--- TARGET LETTERS ---

['a', 'x', 'l', 'x', 'c', 'x', 'd', 'x', 'e', 'x']
Full Qwen output: 1. [a b c d] [a b c d e]  
2. [p q r s] [p q r s t]  
3. [m n o p] [m n o p q]  

[[a x l x c x d x e x]]
Filtered Qwen output: a x l x c x d x e x
trial 2 of 10...
trial 3 of 10...
trial 4 of 10...
trial 5 of 10...
trial 6 of 10...
trial 7 of 10...
trial 8 of 10...
trial 9 of 10...
trial 10 of 10...
Problem type: letter2num - 5/20
trial 1 of 10...

=== PROMPT ===

System message: You are able to solve letter-string analogies

User message: Use the following alphabet to complete the pattern.

a l c d e f g h i j k b m n o p q r s t u v w x y z

First, describe 3 relevant exemplars that are distinct from this problem, then give the final answer. Answer with only the examples and the final answer with no further explanation. Put your final answer between double brackets. Note that the alphabet may be in an unfamiliar order. Complete the pattern using this order.

[t u w v x] [t u v w x]
[2 1 3 4 5] [


--- TARGET LETTERS ---

[np.int64(1), np.int64(2), np.int64(3), np.int64(4), np.int64(5)]
Full Qwen output: 1. [a b c d e] [a b d c e]  
2. [p q r s t] [p q s r t]  
3. [m n o p q] [m n p o q]  

[[t u v x w]]
Filtered Qwen output: t u v x w
trial 2 of 10...
trial 3 of 10...
trial 4 of 10...
trial 5 of 10...
trial 6 of 10...
trial 7 of 10...
trial 8 of 10...
trial 9 of 10...
trial 10 of 10...
Problem type: reverse - 6/20
trial 1 of 10...

=== PROMPT ===

System message: You are able to solve letter-string analogies

User message: Use the following alphabet to complete the pattern.

a l c d e f g h i j k b m n o p q r s t u v w x y z

First, describe 3 relevant exemplars that are distinct from this problem, then give the final answer. Answer with only the examples and the final answer with no further explanation. Put your final answer between double brackets. Note that the alphabet may be in an unfamiliar order. Complete the pattern using this order.

[u v w x] [t v w x]
[d c l a] [


--- TARGET LETTERS ---

['e', 'c', 'l', 'a']
Full Qwen output: 1. [a b c d] [c d e f]  
2. [p q r s] [r s t u]  
3. [m n o p] [o p q r]  

[[b c l a]]
Filtered Qwen output: b c l a
trial 2 of 10...
trial 3 of 10...
trial 4 of 10...
trial 5 of 10...
trial 6 of 10...
trial 7 of 10...
trial 8 of 10...
trial 9 of 10...
trial 10 of 10...
Problem type: 2gen_split1 - 7/20
trial 1 of 10...

=== PROMPT ===

System message: You are able to solve letter-string analogies

User message: Use the following alphabet to complete the pattern.

a l c d e f g h i j k b m n o p q r s t u v w x y z

First, describe 3 relevant exemplars that are distinct from this problem, then give the final answer. Answer with only the examples and the final answer with no further explanation. Put your final answer between double brackets. Note that the alphabet may be in an unfamiliar order. Complete the pattern using this order.

[l c d e] [l c d e f]
[9 11 13 15] [


--- TARGET LETTERS ---

[np.int64(9), np.int64(11), np.int64(13), np.int64(15), np.int64(17)]
Full Qwen output: 1. [a b c d] [a b c d e]  
2. [x y z a] [x y z a b]  
3. [m n o p] [m n o p q]  

[[9 11 13 15 17]]
Filtered Qwen output: 9 11 13 15 17
trial 2 of 10...
trial 3 of 10...
trial 4 of 10...
trial 5 of 10...
trial 6 of 10...
trial 7 of 10...
trial 8 of 10...
trial 9 of 10...
trial 10 of 10...
Problem type: 2gen_split2 - 8/20
trial 1 of 10...

=== PROMPT ===

System message: You are able to solve letter-string analogies

User message: Use the following alphabet to complete the pattern.

a l c d e f g h i j k b m n o p q r s t u v w x y z

First, describe 3 relevant exemplars that are distinct from this problem, then give the final answer. Answer with only the examples and the final answer with no further explanation. Put your final answer between double brackets. Note that the alphabet may be in an unfamiliar order. Complete the pattern using this order.

[l a c d e] [a l c d e]
[i x o x k x b x m x n x j x p x q x] [


--- TARGET LETTERS ---

['i', 'x', 'j', 'x', 'k', 'x', 'b', 'x', 'm', 'x', 'n', 'x', 'o', 'x', 'p', 'x', 'q', 'x']
Full Qwen output: 1. [a b c d e] [a b c d e]  
2. [x y z a b] [x y z a b]  
3. [m n o p q] [m n o p q]  

[[i x o x k x b x m x n x j x p x q x] [i x o x k x b x m x n x j x p x q x]]
Filtered Qwen output: i x o x k x b x m x n x j x p x q x] [i x o x k x b x m x n x j x p x q x
trial 2 of 10...
trial 3 of 10...
trial 4 of 10...
trial 5 of 10...
trial 6 of 10...
trial 7 of 10...
trial 8 of 10...
trial 9 of 10...
trial 10 of 10...
Problem type: 2gen_split3 - 9/20
trial 1 of 10...

=== PROMPT ===

System message: You are able to solve letter-string analogies

User message: Use the following alphabet to complete the pattern.

a l c d e f g h i j k b m n o p q r s t u v w x y z

First, describe 3 relevant exemplars that are distinct from this problem, then give the final answer. Answer with only the examples and the final answer with no further explanation. Put your final answer between double brackets. Note that the alphabet may be in an unfamiliar order. Complete the pattern using this order.

[h i j k] [g i j k]
[l l x x c c x x d d x x e e x x] [


--- TARGET LETTERS ---

['a', 'a', 'x', 'x', 'c', 'c', 'x', 'x', 'd', 'd', 'x', 'x', 'e', 'e', 'x', 'x']
Full Qwen output: 1. [a b c d] [b c d e]  
2. [p q r s] [o q r s]  
3. [m n o p] [n o p q]  

[[l l x x c c x x d d x x e e x x] [k k x x b b x x c c x x d d x x]]
Filtered Qwen output: l l x x c c x x d d x x e e x x] [k k x x b b x x c c x x d d x x
trial 2 of 10...
trial 3 of 10...
trial 4 of 10...
trial 5 of 10...
trial 6 of 10...
trial 7 of 10...
trial 8 of 10...
trial 9 of 10...
trial 10 of 10...
Problem type: 2gen_split4 - 10/20
trial 1 of 10...

=== PROMPT ===

System message: You are able to solve letter-string analogies

User message: Use the following alphabet to complete the pattern.

a l c d e f g h i j k b m n o p q r s t u v w x y z

First, describe 3 relevant exemplars that are distinct from this problem, then give the final answer. Answer with only the examples and the final answer with no further explanation. Put your final answer between double brackets. Note that the alphabet may be in an unfamiliar order. Complete the pattern using this order.

[z j k b m] [i j k b m]
[o o n n m m a a k k] [


--- TARGET LETTERS ---

['o', 'o', 'n', 'n', 'm', 'm', 'b', 'b', 'k', 'k']
Full Qwen output: 1. [c d e f g] [d e f g h]  
2. [x y z a b] [y z a b c]  
3. [p q r s t] [q r s t u]  

[[n n m m a a k k] [m m a a k k l]]
Filtered Qwen output: n n m m a a k k] [m m a a k k l
trial 2 of 10...
trial 3 of 10...
trial 4 of 10...
trial 5 of 10...
trial 6 of 10...
trial 7 of 10...
trial 8 of 10...
trial 9 of 10...
trial 10 of 10...
Problem type: 2gen_split5 - 11/20
trial 1 of 10...

=== PROMPT ===

System message: You are able to solve letter-string analogies

User message: Use the following alphabet to complete the pattern.

a l c d e f g h i j k b m n o p q r s t u v w x y z

First, describe 3 relevant exemplars that are distinct from this problem, then give the final answer. Answer with only the examples and the final answer with no further explanation. Put your final answer between double brackets. Note that the alphabet may be in an unfamiliar order. Complete the pattern using this order.

[a l c d] [a l c d e]
[s x r x q x p x] [


--- TARGET LETTERS ---

['s', 'x', 'r', 'x', 'q', 'x', 'p', 'x', 'o', 'x']
Full Qwen output: 1. [a b c d] [a b c d e]  
2. [x y z a] [x y z a b]  
3. [m n o p] [m n o p q]  

[[s x r x q x p x] [s x r x q x p x o]]
Filtered Qwen output: s x r x q x p x] [s x r x q x p x o
trial 2 of 10...
trial 3 of 10...
trial 4 of 10...
trial 5 of 10...
trial 6 of 10...
trial 7 of 10...
trial 8 of 10...
trial 9 of 10...
trial 10 of 10...
Problem type: 2gen_split6 - 12/20
trial 1 of 10...

=== PROMPT ===

System message: You are able to solve letter-string analogies

User message: Use the following alphabet to complete the pattern.

a l c d e f g h i j k b m n o p q r s t u v w x y z

First, describe 3 relevant exemplars that are distinct from this problem, then give the final answer. Answer with only the examples and the final answer with no further explanation. Put your final answer between double brackets. Note that the alphabet may be in an unfamiliar order. Complete the pattern using this order.

[k b m n] [j b m n]
[d d e e f f g g h h i i j j k k] [


--- TARGET LETTERS ---

['c', 'c', 'e', 'e', 'f', 'f', 'g', 'g', 'h', 'h', 'i', 'i', 'j', 'j', 'k', 'k']
Full Qwen output: 1. [a b c d] [x y z a]  
2. [m n o p] [q r s t]  
3. [f g h i] [j k l m]  

[[c c d d e e f f g g h h i i j j k k]]
Filtered Qwen output: c c d d e e f f g g h h i i j j k k
trial 2 of 10...
trial 3 of 10...
trial 4 of 10...
trial 5 of 10...
trial 6 of 10...
trial 7 of 10...
trial 8 of 10...
trial 9 of 10...
trial 10 of 10...
Problem type: 2gensplit7 - 13/20
trial 1 of 10...

=== PROMPT ===

System message: You are able to solve letter-string analogies

User message: Use the following alphabet to complete the pattern.

a l c d e f g h i j k b m n o p q r s t u v w x y z

First, describe 3 relevant exemplars that are distinct from this problem, then give the final answer. Answer with only the examples and the final answer with no further explanation. Put your final answer between double brackets. Note that the alphabet may be in an unfamiliar order. Complete the pattern using this order.

[b m n o] [b m n p]
[17 0 18 0 19 0 20 0] [


--- TARGET LETTERS ---

[np.int64(17), '0', np.int64(18), '0', np.int64(19), '0', np.int64(21), '0']
Full Qwen output: 1. [a b c d] [a b c e]  
2. [x y z a] [x y z b]  
3. [g h i j] [g h i k]  

[[b m n q]]
Filtered Qwen output: b m n q
trial 2 of 10...
trial 3 of 10...
trial 4 of 10...
trial 5 of 10...
trial 6 of 10...
trial 7 of 10...
trial 8 of 10...
trial 9 of 10...
trial 10 of 10...
Problem type: 3gen_split1 - 14/20
trial 1 of 10...

=== PROMPT ===

System message: You are able to solve letter-string analogies

User message: Use the following alphabet to complete the pattern.

a l c d e f g h i j k b m n o p q r s t u v w x y z

First, describe 3 relevant exemplars that are distinct from this problem, then give the final answer. Answer with only the examples and the final answer with no further explanation. Put your final answer between double brackets. Note that the alphabet may be in an unfamiliar order. Complete the pattern using this order.

[k b m n] [k b m o]
[i x k x m x o x q x s x u x w x] [


--- TARGET LETTERS ---

['i', 'x', 'k', 'x', 'm', 'x', 'o', 'x', 'q', 'x', 's', 'x', 'u', 'x', 'y', 'x']
Full Qwen output: 1. [a b c d] [a b c e]  
2. [p q r s] [p q r t]  
3. [m n o p] [m n o q]  

[[i x k x m x o x q x s x u x w x] [i x k x m x o x q x s x u x w x y]]
Filtered Qwen output: i x k x m x o x q x s x u x w x] [i x k x m x o x q x s x u x w x y
trial 2 of 10...
trial 3 of 10...
trial 4 of 10...
trial 5 of 10...
trial 6 of 10...
trial 7 of 10...
trial 8 of 10...
trial 9 of 10...
trial 10 of 10...
Problem type: 3gen_split2 - 15/20
trial 1 of 10...

=== PROMPT ===

System message: You are able to solve letter-string analogies

User message: Use the following alphabet to complete the pattern.

a l c d e f g h i j k b m n o p q r s t u v w x y z

First, describe 3 relevant exemplars that are distinct from this problem, then give the final answer. Answer with only the examples and the final answer with no further explanation. Put your final answer between double brackets. Note that the alphabet may be in an unfamiliar order. Complete the pattern using this order.

[h i j k] [h i j k b]
[16 0 18 0 20 0 22 0] [


--- TARGET LETTERS ---

[np.int64(16), '0', np.int64(18), '0', np.int64(20), '0', np.int64(22), '0', np.int64(24), '0']
Full Qwen output: Examples:  
[1 2 3 4] [1 2 3 4 5]  
[apple] [applepie]  
[red] [redblue]  

[[h i j k b m]]
Filtered Qwen output: h i j k b m
trial 2 of 10...
trial 3 of 10...
trial 4 of 10...
trial 5 of 10...
trial 6 of 10...
trial 7 of 10...
trial 8 of 10...
trial 9 of 10...
trial 10 of 10...
Problem type: 3gen_split3 - 16/20
trial 1 of 10...

=== PROMPT ===

System message: You are able to solve letter-string analogies

User message: Use the following alphabet to complete the pattern.

a l c d e f g h i j k b m n o p q r s t u v w x y z

First, describe 3 relevant exemplars that are distinct from this problem, then give the final answer. Answer with only the examples and the final answer with no further explanation. Put your final answer between double brackets. Note that the alphabet may be in an unfamiliar order. Complete the pattern using this order.

[a l c d] [a l c d e]
[u u x x t t x x s s x x r r x x] [


--- TARGET LETTERS ---

['u', 'u', 'x', 'x', 't', 't', 'x', 'x', 's', 's', 'x', 'x', 'r', 'r', 'x', 'x', 'q', 'q', 'x', 'x']
Full Qwen output: 1. [a b c d] [a b c d e]  
2. [x y z a] [x y z a b]  
3. [m n o p] [m n o p q]  

[[u u x x t t x x s s x x r r x x q q x x p p x x o o x x n n x x l l x x k k x x j j x x i i x x h h x x g g x x f f x x e e x x d d x x c c x x b b x x a a]]
Filtered Qwen output: u u x x t t x x s s x x r r x x q q x x p p x x o o x x n n x x l l x x k k x x j j x x i i x x h h x x g g x x f f x x e e x x d d x x c c x x b b x x a a
trial 2 of 10...
trial 3 of 10...
trial 4 of 10...
trial 5 of 10...
trial 6 of 10...
trial 7 of 10...
trial 8 of 10...
trial 9 of 10...
trial 10 of 10...
Problem type: 3gen_split4 - 17/20
trial 1 of 10...

=== PROMPT ===

System message: You are able to solve letter-string analogies

User message: Use the following alphabet to complete the pattern.

a l c d e f g h i j k b m n o p q r s t u v w x y z

First, describe 3 relevant exemplars that are distinct from this problem, then give the final answer. Answer with only the examples and the final answer with no further explanation. Put your final answer between double brackets. Note that the alphabet may be in an unfamiliar order. Complete the pattern using this order.

[g h i r k] [g h i j k]
[20 0 4 0 3 0 2 0 1 0] [


--- TARGET LETTERS ---

[np.int64(5), '0', np.int64(4), '0', np.int64(3), '0', np.int64(2), '0', np.int64(1), '0']
Full Qwen output: a b c d e f g h i j k l m n o p q r s t u v w x y z  
b c d e f g h i j k l m n o p q r s t u v w x y z a  
c d e f g h i j k l m n o p q r s t u v w x y z a b  

[[g h i j k]]
Filtered Qwen output: g h i j k
trial 2 of 10...
trial 3 of 10...
trial 4 of 10...
trial 5 of 10...
trial 6 of 10...
trial 7 of 10...
trial 8 of 10...
trial 9 of 10...
trial 10 of 10...
Problem type: 3gen_split5 - 18/20
trial 1 of 10...

=== PROMPT ===

System message: You are able to solve letter-string analogies

User message: Use the following alphabet to complete the pattern.

a l c d e f g h i j k b m n o p q r s t u v w x y z

First, describe 3 relevant exemplars that are distinct from this problem, then give the final answer. Answer with only the examples and the final answer with no further explanation. Put your final answer between double brackets. Note that the alphabet may be in an unfamiliar order. Complete the pattern using this order.

[o p q r] [o p q s]
[j j h h f f d d] [


--- TARGET LETTERS ---

['j', 'j', 'h', 'h', 'f', 'f', 'l', 'l']
Full Qwen output: 1. [a b c d] [a b c e]  
2. [x y z a] [x y z b]  
3. [m n o p] [m n o q]  

[[j j h h f f d d] [j j h h f f d e]]
Filtered Qwen output: j j h h f f d d] [j j h h f f d e
trial 2 of 10...
trial 3 of 10...
trial 4 of 10...
trial 5 of 10...
trial 6 of 10...
trial 7 of 10...
trial 8 of 10...
trial 9 of 10...
trial 10 of 10...
Problem type: 3gen_split6 - 19/20
trial 1 of 10...

=== PROMPT ===

System message: You are able to solve letter-string analogies

User message: Use the following alphabet to complete the pattern.

a l c d e f g h i j k b m n o p q r s t u v w x y z

First, describe 3 relevant exemplars that are distinct from this problem, then give the final answer. Answer with only the examples and the final answer with no further explanation. Put your final answer between double brackets. Note that the alphabet may be in an unfamiliar order. Complete the pattern using this order.

[l c d e] [a c d e]
[g g i i k k m m o o q q s s u u] [


--- TARGET LETTERS ---

['e', 'e', 'i', 'i', 'k', 'k', 'm', 'm', 'o', 'o', 'q', 'q', 's', 's', 'u', 'u']
Full Qwen output: 1. [b d f h] [a c e g]  
2. [x y z a] [w x y z]  
3. [m o q s] [k m o q]  

[[g g i i k k m m o o q q s s u u] [g g i i k k m m o o q q s s u u]]
Filtered Qwen output: g g i i k k m m o o q q s s u u] [g g i i k k m m o o q q s s u u
trial 2 of 10...
trial 3 of 10...
trial 4 of 10...
trial 5 of 10...
trial 6 of 10...
trial 7 of 10...
trial 8 of 10...
trial 9 of 10...
trial 10 of 10...
Problem type: 3gensplit7 - 20/20
trial 1 of 10...

=== PROMPT ===

System message: You are able to solve letter-string analogies

User message: Use the following alphabet to complete the pattern.

a l c d e f g h i j k b m n o p q r s t u v w x y z

First, describe 3 relevant exemplars that are distinct from this problem, then give the final answer. Answer with only the examples and the final answer with no further explanation. Put your final answer between double brackets. Note that the alphabet may be in an unfamiliar order. Complete the pattern using this order.

[f g h i] [e g h i]
[2 2 0 0 3 3 0 0 4 4 0 0 5 5 0 0] [


--- TARGET LETTERS ---

[np.int64(1), np.int64(1), '0', '0', np.int64(3), np.int64(3), '0', '0', np.int64(4), np.int64(4), '0', '0', np.int64(5), np.int64(5), '0', '0']
Full Qwen output: Examples:  
[1 1 2 2 3 3 4 4] [1 2 3 4]  
[apple banana cherry] [apple cherry]  
[red blue green yellow] [blue yellow]  

[[d g h i]]
Filtered Qwen output: d g h i
trial 2 of 10...
trial 3 of 10...
trial 4 of 10...
trial 5 of 10...
trial 6 of 10...
trial 7 of 10...
trial 8 of 10...
trial 9 of 10...
trial 10 of 10...
alph_2
a b c d e f g h i j k l m n o p q r w t u v s x y z
Problem type: larger_int - 1/20
trial 1 of 10...

=== PROMPT ===

System message: You are able to solve letter-string analogies

User message: Use the following alphabet to complete the pattern.

a b c d e f g h i j k l m n o p q r w t u v s x y z

First, describe 3 relevant exemplars that are distinct from this problem, then give the final answer. Answer with only the examples and the final answer with no further explanation. Put your final answer between double brackets. Note that the alphabet may be in an unfamiliar order. Complete the pattern using this order.

[t u v s] [t u v s x]
[i k m o] [


--- TARGET LETTERS ---

['i', 'k', 'm', 'o', 'q']
Full Qwen output: 1. [a c e g] [a c e g i]  
2. [b d f h] [b d f h j]  
3. [j l n p] [j l n p r]  

[[i k m o] [i k m o q]]
Filtered Qwen output: i k m o] [i k m o q
trial 2 of 10...
trial 3 of 10...
trial 4 of 10...
trial 5 of 10...
trial 6 of 10...
trial 7 of 10...
trial 8 of 10...
trial 9 of 10...
trial 10 of 10...
Problem type: longer_targ - 2/20
trial 1 of 10...

=== PROMPT ===

System message: You are able to solve letter-string analogies

User message: Use the following alphabet to complete the pattern.

a b c d e f g h i j k l m n o p q r w t u v s x y z

First, describe 3 relevant exemplars that are distinct from this problem, then give the final answer. Answer with only the examples and the final answer with no further explanation. Put your final answer between double brackets. Note that the alphabet may be in an unfamiliar order. Complete the pattern using this order.

[n o p q] [n o p r]
[q r w t u v s x] [


--- TARGET LETTERS ---

['q', 'r', 'w', 't', 'u', 'v', 's', 'y']
Full Qwen output: 1. [a b c d] [a b c e]  
2. [x y z a] [x y z b]  
3. [m n o p] [m n o q]  

[[q r w t u v s y]]
Filtered Qwen output: q r w t u v s y
trial 2 of 10...
trial 3 of 10...
trial 4 of 10...
trial 5 of 10...
trial 6 of 10...
trial 7 of 10...
trial 8 of 10...
trial 9 of 10...
trial 10 of 10...
Problem type: group - 3/20
trial 1 of 10...

=== PROMPT ===

System message: You are able to solve letter-string analogies

User message: Use the following alphabet to complete the pattern.

a b c d e f g h i j k l m n o p q r w t u v s x y z

First, describe 3 relevant exemplars that are distinct from this problem, then give the final answer. Answer with only the examples and the final answer with no further explanation. Put your final answer between double brackets. Note that the alphabet may be in an unfamiliar order. Complete the pattern using this order.

[p q r w] [p q r w t]
[u u v v s s x x] [


--- TARGET LETTERS ---

['u', 'u', 'v', 'v', 's', 's', 'x', 'x', 'y', 'y']
Full Qwen output: 1. [a b c d] [a b c d e]  
2. [x y z a] [x y z a b]  
3. [m n o p] [m n o p q]  

[[u u v v s s x x y y z z a a]]
Filtered Qwen output: u u v v s s x x y y z z a a
trial 2 of 10...
trial 3 of 10...
trial 4 of 10...
trial 5 of 10...
trial 6 of 10...
trial 7 of 10...
trial 8 of 10...
trial 9 of 10...
trial 10 of 10...
Problem type: interleaved - 4/20
trial 1 of 10...

=== PROMPT ===

System message: You are able to solve letter-string analogies

User message: Use the following alphabet to complete the pattern.

a b c d e f g h i j k l m n o p q r w t u v s x y z

First, describe 3 relevant exemplars that are distinct from this problem, then give the final answer. Answer with only the examples and the final answer with no further explanation. Put your final answer between double brackets. Note that the alphabet may be in an unfamiliar order. Complete the pattern using this order.

[d u v s x] [t u v s x]
[g x t x u x v x s x] [


--- TARGET LETTERS ---

['w', 'x', 't', 'x', 'u', 'x', 'v', 'x', 's', 'x']
Full Qwen output: 1. [a b c d e] [f g h i j]  
2. [m n o p q] [r s t u v]  
3. [k l m n o] [p q r s t]  

[[h x t x u x v x s x]]
Filtered Qwen output: h x t x u x v x s x
trial 2 of 10...
trial 3 of 10...
trial 4 of 10...
trial 5 of 10...
trial 6 of 10...
trial 7 of 10...
trial 8 of 10...
trial 9 of 10...
trial 10 of 10...
Problem type: letter2num - 5/20
trial 1 of 10...

=== PROMPT ===

System message: You are able to solve letter-string analogies

User message: Use the following alphabet to complete the pattern.

a b c d e f g h i j k l m n o p q r w t u v s x y z

First, describe 3 relevant exemplars that are distinct from this problem, then give the final answer. Answer with only the examples and the final answer with no further explanation. Put your final answer between double brackets. Note that the alphabet may be in an unfamiliar order. Complete the pattern using this order.

[u v s x] [u v s y]
[22 23 24 25] [


--- TARGET LETTERS ---

[np.int64(22), np.int64(23), np.int64(24), np.int64(26)]
Full Qwen output: 1. [a b c d] [a b c e]  
2. [m n o p] [m n o q]  
3. [g h i j] [g h i k]  

[[u v s z]]
Filtered Qwen output: u v s z
trial 2 of 10...
trial 3 of 10...
trial 4 of 10...
trial 5 of 10...
trial 6 of 10...
trial 7 of 10...
trial 8 of 10...
trial 9 of 10...
trial 10 of 10...
Problem type: reverse - 6/20
trial 1 of 10...

=== PROMPT ===

System message: You are able to solve letter-string analogies

User message: Use the following alphabet to complete the pattern.

a b c d e f g h i j k l m n o p q r w t u v s x y z

First, describe 3 relevant exemplars that are distinct from this problem, then give the final answer. Answer with only the examples and the final answer with no further explanation. Put your final answer between double brackets. Note that the alphabet may be in an unfamiliar order. Complete the pattern using this order.

[v s s x y z] [v s x y z]
[i h g f e e] [


--- TARGET LETTERS ---

['i', 'h', 'g', 'f', 'e']
Full Qwen output: 1. [a b c d e f] [a b c d e]  
2. [m n o p q r] [m n o p q]  
3. [t u v w x y] [t u v w x]  

[[i h g f e] [i h g f]]
Filtered Qwen output: i h g f e] [i h g f
trial 2 of 10...
trial 3 of 10...
trial 4 of 10...
trial 5 of 10...
trial 6 of 10...
trial 7 of 10...
trial 8 of 10...
trial 9 of 10...
trial 10 of 10...
Problem type: 2gen_split1 - 7/20
trial 1 of 10...

=== PROMPT ===

System message: You are able to solve letter-string analogies

User message: Use the following alphabet to complete the pattern.

a b c d e f g h i j k l m n o p q r w t u v s x y z

First, describe 3 relevant exemplars that are distinct from this problem, then give the final answer. Answer with only the examples and the final answer with no further explanation. Put your final answer between double brackets. Note that the alphabet may be in an unfamiliar order. Complete the pattern using this order.

[r s x y z] [v s x y z]
[h h j j c c n n p p] [


--- TARGET LETTERS ---

['h', 'h', 'j', 'j', 'l', 'l', 'n', 'n', 'p', 'p']
Full Qwen output: a b c d e f g h i j k l m n o p q r w t u v s x y z

Examples:  
[dog cat bat] [rat cat bat]  
[red blue green] [blue green red]  
[1 2 3 4] [3 4 1 2]

[[r s x y z] [v s x y z]] [[h h j j c c n n p p] [h h j j c c n n p p]]
Filtered Qwen output: r s x y z] [v s x y z
trial 2 of 10...
trial 3 of 10...
trial 4 of 10...
trial 5 of 10...
trial 6 of 10...
trial 7 of 10...
trial 8 of 10...
trial 9 of 10...
trial 10 of 10...
Problem type: 2gen_split2 - 8/20
trial 1 of 10...

=== PROMPT ===

System message: You are able to solve letter-string analogies

User message: Use the following alphabet to complete the pattern.

a b c d e f g h i j k l m n o p q r w t u v s x y z

First, describe 3 relevant exemplars that are distinct from this problem, then give the final answer. Answer with only the examples and the final answer with no further explanation. Put your final answer between double brackets. Note that the alphabet may be in an unfamiliar order. Complete the pattern using this order.

[o p q r j] [o p q r w]
[z z a a x x s s v v] [


--- TARGET LETTERS ---

['z', 'z', 'y', 'y', 'x', 'x', 's', 's', 'v', 'v']
Full Qwen output: 1. [a b c d e] [a b c d f]  
2. [x y z a b] [x y z a c]  
3. [m n o p q] [m n o p r]  

[[z z a a x x s s v v] [z z a a x x s s v w]]
Filtered Qwen output: z z a a x x s s v v] [z z a a x x s s v w
trial 2 of 10...
trial 3 of 10...
trial 4 of 10...
trial 5 of 10...
trial 6 of 10...
trial 7 of 10...
trial 8 of 10...
trial 9 of 10...
trial 10 of 10...
Problem type: 2gen_split3 - 9/20
trial 1 of 10...

=== PROMPT ===

System message: You are able to solve letter-string analogies

User message: Use the following alphabet to complete the pattern.

a b c d e f g h i j k l m n o p q r w t u v s x y z

First, describe 3 relevant exemplars that are distinct from this problem, then give the final answer. Answer with only the examples and the final answer with no further explanation. Put your final answer between double brackets. Note that the alphabet may be in an unfamiliar order. Complete the pattern using this order.

[p q r w] [p q r t]
[c x d x e x f x g x h x i x j x] [


--- TARGET LETTERS ---

['c', 'x', 'd', 'x', 'e', 'x', 'f', 'x', 'g', 'x', 'h', 'x', 'i', 'x', 'k', 'x']
Full Qwen output: 1. [a b c d] [a b c e]  
2. [m n o p] [m n o q]  
3. [s t u v] [s t u w]  

[[c x d x e x f x g x h x i x j x] [c x d x e x f x g x h x i x j x k x]]
Filtered Qwen output: c x d x e x f x g x h x i x j x] [c x d x e x f x g x h x i x j x k x
trial 2 of 10...
trial 3 of 10...
trial 4 of 10...
trial 5 of 10...
trial 6 of 10...
trial 7 of 10...
trial 8 of 10...
trial 9 of 10...
trial 10 of 10...
Problem type: 2gen_split4 - 10/20
trial 1 of 10...

=== PROMPT ===

System message: You are able to solve letter-string analogies

User message: Use the following alphabet to complete the pattern.

a b c d e f g h i j k l m n o p q r w t u v s x y z

First, describe 3 relevant exemplars that are distinct from this problem, then give the final answer. Answer with only the examples and the final answer with no further explanation. Put your final answer between double brackets. Note that the alphabet may be in an unfamiliar order. Complete the pattern using this order.

[w w t u v s] [w t u v s]
[j x k x l x m x n x n x o x p x q x r x] [


--- TARGET LETTERS ---

['j', 'x', 'k', 'x', 'l', 'x', 'm', 'x', 'n', 'x', 'o', 'x', 'p', 'x', 'q', 'x', 'r', 'x']
Full Qwen output: a b c d e f g h i j k l m n o p q r s t u v w x y z  
b c d e f g h i j k l m n o p q r s t u v w x y z a  
c d e f g h i j k l m n o p q r s t u v w x y z a b  

[[w t u v s x]]
Filtered Qwen output: w t u v s x
trial 2 of 10...
trial 3 of 10...
trial 4 of 10...
trial 5 of 10...
trial 6 of 10...
trial 7 of 10...
trial 8 of 10...
trial 9 of 10...
trial 10 of 10...
Problem type: 2gen_split5 - 11/20
trial 1 of 10...

=== PROMPT ===

System message: You are able to solve letter-string analogies

User message: Use the following alphabet to complete the pattern.

a b c d e f g h i j k l m n o p q r w t u v s x y z

First, describe 3 relevant exemplars that are distinct from this problem, then give the final answer. Answer with only the examples and the final answer with no further explanation. Put your final answer between double brackets. Note that the alphabet may be in an unfamiliar order. Complete the pattern using this order.

[d e f g h h] [d e f g h]
[21 21 22 22 23 23 23 23 24 24 25 25] [


--- TARGET LETTERS ---

[np.int64(21), np.int64(21), np.int64(22), np.int64(22), np.int64(23), np.int64(23), np.int64(24), np.int64(24), np.int64(25), np.int64(25)]
Full Qwen output: a b c d e f g h i j k l m n o p q r w t u v s x y z

Examples:  
[1 2 3 4 5 5] [1 2 3 4 5]  
[apple pie] [apple]  
[1 1 2 2 3 3 3 3 4 4 5 5] [1 1 2 2 3 3]

Final answer: [[d e f g h h h h i i j j] [d e f g h]]
Filtered Qwen output: d e f g h h h h i i j j] [d e f g h
trial 2 of 10...
trial 3 of 10...
trial 4 of 10...
trial 5 of 10...
trial 6 of 10...
trial 7 of 10...
trial 8 of 10...
trial 9 of 10...
trial 10 of 10...
Problem type: 2gen_split6 - 12/20
trial 1 of 10...

=== PROMPT ===

System message: You are able to solve letter-string analogies

User message: Use the following alphabet to complete the pattern.

a b c d e f g h i j k l m n o p q r w t u v s x y z

First, describe 3 relevant exemplars that are distinct from this problem, then give the final answer. Answer with only the examples and the final answer with no further explanation. Put your final answer between double brackets. Note that the alphabet may be in an unfamiliar order. Complete the pattern using this order.

[u v s x] [t v s x]
[c e g i k m o q] [


--- TARGET LETTERS ---

['a', 'e', 'g', 'i', 'k', 'm', 'o', 'q']
Full Qwen output: 1. [a c e g] [b d f h]  
2. [m o q s] [n p r t]  
3. [d f h j l n p] [e g i k m o q]  

[[c e g i k m o q] [d f h j l n p]]
Filtered Qwen output: c e g i k m o q] [d f h j l n p
trial 2 of 10...
trial 3 of 10...
trial 4 of 10...
trial 5 of 10...
trial 6 of 10...
trial 7 of 10...
trial 8 of 10...
trial 9 of 10...
trial 10 of 10...
Problem type: 2gensplit7 - 13/20
trial 1 of 10...

=== PROMPT ===

System message: You are able to solve letter-string analogies

User message: Use the following alphabet to complete the pattern.

a b c d e f g h i j k l m n o p q r w t u v s x y z

First, describe 3 relevant exemplars that are distinct from this problem, then give the final answer. Answer with only the examples and the final answer with no further explanation. Put your final answer between double brackets. Note that the alphabet may be in an unfamiliar order. Complete the pattern using this order.

[f g h j i] [f g h i j]
[i k m w q o u s y] [


--- TARGET LETTERS ---

['i', 'k', 'm', 'o', 'q', 'w', 'u', 's', 'y']
Full Qwen output: 1. [a b c d e] [a b c d e f]  
2. [x y z a b] [x y z a b c]  
3. [m n o p q] [m n o p q r]  

[[i k m w q o u s y] [i k m w q o u s y z]]
Filtered Qwen output: i k m w q o u s y] [i k m w q o u s y z
trial 2 of 10...
trial 3 of 10...
trial 4 of 10...
trial 5 of 10...
trial 6 of 10...
trial 7 of 10...
trial 8 of 10...
trial 9 of 10...
trial 10 of 10...
Problem type: 3gen_split1 - 14/20
trial 1 of 10...

=== PROMPT ===

System message: You are able to solve letter-string analogies

User message: Use the following alphabet to complete the pattern.

a b c d e f g h i j k l m n o p q r w t u v s x y z

First, describe 3 relevant exemplars that are distinct from this problem, then give the final answer. Answer with only the examples and the final answer with no further explanation. Put your final answer between double brackets. Note that the alphabet may be in an unfamiliar order. Complete the pattern using this order.

[w t u v] [w t u s]
[19 19 18 18 17 17 16 16] [


--- TARGET LETTERS ---

[np.int64(19), np.int64(19), np.int64(18), np.int64(18), np.int64(17), np.int64(17), np.int64(15), np.int64(15)]
Full Qwen output: a b c d e f g h i j k l m n o p q r w t u v s x y z

Examples:  
[cat dog] [cat dog]  
[1 2 3 4] [1 2 3 4]  
[red blue green] [red blue green]

[[w t u s]]
Filtered Qwen output: w t u s
trial 2 of 10...
trial 3 of 10...
trial 4 of 10...
trial 5 of 10...
trial 6 of 10...
trial 7 of 10...
trial 8 of 10...
trial 9 of 10...
trial 10 of 10...
Problem type: 3gen_split2 - 15/20
trial 1 of 10...

=== PROMPT ===

System message: You are able to solve letter-string analogies

User message: Use the following alphabet to complete the pattern.

a b c d e f g h i j k l m n o p q r w t u v s x y z

First, describe 3 relevant exemplars that are distinct from this problem, then give the final answer. Answer with only the examples and the final answer with no further explanation. Put your final answer between double brackets. Note that the alphabet may be in an unfamiliar order. Complete the pattern using this order.

[h i j k] [h i j k l]
[s x u x w x q x] [


--- TARGET LETTERS ---

['s', 'x', 'u', 'x', 'w', 'x', 'q', 'x', 'o', 'x']
Full Qwen output: 1. [a b c] [a b c d]  
2. [m n o] [m n o p]  
3. [p q r] [p q r s]  

[[s x u x w x q x r x]]
Filtered Qwen output: s x u x w x q x r x
trial 2 of 10...
trial 3 of 10...
trial 4 of 10...
trial 5 of 10...
trial 6 of 10...
trial 7 of 10...
trial 8 of 10...
trial 9 of 10...
trial 10 of 10...
Problem type: 3gen_split3 - 16/20
trial 1 of 10...

=== PROMPT ===

System message: You are able to solve letter-string analogies

User message: Use the following alphabet to complete the pattern.

a b c d e f g h i j k l m n o p q r w t u v s x y z

First, describe 3 relevant exemplars that are distinct from this problem, then give the final answer. Answer with only the examples and the final answer with no further explanation. Put your final answer between double brackets. Note that the alphabet may be in an unfamiliar order. Complete the pattern using this order.

[p o q r w] [o p q r w]
[19 0 21 0 25 0 23 0] [


--- TARGET LETTERS ---

[np.int64(19), '0', np.int64(21), '0', np.int64(23), '0', np.int64(25), '0']
Full Qwen output: a b c d e f g h i j k l m n o p q r w t u v s x y z

Examples:  
[cat] [act]  
[dog] [god]  
[stop] [post]

[[p o q r w] [o p q r w]]
Filtered Qwen output: p o q r w] [o p q r w
trial 2 of 10...
trial 3 of 10...
trial 4 of 10...
trial 5 of 10...
trial 6 of 10...
trial 7 of 10...
trial 8 of 10...
trial 9 of 10...
trial 10 of 10...
Problem type: 3gen_split4 - 17/20
trial 1 of 10...

=== PROMPT ===

System message: You are able to solve letter-string analogies

User message: Use the following alphabet to complete the pattern.

a b c d e f g h i j k l m n o p q r w t u v s x y z

First, describe 3 relevant exemplars that are distinct from this problem, then give the final answer. Answer with only the examples and the final answer with no further explanation. Put your final answer between double brackets. Note that the alphabet may be in an unfamiliar order. Complete the pattern using this order.

[r w t u] [q w t u]
[20 20 0 0 21 21 0 0 22 22 0 0 23 23 0 0] [


--- TARGET LETTERS ---

[np.int64(19), np.int64(19), '0', '0', np.int64(21), np.int64(21), '0', '0', np.int64(22), np.int64(22), '0', '0', np.int64(23), np.int64(23), '0', '0']
Full Qwen output: a b c d e f g h i j k l m n o p q r w t u v s x y z

Examples:  
[dog cat] [dog cat]  
[1 2 3] [1 2 3]  
[red blue green] [red blue green]

[[r w t u] [q w t u]]  
[[20 20 0 0 21 21 0 0 22 22 0 0 23 23 0 0] [19 19 0 0
Filtered Qwen output: r w t u] [q w t u
trial 2 of 10...
trial 3 of 10...
trial 4 of 10...
trial 5 of 10...
trial 6 of 10...
trial 7 of 10...
trial 8 of 10...
trial 9 of 10...
trial 10 of 10...
Problem type: 3gen_split5 - 18/20
trial 1 of 10...

=== PROMPT ===

System message: You are able to solve letter-string analogies

User message: Use the following alphabet to complete the pattern.

a b c d e f g h i j k l m n o p q r w t u v s x y z

First, describe 3 relevant exemplars that are distinct from this problem, then give the final answer. Answer with only the examples and the final answer with no further explanation. Put your final answer between double brackets. Note that the alphabet may be in an unfamiliar order. Complete the pattern using this order.

[c d e f] [b d e f]
[s s u u w w q q] [


--- TARGET LETTERS ---

['y', 'y', 'u', 'u', 'w', 'w', 'q', 'q']
Full Qwen output: 1. [a b c d] [a c d e]  
2. [x y z a] [y z a b]  
3. [m n o p] [n o p q]  

[[r s t u] [s t u v]]
Filtered Qwen output: r s t u] [s t u v
trial 2 of 10...
trial 3 of 10...
trial 4 of 10...
trial 5 of 10...
trial 6 of 10...
trial 7 of 10...
trial 8 of 10...
trial 9 of 10...
trial 10 of 10...
Problem type: 3gen_split6 - 19/20
trial 1 of 10...

=== PROMPT ===

System message: You are able to solve letter-string analogies

User message: Use the following alphabet to complete the pattern.

a b c d e f g h i j k l m n o p q r w t u v s x y z

First, describe 3 relevant exemplars that are distinct from this problem, then give the final answer. Answer with only the examples and the final answer with no further explanation. Put your final answer between double brackets. Note that the alphabet may be in an unfamiliar order. Complete the pattern using this order.

[a q r w t] [p q r w t]
[g g x x k k x x m m x x o o x x q q x x] [


--- TARGET LETTERS ---

['i', 'i', 'x', 'x', 'k', 'k', 'x', 'x', 'm', 'm', 'x', 'x', 'o', 'o', 'x', 'x', 'q', 'q', 'x', 'x']
Full Qwen output: 1. [a b c d e] [f g h i j]  
2. [x y z a b] [c d e f g]  
3. [m n o p q] [r s t u v]  

[[s t u v s x y z]]
Filtered Qwen output: s t u v s x y z
trial 2 of 10...
trial 3 of 10...
trial 4 of 10...
trial 5 of 10...
trial 6 of 10...
trial 7 of 10...
trial 8 of 10...
trial 9 of 10...
trial 10 of 10...
Problem type: 3gensplit7 - 20/20
trial 1 of 10...

=== PROMPT ===

System message: You are able to solve letter-string analogies

User message: Use the following alphabet to complete the pattern.

a b c d e f g h i j k l m n o p q r w t u v s x y z

First, describe 3 relevant exemplars that are distinct from this problem, then give the final answer. Answer with only the examples and the final answer with no further explanation. Put your final answer between double brackets. Note that the alphabet may be in an unfamiliar order. Complete the pattern using this order.

[j k l m] [i k l m]
[q q x x w w x x u u x x s s x x] [


--- TARGET LETTERS ---

['o', 'o', 'x', 'x', 'w', 'w', 'x', 'x', 'u', 'u', 'x', 'x', 's', 's', 'x', 'x']
Full Qwen output: a b c d e f g h i j k l m n o p q r w t u v s x y z

Examples:  
[cat] [act]  
[dog] [god]  
[listen] [silent]

[[q q x x w w x x u u x x s s x x] [q q x x w w x x s s x x u u x x]]
Filtered Qwen output: q q x x w w x x u u x x s s x x] [q q x x w w x x s s x x u u x x
trial 2 of 10...
trial 3 of 10...
trial 4 of 10...
trial 5 of 10...
trial 6 of 10...
trial 7 of 10...
trial 8 of 10...
trial 9 of 10...
trial 10 of 10...
alph_3
a b c d e f g h i j k l m n o p y r s t u v w x q z
Problem type: larger_int - 1/20
trial 1 of 10...

=== PROMPT ===

System message: You are able to solve letter-string analogies

User message: Use the following alphabet to complete the pattern.

a b c d e f g h i j k l m n o p y r s t u v w x q z

First, describe 3 relevant exemplars that are distinct from this problem, then give the final answer. Answer with only the examples and the final answer with no further explanation. Put your final answer between double brackets. Note that the alphabet may be in an unfamiliar order. Complete the pattern using this order.

[v w x q] [v w x z]
[f h j l] [


--- TARGET LETTERS ---

['f', 'h', 'j', 'n']
Full Qwen output: 1. [a c e g] [a c e i]  
2. [b d f h] [b d f j]  
3. [m o q s] [m o q u]  

[[f h j n]]
Filtered Qwen output: f h j n
trial 2 of 10...
trial 3 of 10...
trial 4 of 10...
trial 5 of 10...
trial 6 of 10...
trial 7 of 10...
trial 8 of 10...
trial 9 of 10...
trial 10 of 10...
Problem type: longer_targ - 2/20
trial 1 of 10...

=== PROMPT ===

System message: You are able to solve letter-string analogies

User message: Use the following alphabet to complete the pattern.

a b c d e f g h i j k l m n o p y r s t u v w x q z

First, describe 3 relevant exemplars that are distinct from this problem, then give the final answer. Answer with only the examples and the final answer with no further explanation. Put your final answer between double brackets. Note that the alphabet may be in an unfamiliar order. Complete the pattern using this order.

[n y p o r] [n o p y r]
[k l m n r p y o s] [


--- TARGET LETTERS ---

['k', 'l', 'm', 'n', 'o', 'p', 'y', 'r', 's']
Full Qwen output: 1. [a b c d e] [a d c b e]  
2. [x y z a b] [x a z y b]  
3. [m n o p q] [m p o n q]  

[[k l m n r p y o s] [k n m l r p y o s]]
Filtered Qwen output: k l m n r p y o s] [k n m l r p y o s
trial 2 of 10...
trial 3 of 10...
trial 4 of 10...
trial 5 of 10...
trial 6 of 10...
trial 7 of 10...
trial 8 of 10...
trial 9 of 10...
trial 10 of 10...
Problem type: group - 3/20
trial 1 of 10...

=== PROMPT ===

System message: You are able to solve letter-string analogies

User message: Use the following alphabet to complete the pattern.

a b c d e f g h i j k l m n o p y r s t u v w x q z

First, describe 3 relevant exemplars that are distinct from this problem, then give the final answer. Answer with only the examples and the final answer with no further explanation. Put your final answer between double brackets. Note that the alphabet may be in an unfamiliar order. Complete the pattern using this order.

[u v w x] [u v w x q]
[t t u u v v w w] [


--- TARGET LETTERS ---

['t', 't', 'u', 'u', 'v', 'v', 'w', 'w', 'x', 'x']
Full Qwen output: 1. [a b c d] [a b c d e]  
2. [m n o p] [m n o p y]  
3. [s t u v] [s t u v w]  

[[t t u u v v w w x x q q]]
Filtered Qwen output: t t u u v v w w x x q q
trial 2 of 10...
trial 3 of 10...
trial 4 of 10...
trial 5 of 10...
trial 6 of 10...
trial 7 of 10...
trial 8 of 10...
trial 9 of 10...
trial 10 of 10...
Problem type: interleaved - 4/20
trial 1 of 10...

=== PROMPT ===

System message: You are able to solve letter-string analogies

User message: Use the following alphabet to complete the pattern.

a b c d e f g h i j k l m n o p y r s t u v w x q z

First, describe 3 relevant exemplars that are distinct from this problem, then give the final answer. Answer with only the examples and the final answer with no further explanation. Put your final answer between double brackets. Note that the alphabet may be in an unfamiliar order. Complete the pattern using this order.

[l m n o] [l m n p]
[v x w x x x q x] [


--- TARGET LETTERS ---

['v', 'x', 'w', 'x', 'x', 'x', 'z', 'x']
Full Qwen output: 1. [a b c d] [a b c e]  
2. [g h i j] [g h i k]  
3. [p q r s] [p q r t]  

[[v x w x x x q x] [v x w x x x q y]]
Filtered Qwen output: v x w x x x q x] [v x w x x x q y
trial 2 of 10...
trial 3 of 10...
trial 4 of 10...
trial 5 of 10...
trial 6 of 10...
trial 7 of 10...
trial 8 of 10...
trial 9 of 10...
trial 10 of 10...
Problem type: letter2num - 5/20
trial 1 of 10...

=== PROMPT ===

System message: You are able to solve letter-string analogies

User message: Use the following alphabet to complete the pattern.

a b c d e f g h i j k l m n o p y r s t u v w x q z

First, describe 3 relevant exemplars that are distinct from this problem, then give the final answer. Answer with only the examples and the final answer with no further explanation. Put your final answer between double brackets. Note that the alphabet may be in an unfamiliar order. Complete the pattern using this order.

[u v w x] [u v w x q]
[12 13 14 15] [


--- TARGET LETTERS ---

[np.int64(12), np.int64(13), np.int64(14), np.int64(15), np.int64(16)]
Full Qwen output: 1. [a b c d] [a b c d e]  
2. [m n o p] [m n o p y]  
3. [s t u v] [s t u v w]  

[[12 13 14 15] [12 13 14 15 25]]
Filtered Qwen output: 12 13 14 15] [12 13 14 15 25
trial 2 of 10...
trial 3 of 10...
trial 4 of 10...
trial 5 of 10...
trial 6 of 10...
trial 7 of 10...
trial 8 of 10...
trial 9 of 10...
trial 10 of 10...
Problem type: reverse - 6/20
trial 1 of 10...

=== PROMPT ===

System message: You are able to solve letter-string analogies

User message: Use the following alphabet to complete the pattern.

a b c d e f g h i j k l m n o p y r s t u v w x q z

First, describe 3 relevant exemplars that are distinct from this problem, then give the final answer. Answer with only the examples and the final answer with no further explanation. Put your final answer between double brackets. Note that the alphabet may be in an unfamiliar order. Complete the pattern using this order.

[u j w x q] [u v w x q]
[n m y k j] [


--- TARGET LETTERS ---

['n', 'm', 'l', 'k', 'j']
Full Qwen output: 1. [a b c d e] [a f g h i]  
2. [p q r s t] [p u v w x]  
3. [z a b c d] [z e f g h]  

[[n o p q r]]
Filtered Qwen output: n o p q r
trial 2 of 10...
trial 3 of 10...
trial 4 of 10...
trial 5 of 10...
trial 6 of 10...
trial 7 of 10...
trial 8 of 10...
trial 9 of 10...
trial 10 of 10...
Problem type: 2gen_split1 - 7/20
trial 1 of 10...

=== PROMPT ===

System message: You are able to solve letter-string analogies

User message: Use the following alphabet to complete the pattern.

a b c d e f g h i j k l m n o p y r s t u v w x q z

First, describe 3 relevant exemplars that are distinct from this problem, then give the final answer. Answer with only the examples and the final answer with no further explanation. Put your final answer between double brackets. Note that the alphabet may be in an unfamiliar order. Complete the pattern using this order.

[p z r s t] [p y r s t]
[f x r x j x l x n x] [


--- TARGET LETTERS ---

['f', 'x', 'h', 'x', 'j', 'x', 'l', 'x', 'n', 'x']
Full Qwen output: 1. [a b c d e] [a z c d e]  
2. [g h i j k] [g f i j k]  
3. [m n o p q] [m l o p q]  

[[f w r x j x l x n x]]
Filtered Qwen output: f w r x j x l x n x
trial 2 of 10...
trial 3 of 10...
trial 4 of 10...
trial 5 of 10...
trial 6 of 10...
trial 7 of 10...
trial 8 of 10...
trial 9 of 10...
trial 10 of 10...
Problem type: 2gen_split2 - 8/20
trial 1 of 10...

=== PROMPT ===

System message: You are able to solve letter-string analogies

User message: Use the following alphabet to complete the pattern.

a b c d e f g h i j k l m n o p y r s t u v w x q z

First, describe 3 relevant exemplars that are distinct from this problem, then give the final answer. Answer with only the examples and the final answer with no further explanation. Put your final answer between double brackets. Note that the alphabet may be in an unfamiliar order. Complete the pattern using this order.

[v w x x q z] [v w x q z]
[p x y x r x r x s x t x u x v x w x x x] [


--- TARGET LETTERS ---

['p', 'x', 'y', 'x', 'r', 'x', 's', 'x', 't', 'x', 'u', 'x', 'v', 'x', 'w', 'x', 'x', 'x']
Full Qwen output: a b c d e f g h i j k l m n o p y r s t u v w x q z

Examples:  
[cat] [c a t]  
[dog] [d o g]  
[hat] [h a t]  

[[p x y x r x r x s x t x u x v x w x x x] [p x y x r x r x s x t x u x v x w x x]]
Filtered Qwen output: p x y x r x r x s x t x u x v x w x x x] [p x y x r x r x s x t x u x v x w x x
trial 2 of 10...
trial 3 of 10...
trial 4 of 10...
trial 5 of 10...
trial 6 of 10...
trial 7 of 10...
trial 8 of 10...
trial 9 of 10...
trial 10 of 10...
Problem type: 2gen_split3 - 9/20
trial 1 of 10...

=== PROMPT ===

System message: You are able to solve letter-string analogies

User message: Use the following alphabet to complete the pattern.

a b c d e f g h i j k l m n o p y r s t u v w x q z

First, describe 3 relevant exemplars that are distinct from this problem, then give the final answer. Answer with only the examples and the final answer with no further explanation. Put your final answer between double brackets. Note that the alphabet may be in an unfamiliar order. Complete the pattern using this order.

[i j k k l m] [i j k l m]
[y x r x s x s x t x u x v x w x x x q x] [


--- TARGET LETTERS ---

['y', 'x', 'r', 'x', 's', 'x', 't', 'x', 'u', 'x', 'v', 'x', 'w', 'x', 'x', 'x', 'q', 'x']
Full Qwen output: a b c d e f g h i j k l m n o p y r s t u v w x q z

Examples:  
[abc] [ab]  
[1234] [123]  
[red] [re]

[[y x r x s x s x t x u x v x w x x x q x] [y x r x s x s x t x u x v x w x x q]]
Filtered Qwen output: y x r x s x s x t x u x v x w x x x q x] [y x r x s x s x t x u x v x w x x q
trial 2 of 10...
trial 3 of 10...
trial 4 of 10...
trial 5 of 10...
trial 6 of 10...
trial 7 of 10...
trial 8 of 10...
trial 9 of 10...
trial 10 of 10...
Problem type: 2gen_split4 - 10/20
trial 1 of 10...

=== PROMPT ===

System message: You are able to solve letter-string analogies

User message: Use the following alphabet to complete the pattern.

a b c d e f g h i j k l m n o p y r s t u v w x q z

First, describe 3 relevant exemplars that are distinct from this problem, then give the final answer. Answer with only the examples and the final answer with no further explanation. Put your final answer between double brackets. Note that the alphabet may be in an unfamiliar order. Complete the pattern using this order.

[v w x q] [v w x z]
[t s r y p o n m] [


--- TARGET LETTERS ---

['t', 's', 'r', 'y', 'p', 'o', 'n', 'l']
Full Qwen output: 1. [a b c d] [a b c e]  
2. [g h i j] [g h i k]  
3. [l m n o] [l m n p]  

[[t s r y p o n l]]
Filtered Qwen output: t s r y p o n l
trial 2 of 10...
trial 3 of 10...
trial 4 of 10...
trial 5 of 10...
trial 6 of 10...
trial 7 of 10...
trial 8 of 10...
trial 9 of 10...
trial 10 of 10...
Problem type: 2gen_split5 - 11/20
trial 1 of 10...

=== PROMPT ===

System message: You are able to solve letter-string analogies

User message: Use the following alphabet to complete the pattern.

a b c d e f g h i j k l m n o p y r s t u v w x q z

First, describe 3 relevant exemplars that are distinct from this problem, then give the final answer. Answer with only the examples and the final answer with no further explanation. Put your final answer between double brackets. Note that the alphabet may be in an unfamiliar order. Complete the pattern using this order.

[v w w x q z] [v w x q z]
[p p p p y y r r s s t t u u v v w w x x] [


--- TARGET LETTERS ---

['p', 'p', 'y', 'y', 'r', 'r', 's', 's', 't', 't', 'u', 'u', 'v', 'v', 'w', 'w', 'x', 'x']
Full Qwen output: a b c d e f g h i j k l m n o p y r s t u v w x q z

Examples:  
[abc] [ab]  
[1234] [123]  
[red] [re]

[[v w x q z]]
Filtered Qwen output: v w x q z
trial 2 of 10...
trial 3 of 10...
trial 4 of 10...
trial 5 of 10...
trial 6 of 10...
trial 7 of 10...
trial 8 of 10...
trial 9 of 10...
trial 10 of 10...
Problem type: 2gen_split6 - 12/20
trial 1 of 10...

=== PROMPT ===

System message: You are able to solve letter-string analogies

User message: Use the following alphabet to complete the pattern.

a b c d e f g h i j k l m n o p y r s t u v w x q z

First, describe 3 relevant exemplars that are distinct from this problem, then give the final answer. Answer with only the examples and the final answer with no further explanation. Put your final answer between double brackets. Note that the alphabet may be in an unfamiliar order. Complete the pattern using this order.

[o p y r] [n p y r]
[c x e x g x i x] [


--- TARGET LETTERS ---

['a', 'x', 'e', 'x', 'g', 'x', 'i', 'x']
Full Qwen output: 1. [a b c d] [e f g h]  
2. [m n o p] [q r s t]  
3. [x y z a] [b c d e]  

[[l p y r]]
Filtered Qwen output: l p y r
trial 2 of 10...
trial 3 of 10...
trial 4 of 10...
trial 5 of 10...
trial 6 of 10...
trial 7 of 10...
trial 8 of 10...
trial 9 of 10...
trial 10 of 10...
Problem type: 2gensplit7 - 13/20
trial 1 of 10...

=== PROMPT ===

System message: You are able to solve letter-string analogies

User message: Use the following alphabet to complete the pattern.

a b c d e f g h i j k l m n o p y r s t u v w x q z

First, describe 3 relevant exemplars that are distinct from this problem, then give the final answer. Answer with only the examples and the final answer with no further explanation. Put your final answer between double brackets. Note that the alphabet may be in an unfamiliar order. Complete the pattern using this order.

[m m n o p y] [m n o p y]
[9 9 10 10 11 11 12 12 12 12 13 13] [


--- TARGET LETTERS ---

[np.int64(9), np.int64(9), np.int64(10), np.int64(10), np.int64(11), np.int64(11), np.int64(12), np.int64(12), np.int64(13), np.int64(13)]
Full Qwen output: [ a b c d ] [ b c d ]  
[ x y z a ] [ y z a ]  
[ 1 2 3 4 ] [ 2 3 4 ]  
[[m n o p y]]
Filtered Qwen output: m n o p y
trial 2 of 10...
trial 3 of 10...
trial 4 of 10...
trial 5 of 10...
trial 6 of 10...
trial 7 of 10...
trial 8 of 10...
trial 9 of 10...
trial 10 of 10...
Problem type: 3gen_split1 - 14/20
trial 1 of 10...

=== PROMPT ===

System message: You are able to solve letter-string analogies

User message: Use the following alphabet to complete the pattern.

a b c d e f g h i j k l m n o p y r s t u v w x q z

First, describe 3 relevant exemplars that are distinct from this problem, then give the final answer. Answer with only the examples and the final answer with no further explanation. Put your final answer between double brackets. Note that the alphabet may be in an unfamiliar order. Complete the pattern using this order.

[u v w x] [u v w q]
[18 18 19 19 20 20 21 21 22 22 23 23 24 24 25 25] [


--- TARGET LETTERS ---

[np.int64(18), np.int64(18), np.int64(19), np.int64(19), np.int64(20), np.int64(20), np.int64(21), np.int64(21), np.int64(22), np.int64(22), np.int64(23), np.int64(23), np.int64(24), np.int64(24), np.int64(26), np.int64(26)]
Full Qwen output: a b c d e f g h i j k l m n o p y r s t u v w x q z  
Example 1: [a b c d] [a b c q]  
Example 2: [e f g h] [e f g q]  
Example 3: [i j k l] [i j k q]  
[[u v w x] [u v w q]]
Filtered Qwen output: u v w x] [u v w q
trial 2 of 10...
trial 3 of 10...
trial 4 of 10...
trial 5 of 10...
trial 6 of 10...
trial 7 of 10...
trial 8 of 10...
trial 9 of 10...
trial 10 of 10...
Problem type: 3gen_split2 - 15/20
trial 1 of 10...

=== PROMPT ===

System message: You are able to solve letter-string analogies

User message: Use the following alphabet to complete the pattern.

a b c d e f g h i j k l m n o p y r s t u v w x q z

First, describe 3 relevant exemplars that are distinct from this problem, then give the final answer. Answer with only the examples and the final answer with no further explanation. Put your final answer between double brackets. Note that the alphabet may be in an unfamiliar order. Complete the pattern using this order.

[j k l m] [j k l n]
[u s y o m k i g] [


--- TARGET LETTERS ---

['u', 's', 'y', 'o', 'm', 'k', 'i', 'e']
Full Qwen output: 1. [a b c d] [a b c e]  
2. [x y z a] [x y z b]  
3. [p q r s] [p q r t]  

[[u s y o m k i h]]
Filtered Qwen output: u s y o m k i h
trial 2 of 10...
trial 3 of 10...
trial 4 of 10...
trial 5 of 10...
trial 6 of 10...
trial 7 of 10...
trial 8 of 10...
trial 9 of 10...
trial 10 of 10...
Problem type: 3gen_split3 - 16/20
trial 1 of 10...

=== PROMPT ===

System message: You are able to solve letter-string analogies

User message: Use the following alphabet to complete the pattern.

a b c d e f g h i j k l m n o p y r s t u v w x q z

First, describe 3 relevant exemplars that are distinct from this problem, then give the final answer. Answer with only the examples and the final answer with no further explanation. Put your final answer between double brackets. Note that the alphabet may be in an unfamiliar order. Complete the pattern using this order.

[m n o p] [m n o y]
[2 0 3 0 4 0 5 0 6 0 7 0 8 0 9 0] [


--- TARGET LETTERS ---

[np.int64(2), '0', np.int64(3), '0', np.int64(4), '0', np.int64(5), '0', np.int64(6), '0', np.int64(7), '0', np.int64(8), '0', np.int64(10), '0']
Full Qwen output: Examples:  
[1 2 3 4] [1 2 3 5]  
[apple banana cherry] [apple banana cherry date]  
[red blue green] [red blue green yellow]  

[[m n o p] [m n o q]]
Filtered Qwen output: m n o p] [m n o q
trial 2 of 10...
trial 3 of 10...
trial 4 of 10...
trial 5 of 10...
trial 6 of 10...
trial 7 of 10...
trial 8 of 10...
trial 9 of 10...
trial 10 of 10...
Problem type: 3gen_split4 - 17/20
trial 1 of 10...

=== PROMPT ===

System message: You are able to solve letter-string analogies

User message: Use the following alphabet to complete the pattern.

a b c d e f g h i j k l m n o p y r s t u v w x q z

First, describe 3 relevant exemplars that are distinct from this problem, then give the final answer. Answer with only the examples and the final answer with no further explanation. Put your final answer between double brackets. Note that the alphabet may be in an unfamiliar order. Complete the pattern using this order.

[r s t v u] [r s t u v]
[e o m k i g y c a] [


--- TARGET LETTERS ---

['y', 'o', 'm', 'k', 'i', 'g', 'e', 'c', 'a']
Full Qwen output: 1. [a b c d e] [a b c d]  
2. [x y z a b] [x y z a]  
3. [p q r s t] [p q r s]  

[[e o m k i g y c]]
Filtered Qwen output: e o m k i g y c
trial 2 of 10...
trial 3 of 10...
trial 4 of 10...
trial 5 of 10...
trial 6 of 10...
trial 7 of 10...
trial 8 of 10...
trial 9 of 10...
trial 10 of 10...
Problem type: 3gen_split5 - 18/20
trial 1 of 10...

=== PROMPT ===

System message: You are able to solve letter-string analogies

User message: Use the following alphabet to complete the pattern.

a b c d e f g h i j k l m n o p y r s t u v w x q z

First, describe 3 relevant exemplars that are distinct from this problem, then give the final answer. Answer with only the examples and the final answer with no further explanation. Put your final answer between double brackets. Note that the alphabet may be in an unfamiliar order. Complete the pattern using this order.

[w x q z] [v x q z]
[o o x x n n x x m m x x l l x x] [


--- TARGET LETTERS ---

['p', 'p', 'x', 'x', 'n', 'n', 'x', 'x', 'm', 'm', 'x', 'x', 'l', 'l', 'x', 'x']
Full Qwen output: a b c d e f g h i j k l m n o p y r s t u v w x q z

Examples:  
[cat] [dog]  
[red] [blue]  
[123] [456]  

[[k k x x j j x x i i x x h h x x]]
Filtered Qwen output: k k x x j j x x i i x x h h x x
trial 2 of 10...
trial 3 of 10...
trial 4 of 10...
trial 5 of 10...
trial 6 of 10...
trial 7 of 10...
trial 8 of 10...
trial 9 of 10...
trial 10 of 10...
Problem type: 3gen_split6 - 19/20
trial 1 of 10...

=== PROMPT ===

System message: You are able to solve letter-string analogies

User message: Use the following alphabet to complete the pattern.

a b c d e f g h i j k l m n o p y r s t u v w x q z

First, describe 3 relevant exemplars that are distinct from this problem, then give the final answer. Answer with only the examples and the final answer with no further explanation. Put your final answer between double brackets. Note that the alphabet may be in an unfamiliar order. Complete the pattern using this order.

[u v w x] [t v w x]
[p p o o n n m m l l k k j j i i] [


--- TARGET LETTERS ---

['y', 'y', 'o', 'o', 'n', 'n', 'm', 'm', 'l', 'l', 'k', 'k', 'j', 'j', 'i', 'i']
Full Qwen output: a b c d e f g h i j k l m n o p y r s t u v w x q z

Examples:  
[abc] [bca]  
[123] [231]  
[red] [edr]  

[[q z p] [z p q]]
Filtered Qwen output: q z p] [z p q
trial 2 of 10...
trial 3 of 10...
trial 4 of 10...
trial 5 of 10...
trial 6 of 10...
trial 7 of 10...
trial 8 of 10...
trial 9 of 10...
trial 10 of 10...
Problem type: 3gensplit7 - 20/20
trial 1 of 10...

=== PROMPT ===

System message: You are able to solve letter-string analogies

User message: Use the following alphabet to complete the pattern.

a b c d e f g h i j k l m n o p y r s t u v w x q z

First, describe 3 relevant exemplars that are distinct from this problem, then give the final answer. Answer with only the examples and the final answer with no further explanation. Put your final answer between double brackets. Note that the alphabet may be in an unfamiliar order. Complete the pattern using this order.

[o p y r] [n p y r]
[h h x x i i x x j j x x k k x x l l x x m m x x n n x x o o x x] [


--- TARGET LETTERS ---

['g', 'g', 'x', 'x', 'i', 'i', 'x', 'x', 'j', 'j', 'x', 'x', 'k', 'k', 'x', 'x', 'l', 'l', 'x', 'x', 'm', 'm', 'x', 'x', 'n', 'n', 'x', 'x', 'o', 'o', 'x', 'x']
Full Qwen output: 1. [a b c d] [b c d e]  
2. [x y z a] [y z a b]  
3. [m n o p] [n o p q]  

[[o p y r] [p y r s]]
Filtered Qwen output: o p y r] [p y r s
trial 2 of 10...
trial 3 of 10...
trial 4 of 10...
trial 5 of 10...
trial 6 of 10...
trial 7 of 10...
trial 8 of 10...
trial 9 of 10...
trial 10 of 10...
alph_4
a b f d e c g h i j k l m n o p q r s t u v w x y z
Problem type: larger_int - 1/20
trial 1 of 10...

=== PROMPT ===

System message: You are able to solve letter-string analogies

User message: Use the following alphabet to complete the pattern.

a b f d e c g h i j k l m n o p q r s t u v w x y z

First, describe 3 relevant exemplars that are distinct from this problem, then give the final answer. Answer with only the examples and the final answer with no further explanation. Put your final answer between double brackets. Note that the alphabet may be in an unfamiliar order. Complete the pattern using this order.

[q r s s t u] [q r s t u]
[b d c h h j] [


--- TARGET LETTERS ---

['b', 'd', 'c', 'h', 'j']
Full Qwen output: 1. [a b c d e f] [a b c d e]  
2. [x y z a b c] [x y z a b]  
3. [m n o p q r] [m n o p q]  

[[b d c h j]]
Filtered Qwen output: b d c h j
trial 2 of 10...
trial 3 of 10...
trial 4 of 10...
trial 5 of 10...
trial 6 of 10...
trial 7 of 10...
trial 8 of 10...
trial 9 of 10...
trial 10 of 10...
Problem type: longer_targ - 2/20
trial 1 of 10...

=== PROMPT ===

System message: You are able to solve letter-string analogies

User message: Use the following alphabet to complete the pattern.

a b f d e c g h i j k l m n o p q r s t u v w x y z

First, describe 3 relevant exemplars that are distinct from this problem, then give the final answer. Answer with only the examples and the final answer with no further explanation. Put your final answer between double brackets. Note that the alphabet may be in an unfamiliar order. Complete the pattern using this order.

[s d e c g] [f d e c g]
[q k s t u v w x y] [


--- TARGET LETTERS ---

['q', 'r', 's', 't', 'u', 'v', 'w', 'x', 'y']
Full Qwen output: 1. [a b c d e] [f g h i j]  
2. [x y z a b] [c d e f g]  
3. [m n o p q] [r s t u v]  

[[q k s t u v w x y] [z a b c d e f]]
Filtered Qwen output: q k s t u v w x y] [z a b c d e f
trial 2 of 10...
trial 3 of 10...
trial 4 of 10...
trial 5 of 10...
trial 6 of 10...
trial 7 of 10...
trial 8 of 10...
trial 9 of 10...
trial 10 of 10...
Problem type: group - 3/20
trial 1 of 10...

=== PROMPT ===

System message: You are able to solve letter-string analogies

User message: Use the following alphabet to complete the pattern.

a b f d e c g h i j k l m n o p q r s t u v w x y z

First, describe 3 relevant exemplars that are distinct from this problem, then give the final answer. Answer with only the examples and the final answer with no further explanation. Put your final answer between double brackets. Note that the alphabet may be in an unfamiliar order. Complete the pattern using this order.

[d e c g] [d e c h]
[k k l l m m n n] [


--- TARGET LETTERS ---

['k', 'k', 'l', 'l', 'm', 'm', 'o', 'o']
Full Qwen output: 1. [a b c d] [a b c e]  
2. [x y z a] [x y z b]  
3. [p q r s] [p q r t]  

[[k k l l m m n n o o]]
Filtered Qwen output: k k l l m m n n o o
trial 2 of 10...
trial 3 of 10...
trial 4 of 10...
trial 5 of 10...
trial 6 of 10...
trial 7 of 10...
trial 8 of 10...
trial 9 of 10...
trial 10 of 10...
Problem type: interleaved - 4/20
trial 1 of 10...

=== PROMPT ===

System message: You are able to solve letter-string analogies

User message: Use the following alphabet to complete the pattern.

a b f d e c g h i j k l m n o p q r s t u v w x y z

First, describe 3 relevant exemplars that are distinct from this problem, then give the final answer. Answer with only the examples and the final answer with no further explanation. Put your final answer between double brackets. Note that the alphabet may be in an unfamiliar order. Complete the pattern using this order.

[e c g h] [e c g i]
[b x f x d x e x] [


--- TARGET LETTERS ---

['b', 'x', 'f', 'x', 'd', 'x', 'c', 'x']
Full Qwen output: 1. [a b c d] [a b c e]  
2. [m n o p] [m n o q]  
3. [s t u v] [s t u w]  

[[b x f x d x e x] [b x f x d x e y]]
Filtered Qwen output: b x f x d x e x] [b x f x d x e y
trial 2 of 10...
trial 3 of 10...
trial 4 of 10...
trial 5 of 10...
trial 6 of 10...
trial 7 of 10...
trial 8 of 10...
trial 9 of 10...
trial 10 of 10...
Problem type: letter2num - 5/20
trial 1 of 10...

=== PROMPT ===

System message: You are able to solve letter-string analogies

User message: Use the following alphabet to complete the pattern.

a b f d e c g h i j k l m n o p q r s t u v w x y z

First, describe 3 relevant exemplars that are distinct from this problem, then give the final answer. Answer with only the examples and the final answer with no further explanation. Put your final answer between double brackets. Note that the alphabet may be in an unfamiliar order. Complete the pattern using this order.

[a b f d] [a b f e]
[14 15 16 17] [


--- TARGET LETTERS ---

[np.int64(14), np.int64(15), np.int64(16), np.int64(18)]
Full Qwen output: 1. [a b c d] [a b c e]  
2. [x y z a] [x y z b]  
3. [m n o p] [m n o q]  

[[14 15 16 18]]
Filtered Qwen output: 14 15 16 18
trial 2 of 10...
trial 3 of 10...
trial 4 of 10...
trial 5 of 10...
trial 6 of 10...
trial 7 of 10...
trial 8 of 10...
trial 9 of 10...
trial 10 of 10...
Problem type: reverse - 6/20
trial 1 of 10...

=== PROMPT ===

System message: You are able to solve letter-string analogies

User message: Use the following alphabet to complete the pattern.

a b f d e c g h i j k l m n o p q r s t u v w x y z

First, describe 3 relevant exemplars that are distinct from this problem, then give the final answer. Answer with only the examples and the final answer with no further explanation. Put your final answer between double brackets. Note that the alphabet may be in an unfamiliar order. Complete the pattern using this order.

[j k l m h] [j k l m n]
[h g w e d] [


--- TARGET LETTERS ---

['h', 'g', 'c', 'e', 'd']
Full Qwen output: 1. [a b c d e] [a b c d e f]  
2. [x y z a b] [x y z a b c]  
3. [p q r s t] [p q r s t u]  

[[h g w e d] [h g w e d f]]
Filtered Qwen output: h g w e d] [h g w e d f
trial 2 of 10...
trial 3 of 10...
trial 4 of 10...
trial 5 of 10...
trial 6 of 10...
trial 7 of 10...
trial 8 of 10...
trial 9 of 10...
trial 10 of 10...
Problem type: 2gen_split1 - 7/20
trial 1 of 10...

=== PROMPT ===

System message: You are able to solve letter-string analogies

User message: Use the following alphabet to complete the pattern.

a b f d e c g h i j k l m n o p q r s t u v w x y z

First, describe 3 relevant exemplars that are distinct from this problem, then give the final answer. Answer with only the examples and the final answer with no further explanation. Put your final answer between double brackets. Note that the alphabet may be in an unfamiliar order. Complete the pattern using this order.

[c g p i j] [c g h i j]
[1 1 2 2 24 24 4 4 5 5] [


--- TARGET LETTERS ---

[np.int64(1), np.int64(1), np.int64(2), np.int64(2), np.int64(3), np.int64(3), np.int64(4), np.int64(4), np.int64(5), np.int64(5)]
Full Qwen output: a b c d e f g h i j k l m n o p q r s t u v w x y z  
b c d e f g h i j k l m n o p q r s t u v w x y z a  
c d e f g h i j k l m n o p q r s t u v w x y z a b  

[[c g h i j]]
Filtered Qwen output: c g h i j
trial 2 of 10...
trial 3 of 10...
trial 4 of 10...
trial 5 of 10...
trial 6 of 10...
trial 7 of 10...
trial 8 of 10...
trial 9 of 10...
trial 10 of 10...
Problem type: 2gen_split2 - 8/20
trial 1 of 10...

=== PROMPT ===

System message: You are able to solve letter-string analogies

User message: Use the following alphabet to complete the pattern.

a b f d e c g h i j k l m n o p q r s t u v w x y z

First, describe 3 relevant exemplars that are distinct from this problem, then give the final answer. Answer with only the examples and the final answer with no further explanation. Put your final answer between double brackets. Note that the alphabet may be in an unfamiliar order. Complete the pattern using this order.

[g c e h i] [e c g h i]
[5 4 1 2 3] [


--- TARGET LETTERS ---

[np.int64(5), np.int64(4), np.int64(3), np.int64(2), np.int64(1)]
Full Qwen output: 1. [a b c d e] [c d e f g]  
2. [x y z a b] [z a b c d]  
3. [m n o p q] [o p q r s]  

[[e c g h i] [5 4 1 2 3]]
Filtered Qwen output: e c g h i] [5 4 1 2 3
trial 2 of 10...
trial 3 of 10...
trial 4 of 10...
trial 5 of 10...
trial 6 of 10...
trial 7 of 10...
trial 8 of 10...
trial 9 of 10...
trial 10 of 10...
Problem type: 2gen_split3 - 9/20
trial 1 of 10...

=== PROMPT ===

System message: You are able to solve letter-string analogies

User message: Use the following alphabet to complete the pattern.

a b f d e c g h i j k l m n o p q r s t u v w x y z

First, describe 3 relevant exemplars that are distinct from this problem, then give the final answer. Answer with only the examples and the final answer with no further explanation. Put your final answer between double brackets. Note that the alphabet may be in an unfamiliar order. Complete the pattern using this order.

[a b f d] [a b f e]
[i x k x m x o x] [


--- TARGET LETTERS ---

['i', 'x', 'k', 'x', 'm', 'x', 'q', 'x']
Full Qwen output: 1. [a b c d] [a b c e]  
2. [p q r s] [p q r t]  
3. [m n o p] [m n o q]  

[[i x k x m x o x p x]]
Filtered Qwen output: i x k x m x o x p x
trial 2 of 10...
trial 3 of 10...
trial 4 of 10...
trial 5 of 10...
trial 6 of 10...
trial 7 of 10...
trial 8 of 10...
trial 9 of 10...
trial 10 of 10...
Problem type: 2gen_split4 - 10/20
trial 1 of 10...

=== PROMPT ===

System message: You are able to solve letter-string analogies

User message: Use the following alphabet to complete the pattern.

a b f d e c g h i j k l m n o p q r s t u v w x y z

First, describe 3 relevant exemplars that are distinct from this problem, then give the final answer. Answer with only the examples and the final answer with no further explanation. Put your final answer between double brackets. Note that the alphabet may be in an unfamiliar order. Complete the pattern using this order.

[b f d e] [a f d e]
[m o q s u w y] [


--- TARGET LETTERS ---

['k', 'o', 'q', 's', 'u', 'w', 'y']
Full Qwen output: 1. [c g i k m o] [b g i k m o]  
2. [d h j l n p r] [c h j l n p r]  
3. [e i k m o q t] [d i k m o q t]  

[[n p r t v x z]]
Filtered Qwen output: n p r t v x z
trial 2 of 10...
trial 3 of 10...
trial 4 of 10...
trial 5 of 10...
trial 6 of 10...
trial 7 of 10...
trial 8 of 10...
trial 9 of 10...
trial 10 of 10...
Problem type: 2gen_split5 - 11/20
trial 1 of 10...

=== PROMPT ===

System message: You are able to solve letter-string analogies

User message: Use the following alphabet to complete the pattern.

a b f d e c g h i j k l m n o p q r s t u v w x y z

First, describe 3 relevant exemplars that are distinct from this problem, then give the final answer. Answer with only the examples and the final answer with no further explanation. Put your final answer between double brackets. Note that the alphabet may be in an unfamiliar order. Complete the pattern using this order.

[s t u v] [s t u v w]
[i h g c e d f b] [


--- TARGET LETTERS ---

['i', 'h', 'g', 'c', 'e', 'd', 'f', 'b', 'a']
Full Qwen output: 1. [a b c d] [a b c d e]  
2. [x y z a] [x y z a b]  
3. [m n o p] [m n o p q]  

[[i h g c e d f b a]]
Filtered Qwen output: i h g c e d f b a
trial 2 of 10...
trial 3 of 10...
trial 4 of 10...
trial 5 of 10...
trial 6 of 10...
trial 7 of 10...
trial 8 of 10...
trial 9 of 10...
trial 10 of 10...
Problem type: 2gen_split6 - 12/20
trial 1 of 10...

=== PROMPT ===

System message: You are able to solve letter-string analogies

User message: Use the following alphabet to complete the pattern.

a b f d e c g h i j k l m n o p q r s t u v w x y z

First, describe 3 relevant exemplars that are distinct from this problem, then give the final answer. Answer with only the examples and the final answer with no further explanation. Put your final answer between double brackets. Note that the alphabet may be in an unfamiliar order. Complete the pattern using this order.

[d e h g c] [d e c g h]
[h j c d b] [


--- TARGET LETTERS ---

['j', 'h', 'c', 'd', 'b']
Full Qwen output: 1. [a b c d e] [e d c b a]  
2. [x y z a b] [b a z y x]  
3. [m n o p q] [q p o n m]  

[[h j c d b] [b d c j h]]
Filtered Qwen output: h j c d b] [b d c j h
trial 2 of 10...
trial 3 of 10...
trial 4 of 10...
trial 5 of 10...
trial 6 of 10...
trial 7 of 10...
trial 8 of 10...
trial 9 of 10...
trial 10 of 10...
Problem type: 2gensplit7 - 13/20
trial 1 of 10...

=== PROMPT ===

System message: You are able to solve letter-string analogies

User message: Use the following alphabet to complete the pattern.

a b f d e c g h i j k l m n o p q r s t u v w x y z

First, describe 3 relevant exemplars that are distinct from this problem, then give the final answer. Answer with only the examples and the final answer with no further explanation. Put your final answer between double brackets. Note that the alphabet may be in an unfamiliar order. Complete the pattern using this order.

[b f d e] [a f d e]
[7 8 9 10 11 12 13 14] [


--- TARGET LETTERS ---

[np.int64(6), np.int64(8), np.int64(9), np.int64(10), np.int64(11), np.int64(12), np.int64(13), np.int64(14)]
Full Qwen output: 1. [c g h i] [b g h i]  
2. [d h i j] [c h i j]  
3. [e i j k] [d i j k]  

[[b f d e] [a f d e] [7 8 9 10 11 12 13 14] [[6 7 8 9 10 11 12 13]]]
Filtered Qwen output: b f d e] [a f d e] [7 8 9 10 11 12 13 14] [[6 7 8 9 10 11 12 13
trial 2 of 10...
trial 3 of 10...
trial 4 of 10...
trial 5 of 10...
trial 6 of 10...
trial 7 of 10...
trial 8 of 10...
trial 9 of 10...
trial 10 of 10...
Problem type: 3gen_split1 - 14/20
trial 1 of 10...

=== PROMPT ===

System message: You are able to solve letter-string analogies

User message: Use the following alphabet to complete the pattern.

a b f d e c g h i j k l m n o p q r s t u v w x y z

First, describe 3 relevant exemplars that are distinct from this problem, then give the final answer. Answer with only the examples and the final answer with no further explanation. Put your final answer between double brackets. Note that the alphabet may be in an unfamiliar order. Complete the pattern using this order.

[b f d e] [b f d c]
[q q x x p p x x o o x x n n x x] [


--- TARGET LETTERS ---

['q', 'q', 'x', 'x', 'p', 'p', 'x', 'x', 'o', 'o', 'x', 'x', 'm', 'm', 'x', 'x']
Full Qwen output: 1. [a c e g] [a c e f]  
2. [m o q s] [m o q r]  
3. [d f h j] [d f h i]  

[[q q x x p p x x o o x x n n x x m m x x l l x x k k x x]]
Filtered Qwen output: q q x x p p x x o o x x n n x x m m x x l l x x k k x x
trial 2 of 10...
trial 3 of 10...
trial 4 of 10...
trial 5 of 10...
trial 6 of 10...
trial 7 of 10...
trial 8 of 10...
trial 9 of 10...
trial 10 of 10...
Problem type: 3gen_split2 - 15/20
trial 1 of 10...

=== PROMPT ===

System message: You are able to solve letter-string analogies

User message: Use the following alphabet to complete the pattern.

a b f d e c g h i j k l m n o p q r s t u v w x y z

First, describe 3 relevant exemplars that are distinct from this problem, then give the final answer. Answer with only the examples and the final answer with no further explanation. Put your final answer between double brackets. Note that the alphabet may be in an unfamiliar order. Complete the pattern using this order.

[a b f d d e] [a b f d e]
[16 0 18 0 20 0 20 0 22 0 24 0] [


--- TARGET LETTERS ---

[np.int64(16), '0', np.int64(18), '0', np.int64(20), '0', np.int64(22), '0', np.int64(24), '0']
Full Qwen output: Examples:  
[1 2 3 4 5] [1 2 3 4]  
[apple banana cherry] [apple banana]  
[red blue green yellow] [red blue green]  

[[a b f d e c]]
Filtered Qwen output: a b f d e c
trial 2 of 10...
trial 3 of 10...
trial 4 of 10...
trial 5 of 10...
trial 6 of 10...
trial 7 of 10...
trial 8 of 10...
trial 9 of 10...
trial 10 of 10...
Problem type: 3gen_split3 - 16/20
trial 1 of 10...

=== PROMPT ===

System message: You are able to solve letter-string analogies

User message: Use the following alphabet to complete the pattern.

a b f d e c g h i j k l m n o p q r s t u v w x y z

First, describe 3 relevant exemplars that are distinct from this problem, then give the final answer. Answer with only the examples and the final answer with no further explanation. Put your final answer between double brackets. Note that the alphabet may be in an unfamiliar order. Complete the pattern using this order.

[c g h i] [c g h j]
[8 8 7 7 6 6 5 5] [


--- TARGET LETTERS ---

[np.int64(8), np.int64(8), np.int64(7), np.int64(7), np.int64(6), np.int64(6), np.int64(4), np.int64(4)]
Full Qwen output: a b f d e c g h i j k l m n o p q r s t u v w x y z

Examples:  
[dog cat rat] [dog cat rat bat]  
[red blue green] [red blue green yellow]  
[1 2 3 4] [1 2 3 4 5]  

[[c g h i] [c g h j]]  
[[8 8 7 7 6 6 5 5] [8 8 7 7 6 6 5 5 4]]  

Final answer:
Filtered Qwen output: c g h i] [c g h j
trial 2 of 10...
trial 3 of 10...
trial 4 of 10...
trial 5 of 10...
trial 6 of 10...
trial 7 of 10...
trial 8 of 10...
trial 9 of 10...
trial 10 of 10...
Problem type: 3gen_split4 - 17/20
trial 1 of 10...

=== PROMPT ===

System message: You are able to solve letter-string analogies

User message: Use the following alphabet to complete the pattern.

a b f d e c g h i j k l m n o p q r s t u v w x y z

First, describe 3 relevant exemplars that are distinct from this problem, then give the final answer. Answer with only the examples and the final answer with no further explanation. Put your final answer between double brackets. Note that the alphabet may be in an unfamiliar order. Complete the pattern using this order.

[a e f d b] [a b f d e]
[6 6 7 7 5 5 4 4 3 3] [


--- TARGET LETTERS ---

[np.int64(7), np.int64(7), np.int64(6), np.int64(6), np.int64(5), np.int64(5), np.int64(4), np.int64(4), np.int64(3), np.int64(3)]
Full Qwen output: Examples:  
[1 2 3 4 5] [5 4 3 2 1]  
[apple banana cherry] [cherry banana apple]  
[red green blue] [blue green red]  

[[a b f d e c g]]
Filtered Qwen output: a b f d e c g
trial 2 of 10...
trial 3 of 10...
trial 4 of 10...
trial 5 of 10...
trial 6 of 10...
trial 7 of 10...
trial 8 of 10...
trial 9 of 10...
trial 10 of 10...
Problem type: 3gen_split5 - 18/20
trial 1 of 10...

=== PROMPT ===

System message: You are able to solve letter-string analogies

User message: Use the following alphabet to complete the pattern.

a b f d e c g h i j k l m n o p q r s t u v w x y z

First, describe 3 relevant exemplars that are distinct from this problem, then give the final answer. Answer with only the examples and the final answer with no further explanation. Put your final answer between double brackets. Note that the alphabet may be in an unfamiliar order. Complete the pattern using this order.

[a b f f d e] [a b f d e]
[h h x x i i x x j j x x k k x x l l x x m m x x n n x x o o x x p p x x p p x x] [


--- TARGET LETTERS ---

['h', 'h', 'x', 'x', 'i', 'i', 'x', 'x', 'j', 'j', 'x', 'x', 'k', 'k', 'x', 'x', 'l', 'l', 'x', 'x', 'm', 'm', 'x', 'x', 'n', 'n', 'x', 'x', 'o', 'o', 'x', 'x', 'p', 'p', 'x', 'x']
Full Qwen output: Examples:  
1. [a b c d e] [a b c d]  
2. [x y z a b] [x y a b]  
3. [1 2 3 4 5] [1 2 3 4]  

[[h h x x i i x x j j x x k k x x l l x x m m x x n n x x o o x x p p x x] [h h x x i i x x j j x x k k x x l l x x m m x x n n x x o o]]
Filtered Qwen output: h h x x i i x x j j x x k k x x l l x x m m x x n n x x o o x x p p x x] [h h x x i i x x j j x x k k x x l l x x m m x x n n x x o o
trial 2 of 10...
trial 3 of 10...
trial 4 of 10...
trial 5 of 10...
trial 6 of 10...
trial 7 of 10...
trial 8 of 10...
trial 9 of 10...
trial 10 of 10...
Problem type: 3gen_split6 - 19/20
trial 1 of 10...

=== PROMPT ===

System message: You are able to solve letter-string analogies

User message: Use the following alphabet to complete the pattern.

a b f d e c g h i j k l m n o p q r s t u v w x y z

First, describe 3 relevant exemplars that are distinct from this problem, then give the final answer. Answer with only the examples and the final answer with no further explanation. Put your final answer between double brackets. Note that the alphabet may be in an unfamiliar order. Complete the pattern using this order.

[v w x y] [u w x y]
[8 8 10 10 12 12 14 14] [


--- TARGET LETTERS ---

[np.int64(6), np.int64(6), np.int64(10), np.int64(10), np.int64(12), np.int64(12), np.int64(14), np.int64(14)]
Full Qwen output: a b c d e f g h i j k l m n o p q r s t u v w x y z  
a b c d e f g h i j k l m n o p q r s t u v w x y z  
a b c d e f g h i j k l m n o p q r s t u v w x y z  

[[t w x y]]
Filtered Qwen output: t w x y
trial 2 of 10...
trial 3 of 10...
trial 4 of 10...
trial 5 of 10...
trial 6 of 10...
trial 7 of 10...
trial 8 of 10...
trial 9 of 10...
trial 10 of 10...
Problem type: 3gensplit7 - 20/20
trial 1 of 10...

=== PROMPT ===

System message: You are able to solve letter-string analogies

User message: Use the following alphabet to complete the pattern.

a b f d e c g h i j k l m n o p q r s t u v w x y z

First, describe 3 relevant exemplars that are distinct from this problem, then give the final answer. Answer with only the examples and the final answer with no further explanation. Put your final answer between double brackets. Note that the alphabet may be in an unfamiliar order. Complete the pattern using this order.

[c g h i] [c g h j]
[25 0 24 0 23 0 22 0] [


--- TARGET LETTERS ---

[np.int64(25), '0', np.int64(24), '0', np.int64(23), '0', np.int64(21), '0']
Full Qwen output: a b c d e f g h i j k l m n o p q r s t u v w x y z  
a b c d e f g h i j k l m n o p q r s t u v w x y z  
a b c d e f g h i j k l m n o p q r s t u v w x y z  

[[c g h k]]
Filtered Qwen output: c g h k
trial 2 of 10...
trial 3 of 10...
trial 4 of 10...
trial 5 of 10...
trial 6 of 10...
trial 7 of 10...
trial 8 of 10...
trial 9 of 10...
trial 10 of 10...
alph_5
a b c d e l g h i j k f m n o p q r s t u v w x y z
Problem type: larger_int - 1/20
trial 1 of 10...

=== PROMPT ===

System message: You are able to solve letter-string analogies

User message: Use the following alphabet to complete the pattern.

a b c d e l g h i j k f m n o p q r s t u v w x y z

First, describe 3 relevant exemplars that are distinct from this problem, then give the final answer. Answer with only the examples and the final answer with no further explanation. Put your final answer between double brackets. Note that the alphabet may be in an unfamiliar order. Complete the pattern using this order.

[k f m n] [k f m n o]
[d l h j] [


--- TARGET LETTERS ---

['d', 'l', 'h', 'j', 'f']
Full Qwen output: 1. [a b c] [a b c d]  
2. [e f g] [e f g h]  
3. [i j k] [i j k l]  

[[d l h j k]]
Filtered Qwen output: d l h j k
trial 2 of 10...
trial 3 of 10...
trial 4 of 10...
trial 5 of 10...
trial 6 of 10...
trial 7 of 10...
trial 8 of 10...
trial 9 of 10...
trial 10 of 10...
Problem type: longer_targ - 2/20
trial 1 of 10...

=== PROMPT ===

System message: You are able to solve letter-string analogies

User message: Use the following alphabet to complete the pattern.

a b c d e l g h i j k f m n o p q r s t u v w x y z

First, describe 3 relevant exemplars that are distinct from this problem, then give the final answer. Answer with only the examples and the final answer with no further explanation. Put your final answer between double brackets. Note that the alphabet may be in an unfamiliar order. Complete the pattern using this order.

[k f m n] [j f m n]
[p q r s t u v w] [


--- TARGET LETTERS ---

['o', 'q', 'r', 's', 't', 'u', 'v', 'w']
Full Qwen output: 1. [a b c d] [b c d e]  
2. [x y z a] [y z a b]  
3. [g h i j] [h i j k]  

[[o p q r s t u v w]]
Filtered Qwen output: o p q r s t u v w
trial 2 of 10...
trial 3 of 10...
trial 4 of 10...
trial 5 of 10...
trial 6 of 10...
trial 7 of 10...
trial 8 of 10...
trial 9 of 10...
trial 10 of 10...
Problem type: group - 3/20
trial 1 of 10...

=== PROMPT ===

System message: You are able to solve letter-string analogies

User message: Use the following alphabet to complete the pattern.

a b c d e l g h i j k f m n o p q r s t u v w x y z

First, describe 3 relevant exemplars that are distinct from this problem, then give the final answer. Answer with only the examples and the final answer with no further explanation. Put your final answer between double brackets. Note that the alphabet may be in an unfamiliar order. Complete the pattern using this order.

[c d e l] [c d e g]
[g g h h i i j j] [


--- TARGET LETTERS ---

['g', 'g', 'h', 'h', 'i', 'i', 'k', 'k']
Full Qwen output: 1. [a b c d] [a b c e]  
2. [x y z a] [x y z c]  
3. [m n o p] [m n o q]  

[[g g h h i i j j] [g g h h i i j k]]
Filtered Qwen output: g g h h i i j j] [g g h h i i j k
trial 2 of 10...
trial 3 of 10...
trial 4 of 10...
trial 5 of 10...
trial 6 of 10...
trial 7 of 10...
trial 8 of 10...
trial 9 of 10...
trial 10 of 10...
Problem type: interleaved - 4/20
trial 1 of 10...

=== PROMPT ===

System message: You are able to solve letter-string analogies

User message: Use the following alphabet to complete the pattern.

a b c d e l g h i j k f m n o p q r s t u v w x y z

First, describe 3 relevant exemplars that are distinct from this problem, then give the final answer. Answer with only the examples and the final answer with no further explanation. Put your final answer between double brackets. Note that the alphabet may be in an unfamiliar order. Complete the pattern using this order.

[d d e l g h] [d e l g h]
[l x g x h x h x i x j x] [


--- TARGET LETTERS ---

['l', 'x', 'g', 'x', 'h', 'x', 'i', 'x', 'j', 'x']
Full Qwen output: 1. [a a b c d] [a b c d]  
2. [m m n o p] [m n o p]  
3. [f f g h i] [f g h i]  

[[d e l g h]]
Filtered Qwen output: d e l g h
trial 2 of 10...
trial 3 of 10...
trial 4 of 10...
trial 5 of 10...
trial 6 of 10...
trial 7 of 10...
trial 8 of 10...
trial 9 of 10...
trial 10 of 10...
Problem type: letter2num - 5/20
trial 1 of 10...

=== PROMPT ===

System message: You are able to solve letter-string analogies

User message: Use the following alphabet to complete the pattern.

a b c d e l g h i j k f m n o p q r s t u v w x y z

First, describe 3 relevant exemplars that are distinct from this problem, then give the final answer. Answer with only the examples and the final answer with no further explanation. Put your final answer between double brackets. Note that the alphabet may be in an unfamiliar order. Complete the pattern using this order.

[p q r s] [p q r t]
[4 5 6 7] [


--- TARGET LETTERS ---

[np.int64(4), np.int64(5), np.int64(6), np.int64(8)]
Full Qwen output: 1. [a b c d] [a b c e]  
2. [x y z a] [x y z b]  
3. [m n o p] [m n o q]  

[[4 5 6 8]]
Filtered Qwen output: 4 5 6 8
trial 2 of 10...
trial 3 of 10...
trial 4 of 10...
trial 5 of 10...
trial 6 of 10...
trial 7 of 10...
trial 8 of 10...
trial 9 of 10...
trial 10 of 10...
Problem type: reverse - 6/20
trial 1 of 10...

=== PROMPT ===

System message: You are able to solve letter-string analogies

User message: Use the following alphabet to complete the pattern.

a b c d e l g h i j k f m n o p q r s t u v w x y z

First, describe 3 relevant exemplars that are distinct from this problem, then give the final answer. Answer with only the examples and the final answer with no further explanation. Put your final answer between double brackets. Note that the alphabet may be in an unfamiliar order. Complete the pattern using this order.

[d e l g h h] [d e l g h]
[f k j i i h] [


--- TARGET LETTERS ---

['f', 'k', 'j', 'i', 'h']
Full Qwen output: 1. [a b c d e f] [a b c d e]  
2. [x y z a b c] [x y z a b]  
3. [m n o p q r] [m n o p q]  

[[f k j i i h] [f k j i i]]
Filtered Qwen output: f k j i i h] [f k j i i
trial 2 of 10...
trial 3 of 10...
trial 4 of 10...
trial 5 of 10...
trial 6 of 10...
trial 7 of 10...
trial 8 of 10...
trial 9 of 10...
trial 10 of 10...
Problem type: 2gen_split1 - 7/20
trial 1 of 10...

=== PROMPT ===

System message: You are able to solve letter-string analogies

User message: Use the following alphabet to complete the pattern.

a b c d e l g h i j k f m n o p q r s t u v w x y z

First, describe 3 relevant exemplars that are distinct from this problem, then give the final answer. Answer with only the examples and the final answer with no further explanation. Put your final answer between double brackets. Note that the alphabet may be in an unfamiliar order. Complete the pattern using this order.

[c d e l] [c d e l g]
[13 12 11 10] [


--- TARGET LETTERS ---

[np.int64(13), np.int64(12), np.int64(11), np.int64(10), np.int64(9)]
Full Qwen output: Examples:  
[1 2 3 4] [1 2 3 4 5]  
[apple banana cherry] [apple banana cherry date]  
[red blue green] [red blue green yellow]  

[[13 12 11 10] [13 12 11 10 9]]  
[[c d e l] [c d e l g]]  
[[13 12 11 10] [13 12 11 10 9]]  

Final answer: [[13 1
Filtered Qwen output: 13 12 11 10] [13 12 11 10 9
trial 2 of 10...
trial 3 of 10...
trial 4 of 10...
trial 5 of 10...
trial 6 of 10...
trial 7 of 10...
trial 8 of 10...
trial 9 of 10...
trial 10 of 10...
Problem type: 2gen_split2 - 8/20
trial 1 of 10...

=== PROMPT ===

System message: You are able to solve letter-string analogies

User message: Use the following alphabet to complete the pattern.

a b c d e l g h i j k f m n o p q r s t u v w x y z

First, describe 3 relevant exemplars that are distinct from this problem, then give the final answer. Answer with only the examples and the final answer with no further explanation. Put your final answer between double brackets. Note that the alphabet may be in an unfamiliar order. Complete the pattern using this order.

[d e l m h] [d e l g h]
[j j k k f f m m x x o o p p q q r r] [


--- TARGET LETTERS ---

['j', 'j', 'k', 'k', 'f', 'f', 'm', 'm', 'n', 'n', 'o', 'o', 'p', 'p', 'q', 'q', 'r', 'r']
Full Qwen output: 1. [a b c d e] [a b c d]  
2. [x y z a b] [x y z a]  
3. [m n o p q] [m n o p]  

[[j j k k f f m m x x o o p p q q r r] [j j k k f f m m x x o o p p q q r]]
Filtered Qwen output: j j k k f f m m x x o o p p q q r r] [j j k k f f m m x x o o p p q q r
trial 2 of 10...
trial 3 of 10...
trial 4 of 10...
trial 5 of 10...
trial 6 of 10...
trial 7 of 10...
trial 8 of 10...
trial 9 of 10...
trial 10 of 10...
Problem type: 2gen_split3 - 9/20
trial 1 of 10...

=== PROMPT ===

System message: You are able to solve letter-string analogies

User message: Use the following alphabet to complete the pattern.

a b c d e l g h i j k f m n o p q r s t u v w x y z

First, describe 3 relevant exemplars that are distinct from this problem, then give the final answer. Answer with only the examples and the final answer with no further explanation. Put your final answer between double brackets. Note that the alphabet may be in an unfamiliar order. Complete the pattern using this order.

[e l g h h i] [e l g h i]
[14 0 15 0 16 0 16 0 17 0 18 0] [


--- TARGET LETTERS ---

[np.int64(14), '0', np.int64(15), '0', np.int64(16), '0', np.int64(17), '0', np.int64(18), '0']
Full Qwen output: 1. [a b c d] [a b c]  
2. [x y z a] [x y z]  
3. [m n o p q] [m n o p]  

[[e l g h i j]]
Filtered Qwen output: e l g h i j
trial 2 of 10...
trial 3 of 10...
trial 4 of 10...
trial 5 of 10...
trial 6 of 10...
trial 7 of 10...
trial 8 of 10...
trial 9 of 10...
trial 10 of 10...
Problem type: 2gen_split4 - 10/20
trial 1 of 10...

=== PROMPT ===

System message: You are able to solve letter-string analogies

User message: Use the following alphabet to complete the pattern.

a b c d e l g h i j k f m n o p q r s t u v w x y z

First, describe 3 relevant exemplars that are distinct from this problem, then give the final answer. Answer with only the examples and the final answer with no further explanation. Put your final answer between double brackets. Note that the alphabet may be in an unfamiliar order. Complete the pattern using this order.

[j k f m] [j k f n]
[h h j j f f n n] [


--- TARGET LETTERS ---

['h', 'h', 'j', 'j', 'f', 'f', 'p', 'p']
Full Qwen output: 1. [a b c d] [a b c e]  
2. [x y z a] [x y z b]  
3. [p q r s] [p q r t]  

[[h h j j f f n n] [h h j j f f o o]]
Filtered Qwen output: h h j j f f n n] [h h j j f f o o
trial 2 of 10...
trial 3 of 10...
trial 4 of 10...
trial 5 of 10...
trial 6 of 10...
trial 7 of 10...
trial 8 of 10...
trial 9 of 10...
trial 10 of 10...
Problem type: 2gen_split5 - 11/20
trial 1 of 10...

=== PROMPT ===

System message: You are able to solve letter-string analogies

User message: Use the following alphabet to complete the pattern.

a b c d e l g h i j k f m n o p q r s t u v w x y z

First, describe 3 relevant exemplars that are distinct from this problem, then give the final answer. Answer with only the examples and the final answer with no further explanation. Put your final answer between double brackets. Note that the alphabet may be in an unfamiliar order. Complete the pattern using this order.

[b c d d e l] [b c d e l]
[q o o m k i] [


--- TARGET LETTERS ---

['q', 'o', 'm', 'k', 'i']
Full Qwen output: 1. [a b c d e f] [a b c d e]  
2. [x y z a b c] [x y z a b]  
3. [m n o p q r] [m n o p q]  

[[q o o m k] [q o o m]]
Filtered Qwen output: q o o m k] [q o o m
trial 2 of 10...
trial 3 of 10...
trial 4 of 10...
trial 5 of 10...
trial 6 of 10...
trial 7 of 10...
trial 8 of 10...
trial 9 of 10...
trial 10 of 10...
Problem type: 2gen_split6 - 12/20
trial 1 of 10...

=== PROMPT ===

System message: You are able to solve letter-string analogies

User message: Use the following alphabet to complete the pattern.

a b c d e l g h i j k f m n o p q r s t u v w x y z

First, describe 3 relevant exemplars that are distinct from this problem, then give the final answer. Answer with only the examples and the final answer with no further explanation. Put your final answer between double brackets. Note that the alphabet may be in an unfamiliar order. Complete the pattern using this order.

[q r s t] [q r s u]
[4 6 8 10] [


--- TARGET LETTERS ---

[np.int64(4), np.int64(6), np.int64(8), np.int64(12)]
Full Qwen output: 1. [a b c d] [a b c e]  
2. [x y z a] [x y z b]  
3. [m n o p] [m n o q]  

[[4 6 8 11]]
Filtered Qwen output: 4 6 8 11
trial 2 of 10...
trial 3 of 10...
trial 4 of 10...
trial 5 of 10...
trial 6 of 10...
trial 7 of 10...
trial 8 of 10...
trial 9 of 10...
trial 10 of 10...
Problem type: 2gensplit7 - 13/20
trial 1 of 10...

=== PROMPT ===

System message: You are able to solve letter-string analogies

User message: Use the following alphabet to complete the pattern.

a b c d e l g h i j k f m n o p q r s t u v w x y z

First, describe 3 relevant exemplars that are distinct from this problem, then give the final answer. Answer with only the examples and the final answer with no further explanation. Put your final answer between double brackets. Note that the alphabet may be in an unfamiliar order. Complete the pattern using this order.

[i j d f m] [i j k f m]
[h h g g p p e e d d] [


--- TARGET LETTERS ---

['h', 'h', 'g', 'g', 'l', 'l', 'e', 'e', 'd', 'd']
Full Qwen output: 1. [a b c d e] [a b c d e f]  
2. [x y z a b] [x y z a b c]  
3. [m n o p q] [m n o p q r]  

[[h h g g p p e e d d c c]]
Filtered Qwen output: h h g g p p e e d d c c
trial 2 of 10...
trial 3 of 10...
trial 4 of 10...
trial 5 of 10...
trial 6 of 10...
trial 7 of 10...
trial 8 of 10...
trial 9 of 10...
trial 10 of 10...
Problem type: 3gen_split1 - 14/20
trial 1 of 10...

=== PROMPT ===

System message: You are able to solve letter-string analogies

User message: Use the following alphabet to complete the pattern.

a b c d e l g h i j k f m n o p q r s t u v w x y z

First, describe 3 relevant exemplars that are distinct from this problem, then give the final answer. Answer with only the examples and the final answer with no further explanation. Put your final answer between double brackets. Note that the alphabet may be in an unfamiliar order. Complete the pattern using this order.

[i j k f] [i j k m]
[s x r x q x p x o x n x m x f x] [


--- TARGET LETTERS ---

['s', 'x', 'r', 'x', 'q', 'x', 'p', 'x', 'o', 'x', 'n', 'x', 'm', 'x', 'k', 'x']
Full Qwen output: 1. [a b c d] [a b c e]  
2. [g h i j] [g h i k]  
3. [l m n o] [l m n p]  

[[s x r x q x p x o x n x m x f x] [s x r x q x p x o x n x m x f y]]
Filtered Qwen output: s x r x q x p x o x n x m x f x] [s x r x q x p x o x n x m x f y
trial 2 of 10...
trial 3 of 10...
trial 4 of 10...
trial 5 of 10...
trial 6 of 10...
trial 7 of 10...
trial 8 of 10...
trial 9 of 10...
trial 10 of 10...
Problem type: 3gen_split2 - 15/20
trial 1 of 10...

=== PROMPT ===

System message: You are able to solve letter-string analogies

User message: Use the following alphabet to complete the pattern.

a b c d e l g h i j k f m n o p q r s t u v w x y z

First, describe 3 relevant exemplars that are distinct from this problem, then give the final answer. Answer with only the examples and the final answer with no further explanation. Put your final answer between double brackets. Note that the alphabet may be in an unfamiliar order. Complete the pattern using this order.

[e l g h] [d l g h]
[n n x x p p x x r r x x t t x x] [


--- TARGET LETTERS ---

['f', 'f', 'x', 'x', 'p', 'p', 'x', 'x', 'r', 'r', 'x', 'x', 't', 't', 'x', 'x']
Full Qwen output: 1. [a b c d] [e f g h]  
2. [x y z a] [b c d e]  
3. [m n o p] [q r s t]  

[[n n x x p p x x r r x x t t x x] [n n x x p p x x r r x x t t x x v v x x]]
Filtered Qwen output: n n x x p p x x r r x x t t x x] [n n x x p p x x r r x x t t x x v v x x
trial 2 of 10...
trial 3 of 10...
trial 4 of 10...
trial 5 of 10...
trial 6 of 10...
trial 7 of 10...
trial 8 of 10...
trial 9 of 10...
trial 10 of 10...
Problem type: 3gen_split3 - 16/20
trial 1 of 10...

=== PROMPT ===

System message: You are able to solve letter-string analogies

User message: Use the following alphabet to complete the pattern.

a b c d e l g h i j k f m n o p q r s t u v w x y z

First, describe 3 relevant exemplars that are distinct from this problem, then give the final answer. Answer with only the examples and the final answer with no further explanation. Put your final answer between double brackets. Note that the alphabet may be in an unfamiliar order. Complete the pattern using this order.

[i j k f] [i j k f m]
[f f x x n n x x p p x x r r x x] [


--- TARGET LETTERS ---

['f', 'f', 'x', 'x', 'n', 'n', 'x', 'x', 'p', 'p', 'x', 'x', 'r', 'r', 'x', 'x', 't', 't', 'x', 'x']
Full Qwen output: 1. [a b c d] [a b c d e]  
2. [x y z a] [x y z a b]  
3. [m n o p] [m n o p q]  

[[f f x x n n x x p p x x r r x x s s]]
Filtered Qwen output: f f x x n n x x p p x x r r x x s s
trial 2 of 10...
trial 3 of 10...
trial 4 of 10...
trial 5 of 10...
trial 6 of 10...
trial 7 of 10...
trial 8 of 10...
trial 9 of 10...
trial 10 of 10...
Problem type: 3gen_split4 - 17/20
trial 1 of 10...

=== PROMPT ===

System message: You are able to solve letter-string analogies

User message: Use the following alphabet to complete the pattern.

a b c d e l g h i j k f m n o p q r s t u v w x y z

First, describe 3 relevant exemplars that are distinct from this problem, then give the final answer. Answer with only the examples and the final answer with no further explanation. Put your final answer between double brackets. Note that the alphabet may be in an unfamiliar order. Complete the pattern using this order.

[f f m n o p] [f m n o p]
[10 10 0 0 11 11 0 0 12 12 0 0 12 12 0 0 13 13 0 0 14 14 0 0] [


--- TARGET LETTERS ---

[np.int64(10), np.int64(10), '0', '0', np.int64(11), np.int64(11), '0', '0', np.int64(12), np.int64(12), '0', '0', np.int64(13), np.int64(13), '0', '0', np.int64(14), np.int64(14), '0', '0']
Full Qwen output: a b c d e l g h i j k f m n o p q r s t u v w x y z

Examples:
[1 1 2 2 3 3 4 4 5 5] [1 2 3 4 5]
[10 10 11 11 12 12 13 13 14 14] [10 11 12 13 14]
[5 5 6 6 7 7 8 8 9 9
trial 2 of 10...
trial 3 of 10...
trial 4 of 10...
trial 5 of 10...
trial 6 of 10...
trial 7 of 10...
trial 8 of 10...
trial 9 of 10...
trial 10 of 10...
Problem type: 3gen_split5 - 18/20
trial 1 of 10...

=== PROMPT ===

System message: You are able to solve letter-string analogies

User message: Use the following alphabet to complete the pattern.

a b c d e l g h i j k f m n o p q r s t u v w x y z

First, describe 3 relevant exemplars that are distinct from this problem, then give the final answer. Answer with only the examples and the final answer with no further explanation. Put your final answer between double brackets. Note that the alphabet may be in an unfamiliar order. Complete the pattern using this order.

[p q r s] [p q r t]
[6 0 7 0 8 0 9 0 10 0 11 0 12 0 13 0] [


--- TARGET LETTERS ---

[np.int64(6), '0', np.int64(7), '0', np.int64(8), '0', np.int64(9), '0', np.int64(10), '0', np.int64(11), '0', np.int64(12), '0', np.int64(14), '0']
Full Qwen output: a b c d e f g h i j k l m n o p q r s t u v w x y z  
c d e f g h i j k l m n o p q r s t u v w x y z a b  
x y z a b c d e f g h i j k l m n o p q r s t u v w  

[[p q r s t]]
Filtered Qwen output: p q r s t
trial 2 of 10...
trial 3 of 10...
trial 4 of 10...
trial 5 of 10...
trial 6 of 10...
trial 7 of 10...
trial 8 of 10...
trial 9 of 10...
trial 10 of 10...
Problem type: 3gen_split6 - 19/20
trial 1 of 10...

=== PROMPT ===

System message: You are able to solve letter-string analogies

User message: Use the following alphabet to complete the pattern.

a b c d e l g h i j k f m n o p q r s t u v w x y z

First, describe 3 relevant exemplars that are distinct from this problem, then give the final answer. Answer with only the examples and the final answer with no further explanation. Put your final answer between double brackets. Note that the alphabet may be in an unfamiliar order. Complete the pattern using this order.

[r s t u u v] [r s t u v]
[f f k k j j i i h h h h g g l l e e d d] [


--- TARGET LETTERS ---

['f', 'f', 'k', 'k', 'j', 'j', 'i', 'i', 'h', 'h', 'g', 'g', 'l', 'l', 'e', 'e', 'd', 'd']
Full Qwen output: a b c d e f g h i j k l m n o p q r s t u v w x y z  
a b c d e f g h i j k l m n o p q r s t u v w x y z  
a b c d e f g h i j k l m n o p q r s t u v w x y z  

[[f f k k j j i i h h h h g g l l e e d d] [f f k k j j i i h h h h g g l l e e d d]]
Filtered Qwen output: f f k k j j i i h h h h g g l l e e d d] [f f k k j j i i h h h h g g l l e e d d
trial 2 of 10...
trial 3 of 10...
trial 4 of 10...
trial 5 of 10...
trial 6 of 10...
trial 7 of 10...
trial 8 of 10...
trial 9 of 10...
trial 10 of 10...
Problem type: 3gensplit7 - 20/20
trial 1 of 10...

=== PROMPT ===

System message: You are able to solve letter-string analogies

User message: Use the following alphabet to complete the pattern.

a b c d e l g h i j k f m n o p q r s t u v w x y z

First, describe 3 relevant exemplars that are distinct from this problem, then give the final answer. Answer with only the examples and the final answer with no further explanation. Put your final answer between double brackets. Note that the alphabet may be in an unfamiliar order. Complete the pattern using this order.

[b g d e l] [b c d e l]
[a x c x e x g x i x s x m x o x q x] [


--- TARGET LETTERS ---

['a', 'x', 'c', 'x', 'e', 'x', 'g', 'x', 'i', 'x', 'k', 'x', 'm', 'x', 'o', 'x', 'q', 'x']
Full Qwen output: 1. [a c e g i] [a b c d e]  
2. [x z v t r] [x y z w v]  
3. [m o q s u] [m n o p q]  

[[a x c x e x g x i x s x m x o x q x] [a x c x e x g x i x s x m x o x q x]]
Filtered Qwen output: a x c x e x g x i x s x m x o x q x] [a x c x e x g x i x s x m x o x q x
trial 2 of 10...
trial 3 of 10...
trial 4 of 10...
trial 5 of 10...
trial 6 of 10...
trial 7 of 10...
trial 8 of 10...
trial 9 of 10...
trial 10 of 10...
alph_6
a b c d m f g h i j k l e n o p q r s t u v w x y z
Problem type: larger_int - 1/20
trial 1 of 10...

=== PROMPT ===

System message: You are able to solve letter-string analogies

User message: Use the following alphabet to complete the pattern.

a b c d m f g h i j k l e n o p q r s t u v w x y z

First, describe 3 relevant exemplars that are distinct from this problem, then give the final answer. Answer with only the examples and the final answer with no further explanation. Put your final answer between double brackets. Note that the alphabet may be in an unfamiliar order. Complete the pattern using this order.

[c d t f g] [c d m f g]
[d f h j e] [


--- TARGET LETTERS ---

['d', 'f', 'h', 'j', 'l']
Full Qwen output: 1. [a b c d e] [a b c d f]  
2. [x y z a b] [x y z a c]  
3. [m n o p q] [m n o p r]  

[[d f j l e]]
Filtered Qwen output: d f j l e
trial 2 of 10...
trial 3 of 10...
trial 4 of 10...
trial 5 of 10...
trial 6 of 10...
trial 7 of 10...
trial 8 of 10...
trial 9 of 10...
trial 10 of 10...
Problem type: longer_targ - 2/20
trial 1 of 10...

=== PROMPT ===

System message: You are able to solve letter-string analogies

User message: Use the following alphabet to complete the pattern.

a b c d m f g h i j k l e n o p q r s t u v w x y z

First, describe 3 relevant exemplars that are distinct from this problem, then give the final answer. Answer with only the examples and the final answer with no further explanation. Put your final answer between double brackets. Note that the alphabet may be in an unfamiliar order. Complete the pattern using this order.

[b c d m] [b c d f]
[m f g h i j k l] [


--- TARGET LETTERS ---

['m', 'f', 'g', 'h', 'i', 'j', 'k', 'e']
Full Qwen output: 1. [a b c d] [a b c e]  
2. [x y z a] [x y z c]  
3. [p q r s] [p q r t]  

[[m f g h i j k l] [m f g h i j k n]]
Filtered Qwen output: m f g h i j k l] [m f g h i j k n
trial 2 of 10...
trial 3 of 10...
trial 4 of 10...
trial 5 of 10...
trial 6 of 10...
trial 7 of 10...
trial 8 of 10...
trial 9 of 10...
trial 10 of 10...
Problem type: group - 3/20
trial 1 of 10...

=== PROMPT ===

System message: You are able to solve letter-string analogies

User message: Use the following alphabet to complete the pattern.

a b c d m f g h i j k l e n o p q r s t u v w x y z

First, describe 3 relevant exemplars that are distinct from this problem, then give the final answer. Answer with only the examples and the final answer with no further explanation. Put your final answer between double brackets. Note that the alphabet may be in an unfamiliar order. Complete the pattern using this order.

[o n p q r] [n o p q r]
[j j l l k k e e n n] [


--- TARGET LETTERS ---

['j', 'j', 'k', 'k', 'l', 'l', 'e', 'e', 'n', 'n']
Full Qwen output: 1. [a b c d e] [b c d e f]  
2. [x y z a b] [y z a b c]  
3. [m n o p q] [n o p q r]  

[[l l k k e e n n]]
Filtered Qwen output: l l k k e e n n
trial 2 of 10...
trial 3 of 10...
trial 4 of 10...
trial 5 of 10...
trial 6 of 10...
trial 7 of 10...
trial 8 of 10...
trial 9 of 10...
trial 10 of 10...
Problem type: interleaved - 4/20
trial 1 of 10...

=== PROMPT ===

System message: You are able to solve letter-string analogies

User message: Use the following alphabet to complete the pattern.

a b c d m f g h i j k l e n o p q r s t u v w x y z

First, describe 3 relevant exemplars that are distinct from this problem, then give the final answer. Answer with only the examples and the final answer with no further explanation. Put your final answer between double brackets. Note that the alphabet may be in an unfamiliar order. Complete the pattern using this order.

[d m f f g h] [d m f g h]
[i x i x j x k x l x e x] [


--- TARGET LETTERS ---

['i', 'x', 'j', 'x', 'k', 'x', 'l', 'x', 'e', 'x']
Full Qwen output: 1. [a b c d e f] [a b c d e]  
2. [p q r s t u] [p q r s t]  
3. [m n o p q r] [m n o p q]  

[[d m f g h i]]
Filtered Qwen output: d m f g h i
trial 2 of 10...
trial 3 of 10...
trial 4 of 10...
trial 5 of 10...
trial 6 of 10...
trial 7 of 10...
trial 8 of 10...
trial 9 of 10...
trial 10 of 10...
Problem type: letter2num - 5/20
trial 1 of 10...

=== PROMPT ===

System message: You are able to solve letter-string analogies

User message: Use the following alphabet to complete the pattern.

a b c d m f g h i j k l e n o p q r s t u v w x y z

First, describe 3 relevant exemplars that are distinct from this problem, then give the final answer. Answer with only the examples and the final answer with no further explanation. Put your final answer between double brackets. Note that the alphabet may be in an unfamiliar order. Complete the pattern using this order.

[p q r s] [p q r t]
[10 11 12 13] [


--- TARGET LETTERS ---

[np.int64(10), np.int64(11), np.int64(12), np.int64(14)]
Full Qwen output: 1. [a b c d] [a b c e]  
2. [x y z a] [x y z b]  
3. [m n o p] [m n o q]  

[[p q r s] [p q r t]]
Filtered Qwen output: p q r s] [p q r t
trial 2 of 10...
trial 3 of 10...
trial 4 of 10...
trial 5 of 10...
trial 6 of 10...
trial 7 of 10...
trial 8 of 10...
trial 9 of 10...
trial 10 of 10...
Problem type: reverse - 6/20
trial 1 of 10...

=== PROMPT ===

System message: You are able to solve letter-string analogies

User message: Use the following alphabet to complete the pattern.

a b c d m f g h i j k l e n o p q r s t u v w x y z

First, describe 3 relevant exemplars that are distinct from this problem, then give the final answer. Answer with only the examples and the final answer with no further explanation. Put your final answer between double brackets. Note that the alphabet may be in an unfamiliar order. Complete the pattern using this order.

[j k l e] [j k l n]
[q p o n] [


--- TARGET LETTERS ---

['q', 'p', 'o', 'e']
Full Qwen output: 1. [a b c d] [a b c e]  
2. [f g h i] [f g h j]  
3. [m n o p] [m n o q]  

[[q p o m]]
Filtered Qwen output: q p o m
trial 2 of 10...
trial 3 of 10...
trial 4 of 10...
trial 5 of 10...
trial 6 of 10...
trial 7 of 10...
trial 8 of 10...
trial 9 of 10...
trial 10 of 10...
Problem type: 2gen_split1 - 7/20
trial 1 of 10...

=== PROMPT ===

System message: You are able to solve letter-string analogies

User message: Use the following alphabet to complete the pattern.

a b c d m f g h i j k l e n o p q r s t u v w x y z

First, describe 3 relevant exemplars that are distinct from this problem, then give the final answer. Answer with only the examples and the final answer with no further explanation. Put your final answer between double brackets. Note that the alphabet may be in an unfamiliar order. Complete the pattern using this order.

[b c d m] [a c d m]
[g x i x k x e x] [


--- TARGET LETTERS ---

['m', 'x', 'i', 'x', 'k', 'x', 'e', 'x']
Full Qwen output: 1. [p q r s] [o q r s]  
2. [f g h i] [e g h i]  
3. [j k l m] [i k l m]  

[[g x i x k x e x] [f x i x k x e x]]
Filtered Qwen output: g x i x k x e x] [f x i x k x e x
trial 2 of 10...
trial 3 of 10...
trial 4 of 10...
trial 5 of 10...
trial 6 of 10...
trial 7 of 10...
trial 8 of 10...
trial 9 of 10...
trial 10 of 10...
Problem type: 2gen_split2 - 8/20
trial 1 of 10...

=== PROMPT ===

System message: You are able to solve letter-string analogies

User message: Use the following alphabet to complete the pattern.

a b c d m f g h i j k l e n o p q r s t u v w x y z

First, describe 3 relevant exemplars that are distinct from this problem, then give the final answer. Answer with only the examples and the final answer with no further explanation. Put your final answer between double brackets. Note that the alphabet may be in an unfamiliar order. Complete the pattern using this order.

[e n o p] [e n o q]
[1 1 2 2 3 3 4 4] [


--- TARGET LETTERS ---

[np.int64(1), np.int64(1), np.int64(2), np.int64(2), np.int64(3), np.int64(3), np.int64(5), np.int64(5)]
Full Qwen output: 1. [a b c d] [a b c e]  
2. [x y z a] [x y z b]  
3. [m f g h] [m f g i]  

[[e n o r]]
Filtered Qwen output: e n o r
trial 2 of 10...
trial 3 of 10...
trial 4 of 10...
trial 5 of 10...
trial 6 of 10...
trial 7 of 10...
trial 8 of 10...
trial 9 of 10...
trial 10 of 10...
Problem type: 2gen_split3 - 9/20
trial 1 of 10...

=== PROMPT ===

System message: You are able to solve letter-string analogies

User message: Use the following alphabet to complete the pattern.

a b c d m f g h i j k l e n o p q r s t u v w x y z

First, describe 3 relevant exemplars that are distinct from this problem, then give the final answer. Answer with only the examples and the final answer with no further explanation. Put your final answer between double brackets. Note that the alphabet may be in an unfamiliar order. Complete the pattern using this order.

[e n o p v] [e n o p q]
[k v o q s u w y] [


--- TARGET LETTERS ---

['k', 'e', 'o', 'q', 's', 'u', 'w', 'y']
Full Qwen output: 1. [a b c d] [a b c e]  
2. [f g h i] [f g h j]  
3. [m n o p] [m n o q]  

[[k v o q s u w y] [k v o q s u w z]]
Filtered Qwen output: k v o q s u w y] [k v o q s u w z
trial 2 of 10...
trial 3 of 10...
trial 4 of 10...
trial 5 of 10...
trial 6 of 10...
trial 7 of 10...
trial 8 of 10...
trial 9 of 10...
trial 10 of 10...
Problem type: 2gen_split4 - 10/20
trial 1 of 10...

=== PROMPT ===

System message: You are able to solve letter-string analogies

User message: Use the following alphabet to complete the pattern.

a b c d m f g h i j k l e n o p q r s t u v w x y z

First, describe 3 relevant exemplars that are distinct from this problem, then give the final answer. Answer with only the examples and the final answer with no further explanation. Put your final answer between double brackets. Note that the alphabet may be in an unfamiliar order. Complete the pattern using this order.

[k l e n] [k l e n o]
[a a b b c c d d m m f f g g h h] [


--- TARGET LETTERS ---

['a', 'a', 'b', 'b', 'c', 'c', 'd', 'd', 'm', 'm', 'f', 'f', 'g', 'g', 'h', 'h', 'i', 'i']
Full Qwen output: 1. [a b c d] [a b c d e]  
2. [x y z a] [x y z a b]  
3. [m f g h] [m f g h i]  

[[a a b b c c d d m m f f g g h h i i]]
Filtered Qwen output: a a b b c c d d m m f f g g h h i i
trial 2 of 10...
trial 3 of 10...
trial 4 of 10...
trial 5 of 10...
trial 6 of 10...
trial 7 of 10...
trial 8 of 10...
trial 9 of 10...
trial 10 of 10...
Problem type: 2gen_split5 - 11/20
trial 1 of 10...

=== PROMPT ===

System message: You are able to solve letter-string analogies

User message: Use the following alphabet to complete the pattern.

a b c d m f g h i j k l e n o p q r s t u v w x y z

First, describe 3 relevant exemplars that are distinct from this problem, then give the final answer. Answer with only the examples and the final answer with no further explanation. Put your final answer between double brackets. Note that the alphabet may be in an unfamiliar order. Complete the pattern using this order.

[w x y z] [v x y z]
[i x k x e x o x] [


--- TARGET LETTERS ---

['g', 'x', 'k', 'x', 'e', 'x', 'o', 'x']
Full Qwen output: 1. [a b c d] [b c d e]  
2. [m n o p] [n o p q]  
3. [f g h i] [g h i j]  

[[j x l x f x p x]]
Filtered Qwen output: j x l x f x p x
trial 2 of 10...
trial 3 of 10...
trial 4 of 10...
trial 5 of 10...
trial 6 of 10...
trial 7 of 10...
trial 8 of 10...
trial 9 of 10...
trial 10 of 10...
Problem type: 2gen_split6 - 12/20
trial 1 of 10...

=== PROMPT ===

System message: You are able to solve letter-string analogies

User message: Use the following alphabet to complete the pattern.

a b c d m f g h i j k l e n o p q r s t u v w x y z

First, describe 3 relevant exemplars that are distinct from this problem, then give the final answer. Answer with only the examples and the final answer with no further explanation. Put your final answer between double brackets. Note that the alphabet may be in an unfamiliar order. Complete the pattern using this order.

[c d m f] [c d m g]
[i x h x g x f x] [


--- TARGET LETTERS ---

['i', 'x', 'h', 'x', 'g', 'x', 'm', 'x']
Full Qwen output: 1. [a b c d] [a b c e]  
2. [p q r s] [p q r t]  
3. [m n o p] [m n o q]  

[[i x h x g x f x] [i x h x g x f y]]
Filtered Qwen output: i x h x g x f x] [i x h x g x f y
trial 2 of 10...
trial 3 of 10...
trial 4 of 10...
trial 5 of 10...
trial 6 of 10...
trial 7 of 10...
trial 8 of 10...
trial 9 of 10...
trial 10 of 10...
Problem type: 2gensplit7 - 13/20
trial 1 of 10...

=== PROMPT ===

System message: You are able to solve letter-string analogies

User message: Use the following alphabet to complete the pattern.

a b c d m f g h i j k l e n o p q r s t u v w x y z

First, describe 3 relevant exemplars that are distinct from this problem, then give the final answer. Answer with only the examples and the final answer with no further explanation. Put your final answer between double brackets. Note that the alphabet may be in an unfamiliar order. Complete the pattern using this order.

[u v w x g] [u v w x y]
[z x g x i x k x e x] [


--- TARGET LETTERS ---

['m', 'x', 'g', 'x', 'i', 'x', 'k', 'x', 'e', 'x']
Full Qwen output: 1. [a b c d e] [a b c d e f]  
2. [m n o p q] [m n o p q r]  
3. [f g h i j] [f g h i j k]  

[[z x g x i x k x e x] [z x g x i x k x e x l]]
Filtered Qwen output: z x g x i x k x e x] [z x g x i x k x e x l
trial 2 of 10...
trial 3 of 10...
trial 4 of 10...
trial 5 of 10...
trial 6 of 10...
trial 7 of 10...
trial 8 of 10...
trial 9 of 10...
trial 10 of 10...
Problem type: 3gen_split1 - 14/20
trial 1 of 10...

=== PROMPT ===

System message: You are able to solve letter-string analogies

User message: Use the following alphabet to complete the pattern.

a b c d m f g h i j k l e n o p q r s t u v w x y z

First, describe 3 relevant exemplars that are distinct from this problem, then give the final answer. Answer with only the examples and the final answer with no further explanation. Put your final answer between double brackets. Note that the alphabet may be in an unfamiliar order. Complete the pattern using this order.

[l e n o] [l e n o p]
[x x v v t t r r] [


--- TARGET LETTERS ---

['x', 'x', 'v', 'v', 't', 't', 'r', 'r', 'p', 'p']
Full Qwen output: 1. [a b c] [a b c d]  
2. [m f g] [m f g h]  
3. [i j k] [i j k l]  

[[x x v v t t r r s s]]
Filtered Qwen output: x x v v t t r r s s
trial 2 of 10...
trial 3 of 10...
trial 4 of 10...
trial 5 of 10...
trial 6 of 10...
trial 7 of 10...
trial 8 of 10...
trial 9 of 10...
trial 10 of 10...
Problem type: 3gen_split2 - 15/20
trial 1 of 10...

=== PROMPT ===

System message: You are able to solve letter-string analogies

User message: Use the following alphabet to complete the pattern.

a b c d m f g h i j k l e n o p q r s t u v w x y z

First, describe 3 relevant exemplars that are distinct from this problem, then give the final answer. Answer with only the examples and the final answer with no further explanation. Put your final answer between double brackets. Note that the alphabet may be in an unfamiliar order. Complete the pattern using this order.

[r s t u] [r s t v]
[e x k x i x g x] [


--- TARGET LETTERS ---

['e', 'x', 'k', 'x', 'i', 'x', 'm', 'x']
Full Qwen output: 1. [a b c d] [a b c e]  
2. [m n o p] [m n o q]  
3. [f g h i] [f g h j]  

[[e x k x i x h x]]
Filtered Qwen output: e x k x i x h x
trial 2 of 10...
trial 3 of 10...
trial 4 of 10...
trial 5 of 10...
trial 6 of 10...
trial 7 of 10...
trial 8 of 10...
trial 9 of 10...
trial 10 of 10...
Problem type: 3gen_split3 - 16/20
trial 1 of 10...

=== PROMPT ===

System message: You are able to solve letter-string analogies

User message: Use the following alphabet to complete the pattern.

a b c d m f g h i j k l e n o p q r s t u v w x y z

First, describe 3 relevant exemplars that are distinct from this problem, then give the final answer. Answer with only the examples and the final answer with no further explanation. Put your final answer between double brackets. Note that the alphabet may be in an unfamiliar order. Complete the pattern using this order.

[b c d m] [b c d f]
[17 0 19 0 21 0 23 0] [


--- TARGET LETTERS ---

[np.int64(17), '0', np.int64(19), '0', np.int64(21), '0', np.int64(25), '0']
Full Qwen output: Examples:  
[1 2 3 4] [1 2 3 5]  
[apple banana cherry] [apple banana date]  
[red blue green] [red blue yellow]  

[[b c d m] [b c d f]]  
[[17 0 19 0 21 0 23 0] [17 0 19 0 21 0 23 0 15 0]]  
[[b c d m] [b c d f]]  
[[17 0 19 0
Filtered Qwen output: b c d m] [b c d f
trial 2 of 10...
trial 3 of 10...
trial 4 of 10...
trial 5 of 10...
trial 6 of 10...
trial 7 of 10...
trial 8 of 10...
trial 9 of 10...
trial 10 of 10...
Problem type: 3gen_split4 - 17/20
trial 1 of 10...

=== PROMPT ===

System message: You are able to solve letter-string analogies

User message: Use the following alphabet to complete the pattern.

a b c d m f g h i j k l e n o p q r s t u v w x y z

First, describe 3 relevant exemplars that are distinct from this problem, then give the final answer. Answer with only the examples and the final answer with no further explanation. Put your final answer between double brackets. Note that the alphabet may be in an unfamiliar order. Complete the pattern using this order.

[f g h i] [f g h j]
[k k i i g g m m] [


--- TARGET LETTERS ---

['k', 'k', 'i', 'i', 'g', 'g', 'c', 'c']
Full Qwen output: 1. [a b c d] [a b c e]  
2. [x y z a] [x y z b]  
3. [p q r s] [p q r t]  

[[k k i i g g m m] [k k i i g g m n]]
Filtered Qwen output: k k i i g g m m] [k k i i g g m n
trial 2 of 10...
trial 3 of 10...
trial 4 of 10...
trial 5 of 10...
trial 6 of 10...
trial 7 of 10...
trial 8 of 10...
trial 9 of 10...
trial 10 of 10...
Problem type: 3gen_split5 - 18/20
trial 1 of 10...

=== PROMPT ===

System message: You are able to solve letter-string analogies

User message: Use the following alphabet to complete the pattern.

a b c d m f g h i j k l e n o p q r s t u v w x y z

First, describe 3 relevant exemplars that are distinct from this problem, then give the final answer. Answer with only the examples and the final answer with no further explanation. Put your final answer between double brackets. Note that the alphabet may be in an unfamiliar order. Complete the pattern using this order.

[q r s t] [p r s t]
[i i x x k k x x e e x x o o x x] [


--- TARGET LETTERS ---

['g', 'g', 'x', 'x', 'k', 'k', 'x', 'x', 'e', 'e', 'x', 'x', 'o', 'o', 'x', 'x']
Full Qwen output: 1. [a b c d] [c d e f]  
2. [m n o p] [o p q r]  
3. [g h i j] [i j k l]  

[[q r s t] [p r s t] [i i x x k k x x e e x x o o x x] [k k x x e e x x o o x x q q x x]]
Filtered Qwen output: q r s t] [p r s t] [i i x x k k x x e e x x o o x x] [k k x x e e x x o o x x q q x x
trial 2 of 10...
trial 3 of 10...
trial 4 of 10...
trial 5 of 10...
trial 6 of 10...
trial 7 of 10...
trial 8 of 10...
trial 9 of 10...
trial 10 of 10...
Problem type: 3gen_split6 - 19/20
trial 1 of 10...

=== PROMPT ===

System message: You are able to solve letter-string analogies

User message: Use the following alphabet to complete the pattern.

a b c d m f g h i j k l e n o p q r s t u v w x y z

First, describe 3 relevant exemplars that are distinct from this problem, then give the final answer. Answer with only the examples and the final answer with no further explanation. Put your final answer between double brackets. Note that the alphabet may be in an unfamiliar order. Complete the pattern using this order.

[d j f g h] [d m f g h]
[b x k x i x g x m x] [


--- TARGET LETTERS ---

['e', 'x', 'k', 'x', 'i', 'x', 'g', 'x', 'm', 'x']
Full Qwen output: 1. [a c e g i] [a f e g i]  
2. [p r t v x] [p s t v x]  
3. [m o q s u] [m n o q s]  

[[b y k y i y g y m y]]
Filtered Qwen output: b y k y i y g y m y
trial 2 of 10...
trial 3 of 10...
trial 4 of 10...
trial 5 of 10...
trial 6 of 10...
trial 7 of 10...
trial 8 of 10...
trial 9 of 10...
trial 10 of 10...
Problem type: 3gensplit7 - 20/20
trial 1 of 10...

=== PROMPT ===

System message: You are able to solve letter-string analogies

User message: Use the following alphabet to complete the pattern.

a b c d m f g h i j k l e n o p q r s t u v w x y z

First, describe 3 relevant exemplars that are distinct from this problem, then give the final answer. Answer with only the examples and the final answer with no further explanation. Put your final answer between double brackets. Note that the alphabet may be in an unfamiliar order. Complete the pattern using this order.

[d m f f g h] [d m f g h]
[1 0 2 0 3 0 4 0 5 0 6 0 7 0 8 0 9 0 9 0] [


--- TARGET LETTERS ---

[np.int64(1), '0', np.int64(2), '0', np.int64(3), '0', np.int64(4), '0', np.int64(5), '0', np.int64(6), '0', np.int64(7), '0', np.int64(8), '0', np.int64(9), '0']
Full Qwen output: Examples:  
[cat dog cat dog] [cat dog]  
[red blue red blue] [red blue]  
[1 2 1 2 3 2 4 2 5 2 6 2 7 2 8 2 9 2] [1 2]  

Final answer: [[d m f g h i j k l e n o p q r s t u v w x y z]]
Filtered Qwen output: d m f g h i j k l e n o p q r s t u v w x y z
trial 2 of 10...
trial 3 of 10...
trial 4 of 10...
trial 5 of 10...
trial 6 of 10...
trial 7 of 10...
trial 8 of 10...
trial 9 of 10...
trial 10 of 10...
Saved ./Qwen_Qwen3-14B_prob_predictions_multi_alph/gen/Qwen_Qwen3-14B_letterstring_results_2_multi_alph_gptprobs_analogical.npz
Total time: 4238.934782981873 seconds.
Loading model Qwen/Qwen3-14B...
GPU memory available: 39.49 GB
`torch_dtype` is deprecated! Use `dtype` instead!
Flash Attention 2 not available (FlashAttention2 has been toggled on, but it cannot be used due to the following error: the package flash_attn seems to be not installed. Please refer to the documentation of https://huggingface.co/docs/transformers/perf_infer_gpu_one#flashattention-2 to install Flash Attention 2.), using default attention
Loading checkpoint shards:   0%|          | 0/8 [00:00<?, ?it/s]Loading checkpoint shards:  12%|█▎        | 1/8 [00:04<00:29,  4.18s/it]Loading checkpoint shards:  25%|██▌       | 2/8 [00:06<00:16,  2.81s/it]Loading checkpoint shards:  38%|███▊      | 3/8 [00:07<00:11,  2.37s/it]Loading checkpoint shards:  50%|█████     | 4/8 [00:09<00:08,  2.17s/it]Loading checkpoint shards:  62%|██████▎   | 5/8 [00:11<00:06,  2.06s/it]Loading checkpoint shards:  75%|███████▌  | 6/8 [00:13<00:03,  1.98s/it]Loading checkpoint shards:  88%|████████▊ | 7/8 [00:15<00:01,  1.94s/it]Loading checkpoint shards: 100%|██████████| 8/8 [00:16<00:00,  1.60s/it]Loading checkpoint shards: 100%|██████████| 8/8 [00:16<00:00,  2.02s/it]
Model loaded with default attention
Model device: cuda:0
GPU memory allocated: 27.51 GB, reserved: 27.51 GB
Model loaded. Loading tokenizer...
Model Qwen/Qwen3-14B and tokenizer loaded.
alph_0
a n c d e f g h i j k l m b q p u r s t o v w x y z
Problem type: larger_int - 1/20
trial 1 of 10...

=== PROMPT ===

System message: You are able to solve letter-string analogies

User message: Use the following alphabet to complete the pattern.

a n c d e f g h i j k l m b q p u r s t o v w x y z

First, describe 3 relevant exemplars that are distinct from this problem, then give the final answer. Answer with only the examples and the final answer with no further explanation. Put your final answer between double brackets. Note that the alphabet may be in an unfamiliar order. Complete the pattern using this order.

[g h i j] [f h i j]
[d f h j] [


--- TARGET LETTERS ---

['n', 'f', 'h', 'j']
The following generation flags are not valid and may be ignored: ['temperature', 'top_k']. Set `TRANSFORMERS_VERBOSITY=info` for more details.
Full Qwen output: 1. [a b c d] [b c d e]  
2. [x y z a] [y z a b]  
3. [m n o p] [n o p q]  

[[c e g i]]
Filtered Qwen output: c e g i
trial 2 of 10...
trial 3 of 10...
trial 4 of 10...
trial 5 of 10...
trial 6 of 10...
trial 7 of 10...
trial 8 of 10...
trial 9 of 10...
trial 10 of 10...
Problem type: longer_targ - 2/20
trial 1 of 10...

=== PROMPT ===

System message: You are able to solve letter-string analogies

User message: Use the following alphabet to complete the pattern.

a n c d e f g h i j k l m b q p u r s t o v w x y z

First, describe 3 relevant exemplars that are distinct from this problem, then give the final answer. Answer with only the examples and the final answer with no further explanation. Put your final answer between double brackets. Note that the alphabet may be in an unfamiliar order. Complete the pattern using this order.

[m b q p u u] [m b q p u]
[r s t o v v w x y z] [


--- TARGET LETTERS ---

['r', 's', 't', 'o', 'v', 'w', 'x', 'y', 'z']
Full Qwen output: 1. [a b c d e] [a b c d]  
2. [x y z a b] [x y z a]  
3. [p q r s t] [p q r s]  

[[m b q p u]]
Filtered Qwen output: m b q p u
trial 2 of 10...
trial 3 of 10...
trial 4 of 10...
trial 5 of 10...
trial 6 of 10...
trial 7 of 10...
trial 8 of 10...
trial 9 of 10...
trial 10 of 10...
Problem type: group - 3/20
trial 1 of 10...

=== PROMPT ===

System message: You are able to solve letter-string analogies

User message: Use the following alphabet to complete the pattern.

a n c d e f g h i j k l m b q p u r s t o v w x y z

First, describe 3 relevant exemplars that are distinct from this problem, then give the final answer. Answer with only the examples and the final answer with no further explanation. Put your final answer between double brackets. Note that the alphabet may be in an unfamiliar order. Complete the pattern using this order.

[w x y z] [v x y z]
[o o v v w w x x] [


--- TARGET LETTERS ---

['t', 't', 'v', 'v', 'w', 'w', 'x', 'x']
Full Qwen output: 1. [a b c d] [b c d e]  
2. [m n o p] [n o p q]  
3. [r s t u] [s t u v]  

[[p p q q r r s s]]
Filtered Qwen output: p p q q r r s s
trial 2 of 10...
trial 3 of 10...
trial 4 of 10...
trial 5 of 10...
trial 6 of 10...
trial 7 of 10...
trial 8 of 10...
trial 9 of 10...
trial 10 of 10...
Problem type: interleaved - 4/20
trial 1 of 10...

=== PROMPT ===

System message: You are able to solve letter-string analogies

User message: Use the following alphabet to complete the pattern.

a n c d e f g h i j k l m b q p u r s t o v w x y z

First, describe 3 relevant exemplars that are distinct from this problem, then give the final answer. Answer with only the examples and the final answer with no further explanation. Put your final answer between double brackets. Note that the alphabet may be in an unfamiliar order. Complete the pattern using this order.

[o v l x y] [o v w x y]
[p x u x w x s x t x] [


--- TARGET LETTERS ---

['p', 'x', 'u', 'x', 'r', 'x', 's', 'x', 't', 'x']
Full Qwen output: 1. [a b c d e] [a b c d e f]  
2. [m n o p q] [m n o p q r]  
3. [z y x w v] [z y x w v u]  

[[p x u x w x s x t x] [p x u x w x s x t x o]]
Filtered Qwen output: p x u x w x s x t x] [p x u x w x s x t x o
trial 2 of 10...
trial 3 of 10...
trial 4 of 10...
trial 5 of 10...
trial 6 of 10...
trial 7 of 10...
trial 8 of 10...
trial 9 of 10...
trial 10 of 10...
Problem type: letter2num - 5/20
trial 1 of 10...

=== PROMPT ===

System message: You are able to solve letter-string analogies

User message: Use the following alphabet to complete the pattern.

a n c d e f g h i j k l m b q p u r s t o v w x y z

First, describe 3 relevant exemplars that are distinct from this problem, then give the final answer. Answer with only the examples and the final answer with no further explanation. Put your final answer between double brackets. Note that the alphabet may be in an unfamiliar order. Complete the pattern using this order.

[a n c d] [a n c e]
[19 20 21 22] [


--- TARGET LETTERS ---

[np.int64(19), np.int64(20), np.int64(21), np.int64(23)]
Full Qwen output: 1. [a b c d] [a b c e]  
2. [x y z a] [x y z b]  
3. [m n o p] [m n o q]  

[[19 20 21 23]]
Filtered Qwen output: 19 20 21 23
trial 2 of 10...
trial 3 of 10...
trial 4 of 10...
trial 5 of 10...
trial 6 of 10...
trial 7 of 10...
trial 8 of 10...
trial 9 of 10...
trial 10 of 10...
Problem type: reverse - 6/20
trial 1 of 10...

=== PROMPT ===

System message: You are able to solve letter-string analogies

User message: Use the following alphabet to complete the pattern.

a n c d e f g h i j k l m b q p u r s t o v w x y z

First, describe 3 relevant exemplars that are distinct from this problem, then give the final answer. Answer with only the examples and the final answer with no further explanation. Put your final answer between double brackets. Note that the alphabet may be in an unfamiliar order. Complete the pattern using this order.

[o v w x y y] [o v w x y]
[e d c n n a] [


--- TARGET LETTERS ---

['e', 'd', 'c', 'n', 'a']
Full Qwen output: 1. [a b c d e f] [a b c d e]  
2. [z y x w v u] [z y x w v]  
3. [m l k j i h] [m l k j i]  

[[o v w x y]]
Filtered Qwen output: o v w x y
trial 2 of 10...
trial 3 of 10...
trial 4 of 10...
trial 5 of 10...
trial 6 of 10...
trial 7 of 10...
trial 8 of 10...
trial 9 of 10...
trial 10 of 10...
Problem type: 2gen_split1 - 7/20
trial 1 of 10...

=== PROMPT ===

System message: You are able to solve letter-string analogies

User message: Use the following alphabet to complete the pattern.

a n c d e f g h i j k l m b q p u r s t o v w x y z

First, describe 3 relevant exemplars that are distinct from this problem, then give the final answer. Answer with only the examples and the final answer with no further explanation. Put your final answer between double brackets. Note that the alphabet may be in an unfamiliar order. Complete the pattern using this order.

[l m b p q] [l m b q p]
[f f d d h h j j l l] [


--- TARGET LETTERS ---

['d', 'd', 'f', 'f', 'h', 'h', 'j', 'j', 'l', 'l']
Full Qwen output: 1. [a b c d e] [a b c e d]  
2. [x y z a b] [x y a b z]  
3. [m n o p q] [m n p q o]  

[[f f d d h h j j l l] [f f d d h h j j l l]]
Filtered Qwen output: f f d d h h j j l l] [f f d d h h j j l l
trial 2 of 10...
trial 3 of 10...
trial 4 of 10...
trial 5 of 10...
trial 6 of 10...
trial 7 of 10...
trial 8 of 10...
trial 9 of 10...
trial 10 of 10...
Problem type: 2gen_split2 - 8/20
trial 1 of 10...

=== PROMPT ===

System message: You are able to solve letter-string analogies

User message: Use the following alphabet to complete the pattern.

a n c d e f g h i j k l m b q p u r s t o v w x y z

First, describe 3 relevant exemplars that are distinct from this problem, then give the final answer. Answer with only the examples and the final answer with no further explanation. Put your final answer between double brackets. Note that the alphabet may be in an unfamiliar order. Complete the pattern using this order.

[k l f b q] [k l m b q]
[q x u x s x o x h x] [


--- TARGET LETTERS ---

['q', 'x', 'u', 'x', 's', 'x', 'o', 'x', 'w', 'x']
Full Qwen output: 1. [a b c d e] [a b c d e f]  
2. [p q r s t] [p q r s t u]  
3. [m n o p q] [m n o p q r]  

[[q x u x s x o x h x] [q x u x s x o x h x r]]
Filtered Qwen output: q x u x s x o x h x] [q x u x s x o x h x r
trial 2 of 10...
trial 3 of 10...
trial 4 of 10...
trial 5 of 10...
trial 6 of 10...
trial 7 of 10...
trial 8 of 10...
trial 9 of 10...
trial 10 of 10...
Problem type: 2gen_split3 - 9/20
trial 1 of 10...

=== PROMPT ===

System message: You are able to solve letter-string analogies

User message: Use the following alphabet to complete the pattern.

a n c d e f g h i j k l m b q p u r s t o v w x y z

First, describe 3 relevant exemplars that are distinct from this problem, then give the final answer. Answer with only the examples and the final answer with no further explanation. Put your final answer between double brackets. Note that the alphabet may be in an unfamiliar order. Complete the pattern using this order.

[q p u r] [q p u r s]
[j x k x l x m x b x q x p x u x] [


--- TARGET LETTERS ---

['j', 'x', 'k', 'x', 'l', 'x', 'm', 'x', 'b', 'x', 'q', 'x', 'p', 'x', 'u', 'x', 'r', 'x']
Full Qwen output: 1. [a b c d] [a b c d e]  
2. [m n o p] [m n o p q]  
3. [z y x w] [z y x w v]  

[[j x k x l x m x b x q x p x u x s]]
Filtered Qwen output: j x k x l x m x b x q x p x u x s
trial 2 of 10...
trial 3 of 10...
trial 4 of 10...
trial 5 of 10...
trial 6 of 10...
trial 7 of 10...
trial 8 of 10...
trial 9 of 10...
trial 10 of 10...
Problem type: 2gen_split4 - 10/20
trial 1 of 10...

=== PROMPT ===

System message: You are able to solve letter-string analogies

User message: Use the following alphabet to complete the pattern.

a n c d e f g h i j k l m b q p u r s t o v w x y z

First, describe 3 relevant exemplars that are distinct from this problem, then give the final answer. Answer with only the examples and the final answer with no further explanation. Put your final answer between double brackets. Note that the alphabet may be in an unfamiliar order. Complete the pattern using this order.

[q p u r] [q p u s]
[b b x x q q x x p p x x u u x x] [


--- TARGET LETTERS ---

['b', 'b', 'x', 'x', 'q', 'q', 'x', 'x', 'p', 'p', 'x', 'x', 'r', 'r', 'x', 'x']
Full Qwen output: 1. [a b c d] [a b c e]  
2. [x y z a] [x y z b]  
3. [m n o p] [m n o q]  

[[b b x x q q x x p p x x u u x x q q x x p p x x u u x x]]
Filtered Qwen output: b b x x q q x x p p x x u u x x q q x x p p x x u u x x
trial 2 of 10...
trial 3 of 10...
trial 4 of 10...
trial 5 of 10...
trial 6 of 10...
trial 7 of 10...
trial 8 of 10...
trial 9 of 10...
trial 10 of 10...
Problem type: 2gen_split5 - 11/20
trial 1 of 10...

=== PROMPT ===

System message: You are able to solve letter-string analogies

User message: Use the following alphabet to complete the pattern.

a n c d e f g h i j k l m b q p u r s t o v w x y z

First, describe 3 relevant exemplars that are distinct from this problem, then give the final answer. Answer with only the examples and the final answer with no further explanation. Put your final answer between double brackets. Note that the alphabet may be in an unfamiliar order. Complete the pattern using this order.

[b q p g r] [b q p u r]
[w w v v o o k k s s] [


--- TARGET LETTERS ---

['w', 'w', 'v', 'v', 'o', 'o', 't', 't', 's', 's']
Full Qwen output: 1. [a b c d e] [a b c d e f]  
2. [x y z a b] [x y z a b c]  
3. [m n o p q] [m n o p q r]  

[[w w v v o o k k s s t t]]
Filtered Qwen output: w w v v o o k k s s t t
trial 2 of 10...
trial 3 of 10...
trial 4 of 10...
trial 5 of 10...
trial 6 of 10...
trial 7 of 10...
trial 8 of 10...
trial 9 of 10...
trial 10 of 10...
Problem type: 2gen_split6 - 12/20
trial 1 of 10...

=== PROMPT ===

System message: You are able to solve letter-string analogies

User message: Use the following alphabet to complete the pattern.

a n c d e f g h i j k l m b q p u r s t o v w x y z

First, describe 3 relevant exemplars that are distinct from this problem, then give the final answer. Answer with only the examples and the final answer with no further explanation. Put your final answer between double brackets. Note that the alphabet may be in an unfamiliar order. Complete the pattern using this order.

[t u r s p] [p u r s t]
[14 10 12 8 16] [


--- TARGET LETTERS ---

[np.int64(8), np.int64(10), np.int64(12), np.int64(14), np.int64(16)]
Full Qwen output: 1. [a b c d e] [e d c b a]  
2. [x y z a b] [b a z y x]  
3. [m n o p q] [q p o n m]  

[[16 8 12 10 14]]
Filtered Qwen output: 16 8 12 10 14
trial 2 of 10...
trial 3 of 10...
trial 4 of 10...
trial 5 of 10...
trial 6 of 10...
trial 7 of 10...
trial 8 of 10...
trial 9 of 10...
trial 10 of 10...
Problem type: 2gensplit7 - 13/20
trial 1 of 10...

=== PROMPT ===

System message: You are able to solve letter-string analogies

User message: Use the following alphabet to complete the pattern.

a n c d e f g h i j k l m b q p u r s t o v w x y z

First, describe 3 relevant exemplars that are distinct from this problem, then give the final answer. Answer with only the examples and the final answer with no further explanation. Put your final answer between double brackets. Note that the alphabet may be in an unfamiliar order. Complete the pattern using this order.

[n c d e] [n c d f]
[7 9 11 13] [


--- TARGET LETTERS ---

[np.int64(7), np.int64(9), np.int64(11), np.int64(15)]
Full Qwen output: 1. [a b c d] [a b c e]  
2. [x y z a] [x y z b]  
3. [p q r s] [p q r t]  

[[n c d g]]
Filtered Qwen output: n c d g
trial 2 of 10...
trial 3 of 10...
trial 4 of 10...
trial 5 of 10...
trial 6 of 10...
trial 7 of 10...
trial 8 of 10...
trial 9 of 10...
trial 10 of 10...
Problem type: 3gen_split1 - 14/20
trial 1 of 10...

=== PROMPT ===

System message: You are able to solve letter-string analogies

User message: Use the following alphabet to complete the pattern.

a n c d e f g h i j k l m b q p u r s t o v w x y z

First, describe 3 relevant exemplars that are distinct from this problem, then give the final answer. Answer with only the examples and the final answer with no further explanation. Put your final answer between double brackets. Note that the alphabet may be in an unfamiliar order. Complete the pattern using this order.

[n c d e] [n c d f]
[18 0 17 0 16 0 15 0] [


--- TARGET LETTERS ---

[np.int64(18), '0', np.int64(17), '0', np.int64(16), '0', np.int64(14), '0']
Full Qwen output: 1. [a b c d] [a b c e]  
2. [x y z a] [x y z b]  
3. [m n o p] [m n o q]  

[[n c d g]]
Filtered Qwen output: n c d g
trial 2 of 10...
trial 3 of 10...
trial 4 of 10...
trial 5 of 10...
trial 6 of 10...
trial 7 of 10...
trial 8 of 10...
trial 9 of 10...
trial 10 of 10...
Problem type: 3gen_split2 - 15/20
trial 1 of 10...

=== PROMPT ===

System message: You are able to solve letter-string analogies

User message: Use the following alphabet to complete the pattern.

a n c d e f g h i j k l m b q p u r s t o v w x y z

First, describe 3 relevant exemplars that are distinct from this problem, then give the final answer. Answer with only the examples and the final answer with no further explanation. Put your final answer between double brackets. Note that the alphabet may be in an unfamiliar order. Complete the pattern using this order.

[a n c d] [a n c d e]
[k k x x l l x x m m x x b b x x q q x x p p x x u u x x r r x x] [


--- TARGET LETTERS ---

['k', 'k', 'x', 'x', 'l', 'l', 'x', 'x', 'm', 'm', 'x', 'x', 'b', 'b', 'x', 'x', 'q', 'q', 'x', 'x', 'p', 'p', 'x', 'x', 'u', 'u', 'x', 'x', 'r', 'r', 'x', 'x', 's', 's', 'x', 'x']
Full Qwen output: Examples:  
1. [a b c d] [a b c d e]  
2. [x y z a] [x y z a b]  
3. [m n o p] [m n o p q]  

[[k k x x l l x x m m x x b b x x q q x x p p x x u u x x r r x x s s x x t t x x o o x x v v x x w w x x y y x x z z x x]]
Filtered Qwen output: k k x x l l x x m m x x b b x x q q x x p p x x u u x x r r x x s s x x t t x x o o x x v v x x w w x x y y x x z z x x
trial 2 of 10...
trial 3 of 10...
trial 4 of 10...
trial 5 of 10...
trial 6 of 10...
trial 7 of 10...
trial 8 of 10...
trial 9 of 10...
trial 10 of 10...
Problem type: 3gen_split3 - 16/20
trial 1 of 10...

=== PROMPT ===

System message: You are able to solve letter-string analogies

User message: Use the following alphabet to complete the pattern.

a n c d e f g h i j k l m b q p u r s t o v w x y z

First, describe 3 relevant exemplars that are distinct from this problem, then give the final answer. Answer with only the examples and the final answer with no further explanation. Put your final answer between double brackets. Note that the alphabet may be in an unfamiliar order. Complete the pattern using this order.

[p u h s t] [p u r s t]
[4 6 8 10 12 14 25 18 20] [


--- TARGET LETTERS ---

[np.int64(4), np.int64(6), np.int64(8), np.int64(10), np.int64(12), np.int64(14), np.int64(16), np.int64(18), np.int64(20)]
Full Qwen output: 1. [a b c d e] [a b c d e f]  
2. [x y z a b] [x y z a b c]  
3. [m n o p q] [m n o p q r]  

[[p u r s t o]]
Filtered Qwen output: p u r s t o
trial 2 of 10...
trial 3 of 10...
trial 4 of 10...
trial 5 of 10...
trial 6 of 10...
trial 7 of 10...
trial 8 of 10...
trial 9 of 10...
trial 10 of 10...
Problem type: 3gen_split4 - 17/20
trial 1 of 10...

=== PROMPT ===

System message: You are able to solve letter-string analogies

User message: Use the following alphabet to complete the pattern.

a n c d e f g h i j k l m b q p u r s t o v w x y z

First, describe 3 relevant exemplars that are distinct from this problem, then give the final answer. Answer with only the examples and the final answer with no further explanation. Put your final answer between double brackets. Note that the alphabet may be in an unfamiliar order. Complete the pattern using this order.

[q p u r] [q p u s]
[25 24 23 22 21 20 19 18] [


--- TARGET LETTERS ---

[np.int64(25), np.int64(24), np.int64(23), np.int64(22), np.int64(21), np.int64(20), np.int64(19), np.int64(17)]
Full Qwen output: 1. [a b c d] [a b c e]  
2. [x y z a] [x y z b]  
3. [m n o p] [m n o q]  

[[q p u t]]
Filtered Qwen output: q p u t
trial 2 of 10...
trial 3 of 10...
trial 4 of 10...
trial 5 of 10...
trial 6 of 10...
trial 7 of 10...
trial 8 of 10...
trial 9 of 10...
trial 10 of 10...
Problem type: 3gen_split5 - 18/20
trial 1 of 10...

=== PROMPT ===

System message: You are able to solve letter-string analogies

User message: Use the following alphabet to complete the pattern.

a n c d e f g h i j k l m b q p u r s t o v w x y z

First, describe 3 relevant exemplars that are distinct from this problem, then give the final answer. Answer with only the examples and the final answer with no further explanation. Put your final answer between double brackets. Note that the alphabet may be in an unfamiliar order. Complete the pattern using this order.

[n f d e c] [n c d e f]
[16 0 24 0 18 0 19 0 20 0 21 0 22 0 23 0 17 0] [


--- TARGET LETTERS ---

[np.int64(16), '0', np.int64(17), '0', np.int64(18), '0', np.int64(19), '0', np.int64(20), '0', np.int64(21), '0', np.int64(22), '0', np.int64(23), '0', np.int64(24), '0']
Full Qwen output: a b c d e f g h i j k l m n o p q r s t u v w x y z  
a b c d e f g h i j k l m n o p q r s t u v w x y z  
a b c d e f g h i j k l m n o p q r s t u v w x y z  

[[n f d e c] [n c d e f]]
Filtered Qwen output: n f d e c] [n c d e f
trial 2 of 10...
trial 3 of 10...
trial 4 of 10...
trial 5 of 10...
trial 6 of 10...
trial 7 of 10...
trial 8 of 10...
trial 9 of 10...
trial 10 of 10...
Problem type: 3gen_split6 - 19/20
trial 1 of 10...

=== PROMPT ===

System message: You are able to solve letter-string analogies

User message: Use the following alphabet to complete the pattern.

a n c d e f g h i j k l m b q p u r s t o v w x y z

First, describe 3 relevant exemplars that are distinct from this problem, then give the final answer. Answer with only the examples and the final answer with no further explanation. Put your final answer between double brackets. Note that the alphabet may be in an unfamiliar order. Complete the pattern using this order.

[i j k l] [i j k m]
[y x w x o x s x] [


--- TARGET LETTERS ---

['y', 'x', 'w', 'x', 'o', 'x', 'u', 'x']
Full Qwen output: 1. [a b c d] [a b c e]  
2. [p q r s] [p q r t]  
3. [m n o p] [m n o q]  

[[y x w x o x s x] [y x w x o x s o]]
Filtered Qwen output: y x w x o x s x] [y x w x o x s o
trial 2 of 10...
trial 3 of 10...
trial 4 of 10...
trial 5 of 10...
trial 6 of 10...
trial 7 of 10...
trial 8 of 10...
trial 9 of 10...
trial 10 of 10...
Problem type: 3gensplit7 - 20/20
trial 1 of 10...

=== PROMPT ===

System message: You are able to solve letter-string analogies

User message: Use the following alphabet to complete the pattern.

a n c d e f g h i j k l m b q p u r s t o v w x y z

First, describe 3 relevant exemplars that are distinct from this problem, then give the final answer. Answer with only the examples and the final answer with no further explanation. Put your final answer between double brackets. Note that the alphabet may be in an unfamiliar order. Complete the pattern using this order.

[m b b q p u] [m b q p u]
[19 17 17 15 13 11] [


--- TARGET LETTERS ---

[np.int64(19), np.int64(17), np.int64(15), np.int64(13), np.int64(11)]
Full Qwen output: 1. [a b c d e f] [a b c d]  
2. [x y z a b c] [x y z a]  
3. [p q r s t u] [p q r s]  

[[m b q p]]
Filtered Qwen output: m b q p
trial 2 of 10...
trial 3 of 10...
trial 4 of 10...
trial 5 of 10...
trial 6 of 10...
trial 7 of 10...
trial 8 of 10...
trial 9 of 10...
trial 10 of 10...
alph_1
a b c d o f g h i j k r m n l p q x s t u v w e y z
Problem type: larger_int - 1/20
trial 1 of 10...

=== PROMPT ===

System message: You are able to solve letter-string analogies

User message: Use the following alphabet to complete the pattern.

a b c d o f g h i j k r m n l p q x s t u v w e y z

First, describe 3 relevant exemplars that are distinct from this problem, then give the final answer. Answer with only the examples and the final answer with no further explanation. Put your final answer between double brackets. Note that the alphabet may be in an unfamiliar order. Complete the pattern using this order.

[x s v u t] [x s t u v]
[x p t v e] [


--- TARGET LETTERS ---

['p', 'x', 't', 'v', 'e']
Full Qwen output: 1. [a b c d e] [e d c b a]  
2. [m n o p q] [q p o n m]  
3. [g h i j k] [k j i h g]  

[[x p v t e]]
Filtered Qwen output: x p v t e
trial 2 of 10...
trial 3 of 10...
trial 4 of 10...
trial 5 of 10...
trial 6 of 10...
trial 7 of 10...
trial 8 of 10...
trial 9 of 10...
trial 10 of 10...
Problem type: longer_targ - 2/20
trial 1 of 10...

=== PROMPT ===

System message: You are able to solve letter-string analogies

User message: Use the following alphabet to complete the pattern.

a b c d o f g h i j k r m n l p q x s t u v w e y z

First, describe 3 relevant exemplars that are distinct from this problem, then give the final answer. Answer with only the examples and the final answer with no further explanation. Put your final answer between double brackets. Note that the alphabet may be in an unfamiliar order. Complete the pattern using this order.

[x s t u] [x s t v]
[g h i j k r m n] [


--- TARGET LETTERS ---

['g', 'h', 'i', 'j', 'k', 'r', 'm', 'l']
Full Qwen output: 1. [a b c d] [a b c e]  
2. [f g h i] [f g h j]  
3. [l m n o] [l m n p]  

[[g h i j k r m n] [g h i j k r m o]]
Filtered Qwen output: g h i j k r m n] [g h i j k r m o
trial 2 of 10...
trial 3 of 10...
trial 4 of 10...
trial 5 of 10...
trial 6 of 10...
trial 7 of 10...
trial 8 of 10...
trial 9 of 10...
trial 10 of 10...
Problem type: group - 3/20
trial 1 of 10...

=== PROMPT ===

System message: You are able to solve letter-string analogies

User message: Use the following alphabet to complete the pattern.

a b c d o f g h i j k r m n l p q x s t u v w e y z

First, describe 3 relevant exemplars that are distinct from this problem, then give the final answer. Answer with only the examples and the final answer with no further explanation. Put your final answer between double brackets. Note that the alphabet may be in an unfamiliar order. Complete the pattern using this order.

[j k f m n] [j k r m n]
[m m h h i i j j k k] [


--- TARGET LETTERS ---

['g', 'g', 'h', 'h', 'i', 'i', 'j', 'j', 'k', 'k']
Full Qwen output: 1. [a b c d e] [a b f g h]  
2. [x y z a b] [x y c d e]  
3. [p q r s t] [p q u v w]  

[[m m h h i i j j l l]]
Filtered Qwen output: m m h h i i j j l l
trial 2 of 10...
trial 3 of 10...
trial 4 of 10...
trial 5 of 10...
trial 6 of 10...
trial 7 of 10...
trial 8 of 10...
trial 9 of 10...
trial 10 of 10...
Problem type: interleaved - 4/20
trial 1 of 10...

=== PROMPT ===

System message: You are able to solve letter-string analogies

User message: Use the following alphabet to complete the pattern.

a b c d o f g h i j k r m n l p q x s t u v w e y z

First, describe 3 relevant exemplars that are distinct from this problem, then give the final answer. Answer with only the examples and the final answer with no further explanation. Put your final answer between double brackets. Note that the alphabet may be in an unfamiliar order. Complete the pattern using this order.

[a c b d o] [a b c d o]
[n x l x x x q x p x] [


--- TARGET LETTERS ---

['n', 'x', 'l', 'x', 'p', 'x', 'q', 'x', 'x', 'x']
Full Qwen output: 1. [a b c d e] [a b c d e]  
2. [x y z a b] [x y z a b]  
3. [m n o p q] [m n o p q]  

[[n x l x x x q x p x] [n x l x x x q x p x]]
Filtered Qwen output: n x l x x x q x p x] [n x l x x x q x p x
trial 2 of 10...
trial 3 of 10...
trial 4 of 10...
trial 5 of 10...
trial 6 of 10...
trial 7 of 10...
trial 8 of 10...
trial 9 of 10...
trial 10 of 10...
Problem type: letter2num - 5/20
trial 1 of 10...

=== PROMPT ===

System message: You are able to solve letter-string analogies

User message: Use the following alphabet to complete the pattern.

a b c d o f g h i j k r m n l p q x s t u v w e y z

First, describe 3 relevant exemplars that are distinct from this problem, then give the final answer. Answer with only the examples and the final answer with no further explanation. Put your final answer between double brackets. Note that the alphabet may be in an unfamiliar order. Complete the pattern using this order.

[l p q x s s] [l p q x s]
[3 4 5 5 6 7] [


--- TARGET LETTERS ---

[np.int64(3), np.int64(4), np.int64(5), np.int64(6), np.int64(7)]
Full Qwen output: 1. [a b c d e f] [a b c d e]  
2. [m n o p q r] [m n o p q]  
3. [g h i j k l] [g h i j k]  

[[l p q x s s] [l p q x s]]
Filtered Qwen output: l p q x s s] [l p q x s
trial 2 of 10...
trial 3 of 10...
trial 4 of 10...
trial 5 of 10...
trial 6 of 10...
trial 7 of 10...
trial 8 of 10...
trial 9 of 10...
trial 10 of 10...
Problem type: reverse - 6/20
trial 1 of 10...

=== PROMPT ===

System message: You are able to solve letter-string analogies

User message: Use the following alphabet to complete the pattern.

a b c d o f g h i j k r m n l p q x s t u v w e y z

First, describe 3 relevant exemplars that are distinct from this problem, then give the final answer. Answer with only the examples and the final answer with no further explanation. Put your final answer between double brackets. Note that the alphabet may be in an unfamiliar order. Complete the pattern using this order.

[o f g h] [d f g h]
[n m r k] [


--- TARGET LETTERS ---

['l', 'm', 'r', 'k']
Full Qwen output: 1. [a b c d] [e f g h]  
2. [x y z a] [b c d e]  
3. [p q r s] [t u v w]  

[[l m n o]]
Filtered Qwen output: l m n o
trial 2 of 10...
trial 3 of 10...
trial 4 of 10...
trial 5 of 10...
trial 6 of 10...
trial 7 of 10...
trial 8 of 10...
trial 9 of 10...
trial 10 of 10...
Problem type: 2gen_split1 - 7/20
trial 1 of 10...

=== PROMPT ===

System message: You are able to solve letter-string analogies

User message: Use the following alphabet to complete the pattern.

a b c d o f g h i j k r m n l p q x s t u v w e y z

First, describe 3 relevant exemplars that are distinct from this problem, then give the final answer. Answer with only the examples and the final answer with no further explanation. Put your final answer between double brackets. Note that the alphabet may be in an unfamiliar order. Complete the pattern using this order.

[f g h i] [f g h j]
[m m n n l l p p q q x x s s t t] [


--- TARGET LETTERS ---

['m', 'm', 'n', 'n', 'l', 'l', 'p', 'p', 'q', 'q', 'x', 'x', 's', 's', 'u', 'u']
Full Qwen output: 1. [a b c d] [a b c e]  
2. [o o f f g g h h] [o o f f g g h i]  
3. [r r m m n n l l] [r r m m n n l p]  

[[m m n n l l p p q q x x s s t t] [m m n n l l p p q q x x s s t u]]
Filtered Qwen output: m m n n l l p p q q x x s s t t] [m m n n l l p p q q x x s s t u
trial 2 of 10...
trial 3 of 10...
trial 4 of 10...
trial 5 of 10...
trial 6 of 10...
trial 7 of 10...
trial 8 of 10...
trial 9 of 10...
trial 10 of 10...
Problem type: 2gen_split2 - 8/20
trial 1 of 10...

=== PROMPT ===

System message: You are able to solve letter-string analogies

User message: Use the following alphabet to complete the pattern.

a b c d o f g h i j k r m n l p q x s t u v w e y z

First, describe 3 relevant exemplars that are distinct from this problem, then give the final answer. Answer with only the examples and the final answer with no further explanation. Put your final answer between double brackets. Note that the alphabet may be in an unfamiliar order. Complete the pattern using this order.

[v w e y] [v w e z]
[j x r x n x p x] [


--- TARGET LETTERS ---

['j', 'x', 'r', 'x', 'n', 'x', 'x', 'x']
Full Qwen output: 1. [a b c d] [a b c e]  
2. [f g h i] [f g h j]  
3. [k l m n] [k l m o]  

[[j x r x n x p x q x]]
Filtered Qwen output: j x r x n x p x q x
trial 2 of 10...
trial 3 of 10...
trial 4 of 10...
trial 5 of 10...
trial 6 of 10...
trial 7 of 10...
trial 8 of 10...
trial 9 of 10...
trial 10 of 10...
Problem type: 2gen_split3 - 9/20
trial 1 of 10...

=== PROMPT ===

System message: You are able to solve letter-string analogies

User message: Use the following alphabet to complete the pattern.

a b c d o f g h i j k r m n l p q x s t u v w e y z

First, describe 3 relevant exemplars that are distinct from this problem, then give the final answer. Answer with only the examples and the final answer with no further explanation. Put your final answer between double brackets. Note that the alphabet may be in an unfamiliar order. Complete the pattern using this order.

[o f g h] [o f g i]
[p x q x x x s x t x u x v x w x] [


--- TARGET LETTERS ---

['p', 'x', 'q', 'x', 'x', 'x', 's', 'x', 't', 'x', 'u', 'x', 'v', 'x', 'e', 'x']
Full Qwen output: 1. [a b c d] [a b c e]  
2. [m n o p] [m n o q]  
3. [r s t u] [r s t v]  

[[o f g h] [o f g i]]
Filtered Qwen output: o f g h] [o f g i
trial 2 of 10...
trial 3 of 10...
trial 4 of 10...
trial 5 of 10...
trial 6 of 10...
trial 7 of 10...
trial 8 of 10...
trial 9 of 10...
trial 10 of 10...
Problem type: 2gen_split4 - 10/20
trial 1 of 10...

=== PROMPT ===

System message: You are able to solve letter-string analogies

User message: Use the following alphabet to complete the pattern.

a b c d o f g h i j k r m n l p q x s t u v w e y z

First, describe 3 relevant exemplars that are distinct from this problem, then give the final answer. Answer with only the examples and the final answer with no further explanation. Put your final answer between double brackets. Note that the alphabet may be in an unfamiliar order. Complete the pattern using this order.

[n m r l p] [r m n l p]
[j r n v x t p e z] [


--- TARGET LETTERS ---

['j', 'r', 'n', 'p', 'x', 't', 'v', 'e', 'z']
Full Qwen output: 1. [a b c d e] [b c d e f]  
2. [x y z a b] [y z a b c]  
3. [p q r s t] [q r s t u]  

[[n m r l p] [r m n l p] [j r n v x t p e z] [r n v x t p e z]]
Filtered Qwen output: n m r l p] [r m n l p] [j r n v x t p e z] [r n v x t p e z
trial 2 of 10...
trial 3 of 10...
trial 4 of 10...
trial 5 of 10...
trial 6 of 10...
trial 7 of 10...
trial 8 of 10...
trial 9 of 10...
trial 10 of 10...
Problem type: 2gen_split5 - 11/20
trial 1 of 10...

=== PROMPT ===

System message: You are able to solve letter-string analogies

User message: Use the following alphabet to complete the pattern.

a b c d o f g h i j k r m n l p q x s t u v w e y z

First, describe 3 relevant exemplars that are distinct from this problem, then give the final answer. Answer with only the examples and the final answer with no further explanation. Put your final answer between double brackets. Note that the alphabet may be in an unfamiliar order. Complete the pattern using this order.

[p i x s t] [p q x s t]
[11 3 13 14 15 16 17 18 19] [


--- TARGET LETTERS ---

[np.int64(11), np.int64(12), np.int64(13), np.int64(14), np.int64(15), np.int64(16), np.int64(17), np.int64(18), np.int64(19)]
Full Qwen output: 1. [a b c d e] [a b c d e f]  
2. [m n o p q] [m n o p q r]  
3. [g h i j k] [g h i j k l]  

[[p q x s t u v]]
Filtered Qwen output: p q x s t u v
trial 2 of 10...
trial 3 of 10...
trial 4 of 10...
trial 5 of 10...
trial 6 of 10...
trial 7 of 10...
trial 8 of 10...
trial 9 of 10...
trial 10 of 10...
Problem type: 2gen_split6 - 12/20
trial 1 of 10...

=== PROMPT ===

System message: You are able to solve letter-string analogies

User message: Use the following alphabet to complete the pattern.

a b c d o f g h i j k r m n l p q x s t u v w e y z

First, describe 3 relevant exemplars that are distinct from this problem, then give the final answer. Answer with only the examples and the final answer with no further explanation. Put your final answer between double brackets. Note that the alphabet may be in an unfamiliar order. Complete the pattern using this order.

[u w v e y] [u v w e y]
[n n p p t t x x v v] [


--- TARGET LETTERS ---

['n', 'n', 'p', 'p', 'x', 'x', 't', 't', 'v', 'v']
Full Qwen output: a b c d e f g h i j k l m n o p q r s t u v w x y z  
b c d e f g h i j k l m n o p q r s t u v w x y z a  
c d e f g h i j k l m n o p q r s t u v w x y z a b  

[[n n p p t t x x v v] [n p t x v]]
Filtered Qwen output: n n p p t t x x v v] [n p t x v
trial 2 of 10...
trial 3 of 10...
trial 4 of 10...
trial 5 of 10...
trial 6 of 10...
trial 7 of 10...
trial 8 of 10...
trial 9 of 10...
trial 10 of 10...
Problem type: 2gensplit7 - 13/20
trial 1 of 10...

=== PROMPT ===

System message: You are able to solve letter-string analogies

User message: Use the following alphabet to complete the pattern.

a b c d o f g h i j k r m n l p q x s t u v w e y z

First, describe 3 relevant exemplars that are distinct from this problem, then give the final answer. Answer with only the examples and the final answer with no further explanation. Put your final answer between double brackets. Note that the alphabet may be in an unfamiliar order. Complete the pattern using this order.

[v w e y] [v w e z]
[o x d x c x b x] [


--- TARGET LETTERS ---

['o', 'x', 'd', 'x', 'c', 'x', 'a', 'x']
Full Qwen output: 1. [a b c d] [a b c e]  
2. [f g h i] [f g h j]  
3. [k l m n] [k l m o]  

[[o x d x c x b x] [o x d x c x b y]]
Filtered Qwen output: o x d x c x b x] [o x d x c x b y
trial 2 of 10...
trial 3 of 10...
trial 4 of 10...
trial 5 of 10...
trial 6 of 10...
trial 7 of 10...
trial 8 of 10...
trial 9 of 10...
trial 10 of 10...
Problem type: 3gen_split1 - 14/20
trial 1 of 10...

=== PROMPT ===

System message: You are able to solve letter-string analogies

User message: Use the following alphabet to complete the pattern.

a b c d o f g h i j k r m n l p q x s t u v w e y z

First, describe 3 relevant exemplars that are distinct from this problem, then give the final answer. Answer with only the examples and the final answer with no further explanation. Put your final answer between double brackets. Note that the alphabet may be in an unfamiliar order. Complete the pattern using this order.

[c d o f g g] [c d o f g]
[q q q q l l m m k k i i] [


--- TARGET LETTERS ---

['q', 'q', 'l', 'l', 'm', 'm', 'k', 'k', 'i', 'i']
Full Qwen output: 1. [a b c d e f] [a b c d e]  
2. [x y z a b c] [x y z a b]  
3. [m n o p q r] [m n o p q]  

[[q q q q l l m m k k i i] [q q q q l l m m k k i]]
Filtered Qwen output: q q q q l l m m k k i i] [q q q q l l m m k k i
trial 2 of 10...
trial 3 of 10...
trial 4 of 10...
trial 5 of 10...
trial 6 of 10...
trial 7 of 10...
trial 8 of 10...
trial 9 of 10...
trial 10 of 10...
Problem type: 3gen_split2 - 15/20
trial 1 of 10...

=== PROMPT ===

System message: You are able to solve letter-string analogies

User message: Use the following alphabet to complete the pattern.

a b c d o f g h i j k r m n l p q x s t u v w e y z

First, describe 3 relevant exemplars that are distinct from this problem, then give the final answer. Answer with only the examples and the final answer with no further explanation. Put your final answer between double brackets. Note that the alphabet may be in an unfamiliar order. Complete the pattern using this order.

[c d o f] [c d o f g]
[1 0 3 0 5 0 7 0] [


--- TARGET LETTERS ---

[np.int64(1), '0', np.int64(3), '0', np.int64(5), '0', np.int64(7), '0', np.int64(9), '0']
Full Qwen output: 1. [a b c d] [a b c d e]  
2. [x y z a] [x y z a b]  
3. [m n o p] [m n o p q]  

[[c d o f g h]]
Filtered Qwen output: c d o f g h
trial 2 of 10...
trial 3 of 10...
trial 4 of 10...
trial 5 of 10...
trial 6 of 10...
trial 7 of 10...
trial 8 of 10...
trial 9 of 10...
trial 10 of 10...
Problem type: 3gen_split3 - 16/20
trial 1 of 10...

=== PROMPT ===

System message: You are able to solve letter-string analogies

User message: Use the following alphabet to complete the pattern.

a b c d o f g h i j k r m n l p q x s t u v w e y z

First, describe 3 relevant exemplars that are distinct from this problem, then give the final answer. Answer with only the examples and the final answer with no further explanation. Put your final answer between double brackets. Note that the alphabet may be in an unfamiliar order. Complete the pattern using this order.

[v w d y z] [v w e y z]
[17 0 26 0 15 0 14 0 13 0] [


--- TARGET LETTERS ---

[np.int64(17), '0', np.int64(16), '0', np.int64(15), '0', np.int64(14), '0', np.int64(13), '0']
Full Qwen output: a b c d o f g h i j k r m n l p q x s t u v w e y z

Examples:  
[1 2 3 4 5] [1 2 6 4 5]  
[apple] [apply]  
[1 2 3 4 5 6] [1 2 3 4 5 7]

[[v w f y z]]
Filtered Qwen output: v w f y z
trial 2 of 10...
trial 3 of 10...
trial 4 of 10...
trial 5 of 10...
trial 6 of 10...
trial 7 of 10...
trial 8 of 10...
trial 9 of 10...
trial 10 of 10...
Problem type: 3gen_split4 - 17/20
trial 1 of 10...

=== PROMPT ===

System message: You are able to solve letter-string analogies

User message: Use the following alphabet to complete the pattern.

a b c d o f g h i j k r m n l p q x s t u v w e y z

First, describe 3 relevant exemplars that are distinct from this problem, then give the final answer. Answer with only the examples and the final answer with no further explanation. Put your final answer between double brackets. Note that the alphabet may be in an unfamiliar order. Complete the pattern using this order.

[n l p q x x] [n l p q x]
[b b d d d d f f h h j j r r n n p p x x] [


--- TARGET LETTERS ---

['b', 'b', 'd', 'd', 'f', 'f', 'h', 'h', 'j', 'j', 'r', 'r', 'n', 'n', 'p', 'p', 'x', 'x']
Full Qwen output: a b c d e f g h i j k l m n o p q r s t u v w x y z  
[b b d d d d f f h h j j r r n n p p x x] [b b d d d d f f h h j j r r n n p p x x]  
[n l p q x x] [n l p q x x]  
[[n l p q x x] [n l p q x x]]
Filtered Qwen output: n l p q x x] [n l p q x x
trial 2 of 10...
trial 3 of 10...
trial 4 of 10...
trial 5 of 10...
trial 6 of 10...
trial 7 of 10...
trial 8 of 10...
trial 9 of 10...
trial 10 of 10...
Problem type: 3gen_split5 - 18/20
trial 1 of 10...

=== PROMPT ===

System message: You are able to solve letter-string analogies

User message: Use the following alphabet to complete the pattern.

a b c d o f g h i j k r m n l p q x s t u v w e y z

First, describe 3 relevant exemplars that are distinct from this problem, then give the final answer. Answer with only the examples and the final answer with no further explanation. Put your final answer between double brackets. Note that the alphabet may be in an unfamiliar order. Complete the pattern using this order.

[k r m n] [k r m l]
[13 12 11 10 9 8 7 6] [


--- TARGET LETTERS ---

[np.int64(13), np.int64(12), np.int64(11), np.int64(10), np.int64(9), np.int64(8), np.int64(7), np.int64(5)]
Full Qwen output: 1. [a b c d] [a b c e]  
2. [x y z a] [x y z b]  
3. [p q r s] [p q r t]  

[[k r m n] [k r m l]]
Filtered Qwen output: k r m n] [k r m l
trial 2 of 10...
trial 3 of 10...
trial 4 of 10...
trial 5 of 10...
trial 6 of 10...
trial 7 of 10...
trial 8 of 10...
trial 9 of 10...
trial 10 of 10...
Problem type: 3gen_split6 - 19/20
trial 1 of 10...

=== PROMPT ===

System message: You are able to solve letter-string analogies

User message: Use the following alphabet to complete the pattern.

a b c d o f g h i j k r m n l p q x s t u v w e y z

First, describe 3 relevant exemplars that are distinct from this problem, then give the final answer. Answer with only the examples and the final answer with no further explanation. Put your final answer between double brackets. Note that the alphabet may be in an unfamiliar order. Complete the pattern using this order.

[b c d o] [b c d f]
[16 16 15 15 14 14 13 13] [


--- TARGET LETTERS ---

[np.int64(16), np.int64(16), np.int64(15), np.int64(15), np.int64(14), np.int64(14), np.int64(12), np.int64(12)]
Full Qwen output: a b c d o f g h i j k r m n l p q x s t u v w e y z

Examples:  
[1 2 3 4] [1 2 3 5]  
[5 6 7 8] [5 6 7 9]  
[10 11 12 13] [10 11 12 14]  

Final answer: [[b c d o] [b c d f]] [[16 16 15 15 14 14
Filtered Qwen output: b c d o] [b c d f
trial 2 of 10...
trial 3 of 10...
trial 4 of 10...
trial 5 of 10...
trial 6 of 10...
trial 7 of 10...
trial 8 of 10...
trial 9 of 10...
trial 10 of 10...
Problem type: 3gensplit7 - 20/20
trial 1 of 10...

=== PROMPT ===

System message: You are able to solve letter-string analogies

User message: Use the following alphabet to complete the pattern.

a b c d o f g h i j k r m n l p q x s t u v w e y z

First, describe 3 relevant exemplars that are distinct from this problem, then give the final answer. Answer with only the examples and the final answer with no further explanation. Put your final answer between double brackets. Note that the alphabet may be in an unfamiliar order. Complete the pattern using this order.

[f g h i] [f g h i j]
[i i x x j j x x k k x x r r x x m m x x n n x x l l x x p p x x] [


--- TARGET LETTERS ---

['i', 'i', 'x', 'x', 'j', 'j', 'x', 'x', 'k', 'k', 'x', 'x', 'r', 'r', 'x', 'x', 'm', 'm', 'x', 'x', 'n', 'n', 'x', 'x', 'l', 'l', 'x', 'x', 'p', 'p', 'x', 'x', 'q', 'q', 'x', 'x']
Full Qwen output: Examples:  
1. [a b c d] [a b c d e]  
2. [x y z a] [x y z a b]  
3. [m n o p] [m n o p q]  

[[i i x x j j x x k k x x r r x x m m x x n n x x l l x x p p x x q q x x]]
Filtered Qwen output: i i x x j j x x k k x x r r x x m m x x n n x x l l x x p p x x q q x x
trial 2 of 10...
trial 3 of 10...
trial 4 of 10...
trial 5 of 10...
trial 6 of 10...
trial 7 of 10...
trial 8 of 10...
trial 9 of 10...
trial 10 of 10...
alph_2
q b c d e f g o i j k l a n h p m r s t u v w x y z
Problem type: larger_int - 1/20
trial 1 of 10...

=== PROMPT ===

System message: You are able to solve letter-string analogies

User message: Use the following alphabet to complete the pattern.

q b c d e f g o i j k l a n h p m r s t u v w x y z

First, describe 3 relevant exemplars that are distinct from this problem, then give the final answer. Answer with only the examples and the final answer with no further explanation. Put your final answer between double brackets. Note that the alphabet may be in an unfamiliar order. Complete the pattern using this order.

[i j k l] [o j k l]
[k a h m] [


--- TARGET LETTERS ---

['i', 'a', 'h', 'm']
Full Qwen output: 1. [a b c d] [e f g h]  
2. [x y z q] [b c d e]  
3. [m n o p] [q r s t]  

[[k a h m] [n a h m]]
Filtered Qwen output: k a h m] [n a h m
trial 2 of 10...
trial 3 of 10...
trial 4 of 10...
trial 5 of 10...
trial 6 of 10...
trial 7 of 10...
trial 8 of 10...
trial 9 of 10...
trial 10 of 10...
Problem type: longer_targ - 2/20
trial 1 of 10...

=== PROMPT ===

System message: You are able to solve letter-string analogies

User message: Use the following alphabet to complete the pattern.

q b c d e f g o i j k l a n h p m r s t u v w x y z

First, describe 3 relevant exemplars that are distinct from this problem, then give the final answer. Answer with only the examples and the final answer with no further explanation. Put your final answer between double brackets. Note that the alphabet may be in an unfamiliar order. Complete the pattern using this order.

[o i j k] [o i j l]
[j k l a n h p m] [


--- TARGET LETTERS ---

['j', 'k', 'l', 'a', 'n', 'h', 'p', 'r']
Full Qwen output: 1. [a b c d] [a b c e]  
2. [x y z q] [x y z r]  
3. [m n o p] [m n o q]  

[[j k l a n h p n]]
Filtered Qwen output: j k l a n h p n
trial 2 of 10...
trial 3 of 10...
trial 4 of 10...
trial 5 of 10...
trial 6 of 10...
trial 7 of 10...
trial 8 of 10...
trial 9 of 10...
trial 10 of 10...
Problem type: group - 3/20
trial 1 of 10...

=== PROMPT ===

System message: You are able to solve letter-string analogies

User message: Use the following alphabet to complete the pattern.

q b c d e f g o i j k l a n h p m r s t u v w x y z

First, describe 3 relevant exemplars that are distinct from this problem, then give the final answer. Answer with only the examples and the final answer with no further explanation. Put your final answer between double brackets. Note that the alphabet may be in an unfamiliar order. Complete the pattern using this order.

[l a n h] [l a n h p]
[m m r r s s t t] [


--- TARGET LETTERS ---

['m', 'm', 'r', 'r', 's', 's', 't', 't', 'u', 'u']
Full Qwen output: 1. [a b c d] [a b c d e]  
2. [x y z q] [x y z q b]  
3. [p q r s] [p q r s t]  

[[m m r r s s t t u u v v w w]]
Filtered Qwen output: m m r r s s t t u u v v w w
trial 2 of 10...
trial 3 of 10...
trial 4 of 10...
trial 5 of 10...
trial 6 of 10...
trial 7 of 10...
trial 8 of 10...
trial 9 of 10...
trial 10 of 10...
Problem type: interleaved - 4/20
trial 1 of 10...

=== PROMPT ===

System message: You are able to solve letter-string analogies

User message: Use the following alphabet to complete the pattern.

q b c d e f g o i j k l a n h p m r s t u v w x y z

First, describe 3 relevant exemplars that are distinct from this problem, then give the final answer. Answer with only the examples and the final answer with no further explanation. Put your final answer between double brackets. Note that the alphabet may be in an unfamiliar order. Complete the pattern using this order.

[a n h p] [l n h p]
[r x s x t x u x] [


--- TARGET LETTERS ---

['m', 'x', 's', 'x', 't', 'x', 'u', 'x']
Full Qwen output: 1. [a b c d] [e f g h]  
2. [x y z a] [b c d e]  
3. [m n o p] [q r s t]  

[[r x s x t x u x] [v w x y z a]]
Filtered Qwen output: r x s x t x u x] [v w x y z a
trial 2 of 10...
trial 3 of 10...
trial 4 of 10...
trial 5 of 10...
trial 6 of 10...
trial 7 of 10...
trial 8 of 10...
trial 9 of 10...
trial 10 of 10...
Problem type: letter2num - 5/20
trial 1 of 10...

=== PROMPT ===

System message: You are able to solve letter-string analogies

User message: Use the following alphabet to complete the pattern.

q b c d e f g o i j k l a n h p m r s t u v w x y z

First, describe 3 relevant exemplars that are distinct from this problem, then give the final answer. Answer with only the examples and the final answer with no further explanation. Put your final answer between double brackets. Note that the alphabet may be in an unfamiliar order. Complete the pattern using this order.

[c d e f] [c d e f g]
[10 11 12 13] [


--- TARGET LETTERS ---

[np.int64(10), np.int64(11), np.int64(12), np.int64(13), np.int64(14)]
Full Qwen output: 1. [a b c d] [a b c d e]  
2. [x y z a] [x y z a b]  
3. [m n o p] [m n o p q]  

[[c d e f g h]]
Filtered Qwen output: c d e f g h
trial 2 of 10...
trial 3 of 10...
trial 4 of 10...
trial 5 of 10...
trial 6 of 10...
trial 7 of 10...
trial 8 of 10...
trial 9 of 10...
trial 10 of 10...
Problem type: reverse - 6/20
trial 1 of 10...

=== PROMPT ===

System message: You are able to solve letter-string analogies

User message: Use the following alphabet to complete the pattern.

q b c d e f g o i j k l a n h p m r s t u v w x y z

First, describe 3 relevant exemplars that are distinct from this problem, then give the final answer. Answer with only the examples and the final answer with no further explanation. Put your final answer between double brackets. Note that the alphabet may be in an unfamiliar order. Complete the pattern using this order.

[p m r s] [p m r t]
[h n a l] [


--- TARGET LETTERS ---

['h', 'n', 'a', 'k']
Full Qwen output: 1. [a b c d] [a b c e]  
2. [x y z q] [x y z r]  
3. [g h i j] [g h i k]  

[[h n a m]]
Filtered Qwen output: h n a m
trial 2 of 10...
trial 3 of 10...
trial 4 of 10...
trial 5 of 10...
trial 6 of 10...
trial 7 of 10...
trial 8 of 10...
trial 9 of 10...
trial 10 of 10...
Problem type: 2gen_split1 - 7/20
trial 1 of 10...

=== PROMPT ===

System message: You are able to solve letter-string analogies

User message: Use the following alphabet to complete the pattern.

q b c d e f g o i j k l a n h p m r s t u v w x y z

First, describe 3 relevant exemplars that are distinct from this problem, then give the final answer. Answer with only the examples and the final answer with no further explanation. Put your final answer between double brackets. Note that the alphabet may be in an unfamiliar order. Complete the pattern using this order.

[p m r s] [h m r s]
[x w v u t s r m] [


--- TARGET LETTERS ---

['y', 'w', 'v', 'u', 't', 's', 'r', 'm']
Full Qwen output: 1. [a b c d] [e f g h]  
2. [z y x w] [v u t s]  
3. [p q r s] [t u v w]  

[[n h p m] [q b c d]]
Filtered Qwen output: n h p m] [q b c d
trial 2 of 10...
trial 3 of 10...
trial 4 of 10...
trial 5 of 10...
trial 6 of 10...
trial 7 of 10...
trial 8 of 10...
trial 9 of 10...
trial 10 of 10...
Problem type: 2gen_split2 - 8/20
trial 1 of 10...

=== PROMPT ===

System message: You are able to solve letter-string analogies

User message: Use the following alphabet to complete the pattern.

q b c d e f g o i j k l a n h p m r s t u v w x y z

First, describe 3 relevant exemplars that are distinct from this problem, then give the final answer. Answer with only the examples and the final answer with no further explanation. Put your final answer between double brackets. Note that the alphabet may be in an unfamiliar order. Complete the pattern using this order.

[a n h p] [a n h m]
[15 15 16 16 17 17 18 18] [


--- TARGET LETTERS ---

[np.int64(15), np.int64(15), np.int64(16), np.int64(16), np.int64(17), np.int64(17), np.int64(19), np.int64(19)]
Full Qwen output: q b c d e f g o i j k l a n h p m r s t u v w x y z

Examples:  
[1 2 3 4] [1 2 3 5]  
[apple banana cherry] [apple banana date]  
[red blue green] [red blue yellow]

[[a n h r]]
Filtered Qwen output: a n h r
trial 2 of 10...
trial 3 of 10...
trial 4 of 10...
trial 5 of 10...
trial 6 of 10...
trial 7 of 10...
trial 8 of 10...
trial 9 of 10...
trial 10 of 10...
Problem type: 2gen_split3 - 9/20
trial 1 of 10...

=== PROMPT ===

System message: You are able to solve letter-string analogies

User message: Use the following alphabet to complete the pattern.

q b c d e f g o i j k l a n h p m r s t u v w x y z

First, describe 3 relevant exemplars that are distinct from this problem, then give the final answer. Answer with only the examples and the final answer with no further explanation. Put your final answer between double brackets. Note that the alphabet may be in an unfamiliar order. Complete the pattern using this order.

[p m r v t] [p m r s t]
[s s r r m m o o h h] [


--- TARGET LETTERS ---

['s', 's', 'r', 'r', 'm', 'm', 'p', 'p', 'h', 'h']
Full Qwen output: 1. [a b c d e] [a b c d]  
2. [x y z a b] [x y z a]  
3. [m n o p q] [m n o p]  

[[p m r s t]]
Filtered Qwen output: p m r s t
trial 2 of 10...
trial 3 of 10...
trial 4 of 10...
trial 5 of 10...
trial 6 of 10...
trial 7 of 10...
trial 8 of 10...
trial 9 of 10...
trial 10 of 10...
Problem type: 2gen_split4 - 10/20
trial 1 of 10...

=== PROMPT ===

System message: You are able to solve letter-string analogies

User message: Use the following alphabet to complete the pattern.

q b c d e f g o i j k l a n h p m r s t u v w x y z

First, describe 3 relevant exemplars that are distinct from this problem, then give the final answer. Answer with only the examples and the final answer with no further explanation. Put your final answer between double brackets. Note that the alphabet may be in an unfamiliar order. Complete the pattern using this order.

[q b c d m] [q b c d e]
[e g i k a h m q u] [


--- TARGET LETTERS ---

['e', 'g', 'i', 'k', 'a', 'h', 'm', 's', 'u']
Full Qwen output: 1. [a b c d e] [a b c d e f]  
2. [x y z a b] [x y z a b c]  
3. [m n o p q] [m n o p q r]  

[[e g i k a h m q u] [e g i k a h m q u r]]
Filtered Qwen output: e g i k a h m q u] [e g i k a h m q u r
trial 2 of 10...
trial 3 of 10...
trial 4 of 10...
trial 5 of 10...
trial 6 of 10...
trial 7 of 10...
trial 8 of 10...
trial 9 of 10...
trial 10 of 10...
Problem type: 2gen_split5 - 11/20
trial 1 of 10...

=== PROMPT ===

System message: You are able to solve letter-string analogies

User message: Use the following alphabet to complete the pattern.

q b c d e f g o i j k l a n h p m r s t u v w x y z

First, describe 3 relevant exemplars that are distinct from this problem, then give the final answer. Answer with only the examples and the final answer with no further explanation. Put your final answer between double brackets. Note that the alphabet may be in an unfamiliar order. Complete the pattern using this order.

[i o j k l] [o i j k l]
[16 16 14 14 15 15 13 13 17 17] [


--- TARGET LETTERS ---

[np.int64(13), np.int64(13), np.int64(14), np.int64(14), np.int64(15), np.int64(15), np.int64(16), np.int64(16), np.int64(17), np.int64(17)]
Full Qwen output: 1. [a b c d e] [b c d e f]  
2. [x y z a b] [y z a b c]  
3. [m n o p q] [n o p q r]  

[[q b c d e f g o i j k l a n h p m r s t u v w x y z]]
Filtered Qwen output: q b c d e f g o i j k l a n h p m r s t u v w x y z
trial 2 of 10...
trial 3 of 10...
trial 4 of 10...
trial 5 of 10...
trial 6 of 10...
trial 7 of 10...
trial 8 of 10...
trial 9 of 10...
trial 10 of 10...
Problem type: 2gen_split6 - 12/20
trial 1 of 10...

=== PROMPT ===

System message: You are able to solve letter-string analogies

User message: Use the following alphabet to complete the pattern.

q b c d e f g o i j k l a n h p m r s t u v w x y z

First, describe 3 relevant exemplars that are distinct from this problem, then give the final answer. Answer with only the examples and the final answer with no further explanation. Put your final answer between double brackets. Note that the alphabet may be in an unfamiliar order. Complete the pattern using this order.

[g w x y z] [v w x y z]
[q x k x a x h x m x] [


--- TARGET LETTERS ---

['i', 'x', 'k', 'x', 'a', 'x', 'h', 'x', 'm', 'x']
Full Qwen output: 1. [a b c d e] [b c d e f]  
2. [m n o p q] [n o p q r]  
3. [s t u v w] [t u v w x]  

[[g x y z] [v x y z]]
Filtered Qwen output: g x y z] [v x y z
trial 2 of 10...
trial 3 of 10...
trial 4 of 10...
trial 5 of 10...
trial 6 of 10...
trial 7 of 10...
trial 8 of 10...
trial 9 of 10...
trial 10 of 10...
Problem type: 2gensplit7 - 13/20
trial 1 of 10...

=== PROMPT ===

System message: You are able to solve letter-string analogies

User message: Use the following alphabet to complete the pattern.

q b c d e f g o i j k l a n h p m r s t u v w x y z

First, describe 3 relevant exemplars that are distinct from this problem, then give the final answer. Answer with only the examples and the final answer with no further explanation. Put your final answer between double brackets. Note that the alphabet may be in an unfamiliar order. Complete the pattern using this order.

[o i a k l] [o i j k l]
[s m h z k] [


--- TARGET LETTERS ---

['s', 'm', 'h', 'a', 'k']
Full Qwen output: 1. [a b c d e] [a b c d f]  
2. [x y z a b] [x y z a c]  
3. [p q r s t] [p q r s u]  

[[s m h z j]]
Filtered Qwen output: s m h z j
trial 2 of 10...
trial 3 of 10...
trial 4 of 10...
trial 5 of 10...
trial 6 of 10...
trial 7 of 10...
trial 8 of 10...
trial 9 of 10...
trial 10 of 10...
Problem type: 3gen_split1 - 14/20
trial 1 of 10...

=== PROMPT ===

System message: You are able to solve letter-string analogies

User message: Use the following alphabet to complete the pattern.

q b c d e f g o i j k l a n h p m r s t u v w x y z

First, describe 3 relevant exemplars that are distinct from this problem, then give the final answer. Answer with only the examples and the final answer with no further explanation. Put your final answer between double brackets. Note that the alphabet may be in an unfamiliar order. Complete the pattern using this order.

[p m r s] [p m r s t]
[i x o x g x f x e x d x c x b x] [


--- TARGET LETTERS ---

['i', 'x', 'o', 'x', 'g', 'x', 'f', 'x', 'e', 'x', 'd', 'x', 'c', 'x', 'b', 'x', 'q', 'x']
Full Qwen output: 1. [a b c d] [a b c d e]  
2. [x y z q] [x y z q b]  
3. [m n o p] [m n o p q]  

[[i x o x g x f x e x d x c x b x] [i x o x g x f x e x d x c x b x a]]
Filtered Qwen output: i x o x g x f x e x d x c x b x] [i x o x g x f x e x d x c x b x a
trial 2 of 10...
trial 3 of 10...
trial 4 of 10...
trial 5 of 10...
trial 6 of 10...
trial 7 of 10...
trial 8 of 10...
trial 9 of 10...
trial 10 of 10...
Problem type: 3gen_split2 - 15/20
trial 1 of 10...

=== PROMPT ===

System message: You are able to solve letter-string analogies

User message: Use the following alphabet to complete the pattern.

q b c d e f g o i j k l a n h p m r s t u v w x y z

First, describe 3 relevant exemplars that are distinct from this problem, then give the final answer. Answer with only the examples and the final answer with no further explanation. Put your final answer between double brackets. Note that the alphabet may be in an unfamiliar order. Complete the pattern using this order.

[h p m r] [h p m s]
[18 18 17 17 16 16 15 15] [


--- TARGET LETTERS ---

[np.int64(18), np.int64(18), np.int64(17), np.int64(17), np.int64(16), np.int64(16), np.int64(14), np.int64(14)]
Full Qwen output: q b c d e f g o i j k l a n h p m r s t u v w x y z

Examples:  
[cat dog] [cat cow]  
[red blue] [red green]  
[1 2 3] [1 2 4]

[[h p m t]]
Filtered Qwen output: h p m t
trial 2 of 10...
trial 3 of 10...
trial 4 of 10...
trial 5 of 10...
trial 6 of 10...
trial 7 of 10...
trial 8 of 10...
trial 9 of 10...
trial 10 of 10...
Problem type: 3gen_split3 - 16/20
trial 1 of 10...

=== PROMPT ===

System message: You are able to solve letter-string analogies

User message: Use the following alphabet to complete the pattern.

q b c d e f g o i j k l a n h p m r s t u v w x y z

First, describe 3 relevant exemplars that are distinct from this problem, then give the final answer. Answer with only the examples and the final answer with no further explanation. Put your final answer between double brackets. Note that the alphabet may be in an unfamiliar order. Complete the pattern using this order.

[k l a n] [k l a h]
[17 17 19 19 21 21 23 23] [


--- TARGET LETTERS ---

[np.int64(17), np.int64(17), np.int64(19), np.int64(19), np.int64(21), np.int64(21), np.int64(25), np.int64(25)]
Full Qwen output: q b c d e f g o i j k l a n h p m r s t u v w x y z

Examples:  
[1 2 3 4] [1 2 3 5]  
[apple banana] [apple banana]  
[red blue green] [red blue yellow]

[[k l a p]]
Filtered Qwen output: k l a p
trial 2 of 10...
trial 3 of 10...
trial 4 of 10...
trial 5 of 10...
trial 6 of 10...
trial 7 of 10...
trial 8 of 10...
trial 9 of 10...
trial 10 of 10...
Problem type: 3gen_split4 - 17/20
trial 1 of 10...

=== PROMPT ===

System message: You are able to solve letter-string analogies

User message: Use the following alphabet to complete the pattern.

q b c d e f g o i j k l a n h p m r s t u v w x y z

First, describe 3 relevant exemplars that are distinct from this problem, then give the final answer. Answer with only the examples and the final answer with no further explanation. Put your final answer between double brackets. Note that the alphabet may be in an unfamiliar order. Complete the pattern using this order.

[s t u v] [s t u v w]
[7 7 9 9 11 11 13 13] [


--- TARGET LETTERS ---

[np.int64(7), np.int64(7), np.int64(9), np.int64(9), np.int64(11), np.int64(11), np.int64(13), np.int64(13), np.int64(15), np.int64(15)]
Full Qwen output: 1. [a b c d] [a b c d e]  
2. [x y z q] [x y z q b]  
3. [m n o p] [m n o p q]  

[[s t u v w x]]
Filtered Qwen output: s t u v w x
trial 2 of 10...
trial 3 of 10...
trial 4 of 10...
trial 5 of 10...
trial 6 of 10...
trial 7 of 10...
trial 8 of 10...
trial 9 of 10...
trial 10 of 10...
Problem type: 3gen_split5 - 18/20
trial 1 of 10...

=== PROMPT ===

System message: You are able to solve letter-string analogies

User message: Use the following alphabet to complete the pattern.

q b c d e f g o i j k l a n h p m r s t u v w x y z

First, describe 3 relevant exemplars that are distinct from this problem, then give the final answer. Answer with only the examples and the final answer with no further explanation. Put your final answer between double brackets. Note that the alphabet may be in an unfamiliar order. Complete the pattern using this order.

[l k a n h] [k l a n h]
[5 7 9 11 13 17 15 19 21] [


--- TARGET LETTERS ---

[np.int64(5), np.int64(7), np.int64(9), np.int64(11), np.int64(13), np.int64(15), np.int64(17), np.int64(19), np.int64(21)]
Full Qwen output: 1. [a b c d e] [b c d e f]  
2. [x y z q b] [y z q b c]  
3. [m n o p q] [n o p q r]  

[[l k a n h] [k l a n h]]  
[[l k a n h] [k l a n h]]  
[[l k a n h] [k l a n h]]  
[[l k a n h] [k l a n h]]  
[[l k a n h] [k l a n h]]  
[[l
Filtered Qwen output: l k a n h] [k l a n h
trial 2 of 10...
trial 3 of 10...
trial 4 of 10...
trial 5 of 10...
trial 6 of 10...
trial 7 of 10...
trial 8 of 10...
trial 9 of 10...
trial 10 of 10...
Problem type: 3gen_split6 - 19/20
trial 1 of 10...

=== PROMPT ===

System message: You are able to solve letter-string analogies

User message: Use the following alphabet to complete the pattern.

q b c d e f g o i j k l a n h p m r s t u v w x y z

First, describe 3 relevant exemplars that are distinct from this problem, then give the final answer. Answer with only the examples and the final answer with no further explanation. Put your final answer between double brackets. Note that the alphabet may be in an unfamiliar order. Complete the pattern using this order.

[g o i j] [g o i j k]
[15 15 16 16 17 17 18 18 19 19 20 20 21 21 22 22] [


--- TARGET LETTERS ---

[np.int64(15), np.int64(15), np.int64(16), np.int64(16), np.int64(17), np.int64(17), np.int64(18), np.int64(18), np.int64(19), np.int64(19), np.int64(20), np.int64(20), np.int64(21), np.int64(21), np.int64(22), np.int64(22), np.int64(23), np.int64(23)]
Full Qwen output: 1. [a b c d] [a b c d e]  
2. [x y z a] [x y z a b]  
3. [m n o p] [m n o p q]  

[[g o i j k l]]
Filtered Qwen output: g o i j k l
trial 2 of 10...
trial 3 of 10...
trial 4 of 10...
trial 5 of 10...
trial 6 of 10...
trial 7 of 10...
trial 8 of 10...
trial 9 of 10...
trial 10 of 10...
Problem type: 3gensplit7 - 20/20
trial 1 of 10...

=== PROMPT ===

System message: You are able to solve letter-string analogies

User message: Use the following alphabet to complete the pattern.

q b c d e f g o i j k l a n h p m r s t u v w x y z

First, describe 3 relevant exemplars that are distinct from this problem, then give the final answer. Answer with only the examples and the final answer with no further explanation. Put your final answer between double brackets. Note that the alphabet may be in an unfamiliar order. Complete the pattern using this order.

[h p m r l] [h p m r s]
[7 7 22 22 9 9 10 10 11 11 12 12 13 13 14 14 15 15] [


--- TARGET LETTERS ---

[np.int64(7), np.int64(7), np.int64(8), np.int64(8), np.int64(9), np.int64(9), np.int64(10), np.int64(10), np.int64(11), np.int64(11), np.int64(12), np.int64(12), np.int64(13), np.int64(13), np.int64(14), np.int64(14), np.int64(15), np.int64(15)]
Full Qwen output: Examples:  
[dog cat bat] [dog cat bat]  
[1 2 3 4 5 6] [1 2 3 4 5 6]  
[red blue green] [red blue green]  

[[h p m r s t]]
Filtered Qwen output: h p m r s t
trial 2 of 10...
trial 3 of 10...
trial 4 of 10...
trial 5 of 10...
trial 6 of 10...
trial 7 of 10...
trial 8 of 10...
trial 9 of 10...
trial 10 of 10...
alph_3
a g c d e f q h i j k l m z o p n r s t u v w x y b
Problem type: larger_int - 1/20
trial 1 of 10...

=== PROMPT ===

System message: You are able to solve letter-string analogies

User message: Use the following alphabet to complete the pattern.

a g c d e f q h i j k l m z o p n r s t u v w x y b

First, describe 3 relevant exemplars that are distinct from this problem, then give the final answer. Answer with only the examples and the final answer with no further explanation. Put your final answer between double brackets. Note that the alphabet may be in an unfamiliar order. Complete the pattern using this order.

[e f q q h i] [e f q h i]
[r t v x x b] [


--- TARGET LETTERS ---

['r', 't', 'v', 'x', 'b']
Full Qwen output: 1. [a b c] [a b]  
2. [d e f g] [d e f]  
3. [h i j k l] [h i j]  

[[r t v x b]]
Filtered Qwen output: r t v x b
trial 2 of 10...
trial 3 of 10...
trial 4 of 10...
trial 5 of 10...
trial 6 of 10...
trial 7 of 10...
trial 8 of 10...
trial 9 of 10...
trial 10 of 10...
Problem type: longer_targ - 2/20
trial 1 of 10...

=== PROMPT ===

System message: You are able to solve letter-string analogies

User message: Use the following alphabet to complete the pattern.

a g c d e f q h i j k l m z o p n r s t u v w x y b

First, describe 3 relevant exemplars that are distinct from this problem, then give the final answer. Answer with only the examples and the final answer with no further explanation. Put your final answer between double brackets. Note that the alphabet may be in an unfamiliar order. Complete the pattern using this order.

[p s r n t] [p n r s t]
[j k l m z r p n o] [


--- TARGET LETTERS ---

['j', 'k', 'l', 'm', 'z', 'o', 'p', 'n', 'r']
Full Qwen output: 1. [a b c d e] [e d c b a]  
2. [x y z a b] [b a z y x]  
3. [m n o p q] [q p o n m]  

[[j k l m z r p n o] [o n p r z m l k j]]
Filtered Qwen output: j k l m z r p n o] [o n p r z m l k j
trial 2 of 10...
trial 3 of 10...
trial 4 of 10...
trial 5 of 10...
trial 6 of 10...
trial 7 of 10...
trial 8 of 10...
trial 9 of 10...
trial 10 of 10...
Problem type: group - 3/20
trial 1 of 10...

=== PROMPT ===

System message: You are able to solve letter-string analogies

User message: Use the following alphabet to complete the pattern.

a g c d e f q h i j k l m z o p n r s t u v w x y b

First, describe 3 relevant exemplars that are distinct from this problem, then give the final answer. Answer with only the examples and the final answer with no further explanation. Put your final answer between double brackets. Note that the alphabet may be in an unfamiliar order. Complete the pattern using this order.

[m z o p] [l z o p]
[u u v v w w x x] [


--- TARGET LETTERS ---

['t', 't', 'v', 'v', 'w', 'w', 'x', 'x']
Full Qwen output: 1. [a b c d] [e f g h]  
2. [x y z a] [b c d e]  
3. [p q r s] [t u v w]  

[[n z o p]]
Filtered Qwen output: n z o p
trial 2 of 10...
trial 3 of 10...
trial 4 of 10...
trial 5 of 10...
trial 6 of 10...
trial 7 of 10...
trial 8 of 10...
trial 9 of 10...
trial 10 of 10...
Problem type: interleaved - 4/20
trial 1 of 10...

=== PROMPT ===

System message: You are able to solve letter-string analogies

User message: Use the following alphabet to complete the pattern.

a g c d e f q h i j k l m z o p n r s t u v w x y b

First, describe 3 relevant exemplars that are distinct from this problem, then give the final answer. Answer with only the examples and the final answer with no further explanation. Put your final answer between double brackets. Note that the alphabet may be in an unfamiliar order. Complete the pattern using this order.

[l m p o z] [l m z o p]
[g x a x c x d x e x] [


--- TARGET LETTERS ---

['a', 'x', 'g', 'x', 'c', 'x', 'd', 'x', 'e', 'x']
Full Qwen output: 1. [a b c d e] [e d c b a]  
2. [p q r s t] [t s r q p]  
3. [x y z a b] [b a z y x]  

[[g x a x c x d x e x] [e x d x c x a x x g]]
Filtered Qwen output: g x a x c x d x e x] [e x d x c x a x x g
trial 2 of 10...
trial 3 of 10...
trial 4 of 10...
trial 5 of 10...
trial 6 of 10...
trial 7 of 10...
trial 8 of 10...
trial 9 of 10...
trial 10 of 10...
Problem type: letter2num - 5/20
trial 1 of 10...

=== PROMPT ===

System message: You are able to solve letter-string analogies

User message: Use the following alphabet to complete the pattern.

a g c d e f q h i j k l m z o p n r s t u v w x y b

First, describe 3 relevant exemplars that are distinct from this problem, then give the final answer. Answer with only the examples and the final answer with no further explanation. Put your final answer between double brackets. Note that the alphabet may be in an unfamiliar order. Complete the pattern using this order.

[r s t u] [n s t u]
[2 3 4 5] [


--- TARGET LETTERS ---

[np.int64(1), np.int64(3), np.int64(4), np.int64(5)]
Full Qwen output: 1. [a b c d] [e f g h]  
2. [x y z a] [b c d e]  
3. [m n o p] [q r s t]  

[[v w x y] [z a b c]]
Filtered Qwen output: v w x y] [z a b c
trial 2 of 10...
trial 3 of 10...
trial 4 of 10...
trial 5 of 10...
trial 6 of 10...
trial 7 of 10...
trial 8 of 10...
trial 9 of 10...
trial 10 of 10...
Problem type: reverse - 6/20
trial 1 of 10...

=== PROMPT ===

System message: You are able to solve letter-string analogies

User message: Use the following alphabet to complete the pattern.

a g c d e f q h i j k l m z o p n r s t u v w x y b

First, describe 3 relevant exemplars that are distinct from this problem, then give the final answer. Answer with only the examples and the final answer with no further explanation. Put your final answer between double brackets. Note that the alphabet may be in an unfamiliar order. Complete the pattern using this order.

[s t w v u] [s t u v w]
[b w x y v] [


--- TARGET LETTERS ---

['b', 'y', 'x', 'w', 'v']
Full Qwen output: 1. [a b c d e] [e d c b a]  
2. [m n o p q] [q p o n m]  
3. [g h i j k] [k j i h g]  

[[b y x w v]]
Filtered Qwen output: b y x w v
trial 2 of 10...
trial 3 of 10...
trial 4 of 10...
trial 5 of 10...
trial 6 of 10...
trial 7 of 10...
trial 8 of 10...
trial 9 of 10...
trial 10 of 10...
Problem type: 2gen_split1 - 7/20
trial 1 of 10...

=== PROMPT ===

System message: You are able to solve letter-string analogies

User message: Use the following alphabet to complete the pattern.

a g c d e f q h i j k l m z o p n r s t u v w x y b

First, describe 3 relevant exemplars that are distinct from this problem, then give the final answer. Answer with only the examples and the final answer with no further explanation. Put your final answer between double brackets. Note that the alphabet may be in an unfamiliar order. Complete the pattern using this order.

[l m z o] [l m z p]
[o z m l k j i h] [


--- TARGET LETTERS ---

['o', 'z', 'm', 'l', 'k', 'j', 'i', 'q']
Full Qwen output: 1. [a b c d] [a b c e]  
2. [x y z a] [x y z b]  
3. [p q r s] [p q r t]  

[[o z m l k j i h] [o z m l k j i g]]
Filtered Qwen output: o z m l k j i h] [o z m l k j i g
trial 2 of 10...
trial 3 of 10...
trial 4 of 10...
trial 5 of 10...
trial 6 of 10...
trial 7 of 10...
trial 8 of 10...
trial 9 of 10...
trial 10 of 10...
Problem type: 2gen_split2 - 8/20
trial 1 of 10...

=== PROMPT ===

System message: You are able to solve letter-string analogies

User message: Use the following alphabet to complete the pattern.

a g c d e f q h i j k l m z o p n r s t u v w x y b

First, describe 3 relevant exemplars that are distinct from this problem, then give the final answer. Answer with only the examples and the final answer with no further explanation. Put your final answer between double brackets. Note that the alphabet may be in an unfamiliar order. Complete the pattern using this order.

[z o o p n r] [z o p n r]
[16 18 18 20 22 24] [


--- TARGET LETTERS ---

[np.int64(16), np.int64(18), np.int64(20), np.int64(22), np.int64(24)]
Full Qwen output: 1. [a b c d e f] [a b c d e]  
2. [x y z a b c] [x y z a b]  
3. [m n o p q r] [m n o p q]  

[[z o p n r s]]
Filtered Qwen output: z o p n r s
trial 2 of 10...
trial 3 of 10...
trial 4 of 10...
trial 5 of 10...
trial 6 of 10...
trial 7 of 10...
trial 8 of 10...
trial 9 of 10...
trial 10 of 10...
Problem type: 2gen_split3 - 9/20
trial 1 of 10...

=== PROMPT ===

System message: You are able to solve letter-string analogies

User message: Use the following alphabet to complete the pattern.

a g c d e f q h i j k l m z o p n r s t u v w x y b

First, describe 3 relevant exemplars that are distinct from this problem, then give the final answer. Answer with only the examples and the final answer with no further explanation. Put your final answer between double brackets. Note that the alphabet may be in an unfamiliar order. Complete the pattern using this order.

[q h i j] [q h i k]
[11 11 12 12 13 13 14 14] [


--- TARGET LETTERS ---

[np.int64(11), np.int64(11), np.int64(12), np.int64(12), np.int64(13), np.int64(13), np.int64(15), np.int64(15)]
Full Qwen output: 1. [a b c d] [a b c e]  
2. [x y z a] [x y z b]  
3. [m n o p] [m n o q]  

[[q h i l]]
Filtered Qwen output: q h i l
trial 2 of 10...
trial 3 of 10...
trial 4 of 10...
trial 5 of 10...
trial 6 of 10...
trial 7 of 10...
trial 8 of 10...
trial 9 of 10...
trial 10 of 10...
Problem type: 2gen_split4 - 10/20
trial 1 of 10...

=== PROMPT ===

System message: You are able to solve letter-string analogies

User message: Use the following alphabet to complete the pattern.

a g c d e f q h i j k l m z o p n r s t u v w x y b

First, describe 3 relevant exemplars that are distinct from this problem, then give the final answer. Answer with only the examples and the final answer with no further explanation. Put your final answer between double brackets. Note that the alphabet may be in an unfamiliar order. Complete the pattern using this order.

[e f q h] [e f q i]
[n n p p o o z z] [


--- TARGET LETTERS ---

['n', 'n', 'p', 'p', 'o', 'o', 'm', 'm']
Full Qwen output: 1. [a b c d] [a b c e]  
2. [x y z a] [x y z b]  
3. [m n o p] [m n o q]  

[[n n p p o o z z] [n n p p o o z z]]
Filtered Qwen output: n n p p o o z z] [n n p p o o z z
trial 2 of 10...
trial 3 of 10...
trial 4 of 10...
trial 5 of 10...
trial 6 of 10...
trial 7 of 10...
trial 8 of 10...
trial 9 of 10...
trial 10 of 10...
Problem type: 2gen_split5 - 11/20
trial 1 of 10...

=== PROMPT ===

System message: You are able to solve letter-string analogies

User message: Use the following alphabet to complete the pattern.

a g c d e f q h i j k l m z o p n r s t u v w x y b

First, describe 3 relevant exemplars that are distinct from this problem, then give the final answer. Answer with only the examples and the final answer with no further explanation. Put your final answer between double brackets. Note that the alphabet may be in an unfamiliar order. Complete the pattern using this order.

[o p n r] [z p n r]
[h h j j l l z z] [


--- TARGET LETTERS ---

['f', 'f', 'j', 'j', 'l', 'l', 'z', 'z']
Full Qwen output: 1. [a b c d] [e f g h]  
2. [x y z a] [b c d e]  
3. [m n o p] [q r s t]  

[[h h j j l l z z] [h h j j l l z z]]
Filtered Qwen output: h h j j l l z z] [h h j j l l z z
trial 2 of 10...
trial 3 of 10...
trial 4 of 10...
trial 5 of 10...
trial 6 of 10...
trial 7 of 10...
trial 8 of 10...
trial 9 of 10...
trial 10 of 10...
Problem type: 2gen_split6 - 12/20
trial 1 of 10...

=== PROMPT ===

System message: You are able to solve letter-string analogies

User message: Use the following alphabet to complete the pattern.

a g c d e f q h i j k l m z o p n r s t u v w x y b

First, describe 3 relevant exemplars that are distinct from this problem, then give the final answer. Answer with only the examples and the final answer with no further explanation. Put your final answer between double brackets. Note that the alphabet may be in an unfamiliar order. Complete the pattern using this order.

[i j k l l m] [i j k l m]
[5 0 6 0 7 0 8 0 9 0 9 0] [


--- TARGET LETTERS ---

[np.int64(5), '0', np.int64(6), '0', np.int64(7), '0', np.int64(8), '0', np.int64(9), '0']
Full Qwen output: Examples:  
[1 2 3 4 4 5] [1 2 3 4 5]  
[apple banana cherry] [apple banana]  
[red blue green yellow] [red blue green]  

[[i j k l m]]
Filtered Qwen output: i j k l m
trial 2 of 10...
trial 3 of 10...
trial 4 of 10...
trial 5 of 10...
trial 6 of 10...
trial 7 of 10...
trial 8 of 10...
trial 9 of 10...
trial 10 of 10...
Problem type: 2gensplit7 - 13/20
trial 1 of 10...

=== PROMPT ===

System message: You are able to solve letter-string analogies

User message: Use the following alphabet to complete the pattern.

a g c d e f q h i j k l m z o p n r s t u v w x y b

First, describe 3 relevant exemplars that are distinct from this problem, then give the final answer. Answer with only the examples and the final answer with no further explanation. Put your final answer between double brackets. Note that the alphabet may be in an unfamiliar order. Complete the pattern using this order.

[m z o o p n] [m z o p n]
[a c e q i k m o o n] [


--- TARGET LETTERS ---

['a', 'c', 'e', 'q', 'i', 'k', 'm', 'o', 'n']
Full Qwen output: 1. [a b c d e f] [a b c d e]  
2. [x y z a b c] [x y z a b]  
3. [p q r s t u] [p q r s t]  

[[m z o p n r] [m z o p n]]
Filtered Qwen output: m z o p n r] [m z o p n
trial 2 of 10...
trial 3 of 10...
trial 4 of 10...
trial 5 of 10...
trial 6 of 10...
trial 7 of 10...
trial 8 of 10...
trial 9 of 10...
trial 10 of 10...
Problem type: 3gen_split1 - 14/20
trial 1 of 10...

=== PROMPT ===

System message: You are able to solve letter-string analogies

User message: Use the following alphabet to complete the pattern.

a g c d e f q h i j k l m z o p n r s t u v w x y b

First, describe 3 relevant exemplars that are distinct from this problem, then give the final answer. Answer with only the examples and the final answer with no further explanation. Put your final answer between double brackets. Note that the alphabet may be in an unfamiliar order. Complete the pattern using this order.

[i j k l] [i j k l m]
[b x v t r p z l] [


--- TARGET LETTERS ---

['b', 'x', 'v', 't', 'r', 'p', 'z', 'l', 'j']
Full Qwen output: 1. [a b c d] [a b c d e]  
2. [p q r s] [p q r s t]  
3. [m n o p] [m n o p q]  

[[b x v t r p z l m]]
Filtered Qwen output: b x v t r p z l m
trial 2 of 10...
trial 3 of 10...
trial 4 of 10...
trial 5 of 10...
trial 6 of 10...
trial 7 of 10...
trial 8 of 10...
trial 9 of 10...
trial 10 of 10...
Problem type: 3gen_split2 - 15/20
trial 1 of 10...

=== PROMPT ===

System message: You are able to solve letter-string analogies

User message: Use the following alphabet to complete the pattern.

a g c d e f q h i j k l m z o p n r s t u v w x y b

First, describe 3 relevant exemplars that are distinct from this problem, then give the final answer. Answer with only the examples and the final answer with no further explanation. Put your final answer between double brackets. Note that the alphabet may be in an unfamiliar order. Complete the pattern using this order.

[n r e t u] [n r s t u]
[26 26 5 5 4 4 3 3 2 2] [


--- TARGET LETTERS ---

[np.int64(6), np.int64(6), np.int64(5), np.int64(5), np.int64(4), np.int64(4), np.int64(3), np.int64(3), np.int64(2), np.int64(2)]
Full Qwen output: a b c d e f g h i j k l m n o p q r s t u v w x y z  
b c d e f g h i j k l m n o p q r s t u v w x y z a  
c d e f g h i j k l m n o p q r s t u v w x y z a b  

[[n r s t u v]]
Filtered Qwen output: n r s t u v
trial 2 of 10...
trial 3 of 10...
trial 4 of 10...
trial 5 of 10...
trial 6 of 10...
trial 7 of 10...
trial 8 of 10...
trial 9 of 10...
trial 10 of 10...
Problem type: 3gen_split3 - 16/20
trial 1 of 10...

=== PROMPT ===

System message: You are able to solve letter-string analogies

User message: Use the following alphabet to complete the pattern.

a g c d e f q h i j k l m z o p n r s t u v w x y b

First, describe 3 relevant exemplars that are distinct from this problem, then give the final answer. Answer with only the examples and the final answer with no further explanation. Put your final answer between double brackets. Note that the alphabet may be in an unfamiliar order. Complete the pattern using this order.

[j c l m z] [j k l m z]
[14 14 15 15 5 5 17 17 18 18 19 19 20 20 21 21 22 22] [


--- TARGET LETTERS ---

[np.int64(14), np.int64(14), np.int64(15), np.int64(15), np.int64(16), np.int64(16), np.int64(17), np.int64(17), np.int64(18), np.int64(18), np.int64(19), np.int64(19), np.int64(20), np.int64(20), np.int64(21), np.int64(21), np.int64(22), np.int64(22)]
Full Qwen output: 1. [a b c d e] [a b c d e f]  
2. [x y z a b] [x y z a b c]  
3. [m n o p q] [m n o p q r]  

[[j k l m z o p n r s t u v w x y b]]
Filtered Qwen output: j k l m z o p n r s t u v w x y b
trial 2 of 10...
trial 3 of 10...
trial 4 of 10...
trial 5 of 10...
trial 6 of 10...
trial 7 of 10...
trial 8 of 10...
trial 9 of 10...
trial 10 of 10...
Problem type: 3gen_split4 - 17/20
trial 1 of 10...

=== PROMPT ===

System message: You are able to solve letter-string analogies

User message: Use the following alphabet to complete the pattern.

a g c d e f q h i j k l m z o p n r s t u v w x y b

First, describe 3 relevant exemplars that are distinct from this problem, then give the final answer. Answer with only the examples and the final answer with no further explanation. Put your final answer between double brackets. Note that the alphabet may be in an unfamiliar order. Complete the pattern using this order.

[d e f q h h] [d e f q h]
[26 0 25 0 24 0 24 0 23 0 22 0] [


--- TARGET LETTERS ---

[np.int64(26), '0', np.int64(25), '0', np.int64(24), '0', np.int64(23), '0', np.int64(22), '0']
Full Qwen output: Examples:  
[1 2 3 4 5 6] [1 2 3 4]  
[apple banana cherry] [apple banana]  
[red blue green] [red blue]  

[[d e f q h h] [d e f q h]]  
[[26 0 25 0 24 0 24 0 23 0 22 0] [26 0 25 0 24 0 24 0 23 0]]  

Final answer: [[26 0
Filtered Qwen output: d e f q h h] [d e f q h
trial 2 of 10...
trial 3 of 10...
trial 4 of 10...
trial 5 of 10...
trial 6 of 10...
trial 7 of 10...
trial 8 of 10...
trial 9 of 10...
trial 10 of 10...
Problem type: 3gen_split5 - 18/20
trial 1 of 10...

=== PROMPT ===

System message: You are able to solve letter-string analogies

User message: Use the following alphabet to complete the pattern.

a g c d e f q h i j k l m z o p n r s t u v w x y b

First, describe 3 relevant exemplars that are distinct from this problem, then give the final answer. Answer with only the examples and the final answer with no further explanation. Put your final answer between double brackets. Note that the alphabet may be in an unfamiliar order. Complete the pattern using this order.

[j k l m] [j k l z]
[e e x x d d x x c c x x g g x x] [


--- TARGET LETTERS ---

['e', 'e', 'x', 'x', 'd', 'd', 'x', 'x', 'c', 'c', 'x', 'x', 'a', 'a', 'x', 'x']
Full Qwen output: 1. [a b c d] [a b c e]  
2. [p q r s] [p q r t]  
3. [m n o p] [m n o q]  

[[e e x x d d x x c c x x g g x x] [e e x x d d x x c c x x g g x x] ]
trial 2 of 10...
trial 3 of 10...
trial 4 of 10...
trial 5 of 10...
trial 6 of 10...
trial 7 of 10...
trial 8 of 10...
trial 9 of 10...
trial 10 of 10...
Problem type: 3gen_split6 - 19/20
trial 1 of 10...

=== PROMPT ===

System message: You are able to solve letter-string analogies

User message: Use the following alphabet to complete the pattern.

a g c d e f q h i j k l m z o p n r s t u v w x y b

First, describe 3 relevant exemplars that are distinct from this problem, then give the final answer. Answer with only the examples and the final answer with no further explanation. Put your final answer between double brackets. Note that the alphabet may be in an unfamiliar order. Complete the pattern using this order.

[l m z o] [l m z o p]
[23 21 19 17] [


--- TARGET LETTERS ---

[np.int64(23), np.int64(21), np.int64(19), np.int64(17), np.int64(15)]
Full Qwen output: Examples:  
[1 2 3 4] [1 2 3 4 5]  
[apple banana cherry] [apple banana cherry date]  
[red blue green] [red blue green yellow]  

[[l m z o p n]]
Filtered Qwen output: l m z o p n
trial 2 of 10...
trial 3 of 10...
trial 4 of 10...
trial 5 of 10...
trial 6 of 10...
trial 7 of 10...
trial 8 of 10...
trial 9 of 10...
trial 10 of 10...
Problem type: 3gensplit7 - 20/20
trial 1 of 10...

=== PROMPT ===

System message: You are able to solve letter-string analogies

User message: Use the following alphabet to complete the pattern.

a g c d e f q h i j k l m z o p n r s t u v w x y b

First, describe 3 relevant exemplars that are distinct from this problem, then give the final answer. Answer with only the examples and the final answer with no further explanation. Put your final answer between double brackets. Note that the alphabet may be in an unfamiliar order. Complete the pattern using this order.

[r s t u] [n s t u]
[25 0 24 0 23 0 22 0] [


--- TARGET LETTERS ---

[np.int64(26), '0', np.int64(24), '0', np.int64(23), '0', np.int64(22), '0']
Full Qwen output: a b c d e f g h i j k l m n o p q r s t u v w x y z  
b c d e f g h i j k l m n o p q r s t u v w x y z a  
c d e f g h i j k l m n o p q r s t u v w x y z a b  

[[v w x y]]
Filtered Qwen output: v w x y
trial 2 of 10...
trial 3 of 10...
trial 4 of 10...
trial 5 of 10...
trial 6 of 10...
trial 7 of 10...
trial 8 of 10...
trial 9 of 10...
trial 10 of 10...
alph_4
a b c d f k g h i j r l m n o e q p s t u v w x y z
Problem type: larger_int - 1/20
trial 1 of 10...

=== PROMPT ===

System message: You are able to solve letter-string analogies

User message: Use the following alphabet to complete the pattern.

a b c d f k g h i j r l m n o e q p s t u v w x y z

First, describe 3 relevant exemplars that are distinct from this problem, then give the final answer. Answer with only the examples and the final answer with no further explanation. Put your final answer between double brackets. Note that the alphabet may be in an unfamiliar order. Complete the pattern using this order.

[s t u v] [p t u v]
[f g i r] [


--- TARGET LETTERS ---

['c', 'g', 'i', 'r']
Full Qwen output: 1. [a b c d] [b c d e]  
2. [x y z a] [y z a b]  
3. [m n o p] [n o p q]  

[[g h i j]]
Filtered Qwen output: g h i j
trial 2 of 10...
trial 3 of 10...
trial 4 of 10...
trial 5 of 10...
trial 6 of 10...
trial 7 of 10...
trial 8 of 10...
trial 9 of 10...
trial 10 of 10...
Problem type: longer_targ - 2/20
trial 1 of 10...

=== PROMPT ===

System message: You are able to solve letter-string analogies

User message: Use the following alphabet to complete the pattern.

a b c d f k g h i j r l m n o e q p s t u v w x y z

First, describe 3 relevant exemplars that are distinct from this problem, then give the final answer. Answer with only the examples and the final answer with no further explanation. Put your final answer between double brackets. Note that the alphabet may be in an unfamiliar order. Complete the pattern using this order.

[a b c d] [a b c f]
[j r l m n o e q] [


--- TARGET LETTERS ---

['j', 'r', 'l', 'm', 'n', 'o', 'e', 'p']
Full Qwen output: 1. [x y z a] [x y z b]  
2. [g h i j] [g h i k]  
3. [p s t u] [p s t v]  

[[j r l m n o e q] [j r l m n o e r]]
Filtered Qwen output: j r l m n o e q] [j r l m n o e r
trial 2 of 10...
trial 3 of 10...
trial 4 of 10...
trial 5 of 10...
trial 6 of 10...
trial 7 of 10...
trial 8 of 10...
trial 9 of 10...
trial 10 of 10...
Problem type: group - 3/20
trial 1 of 10...

=== PROMPT ===

System message: You are able to solve letter-string analogies

User message: Use the following alphabet to complete the pattern.

a b c d f k g h i j r l m n o e q p s t u v w x y z

First, describe 3 relevant exemplars that are distinct from this problem, then give the final answer. Answer with only the examples and the final answer with no further explanation. Put your final answer between double brackets. Note that the alphabet may be in an unfamiliar order. Complete the pattern using this order.

[p u t s v] [p s t u v]
[d d k k f f g g h h] [


--- TARGET LETTERS ---

['d', 'd', 'f', 'f', 'k', 'k', 'g', 'g', 'h', 'h']
Full Qwen output: 1. [a b c d e] [a c e b d]  
2. [x y z a b] [z a b x y]  
3. [m n o p q] [o q m n p]  

[[d d f f g g h h k k]]
Filtered Qwen output: d d f f g g h h k k
trial 2 of 10...
trial 3 of 10...
trial 4 of 10...
trial 5 of 10...
trial 6 of 10...
trial 7 of 10...
trial 8 of 10...
trial 9 of 10...
trial 10 of 10...
Problem type: interleaved - 4/20
trial 1 of 10...

=== PROMPT ===

System message: You are able to solve letter-string analogies

User message: Use the following alphabet to complete the pattern.

a b c d f k g h i j r l m n o e q p s t u v w x y z

First, describe 3 relevant exemplars that are distinct from this problem, then give the final answer. Answer with only the examples and the final answer with no further explanation. Put your final answer between double brackets. Note that the alphabet may be in an unfamiliar order. Complete the pattern using this order.

[g h i j] [g h i j r]
[r x l x m x n x] [


--- TARGET LETTERS ---

['r', 'x', 'l', 'x', 'm', 'x', 'n', 'x', 'o', 'x']
Full Qwen output: 1. [a b c d] [a b c d e]  
2. [p q r s] [p q r s t]  
3. [m n o p] [m n o p q]  

[[r x l x m x n x o x]]
Filtered Qwen output: r x l x m x n x o x
trial 2 of 10...
trial 3 of 10...
trial 4 of 10...
trial 5 of 10...
trial 6 of 10...
trial 7 of 10...
trial 8 of 10...
trial 9 of 10...
trial 10 of 10...
Problem type: letter2num - 5/20
trial 1 of 10...

=== PROMPT ===

System message: You are able to solve letter-string analogies

User message: Use the following alphabet to complete the pattern.

a b c d f k g h i j r l m n o e q p s t u v w x y z

First, describe 3 relevant exemplars that are distinct from this problem, then give the final answer. Answer with only the examples and the final answer with no further explanation. Put your final answer between double brackets. Note that the alphabet may be in an unfamiliar order. Complete the pattern using this order.

[o e q p] [n e q p]
[20 21 22 23] [


--- TARGET LETTERS ---

[np.int64(19), np.int64(21), np.int64(22), np.int64(23)]
Full Qwen output: 1. [a b c d] [e f g h]  
2. [x y z a] [b c d e]  
3. [m n o p] [q r s t]  

[[l m n o]]
Filtered Qwen output: l m n o
trial 2 of 10...
trial 3 of 10...
trial 4 of 10...
trial 5 of 10...
trial 6 of 10...
trial 7 of 10...
trial 8 of 10...
trial 9 of 10...
trial 10 of 10...
Problem type: reverse - 6/20
trial 1 of 10...

=== PROMPT ===

System message: You are able to solve letter-string analogies

User message: Use the following alphabet to complete the pattern.

a b c d f k g h i j r l m n o e q p s t u v w x y z

First, describe 3 relevant exemplars that are distinct from this problem, then give the final answer. Answer with only the examples and the final answer with no further explanation. Put your final answer between double brackets. Note that the alphabet may be in an unfamiliar order. Complete the pattern using this order.

[q p s t] [q p s t u]
[f d c b] [


--- TARGET LETTERS ---

['f', 'd', 'c', 'b', 'a']
Full Qwen output: 1. [a b c d] [a b c d e]  
2. [g h i j] [g h i j k]  
3. [l m n o] [l m n o p]  

[[f d c b a]]
Filtered Qwen output: f d c b a
trial 2 of 10...
trial 3 of 10...
trial 4 of 10...
trial 5 of 10...
trial 6 of 10...
trial 7 of 10...
trial 8 of 10...
trial 9 of 10...
trial 10 of 10...
Problem type: 2gen_split1 - 7/20
trial 1 of 10...

=== PROMPT ===

System message: You are able to solve letter-string analogies

User message: Use the following alphabet to complete the pattern.

a b c d f k g h i j r l m n o e q p s t u v w x y z

First, describe 3 relevant exemplars that are distinct from this problem, then give the final answer. Answer with only the examples and the final answer with no further explanation. Put your final answer between double brackets. Note that the alphabet may be in an unfamiliar order. Complete the pattern using this order.

[f k g h] [f k g h i]
[22 22 23 23 24 24 25 25] [


--- TARGET LETTERS ---

[np.int64(22), np.int64(22), np.int64(23), np.int64(23), np.int64(24), np.int64(24), np.int64(25), np.int64(25), np.int64(26), np.int64(26)]
Full Qwen output: a b c d f k g h i j r l m n o e q p s t u v w x y z

Examples:  
[1 2 3 4] [1 2 3 4 5]  
[5 5 6 6 7 7 8 8] [  
[x y z a] [x y z a b]  
[10 10 11 11 12 12 13 13] [  

[[f k g h i j r l] [f k g h i j r
trial 2 of 10...
trial 3 of 10...
trial 4 of 10...
trial 5 of 10...
trial 6 of 10...
trial 7 of 10...
trial 8 of 10...
trial 9 of 10...
trial 10 of 10...
Problem type: 2gen_split2 - 8/20
trial 1 of 10...

=== PROMPT ===

System message: You are able to solve letter-string analogies

User message: Use the following alphabet to complete the pattern.

a b c d f k g h i j r l m n o e q p s t u v w x y z

First, describe 3 relevant exemplars that are distinct from this problem, then give the final answer. Answer with only the examples and the final answer with no further explanation. Put your final answer between double brackets. Note that the alphabet may be in an unfamiliar order. Complete the pattern using this order.

[p s t t u v] [p s t u v]
[a a b b c c d d f f k k k k g g h h i i] [


--- TARGET LETTERS ---

['a', 'a', 'b', 'b', 'c', 'c', 'd', 'd', 'f', 'f', 'k', 'k', 'g', 'g', 'h', 'h', 'i', 'i']
Full Qwen output: a b c d e f g h i j k l m n o p q r s t u v w x y z  
b c d e f g h i j k l m n o p q r s t u v w x y z a  
c d e f g h i j k l m n o p q r s t u v w x y z a b  

[[p s t u v w]]
Filtered Qwen output: p s t u v w
trial 2 of 10...
trial 3 of 10...
trial 4 of 10...
trial 5 of 10...
trial 6 of 10...
trial 7 of 10...
trial 8 of 10...
trial 9 of 10...
trial 10 of 10...
Problem type: 2gen_split3 - 9/20
trial 1 of 10...

=== PROMPT ===

System message: You are able to solve letter-string analogies

User message: Use the following alphabet to complete the pattern.

a b c d f k g h i j r l m n o e q p s t u v w x y z

First, describe 3 relevant exemplars that are distinct from this problem, then give the final answer. Answer with only the examples and the final answer with no further explanation. Put your final answer between double brackets. Note that the alphabet may be in an unfamiliar order. Complete the pattern using this order.

[m n o e] [l n o e]
[j j i i h h g g] [


--- TARGET LETTERS ---

['r', 'r', 'i', 'i', 'h', 'h', 'g', 'g']
Full Qwen output: 1. [a b c d] [e f g h]  
2. [x y z a] [b c d e]  
3. [p q r s] [t u v w]  

[[k k j j i i h h]]
Filtered Qwen output: k k j j i i h h
trial 2 of 10...
trial 3 of 10...
trial 4 of 10...
trial 5 of 10...
trial 6 of 10...
trial 7 of 10...
trial 8 of 10...
trial 9 of 10...
trial 10 of 10...
Problem type: 2gen_split4 - 10/20
trial 1 of 10...

=== PROMPT ===

System message: You are able to solve letter-string analogies

User message: Use the following alphabet to complete the pattern.

a b c d f k g h i j r l m n o e q p s t u v w x y z

First, describe 3 relevant exemplars that are distinct from this problem, then give the final answer. Answer with only the examples and the final answer with no further explanation. Put your final answer between double brackets. Note that the alphabet may be in an unfamiliar order. Complete the pattern using this order.

[q p z t u] [q p s t u]
[j l n c p t v x z] [


--- TARGET LETTERS ---

['j', 'l', 'n', 'e', 'p', 't', 'v', 'x', 'z']
Full Qwen output: 1. [a b c d e] [a b c d]  
2. [x y z a b] [x y z a]  
3. [m n o p q] [m n o p]  

[[j l n c p t v x]]
Filtered Qwen output: j l n c p t v x
trial 2 of 10...
trial 3 of 10...
trial 4 of 10...
trial 5 of 10...
trial 6 of 10...
trial 7 of 10...
trial 8 of 10...
trial 9 of 10...
trial 10 of 10...
Problem type: 2gen_split5 - 11/20
trial 1 of 10...

=== PROMPT ===

System message: You are able to solve letter-string analogies

User message: Use the following alphabet to complete the pattern.

a b c d f k g h i j r l m n o e q p s t u v w x y z

First, describe 3 relevant exemplars that are distinct from this problem, then give the final answer. Answer with only the examples and the final answer with no further explanation. Put your final answer between double brackets. Note that the alphabet may be in an unfamiliar order. Complete the pattern using this order.

[d f k k g h] [d f k g h]
[17 17 18 18 19 19 19 19 20 20 21 21] [


--- TARGET LETTERS ---

[np.int64(17), np.int64(17), np.int64(18), np.int64(18), np.int64(19), np.int64(19), np.int64(20), np.int64(20), np.int64(21), np.int64(21)]
Full Qwen output: a b c d e f g h i j k l m n o p q r s t u v w x y z  
b c d e f g h i j k l m n o p q r s t u v w x y z a  
x y z a b c d e f g h i j k l m n o p q r s t u v w  

[[d f k g h i]]
Filtered Qwen output: d f k g h i
trial 2 of 10...
trial 3 of 10...
trial 4 of 10...
trial 5 of 10...
trial 6 of 10...
trial 7 of 10...
trial 8 of 10...
trial 9 of 10...
trial 10 of 10...
Problem type: 2gen_split6 - 12/20
trial 1 of 10...

=== PROMPT ===

System message: You are able to solve letter-string analogies

User message: Use the following alphabet to complete the pattern.

a b c d f k g h i j r l m n o e q p s t u v w x y z

First, describe 3 relevant exemplars that are distinct from this problem, then give the final answer. Answer with only the examples and the final answer with no further explanation. Put your final answer between double brackets. Note that the alphabet may be in an unfamiliar order. Complete the pattern using this order.

[f k g h] [f k g i]
[s x p x q x e x] [


--- TARGET LETTERS ---

['s', 'x', 'p', 'x', 'q', 'x', 'o', 'x']
Full Qwen output: 1. [a b c d] [a b c e]  
2. [m n o p] [m n o q]  
3. [r s t u] [r s t v]  

[[s x p x q x e y]]
Filtered Qwen output: s x p x q x e y
trial 2 of 10...
trial 3 of 10...
trial 4 of 10...
trial 5 of 10...
trial 6 of 10...
trial 7 of 10...
trial 8 of 10...
trial 9 of 10...
trial 10 of 10...
Problem type: 2gensplit7 - 13/20
trial 1 of 10...

=== PROMPT ===

System message: You are able to solve letter-string analogies

User message: Use the following alphabet to complete the pattern.

a b c d f k g h i j r l m n o e q p s t u v w x y z

First, describe 3 relevant exemplars that are distinct from this problem, then give the final answer. Answer with only the examples and the final answer with no further explanation. Put your final answer between double brackets. Note that the alphabet may be in an unfamiliar order. Complete the pattern using this order.

[u v w x] [u v w y]
[22 21 20 19] [


--- TARGET LETTERS ---

[np.int64(22), np.int64(21), np.int64(20), np.int64(18)]
Full Qwen output: 1. [a b c d] [a b c e]  
2. [g h i j] [g h i k]  
3. [m n o p] [m n o q]  

[[u v w x] [u v w y] [22 21 20 19] [[u v w x] [u v w y] [22 21 20 19] [u v w x] [u v w y] [22 21 20 19] [u v w x] [u
trial 2 of 10...
trial 3 of 10...
trial 4 of 10...
trial 5 of 10...
trial 6 of 10...
trial 7 of 10...
trial 8 of 10...
trial 9 of 10...
trial 10 of 10...
Problem type: 3gen_split1 - 14/20
trial 1 of 10...

=== PROMPT ===

System message: You are able to solve letter-string analogies

User message: Use the following alphabet to complete the pattern.

a b c d f k g h i j r l m n o e q p s t u v w x y z

First, describe 3 relevant exemplars that are distinct from this problem, then give the final answer. Answer with only the examples and the final answer with no further explanation. Put your final answer between double brackets. Note that the alphabet may be in an unfamiliar order. Complete the pattern using this order.

[j r l m t] [j r l m n]
[e x n x t x j x h x] [


--- TARGET LETTERS ---

['e', 'x', 'n', 'x', 'l', 'x', 'j', 'x', 'h', 'x']
Full Qwen output: 1. [a b c d e] [a b c d f]  
2. [g h i j k] [g h i j l]  
3. [m n o p q] [m n o p r]  

[[e x n x t x j x h x] [e x n x t x j x h x l]]
Filtered Qwen output: e x n x t x j x h x] [e x n x t x j x h x l
trial 2 of 10...
trial 3 of 10...
trial 4 of 10...
trial 5 of 10...
trial 6 of 10...
trial 7 of 10...
trial 8 of 10...
trial 9 of 10...
trial 10 of 10...
Problem type: 3gen_split2 - 15/20
trial 1 of 10...

=== PROMPT ===

System message: You are able to solve letter-string analogies

User message: Use the following alphabet to complete the pattern.

a b c d f k g h i j r l m n o e q p s t u v w x y z

First, describe 3 relevant exemplars that are distinct from this problem, then give the final answer. Answer with only the examples and the final answer with no further explanation. Put your final answer between double brackets. Note that the alphabet may be in an unfamiliar order. Complete the pattern using this order.

[p s t u j] [p s t u v]
[p p e e n n u u j j] [


--- TARGET LETTERS ---

['p', 'p', 'e', 'e', 'n', 'n', 'l', 'l', 'j', 'j']
Full Qwen output: 1. [a b c d e] [a b c d e f]  
2. [x y z a b] [x y z a b c]  
3. [m n o p q] [m n o p q r]  

[[p p e e n n u u j j] [p p e e n n u u j j k k]]
Filtered Qwen output: p p e e n n u u j j] [p p e e n n u u j j k k
trial 2 of 10...
trial 3 of 10...
trial 4 of 10...
trial 5 of 10...
trial 6 of 10...
trial 7 of 10...
trial 8 of 10...
trial 9 of 10...
trial 10 of 10...
Problem type: 3gen_split3 - 16/20
trial 1 of 10...

=== PROMPT ===

System message: You are able to solve letter-string analogies

User message: Use the following alphabet to complete the pattern.

a b c d f k g h i j r l m n o e q p s t u v w x y z

First, describe 3 relevant exemplars that are distinct from this problem, then give the final answer. Answer with only the examples and the final answer with no further explanation. Put your final answer between double brackets. Note that the alphabet may be in an unfamiliar order. Complete the pattern using this order.

[l i n o e] [l m n o e]
[17 0 7 0 9 0 11 0 13 0] [


--- TARGET LETTERS ---

[np.int64(5), '0', np.int64(7), '0', np.int64(9), '0', np.int64(11), '0', np.int64(13), '0']
Full Qwen output: a b c d f k g h i j r l m n o e q p s t u v w x y z

Examples:  
[cat] [c a t]  
[dog] [d o g]  
[hat] [h a t]

[[l i n o e] [l m n o e]]
Filtered Qwen output: l i n o e] [l m n o e
trial 2 of 10...
trial 3 of 10...
trial 4 of 10...
trial 5 of 10...
trial 6 of 10...
trial 7 of 10...
trial 8 of 10...
trial 9 of 10...
trial 10 of 10...
Problem type: 3gen_split4 - 17/20
trial 1 of 10...

=== PROMPT ===

System message: You are able to solve letter-string analogies

User message: Use the following alphabet to complete the pattern.

a b c d f k g h i j r l m n o e q p s t u v w x y z

First, describe 3 relevant exemplars that are distinct from this problem, then give the final answer. Answer with only the examples and the final answer with no further explanation. Put your final answer between double brackets. Note that the alphabet may be in an unfamiliar order. Complete the pattern using this order.

[e q p s] [e q p t]
[l l x x m m x x n n x x o o x x e e x x q q x x p p x x s s x x] [


--- TARGET LETTERS ---

['l', 'l', 'x', 'x', 'm', 'm', 'x', 'x', 'n', 'n', 'x', 'x', 'o', 'o', 'x', 'x', 'e', 'e', 'x', 'x', 'q', 'q', 'x', 'x', 'p', 'p', 'x', 'x', 't', 't', 'x', 'x']
Full Qwen output: 1. [a b c d] [a b c e]  
2. [x y z a] [x y z b]  
3. [m n o p] [m n o q]  

[[l l x x m m x x n n x x o o x x e e x x q q x x p p x x s s x x] [l l x x m m x x n n x x o o x x e e x x q q x x p p x x t t x x]]
Filtered Qwen output: l l x x m m x x n n x x o o x x e e x x q q x x p p x x s s x x] [l l x x m m x x n n x x o o x x e e x x q q x x p p x x t t x x
trial 2 of 10...
trial 3 of 10...
trial 4 of 10...
trial 5 of 10...
trial 6 of 10...
trial 7 of 10...
trial 8 of 10...
trial 9 of 10...
trial 10 of 10...
Problem type: 3gen_split5 - 18/20
trial 1 of 10...

=== PROMPT ===

System message: You are able to solve letter-string analogies

User message: Use the following alphabet to complete the pattern.

a b c d f k g h i j r l m n o e q p s t u v w x y z

First, describe 3 relevant exemplars that are distinct from this problem, then give the final answer. Answer with only the examples and the final answer with no further explanation. Put your final answer between double brackets. Note that the alphabet may be in an unfamiliar order. Complete the pattern using this order.

[n o o e q p] [n o e q p]
[v t p e n l j j h k] [


--- TARGET LETTERS ---

['v', 't', 'p', 'e', 'n', 'l', 'j', 'h', 'k']
Full Qwen output: 1. [a b c d] [a b c]  
2. [x y z a] [x y z]  
3. [m n o p] [m n o]  

[[v t p e n l j j h k] [v t p e n l j j h]]
Filtered Qwen output: v t p e n l j j h k] [v t p e n l j j h
trial 2 of 10...
trial 3 of 10...
trial 4 of 10...
trial 5 of 10...
trial 6 of 10...
trial 7 of 10...
trial 8 of 10...
trial 9 of 10...
trial 10 of 10...
Problem type: 3gen_split6 - 19/20
trial 1 of 10...

=== PROMPT ===

System message: You are able to solve letter-string analogies

User message: Use the following alphabet to complete the pattern.

a b c d f k g h i j r l m n o e q p s t u v w x y z

First, describe 3 relevant exemplars that are distinct from this problem, then give the final answer. Answer with only the examples and the final answer with no further explanation. Put your final answer between double brackets. Note that the alphabet may be in an unfamiliar order. Complete the pattern using this order.

[f k g h] [d k g h]
[19 19 0 0 20 20 0 0 21 21 0 0 22 22 0 0] [


--- TARGET LETTERS ---

[np.int64(18), np.int64(18), '0', '0', np.int64(20), np.int64(20), '0', '0', np.int64(21), np.int64(21), '0', '0', np.int64(22), np.int64(22), '0', '0']
Full Qwen output: a b c d e f g h i j k l m n o p q r s t u v w x y z  
b c d e f g h i j k l m n o p q r s t u v w x y z a  
x y z a b c d e f g h i j k l m n o p q r s t u v w  

[[f k g h] [d k g h]]
Filtered Qwen output: f k g h] [d k g h
trial 2 of 10...
trial 3 of 10...
trial 4 of 10...
trial 5 of 10...
trial 6 of 10...
trial 7 of 10...
trial 8 of 10...
trial 9 of 10...
trial 10 of 10...
Problem type: 3gensplit7 - 20/20
trial 1 of 10...

=== PROMPT ===

System message: You are able to solve letter-string analogies

User message: Use the following alphabet to complete the pattern.

a b c d f k g h i j r l m n o e q p s t u v w x y z

First, describe 3 relevant exemplars that are distinct from this problem, then give the final answer. Answer with only the examples and the final answer with no further explanation. Put your final answer between double brackets. Note that the alphabet may be in an unfamiliar order. Complete the pattern using this order.

[a b c d] [a b c f]
[j j l l n n e e p p t t v v x x] [


--- TARGET LETTERS ---

['j', 'j', 'l', 'l', 'n', 'n', 'e', 'e', 'p', 'p', 't', 't', 'v', 'v', 'z', 'z']
Full Qwen output: 1. [a b c d] [a b c e]  
2. [x y z a] [x y z b]  
3. [m n o p] [m n o q]  

[[j j l l n n e e p p t t v v x x] [j j l l n n e e p p t t v v x x y y]]
Filtered Qwen output: j j l l n n e e p p t t v v x x] [j j l l n n e e p p t t v v x x y y
trial 2 of 10...
trial 3 of 10...
trial 4 of 10...
trial 5 of 10...
trial 6 of 10...
trial 7 of 10...
trial 8 of 10...
trial 9 of 10...
trial 10 of 10...
alph_5
a b c d e f g h k j z l m n o p q r s t u y w x v i
Problem type: larger_int - 1/20
trial 1 of 10...

=== PROMPT ===

System message: You are able to solve letter-string analogies

User message: Use the following alphabet to complete the pattern.

a b c d e f g h k j z l m n o p q r s t u y w x v i

First, describe 3 relevant exemplars that are distinct from this problem, then give the final answer. Answer with only the examples and the final answer with no further explanation. Put your final answer between double brackets. Note that the alphabet may be in an unfamiliar order. Complete the pattern using this order.

[m m n o p q] [m n o p q]
[r r t y x i] [


--- TARGET LETTERS ---

['r', 't', 'y', 'x', 'i']
Full Qwen output: 1. [a a b c d] [a b c d]  
2. [g g h k j] [g h k j]  
3. [z z l m n] [z l m n]  

[[r t y x i]]
Filtered Qwen output: r t y x i
trial 2 of 10...
trial 3 of 10...
trial 4 of 10...
trial 5 of 10...
trial 6 of 10...
trial 7 of 10...
trial 8 of 10...
trial 9 of 10...
trial 10 of 10...
Problem type: longer_targ - 2/20
trial 1 of 10...

=== PROMPT ===

System message: You are able to solve letter-string analogies

User message: Use the following alphabet to complete the pattern.

a b c d e f g h k j z l m n o p q r s t u y w x v i

First, describe 3 relevant exemplars that are distinct from this problem, then give the final answer. Answer with only the examples and the final answer with no further explanation. Put your final answer between double brackets. Note that the alphabet may be in an unfamiliar order. Complete the pattern using this order.

[o p q r] [o p q s]
[r s t u y w x v] [


--- TARGET LETTERS ---

['r', 's', 't', 'u', 'y', 'w', 'x', 'i']
Full Qwen output: 1. [a b c d] [a b c e]  
2. [g h k j] [g h k l]  
3. [m n o p] [m n o q]  

[[r s t u y w x v] [r s t u y w x w]]
Filtered Qwen output: r s t u y w x v] [r s t u y w x w
trial 2 of 10...
trial 3 of 10...
trial 4 of 10...
trial 5 of 10...
trial 6 of 10...
trial 7 of 10...
trial 8 of 10...
trial 9 of 10...
trial 10 of 10...
Problem type: group - 3/20
trial 1 of 10...

=== PROMPT ===

System message: You are able to solve letter-string analogies

User message: Use the following alphabet to complete the pattern.

a b c d e f g h k j z l m n o p q r s t u y w x v i

First, describe 3 relevant exemplars that are distinct from this problem, then give the final answer. Answer with only the examples and the final answer with no further explanation. Put your final answer between double brackets. Note that the alphabet may be in an unfamiliar order. Complete the pattern using this order.

[b l m n o] [z l m n o]
[m m n n o o p p j j] [


--- TARGET LETTERS ---

['m', 'm', 'n', 'n', 'o', 'o', 'p', 'p', 'q', 'q']
Full Qwen output: 1. [a b c d e] [f g h i j]  
2. [x y z a b] [c d e f g]  
3. [p q r s t] [u v w x y]  

[[l m n o p]]
Filtered Qwen output: l m n o p
trial 2 of 10...
trial 3 of 10...
trial 4 of 10...
trial 5 of 10...
trial 6 of 10...
trial 7 of 10...
trial 8 of 10...
trial 9 of 10...
trial 10 of 10...
Problem type: interleaved - 4/20
trial 1 of 10...

=== PROMPT ===

System message: You are able to solve letter-string analogies

User message: Use the following alphabet to complete the pattern.

a b c d e f g h k j z l m n o p q r s t u y w x v i

First, describe 3 relevant exemplars that are distinct from this problem, then give the final answer. Answer with only the examples and the final answer with no further explanation. Put your final answer between double brackets. Note that the alphabet may be in an unfamiliar order. Complete the pattern using this order.

[t u y w] [t u y w x]
[h x k x j x z x] [


--- TARGET LETTERS ---

['h', 'x', 'k', 'x', 'j', 'x', 'z', 'x', 'l', 'x']
Full Qwen output: 1. [a b c d] [a b c d e]  
2. [p q r s] [p q r s t]  
3. [g h k j] [g h k j z]  

[[h x k x j x z x] [h x k x j x z x v]]
Filtered Qwen output: h x k x j x z x] [h x k x j x z x v
trial 2 of 10...
trial 3 of 10...
trial 4 of 10...
trial 5 of 10...
trial 6 of 10...
trial 7 of 10...
trial 8 of 10...
trial 9 of 10...
trial 10 of 10...
Problem type: letter2num - 5/20
trial 1 of 10...

=== PROMPT ===

System message: You are able to solve letter-string analogies

User message: Use the following alphabet to complete the pattern.

a b c d e f g h k j z l m n o p q r s t u y w x v i

First, describe 3 relevant exemplars that are distinct from this problem, then give the final answer. Answer with only the examples and the final answer with no further explanation. Put your final answer between double brackets. Note that the alphabet may be in an unfamiliar order. Complete the pattern using this order.

[y w x v] [y w x v i]
[10 11 12 13] [


--- TARGET LETTERS ---

[np.int64(10), np.int64(11), np.int64(12), np.int64(13), np.int64(14)]
Full Qwen output: a b c d e f g h k j z l m n o p q r s t u y w x v i  
Examples:  
[1 2 3 4] [1 2 3 4 5]  
[5 6 7 8] [5 6 7 8 9]  
[9 10 11 12] [9 10 11 12 13]  

[[y w x v i]]
Filtered Qwen output: y w x v i
trial 2 of 10...
trial 3 of 10...
trial 4 of 10...
trial 5 of 10...
trial 6 of 10...
trial 7 of 10...
trial 8 of 10...
trial 9 of 10...
trial 10 of 10...
Problem type: reverse - 6/20
trial 1 of 10...

=== PROMPT ===

System message: You are able to solve letter-string analogies

User message: Use the following alphabet to complete the pattern.

a b c d e f g h k j z l m n o p q r s t u y w x v i

First, describe 3 relevant exemplars that are distinct from this problem, then give the final answer. Answer with only the examples and the final answer with no further explanation. Put your final answer between double brackets. Note that the alphabet may be in an unfamiliar order. Complete the pattern using this order.

[c d d e f g] [c d e f g]
[z j k k h g] [


--- TARGET LETTERS ---

['z', 'j', 'k', 'h', 'g']
Full Qwen output: 1. [a b b c d e] [a b c d e]  
2. [x y y z a b] [x y z a b]  
3. [m n n o p q] [m n o p q]  

[[z j k h g]]
Filtered Qwen output: z j k h g
trial 2 of 10...
trial 3 of 10...
trial 4 of 10...
trial 5 of 10...
trial 6 of 10...
trial 7 of 10...
trial 8 of 10...
trial 9 of 10...
trial 10 of 10...
Problem type: 2gen_split1 - 7/20
trial 1 of 10...

=== PROMPT ===

System message: You are able to solve letter-string analogies

User message: Use the following alphabet to complete the pattern.

a b c d e f g h k j z l m n o p q r s t u y w x v i

First, describe 3 relevant exemplars that are distinct from this problem, then give the final answer. Answer with only the examples and the final answer with no further explanation. Put your final answer between double brackets. Note that the alphabet may be in an unfamiliar order. Complete the pattern using this order.

[y w x v] [y w x v i]
[l l m m n n o o p p q q r r s s] [


--- TARGET LETTERS ---

['l', 'l', 'm', 'm', 'n', 'n', 'o', 'o', 'p', 'p', 'q', 'q', 'r', 'r', 's', 's', 't', 't']
Full Qwen output: 1. [a b c d] [a b c d e]  
2. [m n o p] [m n o p q]  
3. [g h k j] [g h k j z]  

[[l l m m n n o o p p q q r r s s t t u u y y w w x x v v i i]]
Filtered Qwen output: l l m m n n o o p p q q r r s s t t u u y y w w x x v v i i
trial 2 of 10...
trial 3 of 10...
trial 4 of 10...
trial 5 of 10...
trial 6 of 10...
trial 7 of 10...
trial 8 of 10...
trial 9 of 10...
trial 10 of 10...
Problem type: 2gen_split2 - 8/20
trial 1 of 10...

=== PROMPT ===

System message: You are able to solve letter-string analogies

User message: Use the following alphabet to complete the pattern.

a b c d e f g h k j z l m n o p q r s t u y w x v i

First, describe 3 relevant exemplars that are distinct from this problem, then give the final answer. Answer with only the examples and the final answer with no further explanation. Put your final answer between double brackets. Note that the alphabet may be in an unfamiliar order. Complete the pattern using this order.

[e f g h] [e f g k]
[n n m m l l z z] [


--- TARGET LETTERS ---

['n', 'n', 'm', 'm', 'l', 'l', 'j', 'j']
Full Qwen output: 1. [a b c d] [a b c e]  
2. [x y z w] [x y z v]  
3. [p q r s] [p q r t]  

[[n n m m l l z z] [n n m m l l z j]]
Filtered Qwen output: n n m m l l z z] [n n m m l l z j
trial 2 of 10...
trial 3 of 10...
trial 4 of 10...
trial 5 of 10...
trial 6 of 10...
trial 7 of 10...
trial 8 of 10...
trial 9 of 10...
trial 10 of 10...
Problem type: 2gen_split3 - 9/20
trial 1 of 10...

=== PROMPT ===

System message: You are able to solve letter-string analogies

User message: Use the following alphabet to complete the pattern.

a b c d e f g h k j z l m n o p q r s t u y w x v i

First, describe 3 relevant exemplars that are distinct from this problem, then give the final answer. Answer with only the examples and the final answer with no further explanation. Put your final answer between double brackets. Note that the alphabet may be in an unfamiliar order. Complete the pattern using this order.

[g h k z j] [g h k j z]
[w x s x u x q x v x] [


--- TARGET LETTERS ---

['q', 'x', 's', 'x', 'u', 'x', 'w', 'x', 'v', 'x']
Full Qwen output: 1. [a b c d e] [a b c d]  
2. [m n o p q] [m n o p]  
3. [t u y w x] [t u y w]  

[[w x s x u x q x v x] [w x s x u x q x v]]
Filtered Qwen output: w x s x u x q x v x] [w x s x u x q x v
trial 2 of 10...
trial 3 of 10...
trial 4 of 10...
trial 5 of 10...
trial 6 of 10...
trial 7 of 10...
trial 8 of 10...
trial 9 of 10...
trial 10 of 10...
Problem type: 2gen_split4 - 10/20
trial 1 of 10...

=== PROMPT ===

System message: You are able to solve letter-string analogies

User message: Use the following alphabet to complete the pattern.

a b c d e f g h k j z l m n o p q r s t u y w x v i

First, describe 3 relevant exemplars that are distinct from this problem, then give the final answer. Answer with only the examples and the final answer with no further explanation. Put your final answer between double brackets. Note that the alphabet may be in an unfamiliar order. Complete the pattern using this order.

[e f g h] [e f g k]
[25 24 23 22] [


--- TARGET LETTERS ---

[np.int64(25), np.int64(24), np.int64(23), np.int64(21)]
Full Qwen output: 1. [a b c d] [a b c e]  
2. [m n o p] [m n o q]  
3. [j k l m] [j k l n]  

[[e f g j]]
Filtered Qwen output: e f g j
trial 2 of 10...
trial 3 of 10...
trial 4 of 10...
trial 5 of 10...
trial 6 of 10...
trial 7 of 10...
trial 8 of 10...
trial 9 of 10...
trial 10 of 10...
Problem type: 2gen_split5 - 11/20
trial 1 of 10...

=== PROMPT ===

System message: You are able to solve letter-string analogies

User message: Use the following alphabet to complete the pattern.

a b c d e f g h k j z l m n o p q r s t u y w x v i

First, describe 3 relevant exemplars that are distinct from this problem, then give the final answer. Answer with only the examples and the final answer with no further explanation. Put your final answer between double brackets. Note that the alphabet may be in an unfamiliar order. Complete the pattern using this order.

[g h k j] [g h k z]
[q q p p o o n n] [


--- TARGET LETTERS ---

['q', 'q', 'p', 'p', 'o', 'o', 'm', 'm']
Full Qwen output: 1. [a b c d] [a b c e]  
2. [x y z w] [x y z v]  
3. [m n o p] [m n o q]  

[[q q p p o o n m]]
Filtered Qwen output: q q p p o o n m
trial 2 of 10...
trial 3 of 10...
trial 4 of 10...
trial 5 of 10...
trial 6 of 10...
trial 7 of 10...
trial 8 of 10...
trial 9 of 10...
trial 10 of 10...
Problem type: 2gen_split6 - 12/20
trial 1 of 10...

=== PROMPT ===

System message: You are able to solve letter-string analogies

User message: Use the following alphabet to complete the pattern.

a b c d e f g h k j z l m n o p q r s t u y w x v i

First, describe 3 relevant exemplars that are distinct from this problem, then give the final answer. Answer with only the examples and the final answer with no further explanation. Put your final answer between double brackets. Note that the alphabet may be in an unfamiliar order. Complete the pattern using this order.

[l z j m n] [j z l m n]
[18 21 20 19 22 23 24 25 26] [


--- TARGET LETTERS ---

[np.int64(18), np.int64(19), np.int64(20), np.int64(21), np.int64(22), np.int64(23), np.int64(24), np.int64(25), np.int64(26)]
Full Qwen output: 1. [a b c d e] [b c d e f]  
2. [x y z a b] [y z a b c]  
3. [m n o p q] [n o p q r]  

[[l z j m n] [j z l m n]]
Filtered Qwen output: l z j m n] [j z l m n
trial 2 of 10...
trial 3 of 10...
trial 4 of 10...
trial 5 of 10...
trial 6 of 10...
trial 7 of 10...
trial 8 of 10...
trial 9 of 10...
trial 10 of 10...
Problem type: 2gensplit7 - 13/20
trial 1 of 10...

=== PROMPT ===

System message: You are able to solve letter-string analogies

User message: Use the following alphabet to complete the pattern.

a b c d e f g h k j z l m n o p q r s t u y w x v i

First, describe 3 relevant exemplars that are distinct from this problem, then give the final answer. Answer with only the examples and the final answer with no further explanation. Put your final answer between double brackets. Note that the alphabet may be in an unfamiliar order. Complete the pattern using this order.

[u y w x] [t y w x]
[t x y x x x i x] [


--- TARGET LETTERS ---

['r', 'x', 'y', 'x', 'x', 'x', 'i', 'x']
Full Qwen output: 1. [a b c d] [e f g h]  
2. [m n o p] [q r s t]  
3. [z l m n] [o p q r]  

[[s t u y] [v i a b]]
Filtered Qwen output: s t u y] [v i a b
trial 2 of 10...
trial 3 of 10...
trial 4 of 10...
trial 5 of 10...
trial 6 of 10...
trial 7 of 10...
trial 8 of 10...
trial 9 of 10...
trial 10 of 10...
Problem type: 3gen_split1 - 14/20
trial 1 of 10...

=== PROMPT ===

System message: You are able to solve letter-string analogies

User message: Use the following alphabet to complete the pattern.

a b c d e f g h k j z l m n o p q r s t u y w x v i

First, describe 3 relevant exemplars that are distinct from this problem, then give the final answer. Answer with only the examples and the final answer with no further explanation. Put your final answer between double brackets. Note that the alphabet may be in an unfamiliar order. Complete the pattern using this order.

[h k j z] [h k j l]
[i i x x y y t t] [


--- TARGET LETTERS ---

['i', 'i', 'x', 'x', 'y', 'y', 'r', 'r']
Full Qwen output: 1. [a b c d] [a b c e]  
2. [m n o p] [m n o q]  
3. [r s t u] [r s t v]  

[[i i x x y y t t] [i i x x y y t w]]
Filtered Qwen output: i i x x y y t t] [i i x x y y t w
trial 2 of 10...
trial 3 of 10...
trial 4 of 10...
trial 5 of 10...
trial 6 of 10...
trial 7 of 10...
trial 8 of 10...
trial 9 of 10...
trial 10 of 10...
Problem type: 3gen_split2 - 15/20
trial 1 of 10...

=== PROMPT ===

System message: You are able to solve letter-string analogies

User message: Use the following alphabet to complete the pattern.

a b c d e f g h k j z l m n o p q r s t u y w x v i

First, describe 3 relevant exemplars that are distinct from this problem, then give the final answer. Answer with only the examples and the final answer with no further explanation. Put your final answer between double brackets. Note that the alphabet may be in an unfamiliar order. Complete the pattern using this order.

[q r s t] [p r s t]
[15 14 13 12 11 10 9 8] [


--- TARGET LETTERS ---

[np.int64(16), np.int64(14), np.int64(13), np.int64(12), np.int64(11), np.int64(10), np.int64(9), np.int64(8)]
Full Qwen output: 1. [a b c d] [c d e f]  
2. [x y z a] [z a b c]  
3. [m n o p] [o p q r]  

[[q r s t] [p r s t] [15 14 13 12 11 10 9 8] [14 13 12 11 10 9 8 7]]
Filtered Qwen output: q r s t] [p r s t] [15 14 13 12 11 10 9 8] [14 13 12 11 10 9 8 7
trial 2 of 10...
trial 3 of 10...
trial 4 of 10...
trial 5 of 10...
trial 6 of 10...
trial 7 of 10...
trial 8 of 10...
trial 9 of 10...
trial 10 of 10...
Problem type: 3gen_split3 - 16/20
trial 1 of 10...

=== PROMPT ===

System message: You are able to solve letter-string analogies

User message: Use the following alphabet to complete the pattern.

a b c d e f g h k j z l m n o p q r s t u y w x v i

First, describe 3 relevant exemplars that are distinct from this problem, then give the final answer. Answer with only the examples and the final answer with no further explanation. Put your final answer between double brackets. Note that the alphabet may be in an unfamiliar order. Complete the pattern using this order.

[k j z l] [k j z m]
[u s q o m z k g] [


--- TARGET LETTERS ---

['u', 's', 'q', 'o', 'm', 'z', 'k', 'e']
Full Qwen output: 1. [a b c d] [a b c e]  
2. [x y z a] [x y z b]  
3. [p q r s] [p q r t]  

[[u s q o m z k h]]
Filtered Qwen output: u s q o m z k h
trial 2 of 10...
trial 3 of 10...
trial 4 of 10...
trial 5 of 10...
trial 6 of 10...
trial 7 of 10...
trial 8 of 10...
trial 9 of 10...
trial 10 of 10...
Problem type: 3gen_split4 - 17/20
trial 1 of 10...

=== PROMPT ===

System message: You are able to solve letter-string analogies

User message: Use the following alphabet to complete the pattern.

a b c d e f g h k j z l m n o p q r s t u y w x v i

First, describe 3 relevant exemplars that are distinct from this problem, then give the final answer. Answer with only the examples and the final answer with no further explanation. Put your final answer between double brackets. Note that the alphabet may be in an unfamiliar order. Complete the pattern using this order.

[r f g h k] [e f g h k]
[26 25 17 23 22 21 20 19 18] [


--- TARGET LETTERS ---

[np.int64(26), np.int64(25), np.int64(24), np.int64(23), np.int64(22), np.int64(21), np.int64(20), np.int64(19), np.int64(18)]
Full Qwen output: 1. [a b c d e] [x y z a b]  
2. [m n o p q] [r s t u v]  
3. [g h k j z] [l m n o p]  

[[q r s t u]]
Filtered Qwen output: q r s t u
trial 2 of 10...
trial 3 of 10...
trial 4 of 10...
trial 5 of 10...
trial 6 of 10...
trial 7 of 10...
trial 8 of 10...
trial 9 of 10...
trial 10 of 10...
Problem type: 3gen_split5 - 18/20
trial 1 of 10...

=== PROMPT ===

System message: You are able to solve letter-string analogies

User message: Use the following alphabet to complete the pattern.

a b c d e f g h k j z l m n o p q r s t u y w x v i

First, describe 3 relevant exemplars that are distinct from this problem, then give the final answer. Answer with only the examples and the final answer with no further explanation. Put your final answer between double brackets. Note that the alphabet may be in an unfamiliar order. Complete the pattern using this order.

[h k j z l l] [h k j z l]
[i i x x i i x x v v x x x x x x w w x x y y x x] [


--- TARGET LETTERS ---

['i', 'i', 'x', 'x', 'v', 'v', 'x', 'x', 'x', 'x', 'x', 'x', 'w', 'w', 'x', 'x', 'y', 'y', 'x', 'x']
Full Qwen output: a b c d e f g h k j z l m n o p q r s t u y w x v i

Examples:  
[abc def] [abc def]  
[123 456] [123 456]  
[red blue] [red blue]  

[[h k j z l l] [h k j z l]] [[i i x x i i x x v v x x x x x x w w x x y y x x] [
Filtered Qwen output: h k j z l l] [h k j z l
trial 2 of 10...
trial 3 of 10...
trial 4 of 10...
trial 5 of 10...
trial 6 of 10...
trial 7 of 10...
trial 8 of 10...
trial 9 of 10...
trial 10 of 10...
Problem type: 3gen_split6 - 19/20
trial 1 of 10...

=== PROMPT ===

System message: You are able to solve letter-string analogies

User message: Use the following alphabet to complete the pattern.

a b c d e f g h k j z l m n o p q r s t u y w x v i

First, describe 3 relevant exemplars that are distinct from this problem, then give the final answer. Answer with only the examples and the final answer with no further explanation. Put your final answer between double brackets. Note that the alphabet may be in an unfamiliar order. Complete the pattern using this order.

[y w x v] [y w x v i]
[r r x x s s x x t t x x u u x x y y x x w w x x x x x x v v x x] [


--- TARGET LETTERS ---

['r', 'r', 'x', 'x', 's', 's', 'x', 'x', 't', 't', 'x', 'x', 'u', 'u', 'x', 'x', 'y', 'y', 'x', 'x', 'w', 'w', 'x', 'x', 'x', 'x', 'x', 'x', 'v', 'v', 'x', 'x', 'i', 'i', 'x', 'x']
Full Qwen output: a b c d e f g h k j z l m n o p q r s t u y w x v  
[y w x v] [y w x v i]  
[r r x x s s x x t t x x u u x x y y x x w w x x x x x x v v x x] [r r x x s s x x t t x x u u x x y y x x w w x x x x x x v v x x i i]  

[[r r x x s s x x t t x x u u x x y y
trial 2 of 10...
trial 3 of 10...
trial 4 of 10...
trial 5 of 10...
trial 6 of 10...
trial 7 of 10...
trial 8 of 10...
trial 9 of 10...
trial 10 of 10...
Problem type: 3gensplit7 - 20/20
trial 1 of 10...

=== PROMPT ===

System message: You are able to solve letter-string analogies

User message: Use the following alphabet to complete the pattern.

a b c d e f g h k j z l m n o p q r s t u y w x v i

First, describe 3 relevant exemplars that are distinct from this problem, then give the final answer. Answer with only the examples and the final answer with no further explanation. Put your final answer between double brackets. Note that the alphabet may be in an unfamiliar order. Complete the pattern using this order.

[y w x v] [y w x i]
[p p x x o o x x n n x x m m x x] [


--- TARGET LETTERS ---

['p', 'p', 'x', 'x', 'o', 'o', 'x', 'x', 'n', 'n', 'x', 'x', 'l', 'l', 'x', 'x']
Full Qwen output: 1. [a b c d] [a b c e]  
2. [m n o p] [m n o q]  
3. [z l m n] [z l m o]  

[[p p x x o o x x n n x x m m x x] [p p x x o o x x n n x x m m x x l l x x k k x x]]
Filtered Qwen output: p p x x o o x x n n x x m m x x] [p p x x o o x x n n x x m m x x l l x x k k x x
trial 2 of 10...
trial 3 of 10...
trial 4 of 10...
trial 5 of 10...
trial 6 of 10...
trial 7 of 10...
trial 8 of 10...
trial 9 of 10...
trial 10 of 10...
alph_6
n b c d e f g h i j r l m a k p q o s t u v w x y z
Problem type: larger_int - 1/20
trial 1 of 10...

=== PROMPT ===

System message: You are able to solve letter-string analogies

User message: Use the following alphabet to complete the pattern.

n b c d e f g h i j r l m a k p q o s t u v w x y z

First, describe 3 relevant exemplars that are distinct from this problem, then give the final answer. Answer with only the examples and the final answer with no further explanation. Put your final answer between double brackets. Note that the alphabet may be in an unfamiliar order. Complete the pattern using this order.

[l m a k] [l m a p]
[a p o t] [


--- TARGET LETTERS ---

['a', 'p', 'o', 'v']
Full Qwen output: 1. [b c d e] [b c d f]  
2. [g h i j] [g h i k]  
3. [r s t u] [r s t v]  

[[a p o q]]
Filtered Qwen output: a p o q
trial 2 of 10...
trial 3 of 10...
trial 4 of 10...
trial 5 of 10...
trial 6 of 10...
trial 7 of 10...
trial 8 of 10...
trial 9 of 10...
trial 10 of 10...
Problem type: longer_targ - 2/20
trial 1 of 10...

=== PROMPT ===

System message: You are able to solve letter-string analogies

User message: Use the following alphabet to complete the pattern.

n b c d e f g h i j r l m a k p q o s t u v w x y z

First, describe 3 relevant exemplars that are distinct from this problem, then give the final answer. Answer with only the examples and the final answer with no further explanation. Put your final answer between double brackets. Note that the alphabet may be in an unfamiliar order. Complete the pattern using this order.

[r l l m a k] [r l m a k]
[c d e f g h h i j r] [


--- TARGET LETTERS ---

['c', 'd', 'e', 'f', 'g', 'h', 'i', 'j', 'r']
Full Qwen output: 1. [a b c d e f g h i j] [a b c d e f g h i]  
2. [x y z n b c d e f g] [x y z n b c d e f]  
3. [p q o s t u v w x y] [p q o s t u v w x]  

[[r l m a k]]
Filtered Qwen output: r l m a k
trial 2 of 10...
trial 3 of 10...
trial 4 of 10...
trial 5 of 10...
trial 6 of 10...
trial 7 of 10...
trial 8 of 10...
trial 9 of 10...
trial 10 of 10...
Problem type: group - 3/20
trial 1 of 10...

=== PROMPT ===

System message: You are able to solve letter-string analogies

User message: Use the following alphabet to complete the pattern.

n b c d e f g h i j r l m a k p q o s t u v w x y z

First, describe 3 relevant exemplars that are distinct from this problem, then give the final answer. Answer with only the examples and the final answer with no further explanation. Put your final answer between double brackets. Note that the alphabet may be in an unfamiliar order. Complete the pattern using this order.

[d e f g] [d e f h]
[h h i i j j r r] [


--- TARGET LETTERS ---

['h', 'h', 'i', 'i', 'j', 'j', 'l', 'l']
Full Qwen output: 1. [a b c d] [a b c e]  
2. [x y z a] [x y z b]  
3. [m n o p] [m n o q]  

[[h h i i j j r r] [h h i i j j r s]]
Filtered Qwen output: h h i i j j r r] [h h i i j j r s
trial 2 of 10...
trial 3 of 10...
trial 4 of 10...
trial 5 of 10...
trial 6 of 10...
trial 7 of 10...
trial 8 of 10...
trial 9 of 10...
trial 10 of 10...
Problem type: interleaved - 4/20
trial 1 of 10...

=== PROMPT ===

System message: You are able to solve letter-string analogies

User message: Use the following alphabet to complete the pattern.

n b c d e f g h i j r l m a k p q o s t u v w x y z

First, describe 3 relevant exemplars that are distinct from this problem, then give the final answer. Answer with only the examples and the final answer with no further explanation. Put your final answer between double brackets. Note that the alphabet may be in an unfamiliar order. Complete the pattern using this order.

[n b c y e] [n b c d e]
[i x j x r x a x m x] [


--- TARGET LETTERS ---

['i', 'x', 'j', 'x', 'r', 'x', 'l', 'x', 'm', 'x']
Full Qwen output: 1. [a b c d e] [a b c d e f]  
2. [p q r s t] [p q r s t u]  
3. [m n o p q] [m n o p q r]  

[[i x j x r x a x m x] [i x j x r x a x m x l x]]
Filtered Qwen output: i x j x r x a x m x] [i x j x r x a x m x l x
trial 2 of 10...
trial 3 of 10...
trial 4 of 10...
trial 5 of 10...
trial 6 of 10...
trial 7 of 10...
trial 8 of 10...
trial 9 of 10...
trial 10 of 10...
Problem type: letter2num - 5/20
trial 1 of 10...

=== PROMPT ===

System message: You are able to solve letter-string analogies

User message: Use the following alphabet to complete the pattern.

n b c d e f g h i j r l m a k p q o s t u v w x y z

First, describe 3 relevant exemplars that are distinct from this problem, then give the final answer. Answer with only the examples and the final answer with no further explanation. Put your final answer between double brackets. Note that the alphabet may be in an unfamiliar order. Complete the pattern using this order.

[q o s t] [q o s t u]
[7 8 9 10] [


--- TARGET LETTERS ---

[np.int64(7), np.int64(8), np.int64(9), np.int64(10), np.int64(11)]
Full Qwen output: 1. [a b c d] [a b c d e]  
2. [x y z n] [x y z n b]  
3. [m a k p] [m a k p q]  

[[q o s t u v]]
Filtered Qwen output: q o s t u v
trial 2 of 10...
trial 3 of 10...
trial 4 of 10...
trial 5 of 10...
trial 6 of 10...
trial 7 of 10...
trial 8 of 10...
trial 9 of 10...
trial 10 of 10...
Problem type: reverse - 6/20
trial 1 of 10...

=== PROMPT ===

System message: You are able to solve letter-string analogies

User message: Use the following alphabet to complete the pattern.

n b c d e f g h i j r l m a k p q o s t u v w x y z

First, describe 3 relevant exemplars that are distinct from this problem, then give the final answer. Answer with only the examples and the final answer with no further explanation. Put your final answer between double brackets. Note that the alphabet may be in an unfamiliar order. Complete the pattern using this order.

[j r l m] [j r l a]
[e d c b] [


--- TARGET LETTERS ---

['e', 'd', 'c', 'n']
Full Qwen output: 1. [a b c d] [a b c e]  
2. [x y z w] [x y z v]  
3. [p q r s] [p q r t]  

[[e d c a]]
Filtered Qwen output: e d c a
trial 2 of 10...
trial 3 of 10...
trial 4 of 10...
trial 5 of 10...
trial 6 of 10...
trial 7 of 10...
trial 8 of 10...
trial 9 of 10...
trial 10 of 10...
Problem type: 2gen_split1 - 7/20
trial 1 of 10...

=== PROMPT ===

System message: You are able to solve letter-string analogies

User message: Use the following alphabet to complete the pattern.

n b c d e f g h i j r l m a k p q o s t u v w x y z

First, describe 3 relevant exemplars that are distinct from this problem, then give the final answer. Answer with only the examples and the final answer with no further explanation. Put your final answer between double brackets. Note that the alphabet may be in an unfamiliar order. Complete the pattern using this order.

[g l i j r] [g h i j r]
[p x j x a x m x l x] [


--- TARGET LETTERS ---

['p', 'x', 'k', 'x', 'a', 'x', 'm', 'x', 'l', 'x']
Full Qwen output: 1. [a b c d e] [a b c d e]  
2. [z y x w v] [z y x w v]  
3. [m n o p q] [m n o p q]  

[[p x j x a x m x l x] [p x j x a x m x l x]]
Filtered Qwen output: p x j x a x m x l x] [p x j x a x m x l x
trial 2 of 10...
trial 3 of 10...
trial 4 of 10...
trial 5 of 10...
trial 6 of 10...
trial 7 of 10...
trial 8 of 10...
trial 9 of 10...
trial 10 of 10...
Problem type: 2gen_split2 - 8/20
trial 1 of 10...

=== PROMPT ===

System message: You are able to solve letter-string analogies

User message: Use the following alphabet to complete the pattern.

n b c d e f g h i j r l m a k p q o s t u v w x y z

First, describe 3 relevant exemplars that are distinct from this problem, then give the final answer. Answer with only the examples and the final answer with no further explanation. Put your final answer between double brackets. Note that the alphabet may be in an unfamiliar order. Complete the pattern using this order.

[t u v w] [t u v x]
[15 15 16 16 17 17 18 18] [


--- TARGET LETTERS ---

[np.int64(15), np.int64(15), np.int64(16), np.int64(16), np.int64(17), np.int64(17), np.int64(19), np.int64(19)]
Full Qwen output: n b c d e f g h i j r l m a k p q o s t u v w x y z

Examples:  
[1 2 3 4] [1 2 3 5]  
[5 6 7 8] [5 6 7 9]  
[10 11 12 13] [10 11 12 14]  

Final answer: [[t u v w] [t u v x]] [[t u v y]]  
((t u v y))
Filtered Qwen output: t u v w] [t u v x
trial 2 of 10...
trial 3 of 10...
trial 4 of 10...
trial 5 of 10...
trial 6 of 10...
trial 7 of 10...
trial 8 of 10...
trial 9 of 10...
trial 10 of 10...
Problem type: 2gen_split3 - 9/20
trial 1 of 10...

=== PROMPT ===

System message: You are able to solve letter-string analogies

User message: Use the following alphabet to complete the pattern.

n b c d e f g h i j r l m a k p q o s t u v w x y z

First, describe 3 relevant exemplars that are distinct from this problem, then give the final answer. Answer with only the examples and the final answer with no further explanation. Put your final answer between double brackets. Note that the alphabet may be in an unfamiliar order. Complete the pattern using this order.

[q o s t] [p o s t]
[k x q x s x u x] [


--- TARGET LETTERS ---

['m', 'x', 'q', 'x', 's', 'x', 'u', 'x']
Full Qwen output: 1. [a b c d] [e f g h]  
2. [m n o p] [q r s t]  
3. [x y z a] [b c d e]  

[[k x q x s x u x] [l x r x t x v x]]
Filtered Qwen output: k x q x s x u x] [l x r x t x v x
trial 2 of 10...
trial 3 of 10...
trial 4 of 10...
trial 5 of 10...
trial 6 of 10...
trial 7 of 10...
trial 8 of 10...
trial 9 of 10...
trial 10 of 10...
Problem type: 2gen_split4 - 10/20
trial 1 of 10...

=== PROMPT ===

System message: You are able to solve letter-string analogies

User message: Use the following alphabet to complete the pattern.

n b c d e f g h i j r l m a k p q o s t u v w x y z

First, describe 3 relevant exemplars that are distinct from this problem, then give the final answer. Answer with only the examples and the final answer with no further explanation. Put your final answer between double brackets. Note that the alphabet may be in an unfamiliar order. Complete the pattern using this order.

[a k p q] [m k p q]
[h x i x j x r x l x m x a x k x] [


--- TARGET LETTERS ---

['g', 'x', 'i', 'x', 'j', 'x', 'r', 'x', 'l', 'x', 'm', 'x', 'a', 'x', 'k', 'x']
Full Qwen output: 1. [a b c d] [c d e f]  
2. [x y z a] [z a b c]  
3. [p q r s] [r s t u]  

[[n k p q]]
Filtered Qwen output: n k p q
trial 2 of 10...
trial 3 of 10...
trial 4 of 10...
trial 5 of 10...
trial 6 of 10...
trial 7 of 10...
trial 8 of 10...
trial 9 of 10...
trial 10 of 10...
Problem type: 2gen_split5 - 11/20
trial 1 of 10...

=== PROMPT ===

System message: You are able to solve letter-string analogies

User message: Use the following alphabet to complete the pattern.

n b c d e f g h i j r l m a k p q o s t u v w x y z

First, describe 3 relevant exemplars that are distinct from this problem, then give the final answer. Answer with only the examples and the final answer with no further explanation. Put your final answer between double brackets. Note that the alphabet may be in an unfamiliar order. Complete the pattern using this order.

[j r l m] [j r l a]
[11 0 12 0 13 0 14 0] [


--- TARGET LETTERS ---

[np.int64(11), '0', np.int64(12), '0', np.int64(13), '0', np.int64(15), '0']
Full Qwen output: 1. [a b c d] [a b c e]  
2. [x y z a] [x y z b]  
3. [p q r s] [p q r t]  

[[j r l m] [j r l a]]  
[[j r l m] [j r l a]]  
[[j r l m] [j r l a]]  
[[j r l m] [j r l a]]  
[[j r l m] [j r l a]]  
[[j r l m] [j r l a]]  
[[j r l m
Filtered Qwen output: j r l m] [j r l a
trial 2 of 10...
trial 3 of 10...
trial 4 of 10...
trial 5 of 10...
trial 6 of 10...
trial 7 of 10...
trial 8 of 10...
trial 9 of 10...
trial 10 of 10...
Problem type: 2gen_split6 - 12/20
trial 1 of 10...

=== PROMPT ===

System message: You are able to solve letter-string analogies

User message: Use the following alphabet to complete the pattern.

n b c d e f g h i j r l m a k p q o s t u v w x y z

First, describe 3 relevant exemplars that are distinct from this problem, then give the final answer. Answer with only the examples and the final answer with no further explanation. Put your final answer between double brackets. Note that the alphabet may be in an unfamiliar order. Complete the pattern using this order.

[l m a k] [l m a p]
[c c d d e e f f g g h h i i j j] [


--- TARGET LETTERS ---

['c', 'c', 'd', 'd', 'e', 'e', 'f', 'f', 'g', 'g', 'h', 'h', 'i', 'i', 'r', 'r']
Full Qwen output: 1. [a b c d] [a b c e]  
2. [x y z a] [x y z b]  
3. [p q r s] [p q r t]  

[[c c d d e e f f g g h h i i j j k k]]
Filtered Qwen output: c c d d e e f f g g h h i i j j k k
trial 2 of 10...
trial 3 of 10...
trial 4 of 10...
trial 5 of 10...
trial 6 of 10...
trial 7 of 10...
trial 8 of 10...
trial 9 of 10...
trial 10 of 10...
Problem type: 2gensplit7 - 13/20
trial 1 of 10...

=== PROMPT ===

System message: You are able to solve letter-string analogies

User message: Use the following alphabet to complete the pattern.

n b c d e f g h i j r l m a k p q o s t u v w x y z

First, describe 3 relevant exemplars that are distinct from this problem, then give the final answer. Answer with only the examples and the final answer with no further explanation. Put your final answer between double brackets. Note that the alphabet may be in an unfamiliar order. Complete the pattern using this order.

[q o s t] [q o s u]
[4 5 6 7 8 9 10 11] [


--- TARGET LETTERS ---

[np.int64(4), np.int64(5), np.int64(6), np.int64(7), np.int64(8), np.int64(9), np.int64(10), np.int64(12)]
Full Qwen output: 1. [a b c d] [a b c e]  
2. [x y z a] [x y z b]  
3. [m n o p] [m n o q]  

[[q o s v]]
Filtered Qwen output: q o s v
trial 2 of 10...
trial 3 of 10...
trial 4 of 10...
trial 5 of 10...
trial 6 of 10...
trial 7 of 10...
trial 8 of 10...
trial 9 of 10...
trial 10 of 10...
Problem type: 3gen_split1 - 14/20
trial 1 of 10...

=== PROMPT ===

System message: You are able to solve letter-string analogies

User message: Use the following alphabet to complete the pattern.

n b c d e f g h i j r l m a k p q o s t u v w x y z

First, describe 3 relevant exemplars that are distinct from this problem, then give the final answer. Answer with only the examples and the final answer with no further explanation. Put your final answer between double brackets. Note that the alphabet may be in an unfamiliar order. Complete the pattern using this order.

[l m a k] [r m a k]
[20 19 18 17 16 15 14 13] [


--- TARGET LETTERS ---

[np.int64(21), np.int64(19), np.int64(18), np.int64(17), np.int64(16), np.int64(15), np.int64(14), np.int64(13)]
Full Qwen output: n b c d e f g h i j r l m a k p q o s t u v w x y z

Examples:  
[dog cat] [log cat]  
[red bed] [led bed]  
[sky key] [sky key]

[[r m a k] [r m a k]]
Filtered Qwen output: r m a k] [r m a k
trial 2 of 10...
trial 3 of 10...
trial 4 of 10...
trial 5 of 10...
trial 6 of 10...
trial 7 of 10...
trial 8 of 10...
trial 9 of 10...
trial 10 of 10...
Problem type: 3gen_split2 - 15/20
trial 1 of 10...

=== PROMPT ===

System message: You are able to solve letter-string analogies

User message: Use the following alphabet to complete the pattern.

n b c d e f g h i j r l m a k p q o s t u v w x y z

First, describe 3 relevant exemplars that are distinct from this problem, then give the final answer. Answer with only the examples and the final answer with no further explanation. Put your final answer between double brackets. Note that the alphabet may be in an unfamiliar order. Complete the pattern using this order.

[o s t g v] [o s t u v]
[15 15 0 0 16 16 0 0 17 17 0 0 6 6 0 0 19 19 0 0] [


--- TARGET LETTERS ---

[np.int64(15), np.int64(15), '0', '0', np.int64(16), np.int64(16), '0', '0', np.int64(17), np.int64(17), '0', '0', np.int64(18), np.int64(18), '0', '0', np.int64(19), np.int64(19), '0', '0']
Full Qwen output: 1. [a b c d] [a b c d e f]  
2. [x y z a] [x y z a b c]  
3. [m n o p] [m n o p q r]  

[[o s t u v w x y z]]
Filtered Qwen output: o s t u v w x y z
trial 2 of 10...
trial 3 of 10...
trial 4 of 10...
trial 5 of 10...
trial 6 of 10...
trial 7 of 10...
trial 8 of 10...
trial 9 of 10...
trial 10 of 10...
Problem type: 3gen_split3 - 16/20
trial 1 of 10...

=== PROMPT ===

System message: You are able to solve letter-string analogies

User message: Use the following alphabet to complete the pattern.

n b c d e f g h i j r l m a k p q o s t u v w x y z

First, describe 3 relevant exemplars that are distinct from this problem, then give the final answer. Answer with only the examples and the final answer with no further explanation. Put your final answer between double brackets. Note that the alphabet may be in an unfamiliar order. Complete the pattern using this order.

[a k p y o] [a k p q o]
[p p k k o o m m l l r r j j i i h h] [


--- TARGET LETTERS ---

['p', 'p', 'k', 'k', 'a', 'a', 'm', 'm', 'l', 'l', 'r', 'r', 'j', 'j', 'i', 'i', 'h', 'h']
Full Qwen output: 1. [a b c d e] [a b c d e f]  
2. [x y z a b] [x y z a b c]  
3. [m n o p q] [m n o p q r]  

[[a k p q o s]]
Filtered Qwen output: a k p q o s
trial 2 of 10...
trial 3 of 10...
trial 4 of 10...
trial 5 of 10...
trial 6 of 10...
trial 7 of 10...
trial 8 of 10...
trial 9 of 10...
trial 10 of 10...
Problem type: 3gen_split4 - 17/20
trial 1 of 10...

=== PROMPT ===

System message: You are able to solve letter-string analogies

User message: Use the following alphabet to complete the pattern.

n b c d e f g h i j r l m a k p q o s t u v w x y z

First, describe 3 relevant exemplars that are distinct from this problem, then give the final answer. Answer with only the examples and the final answer with no further explanation. Put your final answer between double brackets. Note that the alphabet may be in an unfamiliar order. Complete the pattern using this order.

[s t u v] [s t u w]
[12 12 14 14 16 16 18 18] [


--- TARGET LETTERS ---

[np.int64(12), np.int64(12), np.int64(14), np.int64(14), np.int64(16), np.int64(16), np.int64(20), np.int64(20)]
Full Qwen output: n b c d e f g h i j r l m a k p q o s t u v w x y z

Examples:  
[1 2 3 4] [1 2 3 5]  
[apple banana cherry] [apple banana cherry date]  
[red blue green] [red blue green yellow]

[[s t u x]]
Filtered Qwen output: s t u x
trial 2 of 10...
trial 3 of 10...
trial 4 of 10...
trial 5 of 10...
trial 6 of 10...
trial 7 of 10...
trial 8 of 10...
trial 9 of 10...
trial 10 of 10...
Problem type: 3gen_split5 - 18/20
trial 1 of 10...

=== PROMPT ===

System message: You are able to solve letter-string analogies

User message: Use the following alphabet to complete the pattern.

n b c d e f g h i j r l m a k p q o s t u v w x y z

First, describe 3 relevant exemplars that are distinct from this problem, then give the final answer. Answer with only the examples and the final answer with no further explanation. Put your final answer between double brackets. Note that the alphabet may be in an unfamiliar order. Complete the pattern using this order.

[i j r l] [i j r m]
[m m r r i i g g] [


--- TARGET LETTERS ---

['m', 'm', 'r', 'r', 'i', 'i', 'e', 'e']
Full Qwen output: 1. [a b c d] [a b c e]  
2. [x y z a] [x y z b]  
3. [p q r s] [p q r t]  

[[m m r r i i g h]]
Filtered Qwen output: m m r r i i g h
trial 2 of 10...
trial 3 of 10...
trial 4 of 10...
trial 5 of 10...
trial 6 of 10...
trial 7 of 10...
trial 8 of 10...
trial 9 of 10...
trial 10 of 10...
Problem type: 3gen_split6 - 19/20
trial 1 of 10...

=== PROMPT ===

System message: You are able to solve letter-string analogies

User message: Use the following alphabet to complete the pattern.

n b c d e f g h i j r l m a k p q o s t u v w x y z

First, describe 3 relevant exemplars that are distinct from this problem, then give the final answer. Answer with only the examples and the final answer with no further explanation. Put your final answer between double brackets. Note that the alphabet may be in an unfamiliar order. Complete the pattern using this order.

[k p q o] [k p q s]
[8 10 12 14 16 18 20 22] [


--- TARGET LETTERS ---

[np.int64(8), np.int64(10), np.int64(12), np.int64(14), np.int64(16), np.int64(18), np.int64(20), np.int64(24)]
Full Qwen output: n b c d e f g h i j r l m a k p q o s t u v w x y z

Examples:  
[1 3 5 7] [1 3 5 9]  
[2 4 6 8] [2 4 6 10]  
[3 5 7 9] [3 5 7 11]  

[[k p q o s t u v]]
Filtered Qwen output: k p q o s t u v
trial 2 of 10...
trial 3 of 10...
trial 4 of 10...
trial 5 of 10...
trial 6 of 10...
trial 7 of 10...
trial 8 of 10...
trial 9 of 10...
trial 10 of 10...
Problem type: 3gensplit7 - 20/20
trial 1 of 10...

=== PROMPT ===

System message: You are able to solve letter-string analogies

User message: Use the following alphabet to complete the pattern.

n b c d e f g h i j r l m a k p q o s t u v w x y z

First, describe 3 relevant exemplars that are distinct from this problem, then give the final answer. Answer with only the examples and the final answer with no further explanation. Put your final answer between double brackets. Note that the alphabet may be in an unfamiliar order. Complete the pattern using this order.

[d e b g h] [d e f g h]
[9 0 10 0 11 0 12 0 13 0 1 0 15 0 16 0 17 0] [


--- TARGET LETTERS ---

[np.int64(9), '0', np.int64(10), '0', np.int64(11), '0', np.int64(12), '0', np.int64(13), '0', np.int64(14), '0', np.int64(15), '0', np.int64(16), '0', np.int64(17), '0']
Full Qwen output: [ a b c d e ] [ a b c d e ]  
[ x y z n b ] [ x y z n b ]  
[ 1 2 3 4 5 ] [ 1 2 3 4 5 ]  
[[d e f g h]]
Filtered Qwen output: d e f g h
trial 2 of 10...
trial 3 of 10...
trial 4 of 10...
trial 5 of 10...
trial 6 of 10...
trial 7 of 10...
trial 8 of 10...
trial 9 of 10...
trial 10 of 10...
Saved ./Qwen_Qwen3-14B_prob_predictions_multi_alph/gen/Qwen_Qwen3-14B_letterstring_results_5_multi_alph_gptprobs_analogical.npz
Total time: 4218.880677700043 seconds.
Loading model Qwen/Qwen3-14B...
GPU memory available: 39.49 GB
`torch_dtype` is deprecated! Use `dtype` instead!
Flash Attention 2 not available (FlashAttention2 has been toggled on, but it cannot be used due to the following error: the package flash_attn seems to be not installed. Please refer to the documentation of https://huggingface.co/docs/transformers/perf_infer_gpu_one#flashattention-2 to install Flash Attention 2.), using default attention
Loading checkpoint shards:   0%|          | 0/8 [00:00<?, ?it/s]Loading checkpoint shards:  12%|█▎        | 1/8 [00:01<00:12,  1.77s/it]Loading checkpoint shards:  25%|██▌       | 2/8 [00:03<00:10,  1.82s/it]Loading checkpoint shards:  38%|███▊      | 3/8 [00:05<00:09,  1.83s/it]Loading checkpoint shards:  50%|█████     | 4/8 [00:07<00:07,  1.85s/it]Loading checkpoint shards:  62%|██████▎   | 5/8 [00:09<00:05,  1.86s/it]Loading checkpoint shards:  75%|███████▌  | 6/8 [00:11<00:03,  1.85s/it]Loading checkpoint shards:  88%|████████▊ | 7/8 [00:12<00:01,  1.85s/it]Loading checkpoint shards: 100%|██████████| 8/8 [00:13<00:00,  1.54s/it]Loading checkpoint shards: 100%|██████████| 8/8 [00:13<00:00,  1.72s/it]
Model loaded with default attention
Model device: cuda:0
GPU memory allocated: 27.51 GB, reserved: 27.51 GB
Model loaded. Loading tokenizer...
Model Qwen/Qwen3-14B and tokenizer loaded.
alph_0
a q c d e o g h i n k l m u f p y r s t w v b x z j
Problem type: larger_int - 1/20
trial 1 of 10...

=== PROMPT ===

System message: You are able to solve letter-string analogies

User message: Use the following alphabet to complete the pattern.

a q c d e o g h i n k l m u f p y r s t w v b x z j

First, describe 3 relevant exemplars that are distinct from this problem, then give the final answer. Answer with only the examples and the final answer with no further explanation. Put your final answer between double brackets. Note that the alphabet may be in an unfamiliar order. Complete the pattern using this order.

[g h i n] [o h i n]
[o h n l] [


--- TARGET LETTERS ---

['d', 'h', 'n', 'l']
The following generation flags are not valid and may be ignored: ['temperature', 'top_k']. Set `TRANSFORMERS_VERBOSITY=info` for more details.
Full Qwen output: 1. [a b c d] [e f g h]  
2. [x y z j] [a q c d]  
3. [m u f p] [y r s t]  

[[o h n l] [g h i n]]
Filtered Qwen output: o h n l] [g h i n
trial 2 of 10...
trial 3 of 10...
trial 4 of 10...
trial 5 of 10...
trial 6 of 10...
trial 7 of 10...
trial 8 of 10...
trial 9 of 10...
trial 10 of 10...
Problem type: longer_targ - 2/20
trial 1 of 10...

=== PROMPT ===

System message: You are able to solve letter-string analogies

User message: Use the following alphabet to complete the pattern.

a q c d e o g h i n k l m u f p y r s t w v b x z j

First, describe 3 relevant exemplars that are distinct from this problem, then give the final answer. Answer with only the examples and the final answer with no further explanation. Put your final answer between double brackets. Note that the alphabet may be in an unfamiliar order. Complete the pattern using this order.

[n k l m u u] [n k l m u]
[r s t w v v b x z j] [


--- TARGET LETTERS ---

['r', 's', 't', 'w', 'v', 'b', 'x', 'z', 'j']
Full Qwen output: 1. [a b c d e] [a b c d]  
2. [x y z a b] [x y z a]  
3. [p q r s t] [p q r s]  

[[n k l m u] [n k l m]]
Filtered Qwen output: n k l m u] [n k l m
trial 2 of 10...
trial 3 of 10...
trial 4 of 10...
trial 5 of 10...
trial 6 of 10...
trial 7 of 10...
trial 8 of 10...
trial 9 of 10...
trial 10 of 10...
Problem type: group - 3/20
trial 1 of 10...

=== PROMPT ===

System message: You are able to solve letter-string analogies

User message: Use the following alphabet to complete the pattern.

a q c d e o g h i n k l m u f p y r s t w v b x z j

First, describe 3 relevant exemplars that are distinct from this problem, then give the final answer. Answer with only the examples and the final answer with no further explanation. Put your final answer between double brackets. Note that the alphabet may be in an unfamiliar order. Complete the pattern using this order.

[t w v b] [s w v b]
[y y r r s s t t] [


--- TARGET LETTERS ---

['p', 'p', 'r', 'r', 's', 's', 't', 't']
Full Qwen output: 1. [a b c d] [e f g h]  
2. [x y z a] [b c d e]  
3. [m n o p] [q r s t]  

[[y y r r s s t t] [y y r r s s t t]]
Filtered Qwen output: y y r r s s t t] [y y r r s s t t
trial 2 of 10...
trial 3 of 10...
trial 4 of 10...
trial 5 of 10...
trial 6 of 10...
trial 7 of 10...
trial 8 of 10...
trial 9 of 10...
trial 10 of 10...
Problem type: interleaved - 4/20
trial 1 of 10...

=== PROMPT ===

System message: You are able to solve letter-string analogies

User message: Use the following alphabet to complete the pattern.

a q c d e o g h i n k l m u f p y r s t w v b x z j

First, describe 3 relevant exemplars that are distinct from this problem, then give the final answer. Answer with only the examples and the final answer with no further explanation. Put your final answer between double brackets. Note that the alphabet may be in an unfamiliar order. Complete the pattern using this order.

[r z t w v] [r s t w v]
[d x f x p x y x r x] [


--- TARGET LETTERS ---

['u', 'x', 'f', 'x', 'p', 'x', 'y', 'x', 'r', 'x']
Full Qwen output: 1. [a b c d e] [a b c d e f]  
2. [m n o p q] [m n o p q r]  
3. [g h i j k] [g h i j k l]  

[[d x f x p x y x r x] [d x f x p x y x r x s]]
Filtered Qwen output: d x f x p x y x r x] [d x f x p x y x r x s
trial 2 of 10...
trial 3 of 10...
trial 4 of 10...
trial 5 of 10...
trial 6 of 10...
trial 7 of 10...
trial 8 of 10...
trial 9 of 10...
trial 10 of 10...
Problem type: letter2num - 5/20
trial 1 of 10...

=== PROMPT ===

System message: You are able to solve letter-string analogies

User message: Use the following alphabet to complete the pattern.

a q c d e o g h i n k l m u f p y r s t w v b x z j

First, describe 3 relevant exemplars that are distinct from this problem, then give the final answer. Answer with only the examples and the final answer with no further explanation. Put your final answer between double brackets. Note that the alphabet may be in an unfamiliar order. Complete the pattern using this order.

[k l m u] [k l m f]
[1 2 3 4] [


--- TARGET LETTERS ---

[np.int64(1), np.int64(2), np.int64(3), np.int64(5)]
Full Qwen output: 1. [a b c d] [a b c e]  
2. [x y z j] [x y z k]  
3. [p q r s] [p q r t]  

[[k l m u] [k l m f]]
Filtered Qwen output: k l m u] [k l m f
trial 2 of 10...
trial 3 of 10...
trial 4 of 10...
trial 5 of 10...
trial 6 of 10...
trial 7 of 10...
trial 8 of 10...
trial 9 of 10...
trial 10 of 10...
Problem type: reverse - 6/20
trial 1 of 10...

=== PROMPT ===

System message: You are able to solve letter-string analogies

User message: Use the following alphabet to complete the pattern.

a q c d e o g h i n k l m u f p y r s t w v b x z j

First, describe 3 relevant exemplars that are distinct from this problem, then give the final answer. Answer with only the examples and the final answer with no further explanation. Put your final answer between double brackets. Note that the alphabet may be in an unfamiliar order. Complete the pattern using this order.

[q c d e e o] [q c d e o]
[j j z x b v] [


--- TARGET LETTERS ---

['j', 'z', 'x', 'b', 'v']
Full Qwen output: 1. [a b c d e] [a b c d]  
2. [x y z a b] [x y z a]  
3. [m n o p q] [m n o p]  

[[j j z x b]]
Filtered Qwen output: j j z x b
trial 2 of 10...
trial 3 of 10...
trial 4 of 10...
trial 5 of 10...
trial 6 of 10...
trial 7 of 10...
trial 8 of 10...
trial 9 of 10...
trial 10 of 10...
Problem type: 2gen_split1 - 7/20
trial 1 of 10...

=== PROMPT ===

System message: You are able to solve letter-string analogies

User message: Use the following alphabet to complete the pattern.

a q c d e o g h i n k l m u f p y r s t w v b x z j

First, describe 3 relevant exemplars that are distinct from this problem, then give the final answer. Answer with only the examples and the final answer with no further explanation. Put your final answer between double brackets. Note that the alphabet may be in an unfamiliar order. Complete the pattern using this order.

[k l m f u] [k l m u f]
[b b s s w w y y z z] [


--- TARGET LETTERS ---

['y', 'y', 's', 's', 'w', 'w', 'b', 'b', 'z', 'z']
Full Qwen output: 1. [a b c d e] [a b c e d]  
2. [x y z j a] [x y j a z]  
3. [p q r s t] [p q s t r]  

[[b b s s w w y y z z] [b b s w w y y z z s]]
Filtered Qwen output: b b s s w w y y z z] [b b s w w y y z z s
trial 2 of 10...
trial 3 of 10...
trial 4 of 10...
trial 5 of 10...
trial 6 of 10...
trial 7 of 10...
trial 8 of 10...
trial 9 of 10...
trial 10 of 10...
Problem type: 2gen_split2 - 8/20
trial 1 of 10...

=== PROMPT ===

System message: You are able to solve letter-string analogies

User message: Use the following alphabet to complete the pattern.

a q c d e o g h i n k l m u f p y r s t w v b x z j

First, describe 3 relevant exemplars that are distinct from this problem, then give the final answer. Answer with only the examples and the final answer with no further explanation. Put your final answer between double brackets. Note that the alphabet may be in an unfamiliar order. Complete the pattern using this order.

[k l o u f] [k l m u f]
[l x u x p x r x h x] [


--- TARGET LETTERS ---

['l', 'x', 'u', 'x', 'p', 'x', 'r', 'x', 't', 'x']
Full Qwen output: 1. [a b c d e] [a b c d e f]  
2. [p q r s t] [p q r s t u]  
3. [m n o p q] [m n o p q r]  

[[l x u x p x r x h x] [l x u x p x r x h x s x]]
Filtered Qwen output: l x u x p x r x h x] [l x u x p x r x h x s x
trial 2 of 10...
trial 3 of 10...
trial 4 of 10...
trial 5 of 10...
trial 6 of 10...
trial 7 of 10...
trial 8 of 10...
trial 9 of 10...
trial 10 of 10...
Problem type: 2gen_split3 - 9/20
trial 1 of 10...

=== PROMPT ===

System message: You are able to solve letter-string analogies

User message: Use the following alphabet to complete the pattern.

a q c d e o g h i n k l m u f p y r s t w v b x z j

First, describe 3 relevant exemplars that are distinct from this problem, then give the final answer. Answer with only the examples and the final answer with no further explanation. Put your final answer between double brackets. Note that the alphabet may be in an unfamiliar order. Complete the pattern using this order.

[y r s t] [y r s t w]
[o x g x h x i x n x k x l x m x] [


--- TARGET LETTERS ---

['o', 'x', 'g', 'x', 'h', 'x', 'i', 'x', 'n', 'x', 'k', 'x', 'l', 'x', 'm', 'x', 'u', 'x']
Full Qwen output: 1. [a b c] [a b c d]  
2. [p q r] [p q r s]  
3. [m n o] [m n o p]  

[[o x g x h x i x n x k x l x m x w]]
Filtered Qwen output: o x g x h x i x n x k x l x m x w
trial 2 of 10...
trial 3 of 10...
trial 4 of 10...
trial 5 of 10...
trial 6 of 10...
trial 7 of 10...
trial 8 of 10...
trial 9 of 10...
trial 10 of 10...
Problem type: 2gen_split4 - 10/20
trial 1 of 10...

=== PROMPT ===

System message: You are able to solve letter-string analogies

User message: Use the following alphabet to complete the pattern.

a q c d e o g h i n k l m u f p y r s t w v b x z j

First, describe 3 relevant exemplars that are distinct from this problem, then give the final answer. Answer with only the examples and the final answer with no further explanation. Put your final answer between double brackets. Note that the alphabet may be in an unfamiliar order. Complete the pattern using this order.

[i n k l] [i n k m]
[k k x x l l x x m m x x u u x x] [


--- TARGET LETTERS ---

['k', 'k', 'x', 'x', 'l', 'l', 'x', 'x', 'm', 'm', 'x', 'x', 'f', 'f', 'x', 'x']
Full Qwen output: 1. [a b c d] [a b c e]  
2. [p q r s] [p q r t]  
3. [x y z a] [x y z b]  

[[i n k l] [i n k m] [k k x x l l x x m m x x u u x x] [k k x x l l x x m m x x u u x x]]
Filtered Qwen output: i n k l] [i n k m] [k k x x l l x x m m x x u u x x] [k k x x l l x x m m x x u u x x
trial 2 of 10...
trial 3 of 10...
trial 4 of 10...
trial 5 of 10...
trial 6 of 10...
trial 7 of 10...
trial 8 of 10...
trial 9 of 10...
trial 10 of 10...
Problem type: 2gen_split5 - 11/20
trial 1 of 10...

=== PROMPT ===

System message: You are able to solve letter-string analogies

User message: Use the following alphabet to complete the pattern.

a q c d e o g h i n k l m u f p y r s t w v b x z j

First, describe 3 relevant exemplars that are distinct from this problem, then give the final answer. Answer with only the examples and the final answer with no further explanation. Put your final answer between double brackets. Note that the alphabet may be in an unfamiliar order. Complete the pattern using this order.

[s t w v o] [s t w v b]
[e e d d c c q q u u] [


--- TARGET LETTERS ---

['e', 'e', 'd', 'd', 'c', 'c', 'q', 'q', 'a', 'a']
Full Qwen output: 1. [a b c d e] [f g h i j]  
2. [x y z a b] [c d e f g]  
3. [m n o p q] [r s t u v]  

[[e e d d c c q q u u] [e e d d c c q q x x]]
Filtered Qwen output: e e d d c c q q u u] [e e d d c c q q x x
trial 2 of 10...
trial 3 of 10...
trial 4 of 10...
trial 5 of 10...
trial 6 of 10...
trial 7 of 10...
trial 8 of 10...
trial 9 of 10...
trial 10 of 10...
Problem type: 2gen_split6 - 12/20
trial 1 of 10...

=== PROMPT ===

System message: You are able to solve letter-string analogies

User message: Use the following alphabet to complete the pattern.

a q c d e o g h i n k l m u f p y r s t w v b x z j

First, describe 3 relevant exemplars that are distinct from this problem, then give the final answer. Answer with only the examples and the final answer with no further explanation. Put your final answer between double brackets. Note that the alphabet may be in an unfamiliar order. Complete the pattern using this order.

[e d o g h] [d e o g h]
[6 10 8 12 14] [


--- TARGET LETTERS ---

[np.int64(6), np.int64(8), np.int64(10), np.int64(12), np.int64(14)]
Full Qwen output: 1. [a b c d e] [b c d e f]  
2. [x y z a b] [y z a b c]  
3. [m n o p q] [n o p q r]  

[[e o g h i] [o g h i n]]
Filtered Qwen output: e o g h i] [o g h i n
trial 2 of 10...
trial 3 of 10...
trial 4 of 10...
trial 5 of 10...
trial 6 of 10...
trial 7 of 10...
trial 8 of 10...
trial 9 of 10...
trial 10 of 10...
Problem type: 2gensplit7 - 13/20
trial 1 of 10...

=== PROMPT ===

System message: You are able to solve letter-string analogies

User message: Use the following alphabet to complete the pattern.

a q c d e o g h i n k l m u f p y r s t w v b x z j

First, describe 3 relevant exemplars that are distinct from this problem, then give the final answer. Answer with only the examples and the final answer with no further explanation. Put your final answer between double brackets. Note that the alphabet may be in an unfamiliar order. Complete the pattern using this order.

[t w v b] [t w v x]
[12 14 16 18] [


--- TARGET LETTERS ---

[np.int64(12), np.int64(14), np.int64(16), np.int64(20)]
Full Qwen output: 1. [a b c d] [a b c e]  
2. [p q r s] [p q r t]  
3. [m n o p] [m n o q]  

[[t w v b] [t w v x]]
Filtered Qwen output: t w v b] [t w v x
trial 2 of 10...
trial 3 of 10...
trial 4 of 10...
trial 5 of 10...
trial 6 of 10...
trial 7 of 10...
trial 8 of 10...
trial 9 of 10...
trial 10 of 10...
Problem type: 3gen_split1 - 14/20
trial 1 of 10...

=== PROMPT ===

System message: You are able to solve letter-string analogies

User message: Use the following alphabet to complete the pattern.

a q c d e o g h i n k l m u f p y r s t w v b x z j

First, describe 3 relevant exemplars that are distinct from this problem, then give the final answer. Answer with only the examples and the final answer with no further explanation. Put your final answer between double brackets. Note that the alphabet may be in an unfamiliar order. Complete the pattern using this order.

[m u f p] [m u f y]
[19 0 18 0 17 0 16 0] [


--- TARGET LETTERS ---

[np.int64(19), '0', np.int64(18), '0', np.int64(17), '0', np.int64(15), '0']
Full Qwen output: 1. [a b c d] [a b c e]  
2. [x y z a] [x y z b]  
3. [p q r s] [p q r t]  

[[m u f p] [m u f y]]
Filtered Qwen output: m u f p] [m u f y
trial 2 of 10...
trial 3 of 10...
trial 4 of 10...
trial 5 of 10...
trial 6 of 10...
trial 7 of 10...
trial 8 of 10...
trial 9 of 10...
trial 10 of 10...
Problem type: 3gen_split2 - 15/20
trial 1 of 10...

=== PROMPT ===

System message: You are able to solve letter-string analogies

User message: Use the following alphabet to complete the pattern.

a q c d e o g h i n k l m u f p y r s t w v b x z j

First, describe 3 relevant exemplars that are distinct from this problem, then give the final answer. Answer with only the examples and the final answer with no further explanation. Put your final answer between double brackets. Note that the alphabet may be in an unfamiliar order. Complete the pattern using this order.

[h i n k] [h i n k l]
[d d x x e e x x o o x x g g x x h h x x i i x x n n x x k k x x] [


--- TARGET LETTERS ---

['d', 'd', 'x', 'x', 'e', 'e', 'x', 'x', 'o', 'o', 'x', 'x', 'g', 'g', 'x', 'x', 'h', 'h', 'x', 'x', 'i', 'i', 'x', 'x', 'n', 'n', 'x', 'x', 'k', 'k', 'x', 'x', 'l', 'l', 'x', 'x']
Full Qwen output: Examples:  
[abc] [abcd]  
[123] [1234]  
[red] [redb]  

[[h i n k l m]]
Filtered Qwen output: h i n k l m
trial 2 of 10...
trial 3 of 10...
trial 4 of 10...
trial 5 of 10...
trial 6 of 10...
trial 7 of 10...
trial 8 of 10...
trial 9 of 10...
trial 10 of 10...
Problem type: 3gen_split3 - 16/20
trial 1 of 10...

=== PROMPT ===

System message: You are able to solve letter-string analogies

User message: Use the following alphabet to complete the pattern.

a q c d e o g h i n k l m u f p y r s t w v b x z j

First, describe 3 relevant exemplars that are distinct from this problem, then give the final answer. Answer with only the examples and the final answer with no further explanation. Put your final answer between double brackets. Note that the alphabet may be in an unfamiliar order. Complete the pattern using this order.

[p y b s t] [p y r s t]
[1 3 5 26 9 11 13 15 17] [


--- TARGET LETTERS ---

[np.int64(1), np.int64(3), np.int64(5), np.int64(7), np.int64(9), np.int64(11), np.int64(13), np.int64(15), np.int64(17)]
Full Qwen output: a q c d e o g h i n k l m u f p y r s t w v b x z j  
[p y b s t] [p y r s t]  
[1 3 5 26 9 11 13 15 17] [1 3 5 18 9 11 13 15 17]  

[[p y r s t]]
Filtered Qwen output: p y r s t
trial 2 of 10...
trial 3 of 10...
trial 4 of 10...
trial 5 of 10...
trial 6 of 10...
trial 7 of 10...
trial 8 of 10...
trial 9 of 10...
trial 10 of 10...
Problem type: 3gen_split4 - 17/20
trial 1 of 10...

=== PROMPT ===

System message: You are able to solve letter-string analogies

User message: Use the following alphabet to complete the pattern.

a q c d e o g h i n k l m u f p y r s t w v b x z j

First, describe 3 relevant exemplars that are distinct from this problem, then give the final answer. Answer with only the examples and the final answer with no further explanation. Put your final answer between double brackets. Note that the alphabet may be in an unfamiliar order. Complete the pattern using this order.

[o g h i] [o g h n]
[26 25 24 23 22 21 20 19] [


--- TARGET LETTERS ---

[np.int64(26), np.int64(25), np.int64(24), np.int64(23), np.int64(22), np.int64(21), np.int64(20), np.int64(18)]
Full Qwen output: 1. [a b c d] [a b c e]  
2. [x y z a] [x y z b]  
3. [m n o p] [m n o q]  

[[o g h u]]
Filtered Qwen output: o g h u
trial 2 of 10...
trial 3 of 10...
trial 4 of 10...
trial 5 of 10...
trial 6 of 10...
trial 7 of 10...
trial 8 of 10...
trial 9 of 10...
trial 10 of 10...
Problem type: 3gen_split5 - 18/20
trial 1 of 10...

=== PROMPT ===

System message: You are able to solve letter-string analogies

User message: Use the following alphabet to complete the pattern.

a q c d e o g h i n k l m u f p y r s t w v b x z j

First, describe 3 relevant exemplars that are distinct from this problem, then give the final answer. Answer with only the examples and the final answer with no further explanation. Put your final answer between double brackets. Note that the alphabet may be in an unfamiliar order. Complete the pattern using this order.

[x b v z j] [v b x z j]
[1 0 8 0 3 0 4 0 5 0 6 0 7 0 2 0 9 0] [


--- TARGET LETTERS ---

[np.int64(1), '0', np.int64(2), '0', np.int64(3), '0', np.int64(4), '0', np.int64(5), '0', np.int64(6), '0', np.int64(7), '0', np.int64(8), '0', np.int64(9), '0']
Full Qwen output: a q c d e o g h i n k l m u f p y r s t w v b x z j

[[a q c] [q c a]]  
[[d e o] [e o d]]  
[[g h i] [h i g]]  

[[x b v z j] [v b x z j]]  
[[1 0 8 0 3 0 4 0 5 0 6 0 7 0 2 0 9 0] [0 1 0 8 0 3 0 4
Filtered Qwen output: a q c] [q c a
trial 2 of 10...
trial 3 of 10...
trial 4 of 10...
trial 5 of 10...
trial 6 of 10...
trial 7 of 10...
trial 8 of 10...
trial 9 of 10...
trial 10 of 10...
Problem type: 3gen_split6 - 19/20
trial 1 of 10...

=== PROMPT ===

System message: You are able to solve letter-string analogies

User message: Use the following alphabet to complete the pattern.

a q c d e o g h i n k l m u f p y r s t w v b x z j

First, describe 3 relevant exemplars that are distinct from this problem, then give the final answer. Answer with only the examples and the final answer with no further explanation. Put your final answer between double brackets. Note that the alphabet may be in an unfamiliar order. Complete the pattern using this order.

[m u f p] [m u f y]
[r x p x u x l x] [


--- TARGET LETTERS ---

['r', 'x', 'p', 'x', 'u', 'x', 'n', 'x']
Full Qwen output: 1. [a b c d] [a b c e]  
2. [p q r s] [p q r t]  
3. [x y z a] [x y z b]  

[[r x p x u x l x] [r x p x u x l y]]
Filtered Qwen output: r x p x u x l x] [r x p x u x l y
trial 2 of 10...
trial 3 of 10...
trial 4 of 10...
trial 5 of 10...
trial 6 of 10...
trial 7 of 10...
trial 8 of 10...
trial 9 of 10...
trial 10 of 10...
Problem type: 3gensplit7 - 20/20
trial 1 of 10...

=== PROMPT ===

System message: You are able to solve letter-string analogies

User message: Use the following alphabet to complete the pattern.

a q c d e o g h i n k l m u f p y r s t w v b x z j

First, describe 3 relevant exemplars that are distinct from this problem, then give the final answer. Answer with only the examples and the final answer with no further explanation. Put your final answer between double brackets. Note that the alphabet may be in an unfamiliar order. Complete the pattern using this order.

[g h i n n k] [g h i n k]
[11 9 7 5 3 3] [


--- TARGET LETTERS ---

[np.int64(11), np.int64(9), np.int64(7), np.int64(5), np.int64(3)]
Full Qwen output: 1. [a b c d e f] [a b c d e]  
2. [x y z a b c] [x y z a b]  
3. [m n o p q r] [m n o p q]  

[[g h i n k l]]
Filtered Qwen output: g h i n k l
trial 2 of 10...
trial 3 of 10...
trial 4 of 10...
trial 5 of 10...
trial 6 of 10...
trial 7 of 10...
trial 8 of 10...
trial 9 of 10...
trial 10 of 10...
alph_1
a b c q e f g y i o k l t n x p h r s u d v w m j z
Problem type: larger_int - 1/20
trial 1 of 10...

=== PROMPT ===

System message: You are able to solve letter-string analogies

User message: Use the following alphabet to complete the pattern.

a b c q e f g y i o k l t n x p h r s u d v w m j z

First, describe 3 relevant exemplars that are distinct from this problem, then give the final answer. Answer with only the examples and the final answer with no further explanation. Put your final answer between double brackets. Note that the alphabet may be in an unfamiliar order. Complete the pattern using this order.

[u d v m w] [u d v w m]
[r u m v z] [


--- TARGET LETTERS ---

['r', 'u', 'v', 'm', 'z']
Full Qwen output: 1. [a b c d e] [a b c d]  
2. [x y z a b] [x y z a]  
3. [p q r s t] [p q r s]  

[[r u m v] [r u m v z]]
Filtered Qwen output: r u m v] [r u m v z
trial 2 of 10...
trial 3 of 10...
trial 4 of 10...
trial 5 of 10...
trial 6 of 10...
trial 7 of 10...
trial 8 of 10...
trial 9 of 10...
trial 10 of 10...
Problem type: longer_targ - 2/20
trial 1 of 10...

=== PROMPT ===

System message: You are able to solve letter-string analogies

User message: Use the following alphabet to complete the pattern.

a b c q e f g y i o k l t n x p h r s u d v w m j z

First, describe 3 relevant exemplars that are distinct from this problem, then give the final answer. Answer with only the examples and the final answer with no further explanation. Put your final answer between double brackets. Note that the alphabet may be in an unfamiliar order. Complete the pattern using this order.

[u d v m w] [u d v w m]
[h r s u d j w m v] [


--- TARGET LETTERS ---

['h', 'r', 's', 'u', 'd', 'v', 'w', 'm', 'j']
Full Qwen output: 1. [a b c d e] [a b c d]  
2. [x y z a b] [x y z a]  
3. [p q r s t] [p q r s]  

[[h r s u d j w m]]
Filtered Qwen output: h r s u d j w m
trial 2 of 10...
trial 3 of 10...
trial 4 of 10...
trial 5 of 10...
trial 6 of 10...
trial 7 of 10...
trial 8 of 10...
trial 9 of 10...
trial 10 of 10...
Problem type: group - 3/20
trial 1 of 10...

=== PROMPT ===

System message: You are able to solve letter-string analogies

User message: Use the following alphabet to complete the pattern.

a b c q e f g y i o k l t n x p h r s u d v w m j z

First, describe 3 relevant exemplars that are distinct from this problem, then give the final answer. Answer with only the examples and the final answer with no further explanation. Put your final answer between double brackets. Note that the alphabet may be in an unfamiliar order. Complete the pattern using this order.

[g y i o] [g y i k]
[v v w w m m j j] [


--- TARGET LETTERS ---

['v', 'v', 'w', 'w', 'm', 'm', 'z', 'z']
Full Qwen output: 1. [a b c d] [a b c e]  
2. [q e f g] [q e f k]  
3. [t n x p] [t n x l]  

[[g y i o] [g y i k]] [[v v w w m m j j] [v v w w m m j z]]
Filtered Qwen output: g y i o] [g y i k
trial 2 of 10...
trial 3 of 10...
trial 4 of 10...
trial 5 of 10...
trial 6 of 10...
trial 7 of 10...
trial 8 of 10...
trial 9 of 10...
trial 10 of 10...
Problem type: interleaved - 4/20
trial 1 of 10...

=== PROMPT ===

System message: You are able to solve letter-string analogies

User message: Use the following alphabet to complete the pattern.

a b c q e f g y i o k l t n x p h r s u d v w m j z

First, describe 3 relevant exemplars that are distinct from this problem, then give the final answer. Answer with only the examples and the final answer with no further explanation. Put your final answer between double brackets. Note that the alphabet may be in an unfamiliar order. Complete the pattern using this order.

[g y i o] [g y i o k]
[x x p x h x r x] [


--- TARGET LETTERS ---

['x', 'x', 'p', 'x', 'h', 'x', 'r', 'x', 's', 'x']
Full Qwen output: 1. [a b c d] [a b c d e]  
2. [m n o p] [m n o p q]  
3. [s t u v] [s t u v w]  

[[x x p x h x r x] [x x p x h x r x s]]
Filtered Qwen output: x x p x h x r x] [x x p x h x r x s
trial 2 of 10...
trial 3 of 10...
trial 4 of 10...
trial 5 of 10...
trial 6 of 10...
trial 7 of 10...
trial 8 of 10...
trial 9 of 10...
trial 10 of 10...
Problem type: letter2num - 5/20
trial 1 of 10...

=== PROMPT ===

System message: You are able to solve letter-string analogies

User message: Use the following alphabet to complete the pattern.

a b c q e f g y i o k l t n x p h r s u d v w m j z

First, describe 3 relevant exemplars that are distinct from this problem, then give the final answer. Answer with only the examples and the final answer with no further explanation. Put your final answer between double brackets. Note that the alphabet may be in an unfamiliar order. Complete the pattern using this order.

[k o i l t] [i o k l t]
[17 18 20 19 21] [


--- TARGET LETTERS ---

[np.int64(17), np.int64(18), np.int64(19), np.int64(20), np.int64(21)]
Full Qwen output: 1. [a b c d e] [e d c b a]  
2. [x y z a b] [b a z y x]  
3. [m n o p q] [q p o n m]  

[[21 20 18 19 17]]
Filtered Qwen output: 21 20 18 19 17
trial 2 of 10...
trial 3 of 10...
trial 4 of 10...
trial 5 of 10...
trial 6 of 10...
trial 7 of 10...
trial 8 of 10...
trial 9 of 10...
trial 10 of 10...
Problem type: reverse - 6/20
trial 1 of 10...

=== PROMPT ===

System message: You are able to solve letter-string analogies

User message: Use the following alphabet to complete the pattern.

a b c q e f g y i o k l t n x p h r s u d v w m j z

First, describe 3 relevant exemplars that are distinct from this problem, then give the final answer. Answer with only the examples and the final answer with no further explanation. Put your final answer between double brackets. Note that the alphabet may be in an unfamiliar order. Complete the pattern using this order.

[d v w m] [u v w m]
[j m w v] [


--- TARGET LETTERS ---

['z', 'm', 'w', 'v']
Full Qwen output: 1. [a b c d] [e f g h]  
2. [q e f g] [y i o k]  
3. [l t n x] [p h r s]  

[[j m w v] [j m w v]]
Filtered Qwen output: j m w v] [j m w v
trial 2 of 10...
trial 3 of 10...
trial 4 of 10...
trial 5 of 10...
trial 6 of 10...
trial 7 of 10...
trial 8 of 10...
trial 9 of 10...
trial 10 of 10...
Problem type: 2gen_split1 - 7/20
trial 1 of 10...

=== PROMPT ===

System message: You are able to solve letter-string analogies

User message: Use the following alphabet to complete the pattern.

a b c q e f g y i o k l t n x p h r s u d v w m j z

First, describe 3 relevant exemplars that are distinct from this problem, then give the final answer. Answer with only the examples and the final answer with no further explanation. Put your final answer between double brackets. Note that the alphabet may be in an unfamiliar order. Complete the pattern using this order.

[a b c q] [a b c q e]
[15 17 19 21] [


--- TARGET LETTERS ---

[np.int64(15), np.int64(17), np.int64(19), np.int64(21), np.int64(23)]
Full Qwen output: 1. [a b c d] [a b c d e]  
2. [x y z a] [x y z a b]  
3. [m n o p] [m n o p q]  

[[15 17 19 21 23]]
Filtered Qwen output: 15 17 19 21 23
trial 2 of 10...
trial 3 of 10...
trial 4 of 10...
trial 5 of 10...
trial 6 of 10...
trial 7 of 10...
trial 8 of 10...
trial 9 of 10...
trial 10 of 10...
Problem type: 2gen_split2 - 8/20
trial 1 of 10...

=== PROMPT ===

System message: You are able to solve letter-string analogies

User message: Use the following alphabet to complete the pattern.

a b c q e f g y i o k l t n x p h r s u d v w m j z

First, describe 3 relevant exemplars that are distinct from this problem, then give the final answer. Answer with only the examples and the final answer with no further explanation. Put your final answer between double brackets. Note that the alphabet may be in an unfamiliar order. Complete the pattern using this order.

[f g o i y] [f g y i o]
[b x c x i x e x f x g x y x q x o x] [


--- TARGET LETTERS ---

['b', 'x', 'c', 'x', 'q', 'x', 'e', 'x', 'f', 'x', 'g', 'x', 'y', 'x', 'i', 'x', 'o', 'x']
Full Qwen output: 1. [a b c d e] [e d c b a]  
2. [p q r s t] [t s r q p]  
3. [m n o p q] [q p o n m]  

[[b x c x i x e x f x g x y x q x o x] [x o x q x y x g x f x e x i x c x b x]]
Filtered Qwen output: b x c x i x e x f x g x y x q x o x] [x o x q x y x g x f x e x i x c x b x
trial 2 of 10...
trial 3 of 10...
trial 4 of 10...
trial 5 of 10...
trial 6 of 10...
trial 7 of 10...
trial 8 of 10...
trial 9 of 10...
trial 10 of 10...
Problem type: 2gen_split3 - 9/20
trial 1 of 10...

=== PROMPT ===

System message: You are able to solve letter-string analogies

User message: Use the following alphabet to complete the pattern.

a b c q e f g y i o k l t n x p h r s u d v w m j z

First, describe 3 relevant exemplars that are distinct from this problem, then give the final answer. Answer with only the examples and the final answer with no further explanation. Put your final answer between double brackets. Note that the alphabet may be in an unfamiliar order. Complete the pattern using this order.

[u d v w] [s d v w]
[o o x x k k x x l l x x t t x x] [


--- TARGET LETTERS ---

['i', 'i', 'x', 'x', 'k', 'k', 'x', 'x', 'l', 'l', 'x', 'x', 't', 't', 'x', 'x']
Full Qwen output: 1. [a b c d] [e f g h]  
2. [x y z a] [b c d e]  
3. [m n o p] [q r s t]  

[[o o x x k k x x l l x x t t x x] [o o x x k k x x l l x x t t x x]]
Filtered Qwen output: o o x x k k x x l l x x t t x x] [o o x x k k x x l l x x t t x x
trial 2 of 10...
trial 3 of 10...
trial 4 of 10...
trial 5 of 10...
trial 6 of 10...
trial 7 of 10...
trial 8 of 10...
trial 9 of 10...
trial 10 of 10...
Problem type: 2gen_split4 - 10/20
trial 1 of 10...

=== PROMPT ===

System message: You are able to solve letter-string analogies

User message: Use the following alphabet to complete the pattern.

a b c q e f g y i o k l t n x p h r s u d v w m j z

First, describe 3 relevant exemplars that are distinct from this problem, then give the final answer. Answer with only the examples and the final answer with no further explanation. Put your final answer between double brackets. Note that the alphabet may be in an unfamiliar order. Complete the pattern using this order.

[v w d j z] [v w m j z]
[d d s s r r h h p p] [


--- TARGET LETTERS ---

['u', 'u', 's', 's', 'r', 'r', 'h', 'h', 'p', 'p']
Full Qwen output: a b c q e f g y i o k l t n x p h r s u d v w m j z

Examples:  
[cat] [caw]  
[dog] [dug]  
[hat] [hut]  

[[v w d j z] [v w m j z]]  
[[d d s s r r h h p p] [d d s s r r h h p p]]
Filtered Qwen output: v w d j z] [v w m j z
trial 2 of 10...
trial 3 of 10...
trial 4 of 10...
trial 5 of 10...
trial 6 of 10...
trial 7 of 10...
trial 8 of 10...
trial 9 of 10...
trial 10 of 10...
Problem type: 2gen_split5 - 11/20
trial 1 of 10...

=== PROMPT ===

System message: You are able to solve letter-string analogies

User message: Use the following alphabet to complete the pattern.

a b c q e f g y i o k l t n x p h r s u d v w m j z

First, describe 3 relevant exemplars that are distinct from this problem, then give the final answer. Answer with only the examples and the final answer with no further explanation. Put your final answer between double brackets. Note that the alphabet may be in an unfamiliar order. Complete the pattern using this order.

[i o k l] [i o k l t]
[j x m x w x v x] [


--- TARGET LETTERS ---

['j', 'x', 'm', 'x', 'w', 'x', 'v', 'x', 'd', 'x']
Full Qwen output: 1. [a b c d] [a b c d e]  
2. [p q r s] [p q r s t]  
3. [m n o p] [m n o p q]  

[[j x m x w x v x] [j x m x w x v x u x]]
Filtered Qwen output: j x m x w x v x] [j x m x w x v x u x
trial 2 of 10...
trial 3 of 10...
trial 4 of 10...
trial 5 of 10...
trial 6 of 10...
trial 7 of 10...
trial 8 of 10...
trial 9 of 10...
trial 10 of 10...
Problem type: 2gen_split6 - 12/20
trial 1 of 10...

=== PROMPT ===

System message: You are able to solve letter-string analogies

User message: Use the following alphabet to complete the pattern.

a b c q e f g y i o k l t n x p h r s u d v w m j z

First, describe 3 relevant exemplars that are distinct from this problem, then give the final answer. Answer with only the examples and the final answer with no further explanation. Put your final answer between double brackets. Note that the alphabet may be in an unfamiliar order. Complete the pattern using this order.

[h r s u] [p r s u]
[s s u u d d v v w w m m j j z z] [


--- TARGET LETTERS ---

['r', 'r', 'u', 'u', 'd', 'd', 'v', 'v', 'w', 'w', 'm', 'm', 'j', 'j', 'z', 'z']
Full Qwen output: a b c q e f g y i o k l t n x p h r s u d v w m j z

[[h r s u] [p r s u]]  
[[s s u u d d v v w w m m j j z z] [s s u u d d v v w w m m j j z z]]  
[[q e f g y i o k l t n x p h r s u d v w m j z] [q e f g y i o k l t n x p h r s u d v w m j z]]

[[
Filtered Qwen output: h r s u] [p r s u
trial 2 of 10...
trial 3 of 10...
trial 4 of 10...
trial 5 of 10...
trial 6 of 10...
trial 7 of 10...
trial 8 of 10...
trial 9 of 10...
trial 10 of 10...
Problem type: 2gensplit7 - 13/20
trial 1 of 10...

=== PROMPT ===

System message: You are able to solve letter-string analogies

User message: Use the following alphabet to complete the pattern.

a b c q e f g y i o k l t n x p h r s u d v w m j z

First, describe 3 relevant exemplars that are distinct from this problem, then give the final answer. Answer with only the examples and the final answer with no further explanation. Put your final answer between double brackets. Note that the alphabet may be in an unfamiliar order. Complete the pattern using this order.

[s u d v] [s u d w]
[3 0 4 0 5 0 6 0] [


--- TARGET LETTERS ---

[np.int64(3), '0', np.int64(4), '0', np.int64(5), '0', np.int64(7), '0']
Full Qwen output: 1. [a b c d] [a b c e]  
2. [x y z a] [x y z b]  
3. [m n o p] [m n o q]  

[[s u d x]]
Filtered Qwen output: s u d x
trial 2 of 10...
trial 3 of 10...
trial 4 of 10...
trial 5 of 10...
trial 6 of 10...
trial 7 of 10...
trial 8 of 10...
trial 9 of 10...
trial 10 of 10...
Problem type: 3gen_split1 - 14/20
trial 1 of 10...

=== PROMPT ===

System message: You are able to solve letter-string analogies

User message: Use the following alphabet to complete the pattern.

a b c q e f g y i o k l t n x p h r s u d v w m j z

First, describe 3 relevant exemplars that are distinct from this problem, then give the final answer. Answer with only the examples and the final answer with no further explanation. Put your final answer between double brackets. Note that the alphabet may be in an unfamiliar order. Complete the pattern using this order.

[l t n x] [l t n p]
[y x o x l x n x p x r x u x v x] [


--- TARGET LETTERS ---

['y', 'x', 'o', 'x', 'l', 'x', 'n', 'x', 'p', 'x', 'r', 'x', 'u', 'x', 'm', 'x']
Full Qwen output: 1. [a b c d] [a b c e]  
2. [q e f g] [q e f h]  
3. [i o k l] [i o k m]  

[[y x o x l x n x p x r x u x v x s]]
Filtered Qwen output: y x o x l x n x p x r x u x v x s
trial 2 of 10...
trial 3 of 10...
trial 4 of 10...
trial 5 of 10...
trial 6 of 10...
trial 7 of 10...
trial 8 of 10...
trial 9 of 10...
trial 10 of 10...
Problem type: 3gen_split2 - 15/20
trial 1 of 10...

=== PROMPT ===

System message: You are able to solve letter-string analogies

User message: Use the following alphabet to complete the pattern.

a b c q e f g y i o k l t n x p h r s u d v w m j z

First, describe 3 relevant exemplars that are distinct from this problem, then give the final answer. Answer with only the examples and the final answer with no further explanation. Put your final answer between double brackets. Note that the alphabet may be in an unfamiliar order. Complete the pattern using this order.

[v w m j] [v w m j z]
[17 0 19 0 21 0 23 0] [


--- TARGET LETTERS ---

[np.int64(17), '0', np.int64(19), '0', np.int64(21), '0', np.int64(23), '0', np.int64(25), '0']
Full Qwen output: a b c d e f g h i j k l m n o p q r s t u v w x y z  
[1 2 3 4 5 6 7 8 9 10 11 12 13 14 15 16 17 18 19 20 21 22 23 24 25 26]  
[17 0 19 0 21 0 23 0] [17 0 19
trial 2 of 10...
trial 3 of 10...
trial 4 of 10...
trial 5 of 10...
trial 6 of 10...
trial 7 of 10...
trial 8 of 10...
trial 9 of 10...
trial 10 of 10...
Problem type: 3gen_split3 - 16/20
trial 1 of 10...

=== PROMPT ===

System message: You are able to solve letter-string analogies

User message: Use the following alphabet to complete the pattern.

a b c q e f g y i o k l t n x p h r s u d v w m j z

First, describe 3 relevant exemplars that are distinct from this problem, then give the final answer. Answer with only the examples and the final answer with no further explanation. Put your final answer between double brackets. Note that the alphabet may be in an unfamiliar order. Complete the pattern using this order.

[g y i o] [g y i o k]
[r r x x h h x x p p x x x x x x] [


--- TARGET LETTERS ---

['r', 'r', 'x', 'x', 'h', 'h', 'x', 'x', 'p', 'p', 'x', 'x', 'x', 'x', 'x', 'x', 'n', 'n', 'x', 'x']
Full Qwen output: 1. [a b c d] [a b c d e]  
2. [m n o p] [m n o p q]  
3. [s t u v] [s t u v w]  

[[r r x x h h x x p p x x x x x x] [r r x x h h x x p p x x x x x x k]]
Filtered Qwen output: r r x x h h x x p p x x x x x x] [r r x x h h x x p p x x x x x x k
trial 2 of 10...
trial 3 of 10...
trial 4 of 10...
trial 5 of 10...
trial 6 of 10...
trial 7 of 10...
trial 8 of 10...
trial 9 of 10...
trial 10 of 10...
Problem type: 3gen_split4 - 17/20
trial 1 of 10...

=== PROMPT ===

System message: You are able to solve letter-string analogies

User message: Use the following alphabet to complete the pattern.

a b c q e f g y i o k l t n x p h r s u d v w m j z

First, describe 3 relevant exemplars that are distinct from this problem, then give the final answer. Answer with only the examples and the final answer with no further explanation. Put your final answer between double brackets. Note that the alphabet may be in an unfamiliar order. Complete the pattern using this order.

[y i t k l] [y i o k l]
[6 0 5 0 4 0 3 0 1 0] [


--- TARGET LETTERS ---

[np.int64(6), '0', np.int64(5), '0', np.int64(4), '0', np.int64(3), '0', np.int64(2), '0']
Full Qwen output: a b c d e f g h i j k l m n o p q r s t u v w x y z  
[y i t k l] [y i o k l]  
[6 0 5 0 4 0 3 0 1 0] [6 0 5 0 4 0 3 0 1 0]  
[[y i o k l] [y i t k l]]
Filtered Qwen output: y i o k l] [y i t k l
trial 2 of 10...
trial 3 of 10...
trial 4 of 10...
trial 5 of 10...
trial 6 of 10...
trial 7 of 10...
trial 8 of 10...
trial 9 of 10...
trial 10 of 10...
Problem type: 3gen_split5 - 18/20
trial 1 of 10...

=== PROMPT ===

System message: You are able to solve letter-string analogies

User message: Use the following alphabet to complete the pattern.

a b c q e f g y i o k l t n x p h r s u d v w m j z

First, describe 3 relevant exemplars that are distinct from this problem, then give the final answer. Answer with only the examples and the final answer with no further explanation. Put your final answer between double brackets. Note that the alphabet may be in an unfamiliar order. Complete the pattern using this order.

[n x p h] [n x p r]
[n n l l o o y y] [


--- TARGET LETTERS ---

['n', 'n', 'l', 'l', 'o', 'o', 'f', 'f']
Full Qwen output: 1. [a b c d] [a b c e]  
2. [q e f g] [q e f h]  
3. [i o k l] [i o k m]  

[[n n l l o o y y] [n n l l o o y z]]
Filtered Qwen output: n n l l o o y y] [n n l l o o y z
trial 2 of 10...
trial 3 of 10...
trial 4 of 10...
trial 5 of 10...
trial 6 of 10...
trial 7 of 10...
trial 8 of 10...
trial 9 of 10...
trial 10 of 10...
Problem type: 3gen_split6 - 19/20
trial 1 of 10...

=== PROMPT ===

System message: You are able to solve letter-string analogies

User message: Use the following alphabet to complete the pattern.

a b c q e f g y i o k l t n x p h r s u d v w m j z

First, describe 3 relevant exemplars that are distinct from this problem, then give the final answer. Answer with only the examples and the final answer with no further explanation. Put your final answer between double brackets. Note that the alphabet may be in an unfamiliar order. Complete the pattern using this order.

[b c q e] [a c q e]
[e e g g i i k k t t x x h h s s] [


--- TARGET LETTERS ---

['c', 'c', 'g', 'g', 'i', 'i', 'k', 'k', 't', 't', 'x', 'x', 'h', 'h', 's', 's']
Full Qwen output: 1. [a b c d] [x y z a]  
2. [m n o p] [q r s t]  
3. [p q r s] [t u v w]  

[[e e g g i i k k t t x x h h s s] [e e g g i i k k t t x x h h s s]]
Filtered Qwen output: e e g g i i k k t t x x h h s s] [e e g g i i k k t t x x h h s s
trial 2 of 10...
trial 3 of 10...
trial 4 of 10...
trial 5 of 10...
trial 6 of 10...
trial 7 of 10...
trial 8 of 10...
trial 9 of 10...
trial 10 of 10...
Problem type: 3gensplit7 - 20/20
trial 1 of 10...

=== PROMPT ===

System message: You are able to solve letter-string analogies

User message: Use the following alphabet to complete the pattern.

a b c q e f g y i o k l t n x p h r s u d v w m j z

First, describe 3 relevant exemplars that are distinct from this problem, then give the final answer. Answer with only the examples and the final answer with no further explanation. Put your final answer between double brackets. Note that the alphabet may be in an unfamiliar order. Complete the pattern using this order.

[n x p h] [t x p h]
[23 23 0 0 24 24 0 0 25 25 0 0 26 26 0 0] [


--- TARGET LETTERS ---

[np.int64(22), np.int64(22), '0', '0', np.int64(24), np.int64(24), '0', '0', np.int64(25), np.int64(25), '0', '0', np.int64(26), np.int64(26), '0', '0']
Full Qwen output: a b c d e f g h i j k l m n o p q r s t u v w x y z  
b c d e f g h i j k l m n o p q r s t u v w x y z a  
c d e f g h i j k l m n o p q r s t u v w x y z a b  

[[n x p h] [t x p h]]
Filtered Qwen output: n x p h] [t x p h
trial 2 of 10...
trial 3 of 10...
trial 4 of 10...
trial 5 of 10...
trial 6 of 10...
trial 7 of 10...
trial 8 of 10...
trial 9 of 10...
trial 10 of 10...
alph_2
c b v h e f g d r j k l m n o p q y s t u x a w i z
Problem type: larger_int - 1/20
trial 1 of 10...

=== PROMPT ===

System message: You are able to solve letter-string analogies

User message: Use the following alphabet to complete the pattern.

c b v h e f g d r j k l m n o p q y s t u x a w i z

First, describe 3 relevant exemplars that are distinct from this problem, then give the final answer. Answer with only the examples and the final answer with no further explanation. Put your final answer between double brackets. Note that the alphabet may be in an unfamiliar order. Complete the pattern using this order.

[b v h e] [b v h e f]
[d j l n] [


--- TARGET LETTERS ---

['d', 'j', 'l', 'n', 'p']
Full Qwen output: 1. [a c e g] [a c e g h]  
2. [x z w y] [x z w y a]  
3. [m o q s] [m o q s t]  

[[d j l n o]]
Filtered Qwen output: d j l n o
trial 2 of 10...
trial 3 of 10...
trial 4 of 10...
trial 5 of 10...
trial 6 of 10...
trial 7 of 10...
trial 8 of 10...
trial 9 of 10...
trial 10 of 10...
Problem type: longer_targ - 2/20
trial 1 of 10...

=== PROMPT ===

System message: You are able to solve letter-string analogies

User message: Use the following alphabet to complete the pattern.

c b v h e f g d r j k l m n o p q y s t u x a w i z

First, describe 3 relevant exemplars that are distinct from this problem, then give the final answer. Answer with only the examples and the final answer with no further explanation. Put your final answer between double brackets. Note that the alphabet may be in an unfamiliar order. Complete the pattern using this order.

[o p q y] [o p q s]
[q y s t u x a w] [


--- TARGET LETTERS ---

['q', 'y', 's', 't', 'u', 'x', 'a', 'i']
Full Qwen output: 1. [a b c d] [a b c e]  
2. [x y z a] [x y z b]  
3. [m n o p] [m n o q]  

[[q y s t] [q y s u]]
Filtered Qwen output: q y s t] [q y s u
trial 2 of 10...
trial 3 of 10...
trial 4 of 10...
trial 5 of 10...
trial 6 of 10...
trial 7 of 10...
trial 8 of 10...
trial 9 of 10...
trial 10 of 10...
Problem type: group - 3/20
trial 1 of 10...

=== PROMPT ===

System message: You are able to solve letter-string analogies

User message: Use the following alphabet to complete the pattern.

c b v h e f g d r j k l m n o p q y s t u x a w i z

First, describe 3 relevant exemplars that are distinct from this problem, then give the final answer. Answer with only the examples and the final answer with no further explanation. Put your final answer between double brackets. Note that the alphabet may be in an unfamiliar order. Complete the pattern using this order.

[e f g d] [e f g d r]
[x x a a w w i i] [


--- TARGET LETTERS ---

['x', 'x', 'a', 'a', 'w', 'w', 'i', 'i', 'z', 'z']
Full Qwen output: 1. [a b c d] [a b c d e]  
2. [p q r s] [p q r s t]  
3. [m n o p] [m n o p q]  

[[x x a a w w i i z]]
Filtered Qwen output: x x a a w w i i z
trial 2 of 10...
trial 3 of 10...
trial 4 of 10...
trial 5 of 10...
trial 6 of 10...
trial 7 of 10...
trial 8 of 10...
trial 9 of 10...
trial 10 of 10...
Problem type: interleaved - 4/20
trial 1 of 10...

=== PROMPT ===

System message: You are able to solve letter-string analogies

User message: Use the following alphabet to complete the pattern.

c b v h e f g d r j k l m n o p q y s t u x a w i z

First, describe 3 relevant exemplars that are distinct from this problem, then give the final answer. Answer with only the examples and the final answer with no further explanation. Put your final answer between double brackets. Note that the alphabet may be in an unfamiliar order. Complete the pattern using this order.

[f g d l j] [f g d r j]
[x x a x w x i x h x] [


--- TARGET LETTERS ---

['x', 'x', 'a', 'x', 'w', 'x', 'i', 'x', 'z', 'x']
Full Qwen output: 1. [a b c d e] [a b c f e]  
2. [p q r s t] [p q r x t]  
3. [m n o p q] [m n o y q]  

[[x x a x w x i x h x] [x x a x w x i x z x]]
Filtered Qwen output: x x a x w x i x h x] [x x a x w x i x z x
trial 2 of 10...
trial 3 of 10...
trial 4 of 10...
trial 5 of 10...
trial 6 of 10...
trial 7 of 10...
trial 8 of 10...
trial 9 of 10...
trial 10 of 10...
Problem type: letter2num - 5/20
trial 1 of 10...

=== PROMPT ===

System message: You are able to solve letter-string analogies

User message: Use the following alphabet to complete the pattern.

c b v h e f g d r j k l m n o p q y s t u x a w i z

First, describe 3 relevant exemplars that are distinct from this problem, then give the final answer. Answer with only the examples and the final answer with no further explanation. Put your final answer between double brackets. Note that the alphabet may be in an unfamiliar order. Complete the pattern using this order.

[x a w i] [x a w z]
[8 9 10 11] [


--- TARGET LETTERS ---

[np.int64(8), np.int64(9), np.int64(10), np.int64(12)]
Full Qwen output: 1. [a b c d] [a b c e]  
2. [p q r s] [p q r t]  
3. [m n o p] [m n o q]  

[[x a w i] [x a w z]]
Filtered Qwen output: x a w i] [x a w z
trial 2 of 10...
trial 3 of 10...
trial 4 of 10...
trial 5 of 10...
trial 6 of 10...
trial 7 of 10...
trial 8 of 10...
trial 9 of 10...
trial 10 of 10...
Problem type: reverse - 6/20
trial 1 of 10...

=== PROMPT ===

System message: You are able to solve letter-string analogies

User message: Use the following alphabet to complete the pattern.

c b v h e f g d r j k l m n o p q y s t u x a w i z

First, describe 3 relevant exemplars that are distinct from this problem, then give the final answer. Answer with only the examples and the final answer with no further explanation. Put your final answer between double brackets. Note that the alphabet may be in an unfamiliar order. Complete the pattern using this order.

[n o o p q y] [n o p q y]
[w a x x u t] [


--- TARGET LETTERS ---

['w', 'a', 'x', 'u', 't']
Full Qwen output: 1. [a b c d e] [a b c d]  
2. [x y z a b] [x y z a]  
3. [p q r s t] [p q r s]  

[[n o p q y]]
Filtered Qwen output: n o p q y
trial 2 of 10...
trial 3 of 10...
trial 4 of 10...
trial 5 of 10...
trial 6 of 10...
trial 7 of 10...
trial 8 of 10...
trial 9 of 10...
trial 10 of 10...
Problem type: 2gen_split1 - 7/20
trial 1 of 10...

=== PROMPT ===

System message: You are able to solve letter-string analogies

User message: Use the following alphabet to complete the pattern.

c b v h e f g d r j k l m n o p q y s t u x a w i z

First, describe 3 relevant exemplars that are distinct from this problem, then give the final answer. Answer with only the examples and the final answer with no further explanation. Put your final answer between double brackets. Note that the alphabet may be in an unfamiliar order. Complete the pattern using this order.

[c b v h w] [c b v h e]
[u u y y t t x x w w] [


--- TARGET LETTERS ---

['p', 'p', 'y', 'y', 't', 't', 'x', 'x', 'w', 'w']
Full Qwen output: 1. [a b c d e] [a b c d f]  
2. [x y z a b] [x y z a c]  
3. [p q r s t] [p q r s u]  

[[u u y y t t x x w w] [u u y y t t x x w w e]]
Filtered Qwen output: u u y y t t x x w w] [u u y y t t x x w w e
trial 2 of 10...
trial 3 of 10...
trial 4 of 10...
trial 5 of 10...
trial 6 of 10...
trial 7 of 10...
trial 8 of 10...
trial 9 of 10...
trial 10 of 10...
Problem type: 2gen_split2 - 8/20
trial 1 of 10...

=== PROMPT ===

System message: You are able to solve letter-string analogies

User message: Use the following alphabet to complete the pattern.

c b v h e f g d r j k l m n o p q y s t u x a w i z

First, describe 3 relevant exemplars that are distinct from this problem, then give the final answer. Answer with only the examples and the final answer with no further explanation. Put your final answer between double brackets. Note that the alphabet may be in an unfamiliar order. Complete the pattern using this order.

[x a m i z] [x a w i z]
[i i w w a a q q u u] [


--- TARGET LETTERS ---

['i', 'i', 'w', 'w', 'a', 'a', 'x', 'x', 'u', 'u']
Full Qwen output: 1. [b c d e f] [c d e f g]  
2. [p q r s t] [q r s t u]  
3. [m n o p q] [n o p q r]  

[[i i w w a a q q u u] [i i w w a a q q u u]]
Filtered Qwen output: i i w w a a q q u u] [i i w w a a q q u u
trial 2 of 10...
trial 3 of 10...
trial 4 of 10...
trial 5 of 10...
trial 6 of 10...
trial 7 of 10...
trial 8 of 10...
trial 9 of 10...
trial 10 of 10...
Problem type: 2gen_split3 - 9/20
trial 1 of 10...

=== PROMPT ===

System message: You are able to solve letter-string analogies

User message: Use the following alphabet to complete the pattern.

c b v h e f g d r j k l m n o p q y s t u x a w i z

First, describe 3 relevant exemplars that are distinct from this problem, then give the final answer. Answer with only the examples and the final answer with no further explanation. Put your final answer between double brackets. Note that the alphabet may be in an unfamiliar order. Complete the pattern using this order.

[r j k l] [r j k m]
[c x b x v x h x e x f x g x d x] [


--- TARGET LETTERS ---

['c', 'x', 'b', 'x', 'v', 'x', 'h', 'x', 'e', 'x', 'f', 'x', 'g', 'x', 'r', 'x']
Full Qwen output: 1. [a b c d] [a b c e]  
2. [p q r s] [p q r t]  
3. [m n o p] [m n o q]  

[[c x b x v x h x e x f x g x d x] [c x b x v x h x e x f x g x d y]]
Filtered Qwen output: c x b x v x h x e x f x g x d x] [c x b x v x h x e x f x g x d y
trial 2 of 10...
trial 3 of 10...
trial 4 of 10...
trial 5 of 10...
trial 6 of 10...
trial 7 of 10...
trial 8 of 10...
trial 9 of 10...
trial 10 of 10...
Problem type: 2gen_split4 - 10/20
trial 1 of 10...

=== PROMPT ===

System message: You are able to solve letter-string analogies

User message: Use the following alphabet to complete the pattern.

c b v h e f g d r j k l m n o p q y s t u x a w i z

First, describe 3 relevant exemplars that are distinct from this problem, then give the final answer. Answer with only the examples and the final answer with no further explanation. Put your final answer between double brackets. Note that the alphabet may be in an unfamiliar order. Complete the pattern using this order.

[u x a w i i] [u x a w i]
[j x k x l x m x n x n x o x p x q x y x] [


--- TARGET LETTERS ---

['j', 'x', 'k', 'x', 'l', 'x', 'm', 'x', 'n', 'x', 'o', 'x', 'p', 'x', 'q', 'x', 'y', 'x']
Full Qwen output: 1. [a b c d e f g h i j] [a b c d e f g h]  
2. [x y z a b c d e f g] [x y z a b c d e]  
3. [m n o p q r s t u v] [m n o p q r s t]  

[[u x a w i i] [u x a w i]] [[j x k x l x m x n x n x o x p x q x y x] [j x k x l x m x n x n x o x p
Filtered Qwen output: u x a w i i] [u x a w i
trial 2 of 10...
trial 3 of 10...
trial 4 of 10...
trial 5 of 10...
trial 6 of 10...
trial 7 of 10...
trial 8 of 10...
trial 9 of 10...
trial 10 of 10...
Problem type: 2gen_split5 - 11/20
trial 1 of 10...

=== PROMPT ===

System message: You are able to solve letter-string analogies

User message: Use the following alphabet to complete the pattern.

c b v h e f g d r j k l m n o p q y s t u x a w i z

First, describe 3 relevant exemplars that are distinct from this problem, then give the final answer. Answer with only the examples and the final answer with no further explanation. Put your final answer between double brackets. Note that the alphabet may be in an unfamiliar order. Complete the pattern using this order.

[c b v h h e] [c b v h e]
[21 21 22 22 22 22 23 23 24 24 25 25] [


--- TARGET LETTERS ---

[np.int64(21), np.int64(21), np.int64(22), np.int64(22), np.int64(23), np.int64(23), np.int64(24), np.int64(24), np.int64(25), np.int64(25)]
Full Qwen output: c b v h e f g d r j k l m n o p q y s t u x a w i z  
Examples:  
[1 2 3 4 5 6] [1 2 3 4 5]  
[apple banana cherry] [apple banana]  
[1 1 2 2 3 3] [1 1 2 2]  

[[c b v h e] [c b v h]]
Filtered Qwen output: c b v h e] [c b v h
trial 2 of 10...
trial 3 of 10...
trial 4 of 10...
trial 5 of 10...
trial 6 of 10...
trial 7 of 10...
trial 8 of 10...
trial 9 of 10...
trial 10 of 10...
Problem type: 2gen_split6 - 12/20
trial 1 of 10...

=== PROMPT ===

System message: You are able to solve letter-string analogies

User message: Use the following alphabet to complete the pattern.

c b v h e f g d r j k l m n o p q y s t u x a w i z

First, describe 3 relevant exemplars that are distinct from this problem, then give the final answer. Answer with only the examples and the final answer with no further explanation. Put your final answer between double brackets. Note that the alphabet may be in an unfamiliar order. Complete the pattern using this order.

[b v h e] [c v h e]
[g r k m o q s u] [


--- TARGET LETTERS ---

['e', 'r', 'k', 'm', 'o', 'q', 's', 'u']
Full Qwen output: 1. [a b c d] [e f g h]  
2. [x y z a] [b c d e]  
3. [p q r s] [t u v w]  

[[g r k m o q s u] [g r k m o q s u]]
Filtered Qwen output: g r k m o q s u] [g r k m o q s u
trial 2 of 10...
trial 3 of 10...
trial 4 of 10...
trial 5 of 10...
trial 6 of 10...
trial 7 of 10...
trial 8 of 10...
trial 9 of 10...
trial 10 of 10...
Problem type: 2gensplit7 - 13/20
trial 1 of 10...

=== PROMPT ===

System message: You are able to solve letter-string analogies

User message: Use the following alphabet to complete the pattern.

c b v h e f g d r j k l m n o p q y s t u x a w i z

First, describe 3 relevant exemplars that are distinct from this problem, then give the final answer. Answer with only the examples and the final answer with no further explanation. Put your final answer between double brackets. Note that the alphabet may be in an unfamiliar order. Complete the pattern using this order.

[t a x u w] [t u x a w]
[j l n w y t x p z] [


--- TARGET LETTERS ---

['j', 'l', 'n', 'p', 'y', 't', 'x', 'w', 'z']
Full Qwen output: 1. [a b c d e] [e d c b a]  
2. [p q r s t] [t s r q p]  
3. [m n o p q] [q p o n m]  

[[j l n w y t x p z] [z p x t y w n l j]]
Filtered Qwen output: j l n w y t x p z] [z p x t y w n l j
trial 2 of 10...
trial 3 of 10...
trial 4 of 10...
trial 5 of 10...
trial 6 of 10...
trial 7 of 10...
trial 8 of 10...
trial 9 of 10...
trial 10 of 10...
Problem type: 3gen_split1 - 14/20
trial 1 of 10...

=== PROMPT ===

System message: You are able to solve letter-string analogies

User message: Use the following alphabet to complete the pattern.

c b v h e f g d r j k l m n o p q y s t u x a w i z

First, describe 3 relevant exemplars that are distinct from this problem, then give the final answer. Answer with only the examples and the final answer with no further explanation. Put your final answer between double brackets. Note that the alphabet may be in an unfamiliar order. Complete the pattern using this order.

[c b v h] [c b v e]
[16 16 15 15 14 14 13 13] [


--- TARGET LETTERS ---

[np.int64(16), np.int64(16), np.int64(15), np.int64(15), np.int64(14), np.int64(14), np.int64(12), np.int64(12)]
Full Qwen output: 1. [a b c d] [a b c e]  
2. [x y z a] [x y z b]  
3. [p q r s] [p q r t]  

[[c b v h] [c b v e] [c b v f]]
Filtered Qwen output: c b v h] [c b v e] [c b v f
trial 2 of 10...
trial 3 of 10...
trial 4 of 10...
trial 5 of 10...
trial 6 of 10...
trial 7 of 10...
trial 8 of 10...
trial 9 of 10...
trial 10 of 10...
Problem type: 3gen_split2 - 15/20
trial 1 of 10...

=== PROMPT ===

System message: You are able to solve letter-string analogies

User message: Use the following alphabet to complete the pattern.

c b v h e f g d r j k l m n o p q y s t u x a w i z

First, describe 3 relevant exemplars that are distinct from this problem, then give the final answer. Answer with only the examples and the final answer with no further explanation. Put your final answer between double brackets. Note that the alphabet may be in an unfamiliar order. Complete the pattern using this order.

[x a w i] [x a w i z]
[i x a x u x] [


--- TARGET LETTERS ---

['i', 'x', 'a', 'x', 'u', 'x', 's', 'x']
Full Qwen output: 1. [a b c] [a b c d]  
2. [p q r] [p q r s]  
3. [m n o] [m n o p]  

[[i x a x u x] [i x a x u x z]]
Filtered Qwen output: i x a x u x] [i x a x u x z
trial 2 of 10...
trial 3 of 10...
trial 4 of 10...
trial 5 of 10...
trial 6 of 10...
trial 7 of 10...
trial 8 of 10...
trial 9 of 10...
trial 10 of 10...
Problem type: 3gen_split3 - 16/20
trial 1 of 10...

=== PROMPT ===

System message: You are able to solve letter-string analogies

User message: Use the following alphabet to complete the pattern.

c b v h e f g d r j k l m n o p q y s t u x a w i z

First, describe 3 relevant exemplars that are distinct from this problem, then give the final answer. Answer with only the examples and the final answer with no further explanation. Put your final answer between double brackets. Note that the alphabet may be in an unfamiliar order. Complete the pattern using this order.

[d r j l k] [d r j k l]
[9 0 13 0 11 0 15 0 17 0] [


--- TARGET LETTERS ---

[np.int64(9), '0', np.int64(11), '0', np.int64(13), '0', np.int64(15), '0', np.int64(17), '0']
Full Qwen output: c b v h e f g d r j k l m n o p q y s t u x a w i z

Examples:  
[1 2 3 4 5] [1 2 3 4]  
[apple banana cherry] [apple banana]  
[red green blue] [red green]

[[d r j l m] [d r j k l]]
Filtered Qwen output: d r j l m] [d r j k l
trial 2 of 10...
trial 3 of 10...
trial 4 of 10...
trial 5 of 10...
trial 6 of 10...
trial 7 of 10...
trial 8 of 10...
trial 9 of 10...
trial 10 of 10...
Problem type: 3gen_split4 - 17/20
trial 1 of 10...

=== PROMPT ===

System message: You are able to solve letter-string analogies

User message: Use the following alphabet to complete the pattern.

c b v h e f g d r j k l m n o p q y s t u x a w i z

First, describe 3 relevant exemplars that are distinct from this problem, then give the final answer. Answer with only the examples and the final answer with no further explanation. Put your final answer between double brackets. Note that the alphabet may be in an unfamiliar order. Complete the pattern using this order.

[b v h e] [c v h e]
[18 18 0 0 19 19 0 0 20 20 0 0 21 21 0 0] [


--- TARGET LETTERS ---

[np.int64(17), np.int64(17), '0', '0', np.int64(19), np.int64(19), '0', '0', np.int64(20), np.int64(20), '0', '0', np.int64(21), np.int64(21), '0', '0']
Full Qwen output: c b v h e f g d r j k l m n o p q y s t u x a w i z  
Examples:  
[1 2 3 4] [5 2 3 4]  
[1 1 2 2 3 3 4 4] [5 5 2 2 3 3 4 4]  
[1 2 3 4 5] [6 2 3 4 5]  

[[b v h e] [c v h e]]
Filtered Qwen output: b v h e] [c v h e
trial 2 of 10...
trial 3 of 10...
trial 4 of 10...
trial 5 of 10...
trial 6 of 10...
trial 7 of 10...
trial 8 of 10...
trial 9 of 10...
trial 10 of 10...
Problem type: 3gen_split5 - 18/20
trial 1 of 10...

=== PROMPT ===

System message: You are able to solve letter-string analogies

User message: Use the following alphabet to complete the pattern.

c b v h e f g d r j k l m n o p q y s t u x a w i z

First, describe 3 relevant exemplars that are distinct from this problem, then give the final answer. Answer with only the examples and the final answer with no further explanation. Put your final answer between double brackets. Note that the alphabet may be in an unfamiliar order. Complete the pattern using this order.

[y s t u] [q s t u]
[t t y y p p n n] [


--- TARGET LETTERS ---

['x', 'x', 'y', 'y', 'p', 'p', 'n', 'n']
Full Qwen output: 1. [a b c] [d e f]  
2. [x y z] [x y z]  
3. [m n o] [p q r]  

[[x y z] [x y z]]
Filtered Qwen output: x y z] [x y z
trial 2 of 10...
trial 3 of 10...
trial 4 of 10...
trial 5 of 10...
trial 6 of 10...
trial 7 of 10...
trial 8 of 10...
trial 9 of 10...
trial 10 of 10...
Problem type: 3gen_split6 - 19/20
trial 1 of 10...

=== PROMPT ===

System message: You are able to solve letter-string analogies

User message: Use the following alphabet to complete the pattern.

c b v h e f g d r j k l m n o p q y s t u x a w i z

First, describe 3 relevant exemplars that are distinct from this problem, then give the final answer. Answer with only the examples and the final answer with no further explanation. Put your final answer between double brackets. Note that the alphabet may be in an unfamiliar order. Complete the pattern using this order.

[r j f l m] [r j k l m]
[n n x x p p x x a a x x t t x x x x x x] [


--- TARGET LETTERS ---

['n', 'n', 'x', 'x', 'p', 'p', 'x', 'x', 'y', 'y', 'x', 'x', 't', 't', 'x', 'x', 'x', 'x', 'x', 'x']
Full Qwen output: 1. [a b c d e] [a b c d e f]  
2. [x y z a b] [x y z a b c]  
3. [p q r s t] [p q r s t u]  

[[n n x x p p x x a a x x t t x x x x x x] [n n x x p p x x a a x x t t x x x x x x u u]]
Filtered Qwen output: n n x x p p x x a a x x t t x x x x x x] [n n x x p p x x a a x x t t x x x x x x u u
trial 2 of 10...
trial 3 of 10...
trial 4 of 10...
trial 5 of 10...
trial 6 of 10...
trial 7 of 10...
trial 8 of 10...
trial 9 of 10...
trial 10 of 10...
Problem type: 3gensplit7 - 20/20
trial 1 of 10...

=== PROMPT ===

System message: You are able to solve letter-string analogies

User message: Use the following alphabet to complete the pattern.

c b v h e f g d r j k l m n o p q y s t u x a w i z

First, describe 3 relevant exemplars that are distinct from this problem, then give the final answer. Answer with only the examples and the final answer with no further explanation. Put your final answer between double brackets. Note that the alphabet may be in an unfamiliar order. Complete the pattern using this order.

[b v h e] [c v h e]
[n n x x p p x x y y x x t t x x] [


--- TARGET LETTERS ---

['l', 'l', 'x', 'x', 'p', 'p', 'x', 'x', 'y', 'y', 'x', 'x', 't', 't', 'x', 'x']
Full Qwen output: 1. [a b c d] [e f g h]  
2. [x y z a] [b c d e]  
3. [m n o p] [q r s t]  

[[n n x x p p x x y y x x t t x x] [o o x x q q x x z z x x u u x x]]
Filtered Qwen output: n n x x p p x x y y x x t t x x] [o o x x q q x x z z x x u u x x
trial 2 of 10...
trial 3 of 10...
trial 4 of 10...
trial 5 of 10...
trial 6 of 10...
trial 7 of 10...
trial 8 of 10...
trial 9 of 10...
trial 10 of 10...
alph_3
a m c p z f g h i b d k j n o l q r s t u v w x e y
Problem type: larger_int - 1/20
trial 1 of 10...

=== PROMPT ===

System message: You are able to solve letter-string analogies

User message: Use the following alphabet to complete the pattern.

a m c p z f g h i b d k j n o l q r s t u v w x e y

First, describe 3 relevant exemplars that are distinct from this problem, then give the final answer. Answer with only the examples and the final answer with no further explanation. Put your final answer between double brackets. Note that the alphabet may be in an unfamiliar order. Complete the pattern using this order.

[z f g h] [z f g i]
[s u w] [


--- TARGET LETTERS ---

['s', 'u', 'e']
Full Qwen output: 1. [a b c] [a b d]  
2. [m n o] [m n p]  
3. [p q r] [p q s]  

[[s u x]]
Filtered Qwen output: s u x
trial 2 of 10...
trial 3 of 10...
trial 4 of 10...
trial 5 of 10...
trial 6 of 10...
trial 7 of 10...
trial 8 of 10...
trial 9 of 10...
trial 10 of 10...
Problem type: longer_targ - 2/20
trial 1 of 10...

=== PROMPT ===

System message: You are able to solve letter-string analogies

User message: Use the following alphabet to complete the pattern.

a m c p z f g h i b d k j n o l q r s t u v w x e y

First, describe 3 relevant exemplars that are distinct from this problem, then give the final answer. Answer with only the examples and the final answer with no further explanation. Put your final answer between double brackets. Note that the alphabet may be in an unfamiliar order. Complete the pattern using this order.

[s l q r o] [o l q r s]
[f m c p z a g h i] [


--- TARGET LETTERS ---

['a', 'm', 'c', 'p', 'z', 'f', 'g', 'h', 'i']
Full Qwen output: 1. [a b c d e] [e d c b a]  
2. [x y z a b] [b a z y x]  
3. [p q r s t] [t s r q p]  

[[f m c p z a g h i] [i h g a z p c m f]]
Filtered Qwen output: f m c p z a g h i] [i h g a z p c m f
trial 2 of 10...
trial 3 of 10...
trial 4 of 10...
trial 5 of 10...
trial 6 of 10...
trial 7 of 10...
trial 8 of 10...
trial 9 of 10...
trial 10 of 10...
Problem type: group - 3/20
trial 1 of 10...

=== PROMPT ===

System message: You are able to solve letter-string analogies

User message: Use the following alphabet to complete the pattern.

a m c p z f g h i b d k j n o l q r s t u v w x e y

First, describe 3 relevant exemplars that are distinct from this problem, then give the final answer. Answer with only the examples and the final answer with no further explanation. Put your final answer between double brackets. Note that the alphabet may be in an unfamiliar order. Complete the pattern using this order.

[j n o l] [j n o l q]
[b b d d k k j j] [


--- TARGET LETTERS ---

['b', 'b', 'd', 'd', 'k', 'k', 'j', 'j', 'n', 'n']
Full Qwen output: 1. [a c e] [a c e g]  
2. [m p z] [m p z f]  
3. [h i b] [h i b d]  

[[b b d d k k j j q]]
Filtered Qwen output: b b d d k k j j q
trial 2 of 10...
trial 3 of 10...
trial 4 of 10...
trial 5 of 10...
trial 6 of 10...
trial 7 of 10...
trial 8 of 10...
trial 9 of 10...
trial 10 of 10...
Problem type: interleaved - 4/20
trial 1 of 10...

=== PROMPT ===

System message: You are able to solve letter-string analogies

User message: Use the following alphabet to complete the pattern.

a m c p z f g h i b d k j n o l q r s t u v w x e y

First, describe 3 relevant exemplars that are distinct from this problem, then give the final answer. Answer with only the examples and the final answer with no further explanation. Put your final answer between double brackets. Note that the alphabet may be in an unfamiliar order. Complete the pattern using this order.

[b d k j] [b d k n]
[c x p x z x f x] [


--- TARGET LETTERS ---

['c', 'x', 'p', 'x', 'z', 'x', 'g', 'x']
Full Qwen output: 1. [a b c d] [a b c e]  
2. [p q r s] [p q r t]  
3. [m n o p] [m n o q]  

[[c x p x z x f x] [c x p x z x f x] [c x p x z x f x] [c x p x z x f x] [c x p x z x f x] [c x p x z x f x] [c x p x z x f x] [c x p x z x f x] [c x
trial 2 of 10...
trial 3 of 10...
trial 4 of 10...
trial 5 of 10...
trial 6 of 10...
trial 7 of 10...
trial 8 of 10...
trial 9 of 10...
trial 10 of 10...
Problem type: letter2num - 5/20
trial 1 of 10...

=== PROMPT ===

System message: You are able to solve letter-string analogies

User message: Use the following alphabet to complete the pattern.

a m c p z f g h i b d k j n o l q r s t u v w x e y

First, describe 3 relevant exemplars that are distinct from this problem, then give the final answer. Answer with only the examples and the final answer with no further explanation. Put your final answer between double brackets. Note that the alphabet may be in an unfamiliar order. Complete the pattern using this order.

[v w x e] [v w x e y]
[14 15 16 17] [


--- TARGET LETTERS ---

[np.int64(14), np.int64(15), np.int64(16), np.int64(17), np.int64(18)]
Full Qwen output: a b c d  
e f g h  
i j k l  

[[v w x e y]]
Filtered Qwen output: v w x e y
trial 2 of 10...
trial 3 of 10...
trial 4 of 10...
trial 5 of 10...
trial 6 of 10...
trial 7 of 10...
trial 8 of 10...
trial 9 of 10...
trial 10 of 10...
Problem type: reverse - 6/20
trial 1 of 10...

=== PROMPT ===

System message: You are able to solve letter-string analogies

User message: Use the following alphabet to complete the pattern.

a m c p z f g h i b d k j n o l q r s t u v w x e y

First, describe 3 relevant exemplars that are distinct from this problem, then give the final answer. Answer with only the examples and the final answer with no further explanation. Put your final answer between double brackets. Note that the alphabet may be in an unfamiliar order. Complete the pattern using this order.

[v w x z y] [v w x e y]
[i h g f r] [


--- TARGET LETTERS ---

['i', 'h', 'g', 'f', 'z']
Full Qwen output: 1. [a b c d e] [f g h i j]  
2. [p q r s t] [u v w x y]  
3. [m n o p q] [r s t u v]  

[[i h g f s]]
Filtered Qwen output: i h g f s
trial 2 of 10...
trial 3 of 10...
trial 4 of 10...
trial 5 of 10...
trial 6 of 10...
trial 7 of 10...
trial 8 of 10...
trial 9 of 10...
trial 10 of 10...
Problem type: 2gen_split1 - 7/20
trial 1 of 10...

=== PROMPT ===

System message: You are able to solve letter-string analogies

User message: Use the following alphabet to complete the pattern.

a m c p z f g h i b d k j n o l q r s t u v w x e y

First, describe 3 relevant exemplars that are distinct from this problem, then give the final answer. Answer with only the examples and the final answer with no further explanation. Put your final answer between double brackets. Note that the alphabet may be in an unfamiliar order. Complete the pattern using this order.

[s t q v w] [s t u v w]
[m x p x f x o x b x] [


--- TARGET LETTERS ---

['m', 'x', 'p', 'x', 'f', 'x', 'h', 'x', 'b', 'x']
Full Qwen output: 1. [a b c d e] [a b c d e f]  
2. [g h i j k] [g h i j k l]  
3. [l m n o p] [l m n o p q]  

[[m x p x f x o x b x] [m x p x f x o x b x q x]]
Filtered Qwen output: m x p x f x o x b x] [m x p x f x o x b x q x
trial 2 of 10...
trial 3 of 10...
trial 4 of 10...
trial 5 of 10...
trial 6 of 10...
trial 7 of 10...
trial 8 of 10...
trial 9 of 10...
trial 10 of 10...
Problem type: 2gen_split2 - 8/20
trial 1 of 10...

=== PROMPT ===

System message: You are able to solve letter-string analogies

User message: Use the following alphabet to complete the pattern.

a m c p z f g h i b d k j n o l q r s t u v w x e y

First, describe 3 relevant exemplars that are distinct from this problem, then give the final answer. Answer with only the examples and the final answer with no further explanation. Put your final answer between double brackets. Note that the alphabet may be in an unfamiliar order. Complete the pattern using this order.

[n n o l q r] [n o l q r]
[r x s x t x t x u x v x w x x x e x y x] [


--- TARGET LETTERS ---

['r', 'x', 's', 'x', 't', 'x', 'u', 'x', 'v', 'x', 'w', 'x', 'x', 'x', 'e', 'x', 'y', 'x']
Full Qwen output: 1. [a b c d] [b c d]  
2. [p q r s t] [q r s t]  
3. [z f g h] [f g h]  

[[n o l q r]]
Filtered Qwen output: n o l q r
trial 2 of 10...
trial 3 of 10...
trial 4 of 10...
trial 5 of 10...
trial 6 of 10...
trial 7 of 10...
trial 8 of 10...
trial 9 of 10...
trial 10 of 10...
Problem type: 2gen_split3 - 9/20
trial 1 of 10...

=== PROMPT ===

System message: You are able to solve letter-string analogies

User message: Use the following alphabet to complete the pattern.

a m c p z f g h i b d k j n o l q r s t u v w x e y

First, describe 3 relevant exemplars that are distinct from this problem, then give the final answer. Answer with only the examples and the final answer with no further explanation. Put your final answer between double brackets. Note that the alphabet may be in an unfamiliar order. Complete the pattern using this order.

[f f g h i b] [f g h i b]
[d x k x j x n x o x l x q x r x s x s x] [


--- TARGET LETTERS ---

['d', 'x', 'k', 'x', 'j', 'x', 'n', 'x', 'o', 'x', 'l', 'x', 'q', 'x', 'r', 'x', 's', 'x']
Full Qwen output: 1. [a b c d e] [b c d e f]  
2. [x y z a b] [y z a b c]  
3. [m n o p q] [n o p q r]  

[[f g h i b c]]
Filtered Qwen output: f g h i b c
trial 2 of 10...
trial 3 of 10...
trial 4 of 10...
trial 5 of 10...
trial 6 of 10...
trial 7 of 10...
trial 8 of 10...
trial 9 of 10...
trial 10 of 10...
Problem type: 2gen_split4 - 10/20
trial 1 of 10...

=== PROMPT ===

System message: You are able to solve letter-string analogies

User message: Use the following alphabet to complete the pattern.

a m c p z f g h i b d k j n o l q r s t u v w x e y

First, describe 3 relevant exemplars that are distinct from this problem, then give the final answer. Answer with only the examples and the final answer with no further explanation. Put your final answer between double brackets. Note that the alphabet may be in an unfamiliar order. Complete the pattern using this order.

[l q r s] [l q r t]
[q l o n j k d b] [


--- TARGET LETTERS ---

['q', 'l', 'o', 'n', 'j', 'k', 'd', 'i']
Full Qwen output: 1. [a b c d] [a b c e]  
2. [x y z a] [x y z b]  
3. [m n o p] [m n o q]  

[[q l o n j k e b]]
Filtered Qwen output: q l o n j k e b
trial 2 of 10...
trial 3 of 10...
trial 4 of 10...
trial 5 of 10...
trial 6 of 10...
trial 7 of 10...
trial 8 of 10...
trial 9 of 10...
trial 10 of 10...
Problem type: 2gen_split5 - 11/20
trial 1 of 10...

=== PROMPT ===

System message: You are able to solve letter-string analogies

User message: Use the following alphabet to complete the pattern.

a m c p z f g h i b d k j n o l q r s t u v w x e y

First, describe 3 relevant exemplars that are distinct from this problem, then give the final answer. Answer with only the examples and the final answer with no further explanation. Put your final answer between double brackets. Note that the alphabet may be in an unfamiliar order. Complete the pattern using this order.

[b d k j n n] [b d k j n]
[q q r r r r s s t t u u v v w w x x e e] [


--- TARGET LETTERS ---

['q', 'q', 'r', 'r', 's', 's', 't', 't', 'u', 'u', 'v', 'v', 'w', 'w', 'x', 'x', 'e', 'e']
Full Qwen output: 1. [a b c d e] [a b c d]  
2. [x y z a b] [x y z a]  
3. [m n o p q] [m n o p]  

[[b d k j n] [b d k j n]]
Filtered Qwen output: b d k j n] [b d k j n
trial 2 of 10...
trial 3 of 10...
trial 4 of 10...
trial 5 of 10...
trial 6 of 10...
trial 7 of 10...
trial 8 of 10...
trial 9 of 10...
trial 10 of 10...
Problem type: 2gen_split6 - 12/20
trial 1 of 10...

=== PROMPT ===

System message: You are able to solve letter-string analogies

User message: Use the following alphabet to complete the pattern.

a m c p z f g h i b d k j n o l q r s t u v w x e y

First, describe 3 relevant exemplars that are distinct from this problem, then give the final answer. Answer with only the examples and the final answer with no further explanation. Put your final answer between double brackets. Note that the alphabet may be in an unfamiliar order. Complete the pattern using this order.

[n o l q] [j o l q]
[u x w x e x] [


--- TARGET LETTERS ---

['s', 'x', 'w', 'x', 'e', 'x']
Full Qwen output: 1. [a b c d] [e f g h]  
2. [p q r s] [t u v w]  
3. [m n o p] [q r s t]  

[[y x e y]]
Filtered Qwen output: y x e y
trial 2 of 10...
trial 3 of 10...
trial 4 of 10...
trial 5 of 10...
trial 6 of 10...
trial 7 of 10...
trial 8 of 10...
trial 9 of 10...
trial 10 of 10...
Problem type: 2gensplit7 - 13/20
trial 1 of 10...

=== PROMPT ===

System message: You are able to solve letter-string analogies

User message: Use the following alphabet to complete the pattern.

a m c p z f g h i b d k j n o l q r s t u v w x e y

First, describe 3 relevant exemplars that are distinct from this problem, then give the final answer. Answer with only the examples and the final answer with no further explanation. Put your final answer between double brackets. Note that the alphabet may be in an unfamiliar order. Complete the pattern using this order.

[r s t u v v] [r s t u v]
[4 4 5 5 6 6 7 7 8 8 8 8] [


--- TARGET LETTERS ---

[np.int64(4), np.int64(4), np.int64(5), np.int64(5), np.int64(6), np.int64(6), np.int64(7), np.int64(7), np.int64(8), np.int64(8)]
Full Qwen output: 1. [a b c d e] [a b c d]  
2. [x y z a b] [x y z a]  
3. [m n o p q] [m n o p]  

[[r s t u v w] [r s t u v]]
Filtered Qwen output: r s t u v w] [r s t u v
trial 2 of 10...
trial 3 of 10...
trial 4 of 10...
trial 5 of 10...
trial 6 of 10...
trial 7 of 10...
trial 8 of 10...
trial 9 of 10...
trial 10 of 10...
Problem type: 3gen_split1 - 14/20
trial 1 of 10...

=== PROMPT ===

System message: You are able to solve letter-string analogies

User message: Use the following alphabet to complete the pattern.

a m c p z f g h i b d k j n o l q r s t u v w x e y

First, describe 3 relevant exemplars that are distinct from this problem, then give the final answer. Answer with only the examples and the final answer with no further explanation. Put your final answer between double brackets. Note that the alphabet may be in an unfamiliar order. Complete the pattern using this order.

[k j n o] [k j n l]
[8 8 9 9 10 10 11 11 12 12 13 13 14 14 15 15] [


--- TARGET LETTERS ---

[np.int64(8), np.int64(8), np.int64(9), np.int64(9), np.int64(10), np.int64(10), np.int64(11), np.int64(11), np.int64(12), np.int64(12), np.int64(13), np.int64(13), np.int64(14), np.int64(14), np.int64(16), np.int64(16)]
Full Qwen output: Examples:  
[1 2 3 4] [1 2 3 5]  
[5 5 6 6 7 7 8 8 9 9 10 10 11 11 12 12]  
[2 2 3 3 4 4 5 5 6 6 7 7 8 8 9 9]  

[[k j n m]]
Filtered Qwen output: k j n m
trial 2 of 10...
trial 3 of 10...
trial 4 of 10...
trial 5 of 10...
trial 6 of 10...
trial 7 of 10...
trial 8 of 10...
trial 9 of 10...
trial 10 of 10...
Problem type: 3gen_split2 - 15/20
trial 1 of 10...

=== PROMPT ===

System message: You are able to solve letter-string analogies

User message: Use the following alphabet to complete the pattern.

a m c p z f g h i b d k j n o l q r s t u v w x e y

First, describe 3 relevant exemplars that are distinct from this problem, then give the final answer. Answer with only the examples and the final answer with no further explanation. Put your final answer between double brackets. Note that the alphabet may be in an unfamiliar order. Complete the pattern using this order.

[b d k j] [b d k n]
[u s q o j d i g] [


--- TARGET LETTERS ---

['u', 's', 'q', 'o', 'j', 'd', 'i', 'z']
Full Qwen output: 1. [a c e g] [a c e h]  
2. [m p z f] [m p z g]  
3. [r t v x] [r t v y]  

[[u s q o j d i l]]
Filtered Qwen output: u s q o j d i l
trial 2 of 10...
trial 3 of 10...
trial 4 of 10...
trial 5 of 10...
trial 6 of 10...
trial 7 of 10...
trial 8 of 10...
trial 9 of 10...
trial 10 of 10...
Problem type: 3gen_split3 - 16/20
trial 1 of 10...

=== PROMPT ===

System message: You are able to solve letter-string analogies

User message: Use the following alphabet to complete the pattern.

a m c p z f g h i b d k j n o l q r s t u v w x e y

First, describe 3 relevant exemplars that are distinct from this problem, then give the final answer. Answer with only the examples and the final answer with no further explanation. Put your final answer between double brackets. Note that the alphabet may be in an unfamiliar order. Complete the pattern using this order.

[t u v w] [t u v x]
[12 0 13 0 14 0 15 0 16 0 17 0 18 0 19 0] [


--- TARGET LETTERS ---

[np.int64(12), '0', np.int64(13), '0', np.int64(14), '0', np.int64(15), '0', np.int64(16), '0', np.int64(17), '0', np.int64(18), '0', np.int64(20), '0']
Full Qwen output: Examples:  
[1 2 3 4] [1 2 3 5]  
[apple banana cherry] [apple banana cherry date]  
[red blue green] [red blue green yellow]  

[[t u v w x]]
Filtered Qwen output: t u v w x
trial 2 of 10...
trial 3 of 10...
trial 4 of 10...
trial 5 of 10...
trial 6 of 10...
trial 7 of 10...
trial 8 of 10...
trial 9 of 10...
trial 10 of 10...
Problem type: 3gen_split4 - 17/20
trial 1 of 10...

=== PROMPT ===

System message: You are able to solve letter-string analogies

User message: Use the following alphabet to complete the pattern.

a m c p z f g h i b d k j n o l q r s t u v w x e y

First, describe 3 relevant exemplars that are distinct from this problem, then give the final answer. Answer with only the examples and the final answer with no further explanation. Put your final answer between double brackets. Note that the alphabet may be in an unfamiliar order. Complete the pattern using this order.

[j d k b n] [b d k j n]
[s q o j d i g c z] [


--- TARGET LETTERS ---

['s', 'q', 'o', 'j', 'd', 'i', 'g', 'z', 'c']
Full Qwen output: 1. [a c e g i] [c e g i a]  
2. [m p r t v] [p r t v m]  
3. [f h j l n] [h j l n f]  

[[s q o j d i g c z] [q o j d i g c z s]]
Filtered Qwen output: s q o j d i g c z] [q o j d i g c z s
trial 2 of 10...
trial 3 of 10...
trial 4 of 10...
trial 5 of 10...
trial 6 of 10...
trial 7 of 10...
trial 8 of 10...
trial 9 of 10...
trial 10 of 10...
Problem type: 3gen_split5 - 18/20
trial 1 of 10...

=== PROMPT ===

System message: You are able to solve letter-string analogies

User message: Use the following alphabet to complete the pattern.

a m c p z f g h i b d k j n o l q r s t u v w x e y

First, describe 3 relevant exemplars that are distinct from this problem, then give the final answer. Answer with only the examples and the final answer with no further explanation. Put your final answer between double brackets. Note that the alphabet may be in an unfamiliar order. Complete the pattern using this order.

[d k j n] [b k j n]
[e e x x x x x x w w x x v v x x] [


--- TARGET LETTERS ---

['y', 'y', 'x', 'x', 'x', 'x', 'x', 'x', 'w', 'w', 'x', 'x', 'v', 'v', 'x', 'x']
Full Qwen output: 1. [a b c d] [e f g h]  
2. [x y z a] [b c d e]  
3. [m n o p] [q r s t]  

[[f k j n]]
Filtered Qwen output: f k j n
trial 2 of 10...
trial 3 of 10...
trial 4 of 10...
trial 5 of 10...
trial 6 of 10...
trial 7 of 10...
trial 8 of 10...
trial 9 of 10...
trial 10 of 10...
Problem type: 3gen_split6 - 19/20
trial 1 of 10...

=== PROMPT ===

System message: You are able to solve letter-string analogies

User message: Use the following alphabet to complete the pattern.

a m c p z f g h i b d k j n o l q r s t u v w x e y

First, describe 3 relevant exemplars that are distinct from this problem, then give the final answer. Answer with only the examples and the final answer with no further explanation. Put your final answer between double brackets. Note that the alphabet may be in an unfamiliar order. Complete the pattern using this order.

[o l q r] [n l q r]
[h h g g f f z z p p c c m m a a] [


--- TARGET LETTERS ---

['i', 'i', 'g', 'g', 'f', 'f', 'z', 'z', 'p', 'p', 'c', 'c', 'm', 'm', 'a', 'a']
Full Qwen output: 1. [a b c d] [e f g h]  
2. [x y z a] [b c d e]  
3. [m n o p] [q r s t]  

[[o l q r] [n l q r] [h h g g f f z z p p c c m m a a] [g g f f z z p p c c m m a a]]
Filtered Qwen output: o l q r] [n l q r] [h h g g f f z z p p c c m m a a] [g g f f z z p p c c m m a a
trial 2 of 10...
trial 3 of 10...
trial 4 of 10...
trial 5 of 10...
trial 6 of 10...
trial 7 of 10...
trial 8 of 10...
trial 9 of 10...
trial 10 of 10...
Problem type: 3gensplit7 - 20/20
trial 1 of 10...

=== PROMPT ===

System message: You are able to solve letter-string analogies

User message: Use the following alphabet to complete the pattern.

a m c p z f g h i b d k j n o l q r s t u v w x e y

First, describe 3 relevant exemplars that are distinct from this problem, then give the final answer. Answer with only the examples and the final answer with no further explanation. Put your final answer between double brackets. Note that the alphabet may be in an unfamiliar order. Complete the pattern using this order.

[s t u v] [r t u v]
[n n x x o o x x l l x x q q x x r r x x s s x x t t x x u u x x] [


--- TARGET LETTERS ---

['j', 'j', 'x', 'x', 'o', 'o', 'x', 'x', 'l', 'l', 'x', 'x', 'q', 'q', 'x', 'x', 'r', 'r', 'x', 'x', 's', 's', 'x', 'x', 't', 't', 'x', 'x', 'u', 'u', 'x', 'x']
Full Qwen output: 1. [a b c d] [b c d e]  
2. [x y z a] [y z a b]  
3. [p q r s] [q r s t]  

[[n n x x o o x x l l x x q q x x r r x x s s x x t t x x u u x x] [o o x x p p x x m m x x r r x x s s x x t t x x u u x x v v x x]]
Filtered Qwen output: n n x x o o x x l l x x q q x x r r x x s s x x t t x x u u x x] [o o x x p p x x m m x x r r x x s s x x t t x x u u x x v v x x
trial 2 of 10...
trial 3 of 10...
trial 4 of 10...
trial 5 of 10...
trial 6 of 10...
trial 7 of 10...
trial 8 of 10...
trial 9 of 10...
trial 10 of 10...
alph_4
g b c d e f a q i t k z m l o p h n s j u v w x y r
Problem type: larger_int - 1/20
trial 1 of 10...

=== PROMPT ===

System message: You are able to solve letter-string analogies

User message: Use the following alphabet to complete the pattern.

g b c d e f a q i t k z m l o p h n s j u v w x y r

First, describe 3 relevant exemplars that are distinct from this problem, then give the final answer. Answer with only the examples and the final answer with no further explanation. Put your final answer between double brackets. Note that the alphabet may be in an unfamiliar order. Complete the pattern using this order.

[t k z m m l] [t k z m l]
[k m o o h s] [


--- TARGET LETTERS ---

['k', 'm', 'o', 'h', 's']
Full Qwen output: 1. [a b c d e f g] [a b c d e f]  
2. [x y z a b c d] [x y z a b c]  
3. [p q r s t u v] [p q r s t u]  

[[t k z m l o]]
Filtered Qwen output: t k z m l o
trial 2 of 10...
trial 3 of 10...
trial 4 of 10...
trial 5 of 10...
trial 6 of 10...
trial 7 of 10...
trial 8 of 10...
trial 9 of 10...
trial 10 of 10...
Problem type: longer_targ - 2/20
trial 1 of 10...

=== PROMPT ===

System message: You are able to solve letter-string analogies

User message: Use the following alphabet to complete the pattern.

g b c d e f a q i t k z m l o p h n s j u v w x y r

First, describe 3 relevant exemplars that are distinct from this problem, then give the final answer. Answer with only the examples and the final answer with no further explanation. Put your final answer between double brackets. Note that the alphabet may be in an unfamiliar order. Complete the pattern using this order.

[e f a q] [e f a i]
[p h n s j u v w] [


--- TARGET LETTERS ---

['p', 'h', 'n', 's', 'j', 'u', 'v', 'x']
Full Qwen output: 1. [a b c d] [a b c e]  
2. [x y z r] [x y z t]  
3. [m l o p] [m l o q]  

[[p h n s j u v x]]
Filtered Qwen output: p h n s j u v x
trial 2 of 10...
trial 3 of 10...
trial 4 of 10...
trial 5 of 10...
trial 6 of 10...
trial 7 of 10...
trial 8 of 10...
trial 9 of 10...
trial 10 of 10...
Problem type: group - 3/20
trial 1 of 10...

=== PROMPT ===

System message: You are able to solve letter-string analogies

User message: Use the following alphabet to complete the pattern.

g b c d e f a q i t k z m l o p h n s j u v w x y r

First, describe 3 relevant exemplars that are distinct from this problem, then give the final answer. Answer with only the examples and the final answer with no further explanation. Put your final answer between double brackets. Note that the alphabet may be in an unfamiliar order. Complete the pattern using this order.

[i t k z] [i t k m]
[f f a a q q i i] [


--- TARGET LETTERS ---

['f', 'f', 'a', 'a', 'q', 'q', 't', 't']
Full Qwen output: 1. [a b c d] [a b c e]  
2. [x y z a] [x y z b]  
3. [p q r s] [p q r t]  

[[f f a a q q i i] [f f a a q q i m]]
Filtered Qwen output: f f a a q q i i] [f f a a q q i m
trial 2 of 10...
trial 3 of 10...
trial 4 of 10...
trial 5 of 10...
trial 6 of 10...
trial 7 of 10...
trial 8 of 10...
trial 9 of 10...
trial 10 of 10...
Problem type: interleaved - 4/20
trial 1 of 10...

=== PROMPT ===

System message: You are able to solve letter-string analogies

User message: Use the following alphabet to complete the pattern.

g b c d e f a q i t k z m l o p h n s j u v w x y r

First, describe 3 relevant exemplars that are distinct from this problem, then give the final answer. Answer with only the examples and the final answer with no further explanation. Put your final answer between double brackets. Note that the alphabet may be in an unfamiliar order. Complete the pattern using this order.

[k z m l] [k z m o]
[f x a x q x i x] [


--- TARGET LETTERS ---

['f', 'x', 'a', 'x', 'q', 'x', 't', 'x']
Full Qwen output: 1. [a b c d] [a b c e]  
2. [p q r s] [p q r t]  
3. [m n o p] [m n o q]  

[[f x a x q x i x] [f x a x q x i x]]
Filtered Qwen output: f x a x q x i x] [f x a x q x i x
trial 2 of 10...
trial 3 of 10...
trial 4 of 10...
trial 5 of 10...
trial 6 of 10...
trial 7 of 10...
trial 8 of 10...
trial 9 of 10...
trial 10 of 10...
Problem type: letter2num - 5/20
trial 1 of 10...

=== PROMPT ===

System message: You are able to solve letter-string analogies

User message: Use the following alphabet to complete the pattern.

g b c d e f a q i t k z m l o p h n s j u v w x y r

First, describe 3 relevant exemplars that are distinct from this problem, then give the final answer. Answer with only the examples and the final answer with no further explanation. Put your final answer between double brackets. Note that the alphabet may be in an unfamiliar order. Complete the pattern using this order.

[g b c d] [g b c e]
[13 14 15 16] [


--- TARGET LETTERS ---

[np.int64(13), np.int64(14), np.int64(15), np.int64(17)]
Full Qwen output: 1. [a b c d] [a b c e]  
2. [x y z a] [x y z b]  
3. [m n o p] [m n o q]  

[[g b c f]]
Filtered Qwen output: g b c f
trial 2 of 10...
trial 3 of 10...
trial 4 of 10...
trial 5 of 10...
trial 6 of 10...
trial 7 of 10...
trial 8 of 10...
trial 9 of 10...
trial 10 of 10...
Problem type: reverse - 6/20
trial 1 of 10...

=== PROMPT ===

System message: You are able to solve letter-string analogies

User message: Use the following alphabet to complete the pattern.

g b c d e f a q i t k z m l o p h n s j u v w x y r

First, describe 3 relevant exemplars that are distinct from this problem, then give the final answer. Answer with only the examples and the final answer with no further explanation. Put your final answer between double brackets. Note that the alphabet may be in an unfamiliar order. Complete the pattern using this order.

[q o t k z] [q i t k z]
[r z x w v] [


--- TARGET LETTERS ---

['r', 'y', 'x', 'w', 'v']
Full Qwen output: 1. [a b c d e] [a c e g i]  
2. [x y z a b] [z a b c d]  
3. [m n o p q] [o p q r s]  

[[r z x w v] [r x w v u]]
Filtered Qwen output: r z x w v] [r x w v u
trial 2 of 10...
trial 3 of 10...
trial 4 of 10...
trial 5 of 10...
trial 6 of 10...
trial 7 of 10...
trial 8 of 10...
trial 9 of 10...
trial 10 of 10...
Problem type: 2gen_split1 - 7/20
trial 1 of 10...

=== PROMPT ===

System message: You are able to solve letter-string analogies

User message: Use the following alphabet to complete the pattern.

g b c d e f a q i t k z m l o p h n s j u v w x y r

First, describe 3 relevant exemplars that are distinct from this problem, then give the final answer. Answer with only the examples and the final answer with no further explanation. Put your final answer between double brackets. Note that the alphabet may be in an unfamiliar order. Complete the pattern using this order.

[s j i v w] [s j u v w]
[1 1 2 2 3 3 26 26 5 5] [


--- TARGET LETTERS ---

[np.int64(1), np.int64(1), np.int64(2), np.int64(2), np.int64(3), np.int64(3), np.int64(4), np.int64(4), np.int64(5), np.int64(5)]
Full Qwen output: 1. [a b c d e f] [a b c d e]  
2. [x y z a b c] [x y z a b]  
3. [m n o p q r] [m n o p q]  

[[s j u v w]]
Filtered Qwen output: s j u v w
trial 2 of 10...
trial 3 of 10...
trial 4 of 10...
trial 5 of 10...
trial 6 of 10...
trial 7 of 10...
trial 8 of 10...
trial 9 of 10...
trial 10 of 10...
Problem type: 2gen_split2 - 8/20
trial 1 of 10...

=== PROMPT ===

System message: You are able to solve letter-string analogies

User message: Use the following alphabet to complete the pattern.

g b c d e f a q i t k z m l o p h n s j u v w x y r

First, describe 3 relevant exemplars that are distinct from this problem, then give the final answer. Answer with only the examples and the final answer with no further explanation. Put your final answer between double brackets. Note that the alphabet may be in an unfamiliar order. Complete the pattern using this order.

[n u j s v] [n s j u v]
[11 12 13 10 9] [


--- TARGET LETTERS ---

[np.int64(13), np.int64(12), np.int64(11), np.int64(10), np.int64(9)]
Full Qwen output: 1. [a b c d e] [e d c b a]  
2. [x y z a b] [b a z y x]  
3. [m n o p q] [q p o n m]  

[[n s j u v]]
Filtered Qwen output: n s j u v
trial 2 of 10...
trial 3 of 10...
trial 4 of 10...
trial 5 of 10...
trial 6 of 10...
trial 7 of 10...
trial 8 of 10...
trial 9 of 10...
trial 10 of 10...
Problem type: 2gen_split3 - 9/20
trial 1 of 10...

=== PROMPT ===

System message: You are able to solve letter-string analogies

User message: Use the following alphabet to complete the pattern.

g b c d e f a q i t k z m l o p h n s j u v w x y r

First, describe 3 relevant exemplars that are distinct from this problem, then give the final answer. Answer with only the examples and the final answer with no further explanation. Put your final answer between double brackets. Note that the alphabet may be in an unfamiliar order. Complete the pattern using this order.

[l o p h] [l o p n]
[c x e x a x i x] [


--- TARGET LETTERS ---

['c', 'x', 'e', 'x', 'a', 'x', 'k', 'x']
Full Qwen output: 1. [a b c d] [a b c e]  
2. [x y z a] [x y z b]  
3. [m n o p] [m n o q]  

[[c x e x a x i x] [c x e x a x i y]]
Filtered Qwen output: c x e x a x i x] [c x e x a x i y
trial 2 of 10...
trial 3 of 10...
trial 4 of 10...
trial 5 of 10...
trial 6 of 10...
trial 7 of 10...
trial 8 of 10...
trial 9 of 10...
trial 10 of 10...
Problem type: 2gen_split4 - 10/20
trial 1 of 10...

=== PROMPT ===

System message: You are able to solve letter-string analogies

User message: Use the following alphabet to complete the pattern.

g b c d e f a q i t k z m l o p h n s j u v w x y r

First, describe 3 relevant exemplars that are distinct from this problem, then give the final answer. Answer with only the examples and the final answer with no further explanation. Put your final answer between double brackets. Note that the alphabet may be in an unfamiliar order. Complete the pattern using this order.

[v w x y o] [v w x y r]
[10 11 12 13 14 6 16 17 18] [


--- TARGET LETTERS ---

[np.int64(10), np.int64(11), np.int64(12), np.int64(13), np.int64(14), np.int64(15), np.int64(16), np.int64(17), np.int64(18)]
Full Qwen output: [1 2 3 4 5 6] [1 2 3 4 7]  
[apple banana cherry date] [apple banana cherry elderberry]  
[red blue green yellow] [red blue green orange]  

[[v w x y o] [v w x y r]]
Filtered Qwen output: v w x y o] [v w x y r
trial 2 of 10...
trial 3 of 10...
trial 4 of 10...
trial 5 of 10...
trial 6 of 10...
trial 7 of 10...
trial 8 of 10...
trial 9 of 10...
trial 10 of 10...
Problem type: 2gen_split5 - 11/20
trial 1 of 10...

=== PROMPT ===

System message: You are able to solve letter-string analogies

User message: Use the following alphabet to complete the pattern.

g b c d e f a q i t k z m l o p h n s j u v w x y r

First, describe 3 relevant exemplars that are distinct from this problem, then give the final answer. Answer with only the examples and the final answer with no further explanation. Put your final answer between double brackets. Note that the alphabet may be in an unfamiliar order. Complete the pattern using this order.

[a q i k t] [a q i t k]
[h h m m o o l l p p] [


--- TARGET LETTERS ---

['h', 'h', 'p', 'p', 'o', 'o', 'l', 'l', 'm', 'm']
Full Qwen output: 1. [a b c d e] [a b c e d]  
2. [x y z a b] [x y a b z]  
3. [p q r s t] [p q r t s]  

[[h h m m o o l l p p] [h h m m o o l l p p]]
Filtered Qwen output: h h m m o o l l p p] [h h m m o o l l p p
trial 2 of 10...
trial 3 of 10...
trial 4 of 10...
trial 5 of 10...
trial 6 of 10...
trial 7 of 10...
trial 8 of 10...
trial 9 of 10...
trial 10 of 10...
Problem type: 2gen_split6 - 12/20
trial 1 of 10...

=== PROMPT ===

System message: You are able to solve letter-string analogies

User message: Use the following alphabet to complete the pattern.

g b c d e f a q i t k z m l o p h n s j u v w x y r

First, describe 3 relevant exemplars that are distinct from this problem, then give the final answer. Answer with only the examples and the final answer with no further explanation. Put your final answer between double brackets. Note that the alphabet may be in an unfamiliar order. Complete the pattern using this order.

[t k z m] [t k z m l]
[f x q x t x z x] [


--- TARGET LETTERS ---

['f', 'x', 'q', 'x', 't', 'x', 'z', 'x', 'l', 'x']
Full Qwen output: 1. [a b c d] [a b c d e]  
2. [p q r s] [p q r s t]  
3. [m n o p] [m n o p q]  

[[f x q x t x z x l]]
Filtered Qwen output: f x q x t x z x l
trial 2 of 10...
trial 3 of 10...
trial 4 of 10...
trial 5 of 10...
trial 6 of 10...
trial 7 of 10...
trial 8 of 10...
trial 9 of 10...
trial 10 of 10...
Problem type: 2gensplit7 - 13/20
trial 1 of 10...

=== PROMPT ===

System message: You are able to solve letter-string analogies

User message: Use the following alphabet to complete the pattern.

g b c d e f a q i t k z m l o p h n s j u v w x y r

First, describe 3 relevant exemplars that are distinct from this problem, then give the final answer. Answer with only the examples and the final answer with no further explanation. Put your final answer between double brackets. Note that the alphabet may be in an unfamiliar order. Complete the pattern using this order.

[p h n s] [p h n s j]
[f f x x a a x x q q x x i i x x] [


--- TARGET LETTERS ---

['f', 'f', 'x', 'x', 'a', 'a', 'x', 'x', 'q', 'q', 'x', 'x', 'i', 'i', 'x', 'x', 't', 't', 'x', 'x']
Full Qwen output: 1. [a b c d] [a b c d e]  
2. [x y z a] [x y z a b]  
3. [m n o p] [m n o p q]  

[[f f x x a a x x q q x x i i x x j j]]
Filtered Qwen output: f f x x a a x x q q x x i i x x j j
trial 2 of 10...
trial 3 of 10...
trial 4 of 10...
trial 5 of 10...
trial 6 of 10...
trial 7 of 10...
trial 8 of 10...
trial 9 of 10...
trial 10 of 10...
Problem type: 3gen_split1 - 14/20
trial 1 of 10...

=== PROMPT ===

System message: You are able to solve letter-string analogies

User message: Use the following alphabet to complete the pattern.

g b c d e f a q i t k z m l o p h n s j u v w x y r

First, describe 3 relevant exemplars that are distinct from this problem, then give the final answer. Answer with only the examples and the final answer with no further explanation. Put your final answer between double brackets. Note that the alphabet may be in an unfamiliar order. Complete the pattern using this order.

[h n m j u] [h n s j u]
[t x i x a x e x c x] [


--- TARGET LETTERS ---

['k', 'x', 'i', 'x', 'a', 'x', 'e', 'x', 'c', 'x']
Full Qwen output: 1. [a b c d e] [a b f d e]  
2. [p q r s t] [p q u s t]  
3. [m n o p q] [m n r p q]  

[[t x i x a x e x c x] [t x i x a x e x g x]]
Filtered Qwen output: t x i x a x e x c x] [t x i x a x e x g x
trial 2 of 10...
trial 3 of 10...
trial 4 of 10...
trial 5 of 10...
trial 6 of 10...
trial 7 of 10...
trial 8 of 10...
trial 9 of 10...
trial 10 of 10...
Problem type: 3gen_split2 - 15/20
trial 1 of 10...

=== PROMPT ===

System message: You are able to solve letter-string analogies

User message: Use the following alphabet to complete the pattern.

g b c d e f a q i t k z m l o p h n s j u v w x y r

First, describe 3 relevant exemplars that are distinct from this problem, then give the final answer. Answer with only the examples and the final answer with no further explanation. Put your final answer between double brackets. Note that the alphabet may be in an unfamiliar order. Complete the pattern using this order.

[g b r d e] [g b c d e]
[y y w w u u n n] [


--- TARGET LETTERS ---

['y', 'y', 'w', 'w', 'u', 'u', 's', 's']
Full Qwen output: 1. [a b c d e] [a b c d]  
2. [x y z a b] [x y z a]  
3. [m n o p q] [m n o p]  

[[g b c d e f a q i t k z m l o p h n s j u v w x y r]]
Filtered Qwen output: g b c d e f a q i t k z m l o p h n s j u v w x y r
trial 2 of 10...
trial 3 of 10...
trial 4 of 10...
trial 5 of 10...
trial 6 of 10...
trial 7 of 10...
trial 8 of 10...
trial 9 of 10...
trial 10 of 10...
Problem type: 3gen_split3 - 16/20
trial 1 of 10...

=== PROMPT ===

System message: You are able to solve letter-string analogies

User message: Use the following alphabet to complete the pattern.

g b c d e f a q i t k z m l o p h n s j u v w x y r

First, describe 3 relevant exemplars that are distinct from this problem, then give the final answer. Answer with only the examples and the final answer with no further explanation. Put your final answer between double brackets. Note that the alphabet may be in an unfamiliar order. Complete the pattern using this order.

[d e t a q] [d e f a q]
[5 0 7 0 1 0 11 0 13 0] [


--- TARGET LETTERS ---

[np.int64(5), '0', np.int64(7), '0', np.int64(9), '0', np.int64(11), '0', np.int64(13), '0']
Full Qwen output: 1. [a b c d e] [a b c d e f]  
2. [x y z a b] [x y z a b c]  
3. [m n o p q] [m n o p q r]  

[[d e f a q]]
Filtered Qwen output: d e f a q
trial 2 of 10...
trial 3 of 10...
trial 4 of 10...
trial 5 of 10...
trial 6 of 10...
trial 7 of 10...
trial 8 of 10...
trial 9 of 10...
trial 10 of 10...
Problem type: 3gen_split4 - 17/20
trial 1 of 10...

=== PROMPT ===

System message: You are able to solve letter-string analogies

User message: Use the following alphabet to complete the pattern.

g b c d e f a q i t k z m l o p h n s j u v w x y r

First, describe 3 relevant exemplars that are distinct from this problem, then give the final answer. Answer with only the examples and the final answer with no further explanation. Put your final answer between double brackets. Note that the alphabet may be in an unfamiliar order. Complete the pattern using this order.

[t k z m] [t k z m l]
[g g x x b b x x c c x x d d x x e e x x f f x x a a x x q q x x] [


--- TARGET LETTERS ---

['g', 'g', 'x', 'x', 'b', 'b', 'x', 'x', 'c', 'c', 'x', 'x', 'd', 'd', 'x', 'x', 'e', 'e', 'x', 'x', 'f', 'f', 'x', 'x', 'a', 'a', 'x', 'x', 'q', 'q', 'x', 'x', 'i', 'i', 'x', 'x']
Full Qwen output: 1. [a b c d e f g] [a b c d e f g h]  
2. [x y z a b c d] [x y z a b c d e]  
3. [m n o p q r s] [m n o p q r s t]  

[[t k z m l o p]]
Filtered Qwen output: t k z m l o p
trial 2 of 10...
trial 3 of 10...
trial 4 of 10...
trial 5 of 10...
trial 6 of 10...
trial 7 of 10...
trial 8 of 10...
trial 9 of 10...
trial 10 of 10...
Problem type: 3gen_split5 - 18/20
trial 1 of 10...

=== PROMPT ===

System message: You are able to solve letter-string analogies

User message: Use the following alphabet to complete the pattern.

g b c d e f a q i t k z m l o p h n s j u v w x y r

First, describe 3 relevant exemplars that are distinct from this problem, then give the final answer. Answer with only the examples and the final answer with no further explanation. Put your final answer between double brackets. Note that the alphabet may be in an unfamiliar order. Complete the pattern using this order.

[s j v u w] [s j u v w]
[w u s h o m i k a] [


--- TARGET LETTERS ---

['w', 'u', 's', 'h', 'o', 'm', 'k', 'i', 'a']
Full Qwen output: 1. [a b c d e] [a b d c e]  
2. [x y z a b] [x z y a b]  
3. [p q r s t] [p r q s t]  

[[w u s h o m i k a] [w u h s o m i k a]]
Filtered Qwen output: w u s h o m i k a] [w u h s o m i k a
trial 2 of 10...
trial 3 of 10...
trial 4 of 10...
trial 5 of 10...
trial 6 of 10...
trial 7 of 10...
trial 8 of 10...
trial 9 of 10...
trial 10 of 10...
Problem type: 3gen_split6 - 19/20
trial 1 of 10...

=== PROMPT ===

System message: You are able to solve letter-string analogies

User message: Use the following alphabet to complete the pattern.

g b c d e f a q i t k z m l o p h n s j u v w x y r

First, describe 3 relevant exemplars that are distinct from this problem, then give the final answer. Answer with only the examples and the final answer with no further explanation. Put your final answer between double brackets. Note that the alphabet may be in an unfamiliar order. Complete the pattern using this order.

[f f a q i t] [f a q i t]
[4 4 0 0 5 5 0 0 6 6 0 0 7 7 0 0 8 8 0 0 8 8 0 0] [


--- TARGET LETTERS ---

[np.int64(4), np.int64(4), '0', '0', np.int64(5), np.int64(5), '0', '0', np.int64(6), np.int64(6), '0', '0', np.int64(7), np.int64(7), '0', '0', np.int64(8), np.int64(8), '0', '0']
Full Qwen output: 1. [a b c d e f g] [b c d e f g]  
2. [x y z a b c d] [y z a b c d]  
3. [1 2 3 4 5 6 7] [2 3 4 5 6 7]  

[[f a q i t]]
Filtered Qwen output: f a q i t
trial 2 of 10...
trial 3 of 10...
trial 4 of 10...
trial 5 of 10...
trial 6 of 10...
trial 7 of 10...
trial 8 of 10...
trial 9 of 10...
trial 10 of 10...
Problem type: 3gensplit7 - 20/20
trial 1 of 10...

=== PROMPT ===

System message: You are able to solve letter-string analogies

User message: Use the following alphabet to complete the pattern.

g b c d e f a q i t k z m l o p h n s j u v w x y r

First, describe 3 relevant exemplars that are distinct from this problem, then give the final answer. Answer with only the examples and the final answer with no further explanation. Put your final answer between double brackets. Note that the alphabet may be in an unfamiliar order. Complete the pattern using this order.

[e f a q] [e f a q i]
[d d f f q q t t z z l l p p n n] [


--- TARGET LETTERS ---

['d', 'd', 'f', 'f', 'q', 'q', 't', 't', 'z', 'z', 'l', 'l', 'p', 'p', 'n', 'n', 'j', 'j']
Full Qwen output: 1. [a b c d] [a b c d e]  
2. [x y z a] [x y z a b]  
3. [m n o p] [m n o p q]  

[[d d f f q q t t z z l l p p n n s s]]
Filtered Qwen output: d d f f q q t t z z l l p p n n s s
trial 2 of 10...
trial 3 of 10...
trial 4 of 10...
trial 5 of 10...
trial 6 of 10...
trial 7 of 10...
trial 8 of 10...
trial 9 of 10...
trial 10 of 10...
alph_5
e a c d b f g r i j k w m p n h q l s t u v o x y z
Problem type: larger_int - 1/20
trial 1 of 10...

=== PROMPT ===

System message: You are able to solve letter-string analogies

User message: Use the following alphabet to complete the pattern.

e a c d b f g r i j k w m p n h q l s t u v o x y z

First, describe 3 relevant exemplars that are distinct from this problem, then give the final answer. Answer with only the examples and the final answer with no further explanation. Put your final answer between double brackets. Note that the alphabet may be in an unfamiliar order. Complete the pattern using this order.

[g r i k j] [g r i j k]
[q s u y o] [


--- TARGET LETTERS ---

['q', 's', 'u', 'o', 'y']
Full Qwen output: 1. [a b c d e] [a b c d e]  
2. [x y z a b] [x y z a b]  
3. [m n o p q] [m n o p q]  

[[q s u y o] [q s u y o]]
Filtered Qwen output: q s u y o] [q s u y o
trial 2 of 10...
trial 3 of 10...
trial 4 of 10...
trial 5 of 10...
trial 6 of 10...
trial 7 of 10...
trial 8 of 10...
trial 9 of 10...
trial 10 of 10...
Problem type: longer_targ - 2/20
trial 1 of 10...

=== PROMPT ===

System message: You are able to solve letter-string analogies

User message: Use the following alphabet to complete the pattern.

e a c d b f g r i j k w m p n h q l s t u v o x y z

First, describe 3 relevant exemplars that are distinct from this problem, then give the final answer. Answer with only the examples and the final answer with no further explanation. Put your final answer between double brackets. Note that the alphabet may be in an unfamiliar order. Complete the pattern using this order.

[p n h q] [p n h q l]
[g r i j k w m p] [


--- TARGET LETTERS ---

['g', 'r', 'i', 'j', 'k', 'w', 'm', 'p', 'n']
Full Qwen output: 1. [a b c] [a b c d]  
2. [x y z] [x y z w]  
3. [m n o] [m n o p]  

[[g r i j k w m p n h q l]]
Filtered Qwen output: g r i j k w m p n h q l
trial 2 of 10...
trial 3 of 10...
trial 4 of 10...
trial 5 of 10...
trial 6 of 10...
trial 7 of 10...
trial 8 of 10...
trial 9 of 10...
trial 10 of 10...
Problem type: group - 3/20
trial 1 of 10...

=== PROMPT ===

System message: You are able to solve letter-string analogies

User message: Use the following alphabet to complete the pattern.

e a c d b f g r i j k w m p n h q l s t u v o x y z

First, describe 3 relevant exemplars that are distinct from this problem, then give the final answer. Answer with only the examples and the final answer with no further explanation. Put your final answer between double brackets. Note that the alphabet may be in an unfamiliar order. Complete the pattern using this order.

[s p u v o] [s t u v o]
[o o w w m m p p n n] [


--- TARGET LETTERS ---

['k', 'k', 'w', 'w', 'm', 'm', 'p', 'p', 'n', 'n']
Full Qwen output: 1. [a b c d e] [a b c d e]  
2. [x y z a b] [x y z a b]  
3. [m n o p q] [m n o p q]  

[[s t u v o]]
Filtered Qwen output: s t u v o
trial 2 of 10...
trial 3 of 10...
trial 4 of 10...
trial 5 of 10...
trial 6 of 10...
trial 7 of 10...
trial 8 of 10...
trial 9 of 10...
trial 10 of 10...
Problem type: interleaved - 4/20
trial 1 of 10...

=== PROMPT ===

System message: You are able to solve letter-string analogies

User message: Use the following alphabet to complete the pattern.

e a c d b f g r i j k w m p n h q l s t u v o x y z

First, describe 3 relevant exemplars that are distinct from this problem, then give the final answer. Answer with only the examples and the final answer with no further explanation. Put your final answer between double brackets. Note that the alphabet may be in an unfamiliar order. Complete the pattern using this order.

[l s t u] [l s t v]
[a x c x d x b x] [


--- TARGET LETTERS ---

['a', 'x', 'c', 'x', 'd', 'x', 'f', 'x']
Full Qwen output: 1. [a b c d] [a b c e]  
2. [p q r s] [p q r t]  
3. [m n o p] [m n o q]  

[[a x c x d x b x] [a x c x d x b y]]
Filtered Qwen output: a x c x d x b x] [a x c x d x b y
trial 2 of 10...
trial 3 of 10...
trial 4 of 10...
trial 5 of 10...
trial 6 of 10...
trial 7 of 10...
trial 8 of 10...
trial 9 of 10...
trial 10 of 10...
Problem type: letter2num - 5/20
trial 1 of 10...

=== PROMPT ===

System message: You are able to solve letter-string analogies

User message: Use the following alphabet to complete the pattern.

e a c d b f g r i j k w m p n h q l s t u v o x y z

First, describe 3 relevant exemplars that are distinct from this problem, then give the final answer. Answer with only the examples and the final answer with no further explanation. Put your final answer between double brackets. Note that the alphabet may be in an unfamiliar order. Complete the pattern using this order.

[n h q l] [n h q s]
[19 20 21 22] [


--- TARGET LETTERS ---

[np.int64(19), np.int64(20), np.int64(21), np.int64(23)]
Full Qwen output: 1. [a b c d] [a b c e]  
2. [x y z a] [x y z b]  
3. [p q r s] [p q r t]  

[[n h q t]]
Filtered Qwen output: n h q t
trial 2 of 10...
trial 3 of 10...
trial 4 of 10...
trial 5 of 10...
trial 6 of 10...
trial 7 of 10...
trial 8 of 10...
trial 9 of 10...
trial 10 of 10...
Problem type: reverse - 6/20
trial 1 of 10...

=== PROMPT ===

System message: You are able to solve letter-string analogies

User message: Use the following alphabet to complete the pattern.

e a c d b f g r i j k w m p n h q l s t u v o x y z

First, describe 3 relevant exemplars that are distinct from this problem, then give the final answer. Answer with only the examples and the final answer with no further explanation. Put your final answer between double brackets. Note that the alphabet may be in an unfamiliar order. Complete the pattern using this order.

[k i j r w] [r i j k w]
[h n w m p] [


--- TARGET LETTERS ---

['h', 'n', 'p', 'm', 'w']
Full Qwen output: 1. [a b c d e] [b c d e f]  
2. [x y z e a] [y z e a c]  
3. [m p n h q] [p n h q l]  

[[w m p n h] [m p n h q]]
Filtered Qwen output: w m p n h] [m p n h q
trial 2 of 10...
trial 3 of 10...
trial 4 of 10...
trial 5 of 10...
trial 6 of 10...
trial 7 of 10...
trial 8 of 10...
trial 9 of 10...
trial 10 of 10...
Problem type: 2gen_split1 - 7/20
trial 1 of 10...

=== PROMPT ===

System message: You are able to solve letter-string analogies

User message: Use the following alphabet to complete the pattern.

e a c d b f g r i j k w m p n h q l s t u v o x y z

First, describe 3 relevant exemplars that are distinct from this problem, then give the final answer. Answer with only the examples and the final answer with no further explanation. Put your final answer between double brackets. Note that the alphabet may be in an unfamiliar order. Complete the pattern using this order.

[u v o x] [u v o y]
[i i j j k k w w m m p p n n h h] [


--- TARGET LETTERS ---

['i', 'i', 'j', 'j', 'k', 'k', 'w', 'w', 'm', 'm', 'p', 'p', 'n', 'n', 'q', 'q']
Full Qwen output: e a c d b f g r i j k w m p n h q l s t u v o x y z

[[u v o x] [u v o y]]  
[[i i j j k k w w m m p p n n h h] [i i j j k k w w m m p p n n h h q q]]  
[[e a c d b f g r i j k w m p n h q l s t u v o x y z] [e a c d b f g r i j k w m p n h q l s t
Filtered Qwen output: u v o x] [u v o y
trial 2 of 10...
trial 3 of 10...
trial 4 of 10...
trial 5 of 10...
trial 6 of 10...
trial 7 of 10...
trial 8 of 10...
trial 9 of 10...
trial 10 of 10...
Problem type: 2gen_split2 - 8/20
trial 1 of 10...

=== PROMPT ===

System message: You are able to solve letter-string analogies

User message: Use the following alphabet to complete the pattern.

e a c d b f g r i j k w m p n h q l s t u v o x y z

First, describe 3 relevant exemplars that are distinct from this problem, then give the final answer. Answer with only the examples and the final answer with no further explanation. Put your final answer between double brackets. Note that the alphabet may be in an unfamiliar order. Complete the pattern using this order.

[w m p n] [w m p n h]
[t t s s l l q q] [


--- TARGET LETTERS ---

['t', 't', 's', 's', 'l', 'l', 'q', 'q', 'h', 'h']
Full Qwen output: 1. [a b c d] [a b c d e]  
2. [x y z a] [x y z a b]  
3. [p q r s] [p q r s t]  

[[t t s s l l q q r]]
Filtered Qwen output: t t s s l l q q r
trial 2 of 10...
trial 3 of 10...
trial 4 of 10...
trial 5 of 10...
trial 6 of 10...
trial 7 of 10...
trial 8 of 10...
trial 9 of 10...
trial 10 of 10...
Problem type: 2gen_split3 - 9/20
trial 1 of 10...

=== PROMPT ===

System message: You are able to solve letter-string analogies

User message: Use the following alphabet to complete the pattern.

e a c d b f g r i j k w m p n h q l s t u v o x y z

First, describe 3 relevant exemplars that are distinct from this problem, then give the final answer. Answer with only the examples and the final answer with no further explanation. Put your final answer between double brackets. Note that the alphabet may be in an unfamiliar order. Complete the pattern using this order.

[e a c d] [e a c b]
[j x w x p x h x] [


--- TARGET LETTERS ---

['j', 'x', 'w', 'x', 'p', 'x', 'l', 'x']
Full Qwen output: 1. [a b c d] [a b c b]  
2. [m n o p] [m n o n]  
3. [r s t u] [r s t t]  

[[j x w x p x h x] [j x w x p x h x]]
Filtered Qwen output: j x w x p x h x] [j x w x p x h x
trial 2 of 10...
trial 3 of 10...
trial 4 of 10...
trial 5 of 10...
trial 6 of 10...
trial 7 of 10...
trial 8 of 10...
trial 9 of 10...
trial 10 of 10...
Problem type: 2gen_split4 - 10/20
trial 1 of 10...

=== PROMPT ===

System message: You are able to solve letter-string analogies

User message: Use the following alphabet to complete the pattern.

e a c d b f g r i j k w m p n h q l s t u v o x y z

First, describe 3 relevant exemplars that are distinct from this problem, then give the final answer. Answer with only the examples and the final answer with no further explanation. Put your final answer between double brackets. Note that the alphabet may be in an unfamiliar order. Complete the pattern using this order.

[i j k w] [i j k w m]
[25 24 23 22] [


--- TARGET LETTERS ---

[np.int64(25), np.int64(24), np.int64(23), np.int64(22), np.int64(21)]
Full Qwen output: 1. [a b c d] [a b c d e]  
2. [x y z a] [x y z a b]  
3. [m n o p] [m n o p q]  

[[i j k w m p]]
Filtered Qwen output: i j k w m p
trial 2 of 10...
trial 3 of 10...
trial 4 of 10...
trial 5 of 10...
trial 6 of 10...
trial 7 of 10...
trial 8 of 10...
trial 9 of 10...
trial 10 of 10...
Problem type: 2gen_split5 - 11/20
trial 1 of 10...

=== PROMPT ===

System message: You are able to solve letter-string analogies

User message: Use the following alphabet to complete the pattern.

e a c d b f g r i j k w m p n h q l s t u v o x y z

First, describe 3 relevant exemplars that are distinct from this problem, then give the final answer. Answer with only the examples and the final answer with no further explanation. Put your final answer between double brackets. Note that the alphabet may be in an unfamiliar order. Complete the pattern using this order.

[t u v o] [t u v o x]
[n n p p m m w w] [


--- TARGET LETTERS ---

['n', 'n', 'p', 'p', 'm', 'm', 'w', 'w', 'k', 'k']
Full Qwen output: 1. [a b c] [a b c d]  
2. [x y z] [x y z e]  
3. [m n o] [m n o p]  

[[n n p p m m w w] [n n p p m m w w x]]
Filtered Qwen output: n n p p m m w w] [n n p p m m w w x
trial 2 of 10...
trial 3 of 10...
trial 4 of 10...
trial 5 of 10...
trial 6 of 10...
trial 7 of 10...
trial 8 of 10...
trial 9 of 10...
trial 10 of 10...
Problem type: 2gen_split6 - 12/20
trial 1 of 10...

=== PROMPT ===

System message: You are able to solve letter-string analogies

User message: Use the following alphabet to complete the pattern.

e a c d b f g r i j k w m p n h q l s t u v o x y z

First, describe 3 relevant exemplars that are distinct from this problem, then give the final answer. Answer with only the examples and the final answer with no further explanation. Put your final answer between double brackets. Note that the alphabet may be in an unfamiliar order. Complete the pattern using this order.

[b f g r] [b f g i]
[9 10 11 12 13 14 15 16] [


--- TARGET LETTERS ---

[np.int64(9), np.int64(10), np.int64(11), np.int64(12), np.int64(13), np.int64(14), np.int64(15), np.int64(17)]
Full Qwen output: 1. [a b c d] [a b c e]  
2. [x y z a] [x y z b]  
3. [m n o p] [m n o q]  

[[b f g j]]
Filtered Qwen output: b f g j
trial 2 of 10...
trial 3 of 10...
trial 4 of 10...
trial 5 of 10...
trial 6 of 10...
trial 7 of 10...
trial 8 of 10...
trial 9 of 10...
trial 10 of 10...
Problem type: 2gensplit7 - 13/20
trial 1 of 10...

=== PROMPT ===

System message: You are able to solve letter-string analogies

User message: Use the following alphabet to complete the pattern.

e a c d b f g r i j k w m p n h q l s t u v o x y z

First, describe 3 relevant exemplars that are distinct from this problem, then give the final answer. Answer with only the examples and the final answer with no further explanation. Put your final answer between double brackets. Note that the alphabet may be in an unfamiliar order. Complete the pattern using this order.

[m p p n h q] [m p n h q]
[r x j x w x w x p x h x] [


--- TARGET LETTERS ---

['r', 'x', 'j', 'x', 'w', 'x', 'p', 'x', 'h', 'x']
Full Qwen output: 1. [a b c d e] [a b c d]  
2. [x y z a b] [x y z a]  
3. [p q r s t] [p q r s]  

[[r x j x w x w x p x h x] [r x j x w x w x p x h]]
Filtered Qwen output: r x j x w x w x p x h x] [r x j x w x w x p x h
trial 2 of 10...
trial 3 of 10...
trial 4 of 10...
trial 5 of 10...
trial 6 of 10...
trial 7 of 10...
trial 8 of 10...
trial 9 of 10...
trial 10 of 10...
Problem type: 3gen_split1 - 14/20
trial 1 of 10...

=== PROMPT ===

System message: You are able to solve letter-string analogies

User message: Use the following alphabet to complete the pattern.

e a c d b f g r i j k w m p n h q l s t u v o x y z

First, describe 3 relevant exemplars that are distinct from this problem, then give the final answer. Answer with only the examples and the final answer with no further explanation. Put your final answer between double brackets. Note that the alphabet may be in an unfamiliar order. Complete the pattern using this order.

[w m p n] [w m p n h]
[m m k k i i g g] [


--- TARGET LETTERS ---

['m', 'm', 'k', 'k', 'i', 'i', 'g', 'g', 'b', 'b']
Full Qwen output: 1. [a b c d] [a b c d e]  
2. [x y z a] [x y z a b]  
3. [p q r s] [p q r s t]  

[[m m k k i i g g h h]]
Filtered Qwen output: m m k k i i g g h h
trial 2 of 10...
trial 3 of 10...
trial 4 of 10...
trial 5 of 10...
trial 6 of 10...
trial 7 of 10...
trial 8 of 10...
trial 9 of 10...
trial 10 of 10...
Problem type: 3gen_split2 - 15/20
trial 1 of 10...

=== PROMPT ===

System message: You are able to solve letter-string analogies

User message: Use the following alphabet to complete the pattern.

e a c d b f g r i j k w m p n h q l s t u v o x y z

First, describe 3 relevant exemplars that are distinct from this problem, then give the final answer. Answer with only the examples and the final answer with no further explanation. Put your final answer between double brackets. Note that the alphabet may be in an unfamiliar order. Complete the pattern using this order.

[u v o x x y] [u v o x y]
[26 25 24 23 22 21 21 20 19 18] [


--- TARGET LETTERS ---

[np.int64(26), np.int64(25), np.int64(24), np.int64(23), np.int64(22), np.int64(21), np.int64(20), np.int64(19), np.int64(18)]
Full Qwen output: 1. [a b c d e f] [a b c d e]  
2. [1 2 3 4 5 6] [1 2 3 4 5]  
3. [m n o p q r] [m n o p q]  

[[u v o x y z] [u v o x y]]
Filtered Qwen output: u v o x y z] [u v o x y
trial 2 of 10...
trial 3 of 10...
trial 4 of 10...
trial 5 of 10...
trial 6 of 10...
trial 7 of 10...
trial 8 of 10...
trial 9 of 10...
trial 10 of 10...
Problem type: 3gen_split3 - 16/20
trial 1 of 10...

=== PROMPT ===

System message: You are able to solve letter-string analogies

User message: Use the following alphabet to complete the pattern.

e a c d b f g r i j k w m p n h q l s t u v o x y z

First, describe 3 relevant exemplars that are distinct from this problem, then give the final answer. Answer with only the examples and the final answer with no further explanation. Put your final answer between double brackets. Note that the alphabet may be in an unfamiliar order. Complete the pattern using this order.

[a c d b] [a c d b f]
[y o u s q n m k] [


--- TARGET LETTERS ---

['y', 'o', 'u', 's', 'q', 'n', 'm', 'k', 'i']
Full Qwen output: 1. [a b c d] [a b c d e]  
2. [x y z a] [x y z a b]  
3. [p q r s] [p q r s t]  

[[y o u s q n m k w]]
Filtered Qwen output: y o u s q n m k w
trial 2 of 10...
trial 3 of 10...
trial 4 of 10...
trial 5 of 10...
trial 6 of 10...
trial 7 of 10...
trial 8 of 10...
trial 9 of 10...
trial 10 of 10...
Problem type: 3gen_split4 - 17/20
trial 1 of 10...

=== PROMPT ===

System message: You are able to solve letter-string analogies

User message: Use the following alphabet to complete the pattern.

e a c d b f g r i j k w m p n h q l s t u v o x y z

First, describe 3 relevant exemplars that are distinct from this problem, then give the final answer. Answer with only the examples and the final answer with no further explanation. Put your final answer between double brackets. Note that the alphabet may be in an unfamiliar order. Complete the pattern using this order.

[u v o x r] [u v o x y]
[20 19 22 17 16 15 14 13 12] [


--- TARGET LETTERS ---

[np.int64(20), np.int64(19), np.int64(18), np.int64(17), np.int64(16), np.int64(15), np.int64(14), np.int64(13), np.int64(12)]
Full Qwen output: 1. [a b c d e] [a b c d e f]  
2. [x y z a b] [x y z a b c]  
3. [m n o p q] [m n o p q r]  

[[u v o x y z]]
Filtered Qwen output: u v o x y z
trial 2 of 10...
trial 3 of 10...
trial 4 of 10...
trial 5 of 10...
trial 6 of 10...
trial 7 of 10...
trial 8 of 10...
trial 9 of 10...
trial 10 of 10...
Problem type: 3gen_split5 - 18/20
trial 1 of 10...

=== PROMPT ===

System message: You are able to solve letter-string analogies

User message: Use the following alphabet to complete the pattern.

e a c d b f g r i j k w m p n h q l s t u v o x y z

First, describe 3 relevant exemplars that are distinct from this problem, then give the final answer. Answer with only the examples and the final answer with no further explanation. Put your final answer between double brackets. Note that the alphabet may be in an unfamiliar order. Complete the pattern using this order.

[n w m p k] [k w m p n]
[p p x x h h x x n n x x q q x x m m x x] [


--- TARGET LETTERS ---

['q', 'q', 'x', 'x', 'h', 'h', 'x', 'x', 'n', 'n', 'x', 'x', 'p', 'p', 'x', 'x', 'm', 'm', 'x', 'x']
Full Qwen output: e a c d b f g r i j k w m p n h q l s t u v o x y z

Examples:  
[dog cat rat] [rat cat dog]  
[red red blue blue green green blue blue yellow yellow blue blue orange orange blue blue]  
[1 2 3 4 5] [5 4 3 2 1]  

[[n w m p k] [k w m p n]] [[p p x x h h x x n n x x q q x x m m x x]]
Filtered Qwen output: n w m p k] [k w m p n
trial 2 of 10...
trial 3 of 10...
trial 4 of 10...
trial 5 of 10...
trial 6 of 10...
trial 7 of 10...
trial 8 of 10...
trial 9 of 10...
trial 10 of 10...
Problem type: 3gen_split6 - 19/20
trial 1 of 10...

=== PROMPT ===

System message: You are able to solve letter-string analogies

User message: Use the following alphabet to complete the pattern.

e a c d b f g r i j k w m p n h q l s t u v o x y z

First, describe 3 relevant exemplars that are distinct from this problem, then give the final answer. Answer with only the examples and the final answer with no further explanation. Put your final answer between double brackets. Note that the alphabet may be in an unfamiliar order. Complete the pattern using this order.

[e a c d] [e a c b]
[j j x x k k x x w w x x m m x x p p x x n n x x h h x x q q x x] [


--- TARGET LETTERS ---

['j', 'j', 'x', 'x', 'k', 'k', 'x', 'x', 'w', 'w', 'x', 'x', 'm', 'm', 'x', 'x', 'p', 'p', 'x', 'x', 'n', 'n', 'x', 'x', 'h', 'h', 'x', 'x', 'l', 'l', 'x', 'x']
Full Qwen output: 1. [a b c d] [a b c b]  
2. [x y z a] [x y z y]  
3. [m n o p] [m n o n]  

[[j j x x k k x x w w x x m m x x p p x x n n x x h h x x q q x x] [j j x x k k x x w w x x m m x x p p x x n n x x h h x x q q x x]]
Filtered Qwen output: j j x x k k x x w w x x m m x x p p x x n n x x h h x x q q x x] [j j x x k k x x w w x x m m x x p p x x n n x x h h x x q q x x
trial 2 of 10...
trial 3 of 10...
trial 4 of 10...
trial 5 of 10...
trial 6 of 10...
trial 7 of 10...
trial 8 of 10...
trial 9 of 10...
trial 10 of 10...
Problem type: 3gensplit7 - 20/20
trial 1 of 10...

=== PROMPT ===

System message: You are able to solve letter-string analogies

User message: Use the following alphabet to complete the pattern.

e a c d b f g r i j k w m p n h q l s t u v o x y z

First, describe 3 relevant exemplars that are distinct from this problem, then give the final answer. Answer with only the examples and the final answer with no further explanation. Put your final answer between double brackets. Note that the alphabet may be in an unfamiliar order. Complete the pattern using this order.

[p n h q] [m n h q]
[o o x x v v x x u u x x t t x x] [


--- TARGET LETTERS ---

['x', 'x', 'x', 'x', 'v', 'v', 'x', 'x', 'u', 'u', 'x', 'x', 't', 't', 'x', 'x']
Full Qwen output: 1. [a b c d] [b c d e]  
2. [x y z a] [y z a b]  
3. [p q r s] [q r s t]  

[[p n h q] [m n h q] [o o x x v v x x u u x x t t x x] [p p w w s s w w r r w w q q w w]]
Filtered Qwen output: p n h q] [m n h q] [o o x x v v x x u u x x t t x x] [p p w w s s w w r r w w q q w w
trial 2 of 10...
trial 3 of 10...
trial 4 of 10...
trial 5 of 10...
trial 6 of 10...
trial 7 of 10...
trial 8 of 10...
trial 9 of 10...
trial 10 of 10...
alph_6
a b s d e f g o i j k c x n h p q t y r u v w l m z
Problem type: larger_int - 1/20
trial 1 of 10...

=== PROMPT ===

System message: You are able to solve letter-string analogies

User message: Use the following alphabet to complete the pattern.

a b s d e f g o i j k c x n h p q t y r u v w l m z

First, describe 3 relevant exemplars that are distinct from this problem, then give the final answer. Answer with only the examples and the final answer with no further explanation. Put your final answer between double brackets. Note that the alphabet may be in an unfamiliar order. Complete the pattern using this order.

[d e f g] [d e f g o]
[s e g i] [


--- TARGET LETTERS ---

['s', 'e', 'g', 'i', 'k']
Full Qwen output: 1. [a b c d] [a b c d e]  
2. [x y z a] [x y z a b]  
3. [m n o p] [m n o p q]  

[[s e g i] [s e g i j]]
Filtered Qwen output: s e g i] [s e g i j
trial 2 of 10...
trial 3 of 10...
trial 4 of 10...
trial 5 of 10...
trial 6 of 10...
trial 7 of 10...
trial 8 of 10...
trial 9 of 10...
trial 10 of 10...
Problem type: longer_targ - 2/20
trial 1 of 10...

=== PROMPT ===

System message: You are able to solve letter-string analogies

User message: Use the following alphabet to complete the pattern.

a b s d e f g o i j k c x n h p q t y r u v w l m z

First, describe 3 relevant exemplars that are distinct from this problem, then give the final answer. Answer with only the examples and the final answer with no further explanation. Put your final answer between double brackets. Note that the alphabet may be in an unfamiliar order. Complete the pattern using this order.

[p q r y t] [p q t y r]
[h i j k c x n o p] [


--- TARGET LETTERS ---

['o', 'i', 'j', 'k', 'c', 'x', 'n', 'h', 'p']
Full Qwen output: 1. [a b c d e] [e d c b a]  
2. [s t u v w] [w v u t s]  
3. [f g h i j] [j i h g f]  

[[h i j k c x n o p] [p o n x c k j i h]]
Filtered Qwen output: h i j k c x n o p] [p o n x c k j i h
trial 2 of 10...
trial 3 of 10...
trial 4 of 10...
trial 5 of 10...
trial 6 of 10...
trial 7 of 10...
trial 8 of 10...
trial 9 of 10...
trial 10 of 10...
Problem type: group - 3/20
trial 1 of 10...

=== PROMPT ===

System message: You are able to solve letter-string analogies

User message: Use the following alphabet to complete the pattern.

a b s d e f g o i j k c x n h p q t y r u v w l m z

First, describe 3 relevant exemplars that are distinct from this problem, then give the final answer. Answer with only the examples and the final answer with no further explanation. Put your final answer between double brackets. Note that the alphabet may be in an unfamiliar order. Complete the pattern using this order.

[d e f g] [s e f g]
[g g o o i i j j] [


--- TARGET LETTERS ---

['f', 'f', 'o', 'o', 'i', 'i', 'j', 'j']
Full Qwen output: 1. [a b c d] [e f g h]  
2. [x y z a] [b c d e]  
3. [m n o p] [q r s t]  

[[o o i i j j] [k c x n h p]]
Filtered Qwen output: o o i i j j] [k c x n h p
trial 2 of 10...
trial 3 of 10...
trial 4 of 10...
trial 5 of 10...
trial 6 of 10...
trial 7 of 10...
trial 8 of 10...
trial 9 of 10...
trial 10 of 10...
Problem type: interleaved - 4/20
trial 1 of 10...

=== PROMPT ===

System message: You are able to solve letter-string analogies

User message: Use the following alphabet to complete the pattern.

a b s d e f g o i j k c x n h p q t y r u v w l m z

First, describe 3 relevant exemplars that are distinct from this problem, then give the final answer. Answer with only the examples and the final answer with no further explanation. Put your final answer between double brackets. Note that the alphabet may be in an unfamiliar order. Complete the pattern using this order.

[c x n u p] [c x n h p]
[m x c x x x n x h x] [


--- TARGET LETTERS ---

['k', 'x', 'c', 'x', 'x', 'x', 'n', 'x', 'h', 'x']
Full Qwen output: 1. [a b c d e] [a b c d]  
2. [p q r s t] [p q r]  
3. [x y z a b] [x y a b]  

[[m x c x x x n x h x] [m x c x x x n x h]]
Filtered Qwen output: m x c x x x n x h x] [m x c x x x n x h
trial 2 of 10...
trial 3 of 10...
trial 4 of 10...
trial 5 of 10...
trial 6 of 10...
trial 7 of 10...
trial 8 of 10...
trial 9 of 10...
trial 10 of 10...
Problem type: letter2num - 5/20
trial 1 of 10...

=== PROMPT ===

System message: You are able to solve letter-string analogies

User message: Use the following alphabet to complete the pattern.

a b s d e f g o i j k c x n h p q t y r u v w l m z

First, describe 3 relevant exemplars that are distinct from this problem, then give the final answer. Answer with only the examples and the final answer with no further explanation. Put your final answer between double brackets. Note that the alphabet may be in an unfamiliar order. Complete the pattern using this order.

[g o i j] [g o i k]
[22 23 24 25] [


--- TARGET LETTERS ---

[np.int64(22), np.int64(23), np.int64(24), np.int64(26)]
Full Qwen output: 1. [a b c d] [a b c e]  
2. [x y z a] [x y z b]  
3. [m n o p] [m n o q]  

[[g o i l]]
Filtered Qwen output: g o i l
trial 2 of 10...
trial 3 of 10...
trial 4 of 10...
trial 5 of 10...
trial 6 of 10...
trial 7 of 10...
trial 8 of 10...
trial 9 of 10...
trial 10 of 10...
Problem type: reverse - 6/20
trial 1 of 10...

=== PROMPT ===

System message: You are able to solve letter-string analogies

User message: Use the following alphabet to complete the pattern.

a b s d e f g o i j k c x n h p q t y r u v w l m z

First, describe 3 relevant exemplars that are distinct from this problem, then give the final answer. Answer with only the examples and the final answer with no further explanation. Put your final answer between double brackets. Note that the alphabet may be in an unfamiliar order. Complete the pattern using this order.

[y r u v] [t r u v]
[f e d s] [


--- TARGET LETTERS ---

['g', 'e', 'd', 's']
Full Qwen output: 1. [a b c d] [e f g h]  
2. [x y z a] [b c d e]  
3. [m n o p] [q r s t]  

[[w l m z] [a b s d]]
Filtered Qwen output: w l m z] [a b s d
trial 2 of 10...
trial 3 of 10...
trial 4 of 10...
trial 5 of 10...
trial 6 of 10...
trial 7 of 10...
trial 8 of 10...
trial 9 of 10...
trial 10 of 10...
Problem type: 2gen_split1 - 7/20
trial 1 of 10...

=== PROMPT ===

System message: You are able to solve letter-string analogies

User message: Use the following alphabet to complete the pattern.

a b s d e f g o i j k c x n h p q t y r u v w l m z

First, describe 3 relevant exemplars that are distinct from this problem, then give the final answer. Answer with only the examples and the final answer with no further explanation. Put your final answer between double brackets. Note that the alphabet may be in an unfamiliar order. Complete the pattern using this order.

[h j q t y] [h p q t y]
[l x y x t x q x p x] [


--- TARGET LETTERS ---

['r', 'x', 'y', 'x', 't', 'x', 'q', 'x', 'p', 'x']
Full Qwen output: 1. [a c e g i] [a e i o u]  
2. [b d f h j] [b f j n p]  
3. [s d f g h] [s f h j l]  

[[l x y x t x q x p x] [l x y x t x q x p x]]
Filtered Qwen output: l x y x t x q x p x] [l x y x t x q x p x
trial 2 of 10...
trial 3 of 10...
trial 4 of 10...
trial 5 of 10...
trial 6 of 10...
trial 7 of 10...
trial 8 of 10...
trial 9 of 10...
trial 10 of 10...
Problem type: 2gen_split2 - 8/20
trial 1 of 10...

=== PROMPT ===

System message: You are able to solve letter-string analogies

User message: Use the following alphabet to complete the pattern.

a b s d e f g o i j k c x n h p q t y r u v w l m z

First, describe 3 relevant exemplars that are distinct from this problem, then give the final answer. Answer with only the examples and the final answer with no further explanation. Put your final answer between double brackets. Note that the alphabet may be in an unfamiliar order. Complete the pattern using this order.

[s d e f] [b d e f]
[23 23 24 24 25 25 26 26] [


--- TARGET LETTERS ---

[np.int64(22), np.int64(22), np.int64(24), np.int64(24), np.int64(25), np.int64(25), np.int64(26), np.int64(26)]
Full Qwen output: 1. [a b c d] [x y z a]  
2. [m n o p] [q r s t]  
3. [g h i j] [k l m n]  

[[s d e f] [b d e f]]
Filtered Qwen output: s d e f] [b d e f
trial 2 of 10...
trial 3 of 10...
trial 4 of 10...
trial 5 of 10...
trial 6 of 10...
trial 7 of 10...
trial 8 of 10...
trial 9 of 10...
trial 10 of 10...
Problem type: 2gen_split3 - 9/20
trial 1 of 10...

=== PROMPT ===

System message: You are able to solve letter-string analogies

User message: Use the following alphabet to complete the pattern.

a b s d e f g o i j k c x n h p q t y r u v w l m z

First, describe 3 relevant exemplars that are distinct from this problem, then give the final answer. Answer with only the examples and the final answer with no further explanation. Put your final answer between double brackets. Note that the alphabet may be in an unfamiliar order. Complete the pattern using this order.

[h p q t t y] [h p q t y]
[j x c x c x n x p x t x] [


--- TARGET LETTERS ---

['j', 'x', 'c', 'x', 'n', 'x', 'p', 'x', 't', 'x']
Full Qwen output: a b c d e f g h i j k l m n o p q r s t u v w x y z  
[b d f h j l n p r t v x] [b d f h j l n p r t v x]  
[c e g i k m o q s u w y] [c e g i k m o q s u w y]  
[d f h j l n p r t v x] [d f h j l n p r t v x]  

[[h p q t y]]
Filtered Qwen output: h p q t y
trial 2 of 10...
trial 3 of 10...
trial 4 of 10...
trial 5 of 10...
trial 6 of 10...
trial 7 of 10...
trial 8 of 10...
trial 9 of 10...
trial 10 of 10...
Problem type: 2gen_split4 - 10/20
trial 1 of 10...

=== PROMPT ===

System message: You are able to solve letter-string analogies

User message: Use the following alphabet to complete the pattern.

a b s d e f g o i j k c x n h p q t y r u v w l m z

First, describe 3 relevant exemplars that are distinct from this problem, then give the final answer. Answer with only the examples and the final answer with no further explanation. Put your final answer between double brackets. Note that the alphabet may be in an unfamiliar order. Complete the pattern using this order.

[o i j k c c] [o i j k c]
[a x b x s x d x e x e x f x g x o x i x] [


--- TARGET LETTERS ---

['a', 'x', 'b', 'x', 's', 'x', 'd', 'x', 'e', 'x', 'f', 'x', 'g', 'x', 'o', 'x', 'i', 'x']
Full Qwen output: 1. [a b c d e f g h i j k l m n o p q r s t u v w x y z]  
2. [z y x w v u t s r q p o n m l k j i h g f e d c b a]  
3. [a c e g i k m o q s u w y b d f h j l n p r t v x z]  

[[o i j k c c] [o i j k c]]
Filtered Qwen output: o i j k c c] [o i j k c
trial 2 of 10...
trial 3 of 10...
trial 4 of 10...
trial 5 of 10...
trial 6 of 10...
trial 7 of 10...
trial 8 of 10...
trial 9 of 10...
trial 10 of 10...
Problem type: 2gen_split5 - 11/20
trial 1 of 10...

=== PROMPT ===

System message: You are able to solve letter-string analogies

User message: Use the following alphabet to complete the pattern.

a b s d e f g o i j k c x n h p q t y r u v w l m z

First, describe 3 relevant exemplars that are distinct from this problem, then give the final answer. Answer with only the examples and the final answer with no further explanation. Put your final answer between double brackets. Note that the alphabet may be in an unfamiliar order. Complete the pattern using this order.

[y r u v] [t r u v]
[12 0 13 0 14 0 15 0] [


--- TARGET LETTERS ---

[np.int64(11), '0', np.int64(13), '0', np.int64(14), '0', np.int64(15), '0']
Full Qwen output: 1. [a b c d] [e f g h]  
2. [x y z a] [b c d e]  
3. [m n o p] [q r s t]  

[[w l m z] [n h p q]]
Filtered Qwen output: w l m z] [n h p q
trial 2 of 10...
trial 3 of 10...
trial 4 of 10...
trial 5 of 10...
trial 6 of 10...
trial 7 of 10...
trial 8 of 10...
trial 9 of 10...
trial 10 of 10...
Problem type: 2gen_split6 - 12/20
trial 1 of 10...

=== PROMPT ===

System message: You are able to solve letter-string analogies

User message: Use the following alphabet to complete the pattern.

a b s d e f g o i j k c x n h p q t y r u v w l m z

First, describe 3 relevant exemplars that are distinct from this problem, then give the final answer. Answer with only the examples and the final answer with no further explanation. Put your final answer between double brackets. Note that the alphabet may be in an unfamiliar order. Complete the pattern using this order.

[b s d e] [b s d e f]
[h h p p q q t t y y r r u u v v] [


--- TARGET LETTERS ---

['h', 'h', 'p', 'p', 'q', 'q', 't', 't', 'y', 'y', 'r', 'r', 'u', 'u', 'v', 'v', 'w', 'w']
Full Qwen output: 1. [a b c] [a b c d]  
2. [x y z] [x y z a]  
3. [m n o] [m n o p]  

[[h h p p q q t t y y r r u u v v w w l l m m z z]]
Filtered Qwen output: h h p p q q t t y y r r u u v v w w l l m m z z
trial 2 of 10...
trial 3 of 10...
trial 4 of 10...
trial 5 of 10...
trial 6 of 10...
trial 7 of 10...
trial 8 of 10...
trial 9 of 10...
trial 10 of 10...
Problem type: 2gensplit7 - 13/20
trial 1 of 10...

=== PROMPT ===

System message: You are able to solve letter-string analogies

User message: Use the following alphabet to complete the pattern.

a b s d e f g o i j k c x n h p q t y r u v w l m z

First, describe 3 relevant exemplars that are distinct from this problem, then give the final answer. Answer with only the examples and the final answer with no further explanation. Put your final answer between double brackets. Note that the alphabet may be in an unfamiliar order. Complete the pattern using this order.

[j k c x] [j k c x n]
[18 19 20 21 22 23 24 25] [


--- TARGET LETTERS ---

[np.int64(18), np.int64(19), np.int64(20), np.int64(21), np.int64(22), np.int64(23), np.int64(24), np.int64(25), np.int64(26)]
Full Qwen output: a b s d e f g o i j k c x n h p q t y r u v w l m z

[[b s d e] [b s d e f]]  
[[g o i j] [g o i j k]]  
[[h p q t] [h p q t y]]  

[[n h p q] [n h p q t]]
Filtered Qwen output: b s d e] [b s d e f
trial 2 of 10...
trial 3 of 10...
trial 4 of 10...
trial 5 of 10...
trial 6 of 10...
trial 7 of 10...
trial 8 of 10...
trial 9 of 10...
trial 10 of 10...
Problem type: 3gen_split1 - 14/20
trial 1 of 10...

=== PROMPT ===

System message: You are able to solve letter-string analogies

User message: Use the following alphabet to complete the pattern.

a b s d e f g o i j k c x n h p q t y r u v w l m z

First, describe 3 relevant exemplars that are distinct from this problem, then give the final answer. Answer with only the examples and the final answer with no further explanation. Put your final answer between double brackets. Note that the alphabet may be in an unfamiliar order. Complete the pattern using this order.

[j k c x n n] [j k c x n]
[22 21 20 19 18 17 16 15 14 14] [


--- TARGET LETTERS ---

[np.int64(22), np.int64(21), np.int64(20), np.int64(19), np.int64(18), np.int64(17), np.int64(16), np.int64(15), np.int64(14)]
Full Qwen output: 1. [a b c d e f g h i j k l m n o p q r s t u v w x y z] [1 2 3 4 5 6 7 8 9 10 11 12 13 14 15 16 17 18 19 20 21 22 23 24 25 26]  
2. [z y x w v u t s r q p o n m l k j i h g f e d c
trial 2 of 10...
trial 3 of 10...
trial 4 of 10...
trial 5 of 10...
trial 6 of 10...
trial 7 of 10...
trial 8 of 10...
trial 9 of 10...
trial 10 of 10...
Problem type: 3gen_split2 - 15/20
trial 1 of 10...

=== PROMPT ===

System message: You are able to solve letter-string analogies

User message: Use the following alphabet to complete the pattern.

a b s d e f g o i j k c x n h p q t y r u v w l m z

First, describe 3 relevant exemplars that are distinct from this problem, then give the final answer. Answer with only the examples and the final answer with no further explanation. Put your final answer between double brackets. Note that the alphabet may be in an unfamiliar order. Complete the pattern using this order.

[b s r e f] [b s d e f]
[15 15 0 0 17 17 0 0 18 18 0 0 19 19 0 0 20 20 0 0] [


--- TARGET LETTERS ---

[np.int64(16), np.int64(16), '0', '0', np.int64(17), np.int64(17), '0', '0', np.int64(18), np.int64(18), '0', '0', np.int64(19), np.int64(19), '0', '0', np.int64(20), np.int64(20), '0', '0']
Full Qwen output: a b c d e f g h i j k l m n o p q r s t u v w x y z  
[b s r e f] [b s d e f]  
[[15 15 0 0 17 17 0 0 18 18 0 0 19 19 0 0 20 20 0 0] [15 15 0 0 17 17 0 0 18 18 0 0 19 19
trial 2 of 10...
trial 3 of 10...
trial 4 of 10...
trial 5 of 10...
trial 6 of 10...
trial 7 of 10...
trial 8 of 10...
trial 9 of 10...
trial 10 of 10...
Problem type: 3gen_split3 - 16/20
trial 1 of 10...

=== PROMPT ===

System message: You are able to solve letter-string analogies

User message: Use the following alphabet to complete the pattern.

a b s d e f g o i j k c x n h p q t y r u v w l m z

First, describe 3 relevant exemplars that are distinct from this problem, then give the final answer. Answer with only the examples and the final answer with no further explanation. Put your final answer between double brackets. Note that the alphabet may be in an unfamiliar order. Complete the pattern using this order.

[a n s d e] [a b s d e]
[n n x x c c k k j j i i u u g g f f] [


--- TARGET LETTERS ---

['n', 'n', 'x', 'x', 'c', 'c', 'k', 'k', 'j', 'j', 'i', 'i', 'o', 'o', 'g', 'g', 'f', 'f']
Full Qwen output: 1. [a b c d e] [f g h i j]  
2. [x y z a b] [c d e f g]  
3. [m n o p q] [r s t u v]  

[[n n x x c c k k j j i i u u g g f f] [n n x x c c k k j j i i u u g g f f]]
Filtered Qwen output: n n x x c c k k j j i i u u g g f f] [n n x x c c k k j j i i u u g g f f
trial 2 of 10...
trial 3 of 10...
trial 4 of 10...
trial 5 of 10...
trial 6 of 10...
trial 7 of 10...
trial 8 of 10...
trial 9 of 10...
trial 10 of 10...
Problem type: 3gen_split4 - 17/20
trial 1 of 10...

=== PROMPT ===

System message: You are able to solve letter-string analogies

User message: Use the following alphabet to complete the pattern.

a b s d e f g o i j k c x n h p q t y r u v w l m z

First, describe 3 relevant exemplars that are distinct from this problem, then give the final answer. Answer with only the examples and the final answer with no further explanation. Put your final answer between double brackets. Note that the alphabet may be in an unfamiliar order. Complete the pattern using this order.

[i j k c] [i j k c x]
[4 4 6 6 8 8 10 10] [


--- TARGET LETTERS ---

[np.int64(4), np.int64(4), np.int64(6), np.int64(6), np.int64(8), np.int64(8), np.int64(10), np.int64(10), np.int64(12), np.int64(12)]
Full Qwen output: Examples:  
[1 2 3 4] [1 2 3 4 5]  
[apple banana cherry] [apple banana cherry date]  
[red blue green] [red blue green yellow]  

[[i j k c x n]]
Filtered Qwen output: i j k c x n
trial 2 of 10...
trial 3 of 10...
trial 4 of 10...
trial 5 of 10...
trial 6 of 10...
trial 7 of 10...
trial 8 of 10...
trial 9 of 10...
trial 10 of 10...
Problem type: 3gen_split5 - 18/20
trial 1 of 10...

=== PROMPT ===

System message: You are able to solve letter-string analogies

User message: Use the following alphabet to complete the pattern.

a b s d e f g o i j k c x n h p q t y r u v w l m z

First, describe 3 relevant exemplars that are distinct from this problem, then give the final answer. Answer with only the examples and the final answer with no further explanation. Put your final answer between double brackets. Note that the alphabet may be in an unfamiliar order. Complete the pattern using this order.

[x n h p] [x n h p q]
[p p n n c c j j] [


--- TARGET LETTERS ---

['p', 'p', 'n', 'n', 'c', 'c', 'j', 'j', 'o', 'o']
Full Qwen output: 1. [a b c] [a b c d]  
2. [m n o] [m n o p]  
3. [s t u] [s t u v]  

[[x n h p q t]]
Filtered Qwen output: x n h p q t
trial 2 of 10...
trial 3 of 10...
trial 4 of 10...
trial 5 of 10...
trial 6 of 10...
trial 7 of 10...
trial 8 of 10...
trial 9 of 10...
trial 10 of 10...
Problem type: 3gen_split6 - 19/20
trial 1 of 10...

=== PROMPT ===

System message: You are able to solve letter-string analogies

User message: Use the following alphabet to complete the pattern.

a b s d e f g o i j k c x n h p q t y r u v w l m z

First, describe 3 relevant exemplars that are distinct from this problem, then give the final answer. Answer with only the examples and the final answer with no further explanation. Put your final answer between double brackets. Note that the alphabet may be in an unfamiliar order. Complete the pattern using this order.

[c x n h] [c x n h p]
[2 4 6 8 10 12 14 16] [


--- TARGET LETTERS ---

[np.int64(2), np.int64(4), np.int64(6), np.int64(8), np.int64(10), np.int64(12), np.int64(14), np.int64(16), np.int64(18)]
Full Qwen output: 1. [a b c d] [a b c d e]  
2. [m n o p] [m n o p q]  
3. [s t u v] [s t u v w]  

[[c x n h p q]]
Filtered Qwen output: c x n h p q
trial 2 of 10...
trial 3 of 10...
trial 4 of 10...
trial 5 of 10...
trial 6 of 10...
trial 7 of 10...
trial 8 of 10...
trial 9 of 10...
trial 10 of 10...
Problem type: 3gensplit7 - 20/20
trial 1 of 10...

=== PROMPT ===

System message: You are able to solve letter-string analogies

User message: Use the following alphabet to complete the pattern.

a b s d e f g o i j k c x n h p q t y r u v w l m z

First, describe 3 relevant exemplars that are distinct from this problem, then give the final answer. Answer with only the examples and the final answer with no further explanation. Put your final answer between double brackets. Note that the alphabet may be in an unfamiliar order. Complete the pattern using this order.

[c x n h s] [c x n h p]
[4 0 5 0 6 0 16 0 8 0 9 0 10 0 11 0 12 0] [


--- TARGET LETTERS ---

[np.int64(4), '0', np.int64(5), '0', np.int64(6), '0', np.int64(7), '0', np.int64(8), '0', np.int64(9), '0', np.int64(10), '0', np.int64(11), '0', np.int64(12), '0']
Full Qwen output: a b c d e f g h i j k l m n o p q r s t u v w x y z  
b c d e f g h i j k l m n o p q r s t u v w x y z a  
c d e f g h i j k l m n o p q r s t u v w x y z a b  

[[c x n h p q]]
Filtered Qwen output: c x n h p q
trial 2 of 10...
trial 3 of 10...
trial 4 of 10...
trial 5 of 10...
trial 6 of 10...
trial 7 of 10...
trial 8 of 10...
trial 9 of 10...
trial 10 of 10...
Saved ./Qwen_Qwen3-14B_prob_predictions_multi_alph/gen/Qwen_Qwen3-14B_letterstring_results_10_multi_alph_gptprobs_analogical.npz
Total time: 4161.73748922348 seconds.
Loading model Qwen/Qwen3-14B...
GPU memory available: 39.49 GB
`torch_dtype` is deprecated! Use `dtype` instead!
Flash Attention 2 not available (FlashAttention2 has been toggled on, but it cannot be used due to the following error: the package flash_attn seems to be not installed. Please refer to the documentation of https://huggingface.co/docs/transformers/perf_infer_gpu_one#flashattention-2 to install Flash Attention 2.), using default attention
Loading checkpoint shards:   0%|          | 0/8 [00:00<?, ?it/s]Loading checkpoint shards:  12%|█▎        | 1/8 [00:01<00:12,  1.75s/it]Loading checkpoint shards:  25%|██▌       | 2/8 [00:03<00:10,  1.80s/it]Loading checkpoint shards:  38%|███▊      | 3/8 [00:05<00:09,  1.83s/it]Loading checkpoint shards:  50%|█████     | 4/8 [00:07<00:07,  1.86s/it]Loading checkpoint shards:  62%|██████▎   | 5/8 [00:09<00:05,  1.87s/it]Loading checkpoint shards:  75%|███████▌  | 6/8 [00:11<00:03,  1.88s/it]Loading checkpoint shards:  88%|████████▊ | 7/8 [00:12<00:01,  1.86s/it]Loading checkpoint shards: 100%|██████████| 8/8 [00:13<00:00,  1.55s/it]Loading checkpoint shards: 100%|██████████| 8/8 [00:13<00:00,  1.73s/it]
Model loaded with default attention
Model device: cuda:0
GPU memory allocated: 27.51 GB, reserved: 27.51 GB
Model loaded. Loading tokenizer...
Model Qwen/Qwen3-14B and tokenizer loaded.
alph_0
u n o y q l g f j d k h a z b p e r s t w m c i x v
Problem type: larger_int - 1/20
trial 1 of 10...

=== PROMPT ===

System message: You are able to solve letter-string analogies

User message: Use the following alphabet to complete the pattern.

u n o y q l g f j d k h a z b p e r s t w m c i x v

First, describe 3 relevant exemplars that are distinct from this problem, then give the final answer. Answer with only the examples and the final answer with no further explanation. Put your final answer between double brackets. Note that the alphabet may be in an unfamiliar order. Complete the pattern using this order.

[g f j d] [l f j d]
[g j k a] [


--- TARGET LETTERS ---

['q', 'j', 'k', 'a']
The following generation flags are not valid and may be ignored: ['temperature', 'top_k']. Set `TRANSFORMERS_VERBOSITY=info` for more details.
Full Qwen output: 1. [a b c d] [e f g h]  
2. [x y z a] [b c d e]  
3. [m n o p] [q r s t]  

[[g j k a] [h j k a]]
Filtered Qwen output: g j k a] [h j k a
trial 2 of 10...
trial 3 of 10...
trial 4 of 10...
trial 5 of 10...
trial 6 of 10...
trial 7 of 10...
trial 8 of 10...
trial 9 of 10...
trial 10 of 10...
Problem type: longer_targ - 2/20
trial 1 of 10...

=== PROMPT ===

System message: You are able to solve letter-string analogies

User message: Use the following alphabet to complete the pattern.

u n o y q l g f j d k h a z b p e r s t w m c i x v

First, describe 3 relevant exemplars that are distinct from this problem, then give the final answer. Answer with only the examples and the final answer with no further explanation. Put your final answer between double brackets. Note that the alphabet may be in an unfamiliar order. Complete the pattern using this order.

[g f j d k k] [g f j d k]
[u n o y q q l g f j] [


--- TARGET LETTERS ---

['u', 'n', 'o', 'y', 'q', 'l', 'g', 'f', 'j']
Full Qwen output: 1. [a b c d e e f] [a b c d e]  
2. [x y z a b b c] [x y z a b]  
3. [m n o p q q r] [m n o p q]  

[[u n o y q l g f j d k k] [u n o y q l g f j d k]]
Filtered Qwen output: u n o y q l g f j d k k] [u n o y q l g f j d k
trial 2 of 10...
trial 3 of 10...
trial 4 of 10...
trial 5 of 10...
trial 6 of 10...
trial 7 of 10...
trial 8 of 10...
trial 9 of 10...
trial 10 of 10...
Problem type: group - 3/20
trial 1 of 10...

=== PROMPT ===

System message: You are able to solve letter-string analogies

User message: Use the following alphabet to complete the pattern.

u n o y q l g f j d k h a z b p e r s t w m c i x v

First, describe 3 relevant exemplars that are distinct from this problem, then give the final answer. Answer with only the examples and the final answer with no further explanation. Put your final answer between double brackets. Note that the alphabet may be in an unfamiliar order. Complete the pattern using this order.

[c i x v] [m i x v]
[l l g g f f j j] [


--- TARGET LETTERS ---

['q', 'q', 'g', 'g', 'f', 'f', 'j', 'j']
Full Qwen output: 1. [a b c d] [e f g h]  
2. [x y z a] [b c d e]  
3. [p q r s] [t u v w]  

[[c i x v] [m i x v] [l l g g f f j j] [l l g g f f j j]]
Filtered Qwen output: c i x v] [m i x v] [l l g g f f j j] [l l g g f f j j
trial 2 of 10...
trial 3 of 10...
trial 4 of 10...
trial 5 of 10...
trial 6 of 10...
trial 7 of 10...
trial 8 of 10...
trial 9 of 10...
trial 10 of 10...
Problem type: interleaved - 4/20
trial 1 of 10...

=== PROMPT ===

System message: You are able to solve letter-string analogies

User message: Use the following alphabet to complete the pattern.

u n o y q l g f j d k h a z b p e r s t w m c i x v

First, describe 3 relevant exemplars that are distinct from this problem, then give the final answer. Answer with only the examples and the final answer with no further explanation. Put your final answer between double brackets. Note that the alphabet may be in an unfamiliar order. Complete the pattern using this order.

[p n o y q] [u n o y q]
[b x p x e x m x s x] [


--- TARGET LETTERS ---

['b', 'x', 'p', 'x', 'e', 'x', 'r', 'x', 's', 'x']
Full Qwen output: 1. [a b c d e] [f g h i j]  
2. [m o n k y] [b a n a n a]  
3. [r e d b l u e] [g r e e n y e l l o w]  

[[p n o y q] [u n o y q] [b x p x e x m x s x] [b x p x e x m x s x]]
Filtered Qwen output: p n o y q] [u n o y q] [b x p x e x m x s x] [b x p x e x m x s x
trial 2 of 10...
trial 3 of 10...
trial 4 of 10...
trial 5 of 10...
trial 6 of 10...
trial 7 of 10...
trial 8 of 10...
trial 9 of 10...
trial 10 of 10...
Problem type: letter2num - 5/20
trial 1 of 10...

=== PROMPT ===

System message: You are able to solve letter-string analogies

User message: Use the following alphabet to complete the pattern.

u n o y q l g f j d k h a z b p e r s t w m c i x v

First, describe 3 relevant exemplars that are distinct from this problem, then give the final answer. Answer with only the examples and the final answer with no further explanation. Put your final answer between double brackets. Note that the alphabet may be in an unfamiliar order. Complete the pattern using this order.

[q l g f] [q l g j]
[20 21 22 23] [


--- TARGET LETTERS ---

[np.int64(20), np.int64(21), np.int64(22), np.int64(24)]
Full Qwen output: 1. [a b c d] [a b c e]  
2. [x y z a] [x y z b]  
3. [m n o p] [m n o q]  

[[q l g f] [q l g j] [20 21 22 23] [[q l g f] [q l g j] [20 21 22 23] [q l g f] [q l g j] [20 21 22 23] [q l g f] [q
trial 2 of 10...
trial 3 of 10...
trial 4 of 10...
trial 5 of 10...
trial 6 of 10...
trial 7 of 10...
trial 8 of 10...
trial 9 of 10...
trial 10 of 10...
Problem type: reverse - 6/20
trial 1 of 10...

=== PROMPT ===

System message: You are able to solve letter-string analogies

User message: Use the following alphabet to complete the pattern.

u n o y q l g f j d k h a z b p e r s t w m c i x v

First, describe 3 relevant exemplars that are distinct from this problem, then give the final answer. Answer with only the examples and the final answer with no further explanation. Put your final answer between double brackets. Note that the alphabet may be in an unfamiliar order. Complete the pattern using this order.

[w m c i x x] [w m c i x]
[d j f g g l] [


--- TARGET LETTERS ---

['d', 'j', 'f', 'g', 'l']
Full Qwen output: 1. [a b c d e f] [a b c d]  
2. [p q r s t u] [p q r s]  
3. [x y z a b c] [x y z a]  

[[w m c i x v] [w m c i x]]
Filtered Qwen output: w m c i x v] [w m c i x
trial 2 of 10...
trial 3 of 10...
trial 4 of 10...
trial 5 of 10...
trial 6 of 10...
trial 7 of 10...
trial 8 of 10...
trial 9 of 10...
trial 10 of 10...
Problem type: 2gen_split1 - 7/20
trial 1 of 10...

=== PROMPT ===

System message: You are able to solve letter-string analogies

User message: Use the following alphabet to complete the pattern.

u n o y q l g f j d k h a z b p e r s t w m c i x v

First, describe 3 relevant exemplars that are distinct from this problem, then give the final answer. Answer with only the examples and the final answer with no further explanation. Put your final answer between double brackets. Note that the alphabet may be in an unfamiliar order. Complete the pattern using this order.

[p a z b h] [h a z b p]
[u u q q o o g g j j] [


--- TARGET LETTERS ---

['u', 'u', 'o', 'o', 'q', 'q', 'g', 'g', 'j', 'j']
Full Qwen output: 1. [c d e f g] [g f e d c]  
2. [x y z a b] [b a z y x]  
3. [m n o p q] [q p o n m]  

[[u u q q o o g g j j] [j j g g o o q q u u]]
Filtered Qwen output: u u q q o o g g j j] [j j g g o o q q u u
trial 2 of 10...
trial 3 of 10...
trial 4 of 10...
trial 5 of 10...
trial 6 of 10...
trial 7 of 10...
trial 8 of 10...
trial 9 of 10...
trial 10 of 10...
Problem type: 2gen_split2 - 8/20
trial 1 of 10...

=== PROMPT ===

System message: You are able to solve letter-string analogies

User message: Use the following alphabet to complete the pattern.

u n o y q l g f j d k h a z b p e r s t w m c i x v

First, describe 3 relevant exemplars that are distinct from this problem, then give the final answer. Answer with only the examples and the final answer with no further explanation. Put your final answer between double brackets. Note that the alphabet may be in an unfamiliar order. Complete the pattern using this order.

[k h l z b] [k h a z b]
[r x t x m x i x f x] [


--- TARGET LETTERS ---

['r', 'x', 't', 'x', 'm', 'x', 'i', 'x', 'v', 'x']
Full Qwen output: 1. [a b c d e] [a b c d]  
2. [p q r s t] [p q r s]  
3. [m n o p q] [m n o p]  

[[r x t x m x i x f x] [r x t x m x i x f]]
Filtered Qwen output: r x t x m x i x f x] [r x t x m x i x f
trial 2 of 10...
trial 3 of 10...
trial 4 of 10...
trial 5 of 10...
trial 6 of 10...
trial 7 of 10...
trial 8 of 10...
trial 9 of 10...
trial 10 of 10...
Problem type: 2gen_split3 - 9/20
trial 1 of 10...

=== PROMPT ===

System message: You are able to solve letter-string analogies

User message: Use the following alphabet to complete the pattern.

u n o y q l g f j d k h a z b p e r s t w m c i x v

First, describe 3 relevant exemplars that are distinct from this problem, then give the final answer. Answer with only the examples and the final answer with no further explanation. Put your final answer between double brackets. Note that the alphabet may be in an unfamiliar order. Complete the pattern using this order.

[y q l g] [y q l g f]
[b x p x e x r x s x t x w x m x] [


--- TARGET LETTERS ---

['b', 'x', 'p', 'x', 'e', 'x', 'r', 'x', 's', 'x', 't', 'x', 'w', 'x', 'm', 'x', 'c', 'x']
Full Qwen output: 1. [a b c] [a b c d]  
2. [m n o] [m n o p]  
3. [p q r] [p q r s]  

[[b x p x e x r x s x t x w x m x] [b x p x e x r x s x t x w x m x c]]
Filtered Qwen output: b x p x e x r x s x t x w x m x] [b x p x e x r x s x t x w x m x c
trial 2 of 10...
trial 3 of 10...
trial 4 of 10...
trial 5 of 10...
trial 6 of 10...
trial 7 of 10...
trial 8 of 10...
trial 9 of 10...
trial 10 of 10...
Problem type: 2gen_split4 - 10/20
trial 1 of 10...

=== PROMPT ===

System message: You are able to solve letter-string analogies

User message: Use the following alphabet to complete the pattern.

u n o y q l g f j d k h a z b p e r s t w m c i x v

First, describe 3 relevant exemplars that are distinct from this problem, then give the final answer. Answer with only the examples and the final answer with no further explanation. Put your final answer between double brackets. Note that the alphabet may be in an unfamiliar order. Complete the pattern using this order.

[h a z b] [h a z p]
[d d x x k k x x h h x x a a x x] [


--- TARGET LETTERS ---

['d', 'd', 'x', 'x', 'k', 'k', 'x', 'x', 'h', 'h', 'x', 'x', 'z', 'z', 'x', 'x']
Full Qwen output: 1. [a b c d] [a b c e]  
2. [x y z a] [x y z b]  
3. [m n o p] [m n o q]  

[[d d x x k k x x h h x x a a x x] [d d x x k k x x h h x x a a x x b b]]
Filtered Qwen output: d d x x k k x x h h x x a a x x] [d d x x k k x x h h x x a a x x b b
trial 2 of 10...
trial 3 of 10...
trial 4 of 10...
trial 5 of 10...
trial 6 of 10...
trial 7 of 10...
trial 8 of 10...
trial 9 of 10...
trial 10 of 10...
Problem type: 2gen_split5 - 11/20
trial 1 of 10...

=== PROMPT ===

System message: You are able to solve letter-string analogies

User message: Use the following alphabet to complete the pattern.

u n o y q l g f j d k h a z b p e r s t w m c i x v

First, describe 3 relevant exemplars that are distinct from this problem, then give the final answer. Answer with only the examples and the final answer with no further explanation. Put your final answer between double brackets. Note that the alphabet may be in an unfamiliar order. Complete the pattern using this order.

[s t w m j] [s t w m c]
[a a h h k k d d z z] [


--- TARGET LETTERS ---

['a', 'a', 'h', 'h', 'k', 'k', 'd', 'd', 'j', 'j']
Full Qwen output: 1. [a b c d e] [a b c d f]  
2. [x y z a b] [x y z a c]  
3. [p q r s t] [p q r s u]  

[[s t w m i]]
Filtered Qwen output: s t w m i
trial 2 of 10...
trial 3 of 10...
trial 4 of 10...
trial 5 of 10...
trial 6 of 10...
trial 7 of 10...
trial 8 of 10...
trial 9 of 10...
trial 10 of 10...
Problem type: 2gen_split6 - 12/20
trial 1 of 10...

=== PROMPT ===

System message: You are able to solve letter-string analogies

User message: Use the following alphabet to complete the pattern.

u n o y q l g f j d k h a z b p e r s t w m c i x v

First, describe 3 relevant exemplars that are distinct from this problem, then give the final answer. Answer with only the examples and the final answer with no further explanation. Put your final answer between double brackets. Note that the alphabet may be in an unfamiliar order. Complete the pattern using this order.

[t c m w i] [t w m c i]
[4 10 8 6 12] [


--- TARGET LETTERS ---

[np.int64(4), np.int64(6), np.int64(8), np.int64(10), np.int64(12)]
Full Qwen output: 1. [a b c d e] [e d c b a]  
2. [x y z a b] [b a z y x]  
3. [p q r s t] [t s r q p]  

[[t w m c i] [i c m w t]]
Filtered Qwen output: t w m c i] [i c m w t
trial 2 of 10...
trial 3 of 10...
trial 4 of 10...
trial 5 of 10...
trial 6 of 10...
trial 7 of 10...
trial 8 of 10...
trial 9 of 10...
trial 10 of 10...
Problem type: 2gensplit7 - 13/20
trial 1 of 10...

=== PROMPT ===

System message: You are able to solve letter-string analogies

User message: Use the following alphabet to complete the pattern.

u n o y q l g f j d k h a z b p e r s t w m c i x v

First, describe 3 relevant exemplars that are distinct from this problem, then give the final answer. Answer with only the examples and the final answer with no further explanation. Put your final answer between double brackets. Note that the alphabet may be in an unfamiliar order. Complete the pattern using this order.

[m c i x] [m c i v]
[2 4 6 8] [


--- TARGET LETTERS ---

[np.int64(2), np.int64(4), np.int64(6), np.int64(10)]
Full Qwen output: 1. [a b c d] [a b c e]  
2. [p q r s] [p q r t]  
3. [x y z a] [x y z b]  

[[m c i x] [m c i v]]
Filtered Qwen output: m c i x] [m c i v
trial 2 of 10...
trial 3 of 10...
trial 4 of 10...
trial 5 of 10...
trial 6 of 10...
trial 7 of 10...
trial 8 of 10...
trial 9 of 10...
trial 10 of 10...
Problem type: 3gen_split1 - 14/20
trial 1 of 10...

=== PROMPT ===

System message: You are able to solve letter-string analogies

User message: Use the following alphabet to complete the pattern.

u n o y q l g f j d k h a z b p e r s t w m c i x v

First, describe 3 relevant exemplars that are distinct from this problem, then give the final answer. Answer with only the examples and the final answer with no further explanation. Put your final answer between double brackets. Note that the alphabet may be in an unfamiliar order. Complete the pattern using this order.

[o y q l] [o y q g]
[25 0 24 0 23 0 22 0] [


--- TARGET LETTERS ---

[np.int64(25), '0', np.int64(24), '0', np.int64(23), '0', np.int64(21), '0']
Full Qwen output: 1. [a b c d] [a b c e]  
2. [x y z a] [x y z b]  
3. [m n o p] [m n o q]  

[[o y q f]]
Filtered Qwen output: o y q f
trial 2 of 10...
trial 3 of 10...
trial 4 of 10...
trial 5 of 10...
trial 6 of 10...
trial 7 of 10...
trial 8 of 10...
trial 9 of 10...
trial 10 of 10...
Problem type: 3gen_split2 - 15/20
trial 1 of 10...

=== PROMPT ===

System message: You are able to solve letter-string analogies

User message: Use the following alphabet to complete the pattern.

u n o y q l g f j d k h a z b p e r s t w m c i x v

First, describe 3 relevant exemplars that are distinct from this problem, then give the final answer. Answer with only the examples and the final answer with no further explanation. Put your final answer between double brackets. Note that the alphabet may be in an unfamiliar order. Complete the pattern using this order.

[n o y q] [n o y q l]
[b b x x p p x x e e x x r r x x s s x x t t x x w w x x m m x x] [


--- TARGET LETTERS ---

['b', 'b', 'x', 'x', 'p', 'p', 'x', 'x', 'e', 'e', 'x', 'x', 'r', 'r', 'x', 'x', 's', 's', 'x', 'x', 't', 't', 'x', 'x', 'w', 'w', 'x', 'x', 'm', 'm', 'x', 'x', 'c', 'c', 'x', 'x']
Full Qwen output: 1. [a b c d] [a b c d e]  
2. [x y z] [x y z a]  
3. [p q r s] [p q r s t]  

[[n o y q l g f j d k h a z b p e r s t w m c i x v]]
Filtered Qwen output: n o y q l g f j d k h a z b p e r s t w m c i x v
trial 2 of 10...
trial 3 of 10...
trial 4 of 10...
trial 5 of 10...
trial 6 of 10...
trial 7 of 10...
trial 8 of 10...
trial 9 of 10...
trial 10 of 10...
Problem type: 3gen_split3 - 16/20
trial 1 of 10...

=== PROMPT ===

System message: You are able to solve letter-string analogies

User message: Use the following alphabet to complete the pattern.

u n o y q l g f j d k h a z b p e r s t w m c i x v

First, describe 3 relevant exemplars that are distinct from this problem, then give the final answer. Answer with only the examples and the final answer with no further explanation. Put your final answer between double brackets. Note that the alphabet may be in an unfamiliar order. Complete the pattern using this order.

[n o c q l] [n o y q l]
[1 3 5 26 9 11 13 15 17] [


--- TARGET LETTERS ---

[np.int64(1), np.int64(3), np.int64(5), np.int64(7), np.int64(9), np.int64(11), np.int64(13), np.int64(15), np.int64(17)]
Full Qwen output: 1. [a b c d e] [a b f g e]  
2. [x y z a b] [x y c d b]  
3. [m n o p q] [m n r s q]  

[[n o y q l]]
Filtered Qwen output: n o y q l
trial 2 of 10...
trial 3 of 10...
trial 4 of 10...
trial 5 of 10...
trial 6 of 10...
trial 7 of 10...
trial 8 of 10...
trial 9 of 10...
trial 10 of 10...
Problem type: 3gen_split4 - 17/20
trial 1 of 10...

=== PROMPT ===

System message: You are able to solve letter-string analogies

User message: Use the following alphabet to complete the pattern.

u n o y q l g f j d k h a z b p e r s t w m c i x v

First, describe 3 relevant exemplars that are distinct from this problem, then give the final answer. Answer with only the examples and the final answer with no further explanation. Put your final answer between double brackets. Note that the alphabet may be in an unfamiliar order. Complete the pattern using this order.

[l g f j] [l g f d]
[9 8 7 6 5 4 3 2] [


--- TARGET LETTERS ---

[np.int64(9), np.int64(8), np.int64(7), np.int64(6), np.int64(5), np.int64(4), np.int64(3), np.int64(1)]
Full Qwen output: 1. [a b c d] [a b c e]  
2. [x y z w] [x y z v]  
3. [p q r s] [p q r t]  

[[l g f j] [l g f d]]
Filtered Qwen output: l g f j] [l g f d
trial 2 of 10...
trial 3 of 10...
trial 4 of 10...
trial 5 of 10...
trial 6 of 10...
trial 7 of 10...
trial 8 of 10...
trial 9 of 10...
trial 10 of 10...
Problem type: 3gen_split5 - 18/20
trial 1 of 10...

=== PROMPT ===

System message: You are able to solve letter-string analogies

User message: Use the following alphabet to complete the pattern.

u n o y q l g f j d k h a z b p e r s t w m c i x v

First, describe 3 relevant exemplars that are distinct from this problem, then give the final answer. Answer with only the examples and the final answer with no further explanation. Put your final answer between double brackets. Note that the alphabet may be in an unfamiliar order. Complete the pattern using this order.

[q n o y u] [u n o y q]
[7 0 8 0 9 0 13 0 11 0 12 0 10 0 14 0 15 0] [


--- TARGET LETTERS ---

[np.int64(7), '0', np.int64(8), '0', np.int64(9), '0', np.int64(10), '0', np.int64(11), '0', np.int64(12), '0', np.int64(13), '0', np.int64(14), '0', np.int64(15), '0']
Full Qwen output: 1. [a b c d e f g h i j k l m n o p q r s t u v w x y z] [z y x w v u t s r q p o n m l k j i h g f e d c b a]  
2. [1 2 3 4 5 6 7 8 9 10 11 12 13 14 15 16 17 18 19 20 21 22 23 24 25
trial 2 of 10...
trial 3 of 10...
trial 4 of 10...
trial 5 of 10...
trial 6 of 10...
trial 7 of 10...
trial 8 of 10...
trial 9 of 10...
trial 10 of 10...
Problem type: 3gen_split6 - 19/20
trial 1 of 10...

=== PROMPT ===

System message: You are able to solve letter-string analogies

User message: Use the following alphabet to complete the pattern.

u n o y q l g f j d k h a z b p e r s t w m c i x v

First, describe 3 relevant exemplars that are distinct from this problem, then give the final answer. Answer with only the examples and the final answer with no further explanation. Put your final answer between double brackets. Note that the alphabet may be in an unfamiliar order. Complete the pattern using this order.

[k h a z] [k h a b]
[t x r x p x z x] [


--- TARGET LETTERS ---

['t', 'x', 'r', 'x', 'p', 'x', 'h', 'x']
Full Qwen output: 1. [a b c d] [a b c e]  
2. [p q r s] [p q r t]  
3. [m n o p] [m n o q]  

[[t x r x p x z x] [t x r x p x z b]]
Filtered Qwen output: t x r x p x z x] [t x r x p x z b
trial 2 of 10...
trial 3 of 10...
trial 4 of 10...
trial 5 of 10...
trial 6 of 10...
trial 7 of 10...
trial 8 of 10...
trial 9 of 10...
trial 10 of 10...
Problem type: 3gensplit7 - 20/20
trial 1 of 10...

=== PROMPT ===

System message: You are able to solve letter-string analogies

User message: Use the following alphabet to complete the pattern.

u n o y q l g f j d k h a z b p e r s t w m c i x v

First, describe 3 relevant exemplars that are distinct from this problem, then give the final answer. Answer with only the examples and the final answer with no further explanation. Put your final answer between double brackets. Note that the alphabet may be in an unfamiliar order. Complete the pattern using this order.

[u n n o y q] [u n o y q]
[19 17 17 15 13 11] [


--- TARGET LETTERS ---

[np.int64(19), np.int64(17), np.int64(15), np.int64(13), np.int64(11)]
Full Qwen output: 1. [a b c d e f] [a b c d]  
2. [x y z a b c] [x y z]  
3. [m n o p q r] [m n o]  

[[u n o y q]]
Filtered Qwen output: u n o y q
trial 2 of 10...
trial 3 of 10...
trial 4 of 10...
trial 5 of 10...
trial 6 of 10...
trial 7 of 10...
trial 8 of 10...
trial 9 of 10...
trial 10 of 10...
alph_1
a b g z y w m h i r k d t s j e o f l u v p n x q c
Problem type: larger_int - 1/20
trial 1 of 10...

=== PROMPT ===

System message: You are able to solve letter-string analogies

User message: Use the following alphabet to complete the pattern.

a b g z y w m h i r k d t s j e o f l u v p n x q c

First, describe 3 relevant exemplars that are distinct from this problem, then give the final answer. Answer with only the examples and the final answer with no further explanation. Put your final answer between double brackets. Note that the alphabet may be in an unfamiliar order. Complete the pattern using this order.

[i h m r k] [m h i r k]
[j l o v n] [


--- TARGET LETTERS ---

['j', 'o', 'l', 'v', 'n']
Full Qwen output: 1. [a b c d e] [b c d e f]  
2. [x y z a b] [y z a b c]  
3. [p q r s t] [q r s t u]  

[[k d t s j] [d t s j e]]
Filtered Qwen output: k d t s j] [d t s j e
trial 2 of 10...
trial 3 of 10...
trial 4 of 10...
trial 5 of 10...
trial 6 of 10...
trial 7 of 10...
trial 8 of 10...
trial 9 of 10...
trial 10 of 10...
Problem type: longer_targ - 2/20
trial 1 of 10...

=== PROMPT ===

System message: You are able to solve letter-string analogies

User message: Use the following alphabet to complete the pattern.

a b g z y w m h i r k d t s j e o f l u v p n x q c

First, describe 3 relevant exemplars that are distinct from this problem, then give the final answer. Answer with only the examples and the final answer with no further explanation. Put your final answer between double brackets. Note that the alphabet may be in an unfamiliar order. Complete the pattern using this order.

[d t s e j] [d t s j e]
[f l u v p n q x c] [


--- TARGET LETTERS ---

['f', 'l', 'u', 'v', 'p', 'n', 'x', 'q', 'c']
Full Qwen output: 1. [a b c d e] [a b c e d]  
2. [x y z a b] [x y a b z]  
3. [m n o p q] [m n p q o]  

[[f l u v p n x c q]]
Filtered Qwen output: f l u v p n x c q
trial 2 of 10...
trial 3 of 10...
trial 4 of 10...
trial 5 of 10...
trial 6 of 10...
trial 7 of 10...
trial 8 of 10...
trial 9 of 10...
trial 10 of 10...
Problem type: group - 3/20
trial 1 of 10...

=== PROMPT ===

System message: You are able to solve letter-string analogies

User message: Use the following alphabet to complete the pattern.

a b g z y w m h i r k d t s j e o f l u v p n x q c

First, describe 3 relevant exemplars that are distinct from this problem, then give the final answer. Answer with only the examples and the final answer with no further explanation. Put your final answer between double brackets. Note that the alphabet may be in an unfamiliar order. Complete the pattern using this order.

[l u v p] [l u v n]
[m m h h i i r r] [


--- TARGET LETTERS ---

['m', 'm', 'h', 'h', 'i', 'i', 'k', 'k']
Full Qwen output: 1. [a b c d] [a b c e]  
2. [x y z a] [x y z b]  
3. [p q r s] [p q r t]  

[[m m h h i i r r] [m m h h i i r r]]
Filtered Qwen output: m m h h i i r r] [m m h h i i r r
trial 2 of 10...
trial 3 of 10...
trial 4 of 10...
trial 5 of 10...
trial 6 of 10...
trial 7 of 10...
trial 8 of 10...
trial 9 of 10...
trial 10 of 10...
Problem type: interleaved - 4/20
trial 1 of 10...

=== PROMPT ===

System message: You are able to solve letter-string analogies

User message: Use the following alphabet to complete the pattern.

a b g z y w m h i r k d t s j e o f l u v p n x q c

First, describe 3 relevant exemplars that are distinct from this problem, then give the final answer. Answer with only the examples and the final answer with no further explanation. Put your final answer between double brackets. Note that the alphabet may be in an unfamiliar order. Complete the pattern using this order.

[s j e o] [s j e o f]
[u x v x p x n x] [


--- TARGET LETTERS ---

['u', 'x', 'v', 'x', 'p', 'x', 'n', 'x', 'x', 'x']
Full Qwen output: 1. [a b c d] [a b c d e]  
2. [m n o p] [m n o p q]  
3. [z y x w] [z y x w v]  

[[u x v x p x n x] [u x v x p x n x q]]
Filtered Qwen output: u x v x p x n x] [u x v x p x n x q
trial 2 of 10...
trial 3 of 10...
trial 4 of 10...
trial 5 of 10...
trial 6 of 10...
trial 7 of 10...
trial 8 of 10...
trial 9 of 10...
trial 10 of 10...
Problem type: letter2num - 5/20
trial 1 of 10...

=== PROMPT ===

System message: You are able to solve letter-string analogies

User message: Use the following alphabet to complete the pattern.

a b g z y w m h i r k d t s j e o f l u v p n x q c

First, describe 3 relevant exemplars that are distinct from this problem, then give the final answer. Answer with only the examples and the final answer with no further explanation. Put your final answer between double brackets. Note that the alphabet may be in an unfamiliar order. Complete the pattern using this order.

[v u p n x] [u v p n x]
[9 10 11 13 12] [


--- TARGET LETTERS ---

[np.int64(9), np.int64(10), np.int64(11), np.int64(12), np.int64(13)]
Full Qwen output: 1. [a b c d e] [b c d e f]  
2. [x y z a b] [y z a b c]  
3. [m n o p q] [n o p q r]  

[[v u p n x] [u v p n x] [9 10 11 13 12] [[v u p n x] [u v p n x] [10 11 13 12 9]]]
Filtered Qwen output: v u p n x] [u v p n x] [9 10 11 13 12] [[v u p n x] [u v p n x] [10 11 13 12 9
trial 2 of 10...
trial 3 of 10...
trial 4 of 10...
trial 5 of 10...
trial 6 of 10...
trial 7 of 10...
trial 8 of 10...
trial 9 of 10...
trial 10 of 10...
Problem type: reverse - 6/20
trial 1 of 10...

=== PROMPT ===

System message: You are able to solve letter-string analogies

User message: Use the following alphabet to complete the pattern.

a b g z y w m h i r k d t s j e o f l u v p n x q c

First, describe 3 relevant exemplars that are distinct from this problem, then give the final answer. Answer with only the examples and the final answer with no further explanation. Put your final answer between double brackets. Note that the alphabet may be in an unfamiliar order. Complete the pattern using this order.

[y w m h] [z w m h]
[q x n p] [


--- TARGET LETTERS ---

['c', 'x', 'n', 'p']
Full Qwen output: 1. [a b c d] [e f g h]  
2. [p q r s] [t u v w]  
3. [m n o p] [q r s t]  

[[q x n p] [r y o q]]
Filtered Qwen output: q x n p] [r y o q
trial 2 of 10...
trial 3 of 10...
trial 4 of 10...
trial 5 of 10...
trial 6 of 10...
trial 7 of 10...
trial 8 of 10...
trial 9 of 10...
trial 10 of 10...
Problem type: 2gen_split1 - 7/20
trial 1 of 10...

=== PROMPT ===

System message: You are able to solve letter-string analogies

User message: Use the following alphabet to complete the pattern.

a b g z y w m h i r k d t s j e o f l u v p n x q c

First, describe 3 relevant exemplars that are distinct from this problem, then give the final answer. Answer with only the examples and the final answer with no further explanation. Put your final answer between double brackets. Note that the alphabet may be in an unfamiliar order. Complete the pattern using this order.

[y w m h] [y w m h i]
[13 15 17 19] [


--- TARGET LETTERS ---

[np.int64(13), np.int64(15), np.int64(17), np.int64(19), np.int64(21)]
Full Qwen output: 1. [a b c d] [a b c d e]  
2. [x y z a] [x y z a b]  
3. [m n o p] [m n o p q]  

[[y w m h i r]]
Filtered Qwen output: y w m h i r
trial 2 of 10...
trial 3 of 10...
trial 4 of 10...
trial 5 of 10...
trial 6 of 10...
trial 7 of 10...
trial 8 of 10...
trial 9 of 10...
trial 10 of 10...
Problem type: 2gen_split2 - 8/20
trial 1 of 10...

=== PROMPT ===

System message: You are able to solve letter-string analogies

User message: Use the following alphabet to complete the pattern.

a b g z y w m h i r k d t s j e o f l u v p n x q c

First, describe 3 relevant exemplars that are distinct from this problem, then give the final answer. Answer with only the examples and the final answer with no further explanation. Put your final answer between double brackets. Note that the alphabet may be in an unfamiliar order. Complete the pattern using this order.

[y w h m i] [y w m h i]
[s x j x e x o x f x l x p x v x u x] [


--- TARGET LETTERS ---

['s', 'x', 'j', 'x', 'e', 'x', 'o', 'x', 'f', 'x', 'l', 'x', 'u', 'x', 'v', 'x', 'p', 'x']
Full Qwen output: 1. [a b c d e] [a b c d e]  
2. [p q r s t] [p q r s t]  
3. [z y x w v] [z y x w v]  

[[y w m h i] [y w m h i]]
Filtered Qwen output: y w m h i] [y w m h i
trial 2 of 10...
trial 3 of 10...
trial 4 of 10...
trial 5 of 10...
trial 6 of 10...
trial 7 of 10...
trial 8 of 10...
trial 9 of 10...
trial 10 of 10...
Problem type: 2gen_split3 - 9/20
trial 1 of 10...

=== PROMPT ===

System message: You are able to solve letter-string analogies

User message: Use the following alphabet to complete the pattern.

a b g z y w m h i r k d t s j e o f l u v p n x q c

First, describe 3 relevant exemplars that are distinct from this problem, then give the final answer. Answer with only the examples and the final answer with no further explanation. Put your final answer between double brackets. Note that the alphabet may be in an unfamiliar order. Complete the pattern using this order.

[e o f l] [j o f l]
[o o x x f f x x l l x x u u x x] [


--- TARGET LETTERS ---

['e', 'e', 'x', 'x', 'f', 'f', 'x', 'x', 'l', 'l', 'x', 'x', 'u', 'u', 'x', 'x']
Full Qwen output: 1. [a b c d] [e f g h]  
2. [x y z a] [b c d e]  
3. [m n o p] [q r s t]  

[[e o f l] [j o f l]]
Filtered Qwen output: e o f l] [j o f l
trial 2 of 10...
trial 3 of 10...
trial 4 of 10...
trial 5 of 10...
trial 6 of 10...
trial 7 of 10...
trial 8 of 10...
trial 9 of 10...
trial 10 of 10...
Problem type: 2gen_split4 - 10/20
trial 1 of 10...

=== PROMPT ===

System message: You are able to solve letter-string analogies

User message: Use the following alphabet to complete the pattern.

a b g z y w m h i r k d t s j e o f l u v p n x q c

First, describe 3 relevant exemplars that are distinct from this problem, then give the final answer. Answer with only the examples and the final answer with no further explanation. Put your final answer between double brackets. Note that the alphabet may be in an unfamiliar order. Complete the pattern using this order.

[u v p f x] [u v p n x]
[q q r r i i h h m m] [


--- TARGET LETTERS ---

['k', 'k', 'r', 'r', 'i', 'i', 'h', 'h', 'm', 'm']
Full Qwen output: 1. [a b c d e] [a b c f e]  
2. [x y z a b] [x y z c b]  
3. [m n o p q] [m n o r q]  

[[u v p l x]]
Filtered Qwen output: u v p l x
trial 2 of 10...
trial 3 of 10...
trial 4 of 10...
trial 5 of 10...
trial 6 of 10...
trial 7 of 10...
trial 8 of 10...
trial 9 of 10...
trial 10 of 10...
Problem type: 2gen_split5 - 11/20
trial 1 of 10...

=== PROMPT ===

System message: You are able to solve letter-string analogies

User message: Use the following alphabet to complete the pattern.

a b g z y w m h i r k d t s j e o f l u v p n x q c

First, describe 3 relevant exemplars that are distinct from this problem, then give the final answer. Answer with only the examples and the final answer with no further explanation. Put your final answer between double brackets. Note that the alphabet may be in an unfamiliar order. Complete the pattern using this order.

[v p n x] [v p n x q]
[x x n x p x v x] [


--- TARGET LETTERS ---

['x', 'x', 'n', 'x', 'p', 'x', 'v', 'x', 'u', 'x']
Full Qwen output: 1. [a b c] [a b c d]  
2. [m n o] [m n o p]  
3. [g h i] [g h i j]  

[[v p n x q c]]
Filtered Qwen output: v p n x q c
trial 2 of 10...
trial 3 of 10...
trial 4 of 10...
trial 5 of 10...
trial 6 of 10...
trial 7 of 10...
trial 8 of 10...
trial 9 of 10...
trial 10 of 10...
Problem type: 2gen_split6 - 12/20
trial 1 of 10...

=== PROMPT ===

System message: You are able to solve letter-string analogies

User message: Use the following alphabet to complete the pattern.

a b g z y w m h i r k d t s j e o f l u v p n x q c

First, describe 3 relevant exemplars that are distinct from this problem, then give the final answer. Answer with only the examples and the final answer with no further explanation. Put your final answer between double brackets. Note that the alphabet may be in an unfamiliar order. Complete the pattern using this order.

[s j e o] [t j e o]
[w w m m h h i i r r k k d d t t] [


--- TARGET LETTERS ---

['y', 'y', 'm', 'm', 'h', 'h', 'i', 'i', 'r', 'r', 'k', 'k', 'd', 'd', 't', 't']
Full Qwen output: a b c d e f g h i j k l m n o p q r s t u v w x y z  
b c d e f g h i j k l m n o p q r s t u v w x y z a  
c d e f g h i j k l m n o p q r s t u v w x y z a b  

[[w w m m h h i i r r k k d d t t]]
Filtered Qwen output: w w m m h h i i r r k k d d t t
trial 2 of 10...
trial 3 of 10...
trial 4 of 10...
trial 5 of 10...
trial 6 of 10...
trial 7 of 10...
trial 8 of 10...
trial 9 of 10...
trial 10 of 10...
Problem type: 2gensplit7 - 13/20
trial 1 of 10...

=== PROMPT ===

System message: You are able to solve letter-string analogies

User message: Use the following alphabet to complete the pattern.

a b g z y w m h i r k d t s j e o f l u v p n x q c

First, describe 3 relevant exemplars that are distinct from this problem, then give the final answer. Answer with only the examples and the final answer with no further explanation. Put your final answer between double brackets. Note that the alphabet may be in an unfamiliar order. Complete the pattern using this order.

[y w m h] [y w m i]
[21 0 22 0 23 0 24 0] [


--- TARGET LETTERS ---

[np.int64(21), '0', np.int64(22), '0', np.int64(23), '0', np.int64(25), '0']
Full Qwen output: 1. [a b c d] [a b c e]  
2. [x y z a] [x y z b]  
3. [p q r s] [p q r t]  

[[y w m j]]
Filtered Qwen output: y w m j
trial 2 of 10...
trial 3 of 10...
trial 4 of 10...
trial 5 of 10...
trial 6 of 10...
trial 7 of 10...
trial 8 of 10...
trial 9 of 10...
trial 10 of 10...
Problem type: 3gen_split1 - 14/20
trial 1 of 10...

=== PROMPT ===

System message: You are able to solve letter-string analogies

User message: Use the following alphabet to complete the pattern.

a b g z y w m h i r k d t s j e o f l u v p n x q c

First, describe 3 relevant exemplars that are distinct from this problem, then give the final answer. Answer with only the examples and the final answer with no further explanation. Put your final answer between double brackets. Note that the alphabet may be in an unfamiliar order. Complete the pattern using this order.

[d t s j] [d t s e]
[r x d x s x e x f x u x p x x x] [


--- TARGET LETTERS ---

['r', 'x', 'd', 'x', 's', 'x', 'e', 'x', 'f', 'x', 'u', 'x', 'p', 'x', 'c', 'x']
Full Qwen output: 1. [a b c d] [a b c e]  
2. [m n o p] [m n o q]  
3. [g h i j] [g h i k]  

[[r x d x s x e x f x u x p x x x] [r x d x s x e x f x u x p x x x x]]
Filtered Qwen output: r x d x s x e x f x u x p x x x] [r x d x s x e x f x u x p x x x x
trial 2 of 10...
trial 3 of 10...
trial 4 of 10...
trial 5 of 10...
trial 6 of 10...
trial 7 of 10...
trial 8 of 10...
trial 9 of 10...
trial 10 of 10...
Problem type: 3gen_split2 - 15/20
trial 1 of 10...

=== PROMPT ===

System message: You are able to solve letter-string analogies

User message: Use the following alphabet to complete the pattern.

a b g z y w m h i r k d t s j e o f l u v p n x q c

First, describe 3 relevant exemplars that are distinct from this problem, then give the final answer. Answer with only the examples and the final answer with no further explanation. Put your final answer between double brackets. Note that the alphabet may be in an unfamiliar order. Complete the pattern using this order.

[k d t s] [k d t s j]
[4 0 6 0 8 0 10 0] [


--- TARGET LETTERS ---

[np.int64(4), '0', np.int64(6), '0', np.int64(8), '0', np.int64(10), '0', np.int64(12), '0']
Full Qwen output: 1. [a b c d] [a b c d e]  
2. [x y z a] [x y z a b]  
3. [m n o p] [m n o p q]  

[[k d t s j e]]
Filtered Qwen output: k d t s j e
trial 2 of 10...
trial 3 of 10...
trial 4 of 10...
trial 5 of 10...
trial 6 of 10...
trial 7 of 10...
trial 8 of 10...
trial 9 of 10...
trial 10 of 10...
Problem type: 3gen_split3 - 16/20
trial 1 of 10...

=== PROMPT ===

System message: You are able to solve letter-string analogies

User message: Use the following alphabet to complete the pattern.

a b g z y w m h i r k d t s j e o f l u v p n x q c

First, describe 3 relevant exemplars that are distinct from this problem, then give the final answer. Answer with only the examples and the final answer with no further explanation. Put your final answer between double brackets. Note that the alphabet may be in an unfamiliar order. Complete the pattern using this order.

[k d t s] [k d t s j]
[r r x x i i x x h h x x m m x x] [


--- TARGET LETTERS ---

['r', 'r', 'x', 'x', 'i', 'i', 'x', 'x', 'h', 'h', 'x', 'x', 'm', 'm', 'x', 'x', 'w', 'w', 'x', 'x']
Full Qwen output: 1. [a b c d] [a b c d e]  
2. [x y z a] [x y z a b]  
3. [m n o p] [m n o p q]  

[[r r x x i i x x h h x x m m x x j j x x k k x x l l x x]]
Filtered Qwen output: r r x x i i x x h h x x m m x x j j x x k k x x l l x x
trial 2 of 10...
trial 3 of 10...
trial 4 of 10...
trial 5 of 10...
trial 6 of 10...
trial 7 of 10...
trial 8 of 10...
trial 9 of 10...
trial 10 of 10...
Problem type: 3gen_split4 - 17/20
trial 1 of 10...

=== PROMPT ===

System message: You are able to solve letter-string analogies

User message: Use the following alphabet to complete the pattern.

a b g z y w m h i r k d t s j e o f l u v p n x q c

First, describe 3 relevant exemplars that are distinct from this problem, then give the final answer. Answer with only the examples and the final answer with no further explanation. Put your final answer between double brackets. Note that the alphabet may be in an unfamiliar order. Complete the pattern using this order.

[o x l u v] [o f l u v]
[8 0 7 0 6 0 14 0 4 0] [


--- TARGET LETTERS ---

[np.int64(8), '0', np.int64(7), '0', np.int64(6), '0', np.int64(5), '0', np.int64(4), '0']
Full Qwen output: a b c d e f g h i j k l m n o p q r s t u v w x y z  
b c d e f g h i j k l m n o p q r s t u v w x y z a  
c d e f g h i j k l m n o p q r s t u v w x y z a b  

[[o f l u v]]
Filtered Qwen output: o f l u v
trial 2 of 10...
trial 3 of 10...
trial 4 of 10...
trial 5 of 10...
trial 6 of 10...
trial 7 of 10...
trial 8 of 10...
trial 9 of 10...
trial 10 of 10...
Problem type: 3gen_split5 - 18/20
trial 1 of 10...

=== PROMPT ===

System message: You are able to solve letter-string analogies

User message: Use the following alphabet to complete the pattern.

a b g z y w m h i r k d t s j e o f l u v p n x q c

First, describe 3 relevant exemplars that are distinct from this problem, then give the final answer. Answer with only the examples and the final answer with no further explanation. Put your final answer between double brackets. Note that the alphabet may be in an unfamiliar order. Complete the pattern using this order.

[h i r k] [h i r d]
[u u f f e e s s] [


--- TARGET LETTERS ---

['u', 'u', 'f', 'f', 'e', 'e', 'd', 'd']
Full Qwen output: 1. [a b c d] [a b c e]  
2. [x y z a] [x y z b]  
3. [p q r s] [p q r t]  

[[u u f f e e s s] [u u f f e e s t]]
Filtered Qwen output: u u f f e e s s] [u u f f e e s t
trial 2 of 10...
trial 3 of 10...
trial 4 of 10...
trial 5 of 10...
trial 6 of 10...
trial 7 of 10...
trial 8 of 10...
trial 9 of 10...
trial 10 of 10...
Problem type: 3gen_split6 - 19/20
trial 1 of 10...

=== PROMPT ===

System message: You are able to solve letter-string analogies

User message: Use the following alphabet to complete the pattern.

a b g z y w m h i r k d t s j e o f l u v p n x q c

First, describe 3 relevant exemplars that are distinct from this problem, then give the final answer. Answer with only the examples and the final answer with no further explanation. Put your final answer between double brackets. Note that the alphabet may be in an unfamiliar order. Complete the pattern using this order.

[j e o f] [s e o f]
[k k t t j j o o l l v v n n q q] [


--- TARGET LETTERS ---

['i', 'i', 't', 't', 'j', 'j', 'o', 'o', 'l', 'l', 'v', 'v', 'n', 'n', 'q', 'q']
Full Qwen output: 1. [a b c d] [e f g h]  
2. [x y z a] [b c d e]  
3. [m n o p] [q r s t]  

[[k k t t j j o o l l v v n n q q] [k k t t j j o o l l v v n n q q]]
Filtered Qwen output: k k t t j j o o l l v v n n q q] [k k t t j j o o l l v v n n q q
trial 2 of 10...
trial 3 of 10...
trial 4 of 10...
trial 5 of 10...
trial 6 of 10...
trial 7 of 10...
trial 8 of 10...
trial 9 of 10...
trial 10 of 10...
Problem type: 3gensplit7 - 20/20
trial 1 of 10...

=== PROMPT ===

System message: You are able to solve letter-string analogies

User message: Use the following alphabet to complete the pattern.

a b g z y w m h i r k d t s j e o f l u v p n x q c

First, describe 3 relevant exemplars that are distinct from this problem, then give the final answer. Answer with only the examples and the final answer with no further explanation. Put your final answer between double brackets. Note that the alphabet may be in an unfamiliar order. Complete the pattern using this order.

[s j e o] [t j e o]
[23 23 0 0 24 24 0 0 25 25 0 0 26 26 0 0] [


--- TARGET LETTERS ---

[np.int64(22), np.int64(22), '0', '0', np.int64(24), np.int64(24), '0', '0', np.int64(25), np.int64(25), '0', '0', np.int64(26), np.int64(26), '0', '0']
Full Qwen output: a b c d e f g h i j k l m n o p q r s t u v w x y z  
b c d e f g h i j k l m n o p q r s t u v w x y z a  
c d e f g h i j k l m n o p q r s t u v w x y z a b  

[[s j e o] [t j e o]]
Filtered Qwen output: s j e o] [t j e o
trial 2 of 10...
trial 3 of 10...
trial 4 of 10...
trial 5 of 10...
trial 6 of 10...
trial 7 of 10...
trial 8 of 10...
trial 9 of 10...
trial 10 of 10...
alph_2
b n f m p g h w i q e d l y s o c k a t u v r x j z
Problem type: larger_int - 1/20
trial 1 of 10...

=== PROMPT ===

System message: You are able to solve letter-string analogies

User message: Use the following alphabet to complete the pattern.

b n f m p g h w i q e d l y s o c k a t u v r x j z

First, describe 3 relevant exemplars that are distinct from this problem, then give the final answer. Answer with only the examples and the final answer with no further explanation. Put your final answer between double brackets. Note that the alphabet may be in an unfamiliar order. Complete the pattern using this order.

[n f m p] [n f m p g]
[q d y o] [


--- TARGET LETTERS ---

['q', 'd', 'y', 'o', 'k']
Full Qwen output: 1. [a b c d] [a b c d e]  
2. [x y z a] [x y z a b]  
3. [p q r s] [p q r s t]  

[[q d y o c]]
Filtered Qwen output: q d y o c
trial 2 of 10...
trial 3 of 10...
trial 4 of 10...
trial 5 of 10...
trial 6 of 10...
trial 7 of 10...
trial 8 of 10...
trial 9 of 10...
trial 10 of 10...
Problem type: longer_targ - 2/20
trial 1 of 10...

=== PROMPT ===

System message: You are able to solve letter-string analogies

User message: Use the following alphabet to complete the pattern.

b n f m p g h w i q e d l y s o c k a t u v r x j z

First, describe 3 relevant exemplars that are distinct from this problem, then give the final answer. Answer with only the examples and the final answer with no further explanation. Put your final answer between double brackets. Note that the alphabet may be in an unfamiliar order. Complete the pattern using this order.

[l y s o] [l y s c]
[c k a t u v r x] [


--- TARGET LETTERS ---

['c', 'k', 'a', 't', 'u', 'v', 'r', 'j']
Full Qwen output: 1. [a b c d] [a b c e]  
2. [x y z a] [x y z b]  
3. [p q r s] [p q r t]  

[[l y s o] [l y s c] [c k a t u v r x] [c k a t u v r y]]
Filtered Qwen output: l y s o] [l y s c] [c k a t u v r x] [c k a t u v r y
trial 2 of 10...
trial 3 of 10...
trial 4 of 10...
trial 5 of 10...
trial 6 of 10...
trial 7 of 10...
trial 8 of 10...
trial 9 of 10...
trial 10 of 10...
Problem type: group - 3/20
trial 1 of 10...

=== PROMPT ===

System message: You are able to solve letter-string analogies

User message: Use the following alphabet to complete the pattern.

b n f m p g h w i q e d l y s o c k a t u v r x j z

First, describe 3 relevant exemplars that are distinct from this problem, then give the final answer. Answer with only the examples and the final answer with no further explanation. Put your final answer between double brackets. Note that the alphabet may be in an unfamiliar order. Complete the pattern using this order.

[m p g h] [m p g h w]
[t t u u v v r r] [


--- TARGET LETTERS ---

['t', 't', 'u', 'u', 'v', 'v', 'r', 'r', 'x', 'x']
Full Qwen output: 1. [a b c d] [a b c d e]  
2. [x y z a] [x y z a b]  
3. [p q r s] [p q r s t]  

[[t t u u v v r r x]]
Filtered Qwen output: t t u u v v r r x
trial 2 of 10...
trial 3 of 10...
trial 4 of 10...
trial 5 of 10...
trial 6 of 10...
trial 7 of 10...
trial 8 of 10...
trial 9 of 10...
trial 10 of 10...
Problem type: interleaved - 4/20
trial 1 of 10...

=== PROMPT ===

System message: You are able to solve letter-string analogies

User message: Use the following alphabet to complete the pattern.

b n f m p g h w i q e d l y s o c k a t u v r x j z

First, describe 3 relevant exemplars that are distinct from this problem, then give the final answer. Answer with only the examples and the final answer with no further explanation. Put your final answer between double brackets. Note that the alphabet may be in an unfamiliar order. Complete the pattern using this order.

[i q e h l] [i q e d l]
[u x v x r x x x m x] [


--- TARGET LETTERS ---

['u', 'x', 'v', 'x', 'r', 'x', 'x', 'x', 'j', 'x']
Full Qwen output: 1. [a b c d e] [a b c d f]  
2. [p q r s t] [p q r s u]  
3. [m n o p q] [m n o p r]  

[[u x v x r x x x m x] [u x v x r x x x m y]]
Filtered Qwen output: u x v x r x x x m x] [u x v x r x x x m y
trial 2 of 10...
trial 3 of 10...
trial 4 of 10...
trial 5 of 10...
trial 6 of 10...
trial 7 of 10...
trial 8 of 10...
trial 9 of 10...
trial 10 of 10...
Problem type: letter2num - 5/20
trial 1 of 10...

=== PROMPT ===

System message: You are able to solve letter-string analogies

User message: Use the following alphabet to complete the pattern.

b n f m p g h w i q e d l y s o c k a t u v r x j z

First, describe 3 relevant exemplars that are distinct from this problem, then give the final answer. Answer with only the examples and the final answer with no further explanation. Put your final answer between double brackets. Note that the alphabet may be in an unfamiliar order. Complete the pattern using this order.

[e d l y] [e d l s]
[1 2 3 4] [


--- TARGET LETTERS ---

[np.int64(1), np.int64(2), np.int64(3), np.int64(5)]
Full Qwen output: 1. [a b c d] [a b c e]  
2. [x y z a] [x y z b]  
3. [m n o p] [m n o q]  

[[e d l o]]
Filtered Qwen output: e d l o
trial 2 of 10...
trial 3 of 10...
trial 4 of 10...
trial 5 of 10...
trial 6 of 10...
trial 7 of 10...
trial 8 of 10...
trial 9 of 10...
trial 10 of 10...
Problem type: reverse - 6/20
trial 1 of 10...

=== PROMPT ===

System message: You are able to solve letter-string analogies

User message: Use the following alphabet to complete the pattern.

b n f m p g h w i q e d l y s o c k a t u v r x j z

First, describe 3 relevant exemplars that are distinct from this problem, then give the final answer. Answer with only the examples and the final answer with no further explanation. Put your final answer between double brackets. Note that the alphabet may be in an unfamiliar order. Complete the pattern using this order.

[s o o c k a] [s o c k a]
[i w h g p p] [


--- TARGET LETTERS ---

['i', 'w', 'h', 'g', 'p']
Full Qwen output: 1. [h e l l o] [h e l o]  
2. [b a n a n a] [b a n a]  
3. [c a t s] [c a t]  

[[i w h g p] [i w h g]]
Filtered Qwen output: i w h g p] [i w h g
trial 2 of 10...
trial 3 of 10...
trial 4 of 10...
trial 5 of 10...
trial 6 of 10...
trial 7 of 10...
trial 8 of 10...
trial 9 of 10...
trial 10 of 10...
Problem type: 2gen_split1 - 7/20
trial 1 of 10...

=== PROMPT ===

System message: You are able to solve letter-string analogies

User message: Use the following alphabet to complete the pattern.

b n f m p g h w i q e d l y s o c k a t u v r x j z

First, describe 3 relevant exemplars that are distinct from this problem, then give the final answer. Answer with only the examples and the final answer with no further explanation. Put your final answer between double brackets. Note that the alphabet may be in an unfamiliar order. Complete the pattern using this order.

[g h w b q] [g h w i q]
[i i e e l l o o c c] [


--- TARGET LETTERS ---

['i', 'i', 'e', 'e', 'l', 'l', 's', 's', 'c', 'c']
Full Qwen output: 1. [a b c d e] [a b c d f]  
2. [x y z a b] [x y z a c]  
3. [m n o p q] [m n o p r]  

[[i i e e l l o o c c] [i i e e l l o o c c]]
Filtered Qwen output: i i e e l l o o c c] [i i e e l l o o c c
trial 2 of 10...
trial 3 of 10...
trial 4 of 10...
trial 5 of 10...
trial 6 of 10...
trial 7 of 10...
trial 8 of 10...
trial 9 of 10...
trial 10 of 10...
Problem type: 2gen_split2 - 8/20
trial 1 of 10...

=== PROMPT ===

System message: You are able to solve letter-string analogies

User message: Use the following alphabet to complete the pattern.

b n f m p g h w i q e d l y s o c k a t u v r x j z

First, describe 3 relevant exemplars that are distinct from this problem, then give the final answer. Answer with only the examples and the final answer with no further explanation. Put your final answer between double brackets. Note that the alphabet may be in an unfamiliar order. Complete the pattern using this order.

[g n f m p] [b n f m p]
[g g p p m m y y n n] [


--- TARGET LETTERS ---

['g', 'g', 'p', 'p', 'm', 'm', 'f', 'f', 'n', 'n']
Full Qwen output: 1. [a b c d e] [f g h i j]  
2. [x y z a b] [c d e f g]  
3. [m n o p q] [r s t u v]  

[[g g p p m m y y n n] [g g p p m m y y n n]]
Filtered Qwen output: g g p p m m y y n n] [g g p p m m y y n n
trial 2 of 10...
trial 3 of 10...
trial 4 of 10...
trial 5 of 10...
trial 6 of 10...
trial 7 of 10...
trial 8 of 10...
trial 9 of 10...
trial 10 of 10...
Problem type: 2gen_split3 - 9/20
trial 1 of 10...

=== PROMPT ===

System message: You are able to solve letter-string analogies

User message: Use the following alphabet to complete the pattern.

b n f m p g h w i q e d l y s o c k a t u v r x j z

First, describe 3 relevant exemplars that are distinct from this problem, then give the final answer. Answer with only the examples and the final answer with no further explanation. Put your final answer between double brackets. Note that the alphabet may be in an unfamiliar order. Complete the pattern using this order.

[b n f m] [b n f p]
[d x l x y x s x o x c x k x a x] [


--- TARGET LETTERS ---

['d', 'x', 'l', 'x', 'y', 'x', 's', 'x', 'o', 'x', 'c', 'x', 'k', 'x', 't', 'x']
Full Qwen output: 1. [a b c d] [a b c e]  
2. [x y z a] [x y z b]  
3. [p q r s] [p q r t]  

[[d x l x y x s x o x c x k x a x x]]
Filtered Qwen output: d x l x y x s x o x c x k x a x x
trial 2 of 10...
trial 3 of 10...
trial 4 of 10...
trial 5 of 10...
trial 6 of 10...
trial 7 of 10...
trial 8 of 10...
trial 9 of 10...
trial 10 of 10...
Problem type: 2gen_split4 - 10/20
trial 1 of 10...

=== PROMPT ===

System message: You are able to solve letter-string analogies

User message: Use the following alphabet to complete the pattern.

b n f m p g h w i q e d l y s o c k a t u v r x j z

First, describe 3 relevant exemplars that are distinct from this problem, then give the final answer. Answer with only the examples and the final answer with no further explanation. Put your final answer between double brackets. Note that the alphabet may be in an unfamiliar order. Complete the pattern using this order.

[m p g g h w] [m p g h w]
[s x o x c x k x a x t x u x v x r x r x] [


--- TARGET LETTERS ---

['s', 'x', 'o', 'x', 'c', 'x', 'k', 'x', 'a', 'x', 't', 'x', 'u', 'x', 'v', 'x', 'r', 'x']
Full Qwen output: 1. [a b c d e] [a b c d]  
2. [x y z a b] [x y z a]  
3. [p q r s t] [p q r s]  

[[m p g h w i q e d l y s o c k a t u v r x j z]]
Filtered Qwen output: m p g h w i q e d l y s o c k a t u v r x j z
trial 2 of 10...
trial 3 of 10...
trial 4 of 10...
trial 5 of 10...
trial 6 of 10...
trial 7 of 10...
trial 8 of 10...
trial 9 of 10...
trial 10 of 10...
Problem type: 2gen_split5 - 11/20
trial 1 of 10...

=== PROMPT ===

System message: You are able to solve letter-string analogies

User message: Use the following alphabet to complete the pattern.

b n f m p g h w i q e d l y s o c k a t u v r x j z

First, describe 3 relevant exemplars that are distinct from this problem, then give the final answer. Answer with only the examples and the final answer with no further explanation. Put your final answer between double brackets. Note that the alphabet may be in an unfamiliar order. Complete the pattern using this order.

[y s o o c k] [y s o c k]
[7 7 8 8 9 9 10 10 11 11 11 11] [


--- TARGET LETTERS ---

[np.int64(7), np.int64(7), np.int64(8), np.int64(8), np.int64(9), np.int64(9), np.int64(10), np.int64(10), np.int64(11), np.int64(11)]
Full Qwen output: 1. [a b c] [a b]  
2. [x y z] [x y]  
3. [1 2 3 4] [1 2]  

[[y s o c k]]
Filtered Qwen output: y s o c k
trial 2 of 10...
trial 3 of 10...
trial 4 of 10...
trial 5 of 10...
trial 6 of 10...
trial 7 of 10...
trial 8 of 10...
trial 9 of 10...
trial 10 of 10...
Problem type: 2gen_split6 - 12/20
trial 1 of 10...

=== PROMPT ===

System message: You are able to solve letter-string analogies

User message: Use the following alphabet to complete the pattern.

b n f m p g h w i q e d l y s o c k a t u v r x j z

First, describe 3 relevant exemplars that are distinct from this problem, then give the final answer. Answer with only the examples and the final answer with no further explanation. Put your final answer between double brackets. Note that the alphabet may be in an unfamiliar order. Complete the pattern using this order.

[i q e d] [w q e d]
[l s c a u r j] [


--- TARGET LETTERS ---

['e', 's', 'c', 'a', 'u', 'r', 'j']
Full Qwen output: 1. [a b c d] [e f g h]  
2. [x y z a] [b c d e]  
3. [m n o p] [q r s t]  

[[l s c a u r j] [l s c a u r j]]
Filtered Qwen output: l s c a u r j] [l s c a u r j
trial 2 of 10...
trial 3 of 10...
trial 4 of 10...
trial 5 of 10...
trial 6 of 10...
trial 7 of 10...
trial 8 of 10...
trial 9 of 10...
trial 10 of 10...
Problem type: 2gensplit7 - 13/20
trial 1 of 10...

=== PROMPT ===

System message: You are able to solve letter-string analogies

User message: Use the following alphabet to complete the pattern.

b n f m p g h w i q e d l y s o c k a t u v r x j z

First, describe 3 relevant exemplars that are distinct from this problem, then give the final answer. Answer with only the examples and the final answer with no further explanation. Put your final answer between double brackets. Note that the alphabet may be in an unfamiliar order. Complete the pattern using this order.

[n f g p m] [n f m p g]
[o d y q k t v x z] [


--- TARGET LETTERS ---

['q', 'd', 'y', 'o', 'k', 't', 'v', 'x', 'z']
Full Qwen output: 1. [a b c d e] [a b d e c]  
2. [x y z a b] [x y a b z]  
3. [p q r s t] [p q s t r]  

[[o d y q k t v x z] [o d k t v x z q y]]
Filtered Qwen output: o d y q k t v x z] [o d k t v x z q y
trial 2 of 10...
trial 3 of 10...
trial 4 of 10...
trial 5 of 10...
trial 6 of 10...
trial 7 of 10...
trial 8 of 10...
trial 9 of 10...
trial 10 of 10...
Problem type: 3gen_split1 - 14/20
trial 1 of 10...

=== PROMPT ===

System message: You are able to solve letter-string analogies

User message: Use the following alphabet to complete the pattern.

b n f m p g h w i q e d l y s o c k a t u v r x j z

First, describe 3 relevant exemplars that are distinct from this problem, then give the final answer. Answer with only the examples and the final answer with no further explanation. Put your final answer between double brackets. Note that the alphabet may be in an unfamiliar order. Complete the pattern using this order.

[t u v r] [t u v x]
[5 5 4 4 3 3 2 2] [


--- TARGET LETTERS ---

[np.int64(5), np.int64(5), np.int64(4), np.int64(4), np.int64(3), np.int64(3), np.int64(1), np.int64(1)]
Full Qwen output: 1. [a b c d] [a b c e]  
2. [x y z a] [x y z b]  
3. [p q r s] [p q r t]  

[[t u v r] [t u v x]]  
[[5 5 4 4 3 3 2 2] [5 5 4 4 3 3 2 3]]  
[[t u v r] [t u v x]]  
[[5 5 4 4 3 3 2 2] [[5 5
Filtered Qwen output: t u v r] [t u v x
trial 2 of 10...
trial 3 of 10...
trial 4 of 10...
trial 5 of 10...
trial 6 of 10...
trial 7 of 10...
trial 8 of 10...
trial 9 of 10...
trial 10 of 10...
Problem type: 3gen_split2 - 15/20
trial 1 of 10...

=== PROMPT ===

System message: You are able to solve letter-string analogies

User message: Use the following alphabet to complete the pattern.

b n f m p g h w i q e d l y s o c k a t u v r x j z

First, describe 3 relevant exemplars that are distinct from this problem, then give the final answer. Answer with only the examples and the final answer with no further explanation. Put your final answer between double brackets. Note that the alphabet may be in an unfamiliar order. Complete the pattern using this order.

[h w i q] [h w i q e]
[c x s x l x e x] [


--- TARGET LETTERS ---

['c', 'x', 's', 'x', 'l', 'x', 'e', 'x', 'i', 'x']
Full Qwen output: 1. [a b c d] [a b c d e]  
2. [p q r s] [p q r s t]  
3. [m n o p] [m n o p q]  

[[h w i q e d l y s o c k a t u v r x j z]]
Filtered Qwen output: h w i q e d l y s o c k a t u v r x j z
trial 2 of 10...
trial 3 of 10...
trial 4 of 10...
trial 5 of 10...
trial 6 of 10...
trial 7 of 10...
trial 8 of 10...
trial 9 of 10...
trial 10 of 10...
Problem type: 3gen_split3 - 16/20
trial 1 of 10...

=== PROMPT ===

System message: You are able to solve letter-string analogies

User message: Use the following alphabet to complete the pattern.

b n f m p g h w i q e d l y s o c k a t u v r x j z

First, describe 3 relevant exemplars that are distinct from this problem, then give the final answer. Answer with only the examples and the final answer with no further explanation. Put your final answer between double brackets. Note that the alphabet may be in an unfamiliar order. Complete the pattern using this order.

[c k u t a] [c k a t u]
[10 0 12 0 16 0 14 0 18 0] [


--- TARGET LETTERS ---

[np.int64(10), '0', np.int64(12), '0', np.int64(14), '0', np.int64(16), '0', np.int64(18), '0']
Full Qwen output: b n f m p g h w i q e d l y s o c k a t u v r x j z

[[c k u t a] [c k a t u]]  
[[10 0 12 0 16 0 14 0 18 0] [10 0 12 0 14 0 16 0 18 0]]  
[[c k a t u] [c k u t a]]  

[[c k a t u]]
Filtered Qwen output: c k u t a] [c k a t u
trial 2 of 10...
trial 3 of 10...
trial 4 of 10...
trial 5 of 10...
trial 6 of 10...
trial 7 of 10...
trial 8 of 10...
trial 9 of 10...
trial 10 of 10...
Problem type: 3gen_split4 - 17/20
trial 1 of 10...

=== PROMPT ===

System message: You are able to solve letter-string analogies

User message: Use the following alphabet to complete the pattern.

b n f m p g h w i q e d l y s o c k a t u v r x j z

First, describe 3 relevant exemplars that are distinct from this problem, then give the final answer. Answer with only the examples and the final answer with no further explanation. Put your final answer between double brackets. Note that the alphabet may be in an unfamiliar order. Complete the pattern using this order.

[g h w i] [p h w i]
[11 11 0 0 12 12 0 0 13 13 0 0 14 14 0 0] [


--- TARGET LETTERS ---

[np.int64(10), np.int64(10), '0', '0', np.int64(12), np.int64(12), '0', '0', np.int64(13), np.int64(13), '0', '0', np.int64(14), np.int64(14), '0', '0']
Full Qwen output: b n f m p g h w i q e d l y s o c k a t u v r x j z

[[g h w i] [p h w i]]  
[[b n f m] [p n f m]]  
[[c d e f] [g d e f]]  

[[p h w i]]
Filtered Qwen output: g h w i] [p h w i
trial 2 of 10...
trial 3 of 10...
trial 4 of 10...
trial 5 of 10...
trial 6 of 10...
trial 7 of 10...
trial 8 of 10...
trial 9 of 10...
trial 10 of 10...
Problem type: 3gen_split5 - 18/20
trial 1 of 10...

=== PROMPT ===

System message: You are able to solve letter-string analogies

User message: Use the following alphabet to complete the pattern.

b n f m p g h w i q e d l y s o c k a t u v r x j z

First, describe 3 relevant exemplars that are distinct from this problem, then give the final answer. Answer with only the examples and the final answer with no further explanation. Put your final answer between double brackets. Note that the alphabet may be in an unfamiliar order. Complete the pattern using this order.

[r x j z] [v x j z]
[d d q q w w g g] [


--- TARGET LETTERS ---

['y', 'y', 'q', 'q', 'w', 'w', 'g', 'g']
Full Qwen output: 1. [a b c d] [e f g h]  
2. [x y z a] [b c d e]  
3. [m n o p] [q r s t]  

[[d d q q w w g g] [d d q q w w g g]]
Filtered Qwen output: d d q q w w g g] [d d q q w w g g
trial 2 of 10...
trial 3 of 10...
trial 4 of 10...
trial 5 of 10...
trial 6 of 10...
trial 7 of 10...
trial 8 of 10...
trial 9 of 10...
trial 10 of 10...
Problem type: 3gen_split6 - 19/20
trial 1 of 10...

=== PROMPT ===

System message: You are able to solve letter-string analogies

User message: Use the following alphabet to complete the pattern.

b n f m p g h w i q e d l y s o c k a t u v r x j z

First, describe 3 relevant exemplars that are distinct from this problem, then give the final answer. Answer with only the examples and the final answer with no further explanation. Put your final answer between double brackets. Note that the alphabet may be in an unfamiliar order. Complete the pattern using this order.

[a t g v r] [a t u v r]
[f f x x p p x x r r x x i i x x e e x x] [


--- TARGET LETTERS ---

['f', 'f', 'x', 'x', 'p', 'p', 'x', 'x', 'h', 'h', 'x', 'x', 'i', 'i', 'x', 'x', 'e', 'e', 'x', 'x']
Full Qwen output: 1. [a b c d e] [a b c d e]  
2. [x y z a b] [x y z a b]  
3. [m n o p q] [m n o p q]  

[[a t u v r]]
Filtered Qwen output: a t u v r
trial 2 of 10...
trial 3 of 10...
trial 4 of 10...
trial 5 of 10...
trial 6 of 10...
trial 7 of 10...
trial 8 of 10...
trial 9 of 10...
trial 10 of 10...
Problem type: 3gensplit7 - 20/20
trial 1 of 10...

=== PROMPT ===

System message: You are able to solve letter-string analogies

User message: Use the following alphabet to complete the pattern.

b n f m p g h w i q e d l y s o c k a t u v r x j z

First, describe 3 relevant exemplars that are distinct from this problem, then give the final answer. Answer with only the examples and the final answer with no further explanation. Put your final answer between double brackets. Note that the alphabet may be in an unfamiliar order. Complete the pattern using this order.

[r x j z] [v x j z]
[h h x x i i x x e e x x l l x x] [


--- TARGET LETTERS ---

['p', 'p', 'x', 'x', 'i', 'i', 'x', 'x', 'e', 'e', 'x', 'x', 'l', 'l', 'x', 'x']
Full Qwen output: b n f m p g h w i q e d l y s o c k a t u v r x j z

[[r x j z] [v x j z]]  
[[h h x x i i x x e e x x l l x x] [h h x x i i x x e e x x l l x x]]

[[r x j z] [v x j z]]  
[[h h x x i i x x e e x x l l x x] [h h x x i i x x e e x x l l x x]]

[[r x
Filtered Qwen output: r x j z] [v x j z
trial 2 of 10...
trial 3 of 10...
trial 4 of 10...
trial 5 of 10...
trial 6 of 10...
trial 7 of 10...
trial 8 of 10...
trial 9 of 10...
trial 10 of 10...
alph_3
i b s d f z v h t c r l o g e p w j m x u q n y a k
Problem type: larger_int - 1/20
trial 1 of 10...

=== PROMPT ===

System message: You are able to solve letter-string analogies

User message: Use the following alphabet to complete the pattern.

i b s d f z v h t c r l o g e p w j m x u q n y a k

First, describe 3 relevant exemplars that are distinct from this problem, then give the final answer. Answer with only the examples and the final answer with no further explanation. Put your final answer between double brackets. Note that the alphabet may be in an unfamiliar order. Complete the pattern using this order.

[j m x u] [j m x q]
[v t r o] [


--- TARGET LETTERS ---

['v', 't', 'r', 'e']
Full Qwen output: 1. [a b c d] [a b c e]  
2. [p q r s] [p q r t]  
3. [f g h i] [f g h j]  

[[v t r n]]
Filtered Qwen output: v t r n
trial 2 of 10...
trial 3 of 10...
trial 4 of 10...
trial 5 of 10...
trial 6 of 10...
trial 7 of 10...
trial 8 of 10...
trial 9 of 10...
trial 10 of 10...
Problem type: longer_targ - 2/20
trial 1 of 10...

=== PROMPT ===

System message: You are able to solve letter-string analogies

User message: Use the following alphabet to complete the pattern.

i b s d f z v h t c r l o g e p w j m x u q n y a k

First, describe 3 relevant exemplars that are distinct from this problem, then give the final answer. Answer with only the examples and the final answer with no further explanation. Put your final answer between double brackets. Note that the alphabet may be in an unfamiliar order. Complete the pattern using this order.

[p e g w j] [g e p w j]
[h b s d f z v i t] [


--- TARGET LETTERS ---

['i', 'b', 's', 'd', 'f', 'z', 'v', 'h', 't']
Full Qwen output: 1. [a b c d e] [b c d e f]  
2. [x y z a b] [y z a b c]  
3. [m n o p q] [n o p q r]  

[[b s d f z]]
Filtered Qwen output: b s d f z
trial 2 of 10...
trial 3 of 10...
trial 4 of 10...
trial 5 of 10...
trial 6 of 10...
trial 7 of 10...
trial 8 of 10...
trial 9 of 10...
trial 10 of 10...
Problem type: group - 3/20
trial 1 of 10...

=== PROMPT ===

System message: You are able to solve letter-string analogies

User message: Use the following alphabet to complete the pattern.

i b s d f z v h t c r l o g e p w j m x u q n y a k

First, describe 3 relevant exemplars that are distinct from this problem, then give the final answer. Answer with only the examples and the final answer with no further explanation. Put your final answer between double brackets. Note that the alphabet may be in an unfamiliar order. Complete the pattern using this order.

[q n y a] [q n y a k]
[o o g g e e p p] [


--- TARGET LETTERS ---

['o', 'o', 'g', 'g', 'e', 'e', 'p', 'p', 'w', 'w']
Full Qwen output: 1. [a b c] [a b c d]  
2. [x y z] [x y z a]  
3. [m n o] [m n o p]  

[[o o g g e e p p w j m x u q n y a k]]
Filtered Qwen output: o o g g e e p p w j m x u q n y a k
trial 2 of 10...
trial 3 of 10...
trial 4 of 10...
trial 5 of 10...
trial 6 of 10...
trial 7 of 10...
trial 8 of 10...
trial 9 of 10...
trial 10 of 10...
Problem type: interleaved - 4/20
trial 1 of 10...

=== PROMPT ===

System message: You are able to solve letter-string analogies

User message: Use the following alphabet to complete the pattern.

i b s d f z v h t c r l o g e p w j m x u q n y a k

First, describe 3 relevant exemplars that are distinct from this problem, then give the final answer. Answer with only the examples and the final answer with no further explanation. Put your final answer between double brackets. Note that the alphabet may be in an unfamiliar order. Complete the pattern using this order.

[q n y a] [q n y k]
[i x b x s x d x] [


--- TARGET LETTERS ---

['i', 'x', 'b', 'x', 's', 'x', 'f', 'x']
Full Qwen output: i b s d f z v h t c r l o g e p w j m x u q n y a k

Examples:  
[cat] [c a t]  
[dog] [d o g]  
[hat] [h a t]  

[[q n y a] [q n y k]]
Filtered Qwen output: q n y a] [q n y k
trial 2 of 10...
trial 3 of 10...
trial 4 of 10...
trial 5 of 10...
trial 6 of 10...
trial 7 of 10...
trial 8 of 10...
trial 9 of 10...
trial 10 of 10...
Problem type: letter2num - 5/20
trial 1 of 10...

=== PROMPT ===

System message: You are able to solve letter-string analogies

User message: Use the following alphabet to complete the pattern.

i b s d f z v h t c r l o g e p w j m x u q n y a k

First, describe 3 relevant exemplars that are distinct from this problem, then give the final answer. Answer with only the examples and the final answer with no further explanation. Put your final answer between double brackets. Note that the alphabet may be in an unfamiliar order. Complete the pattern using this order.

[u q n y] [u q n y a]
[1 2 3 4] [


--- TARGET LETTERS ---

[np.int64(1), np.int64(2), np.int64(3), np.int64(4), np.int64(5)]
Full Qwen output: 1. [a b c d] [a b c d e]  
2. [x y z a] [x y z a b]  
3. [m n o p] [m n o p q]  

[[u q n y a k]]
Filtered Qwen output: u q n y a k
trial 2 of 10...
trial 3 of 10...
trial 4 of 10...
trial 5 of 10...
trial 6 of 10...
trial 7 of 10...
trial 8 of 10...
trial 9 of 10...
trial 10 of 10...
Problem type: reverse - 6/20
trial 1 of 10...

=== PROMPT ===

System message: You are able to solve letter-string analogies

User message: Use the following alphabet to complete the pattern.

i b s d f z v h t c r l o g e p w j m x u q n y a k

First, describe 3 relevant exemplars that are distinct from this problem, then give the final answer. Answer with only the examples and the final answer with no further explanation. Put your final answer between double brackets. Note that the alphabet may be in an unfamiliar order. Complete the pattern using this order.

[i b s c f] [i b s d f]
[t h v z j] [


--- TARGET LETTERS ---

['t', 'h', 'v', 'z', 'f']
Full Qwen output: 1. [a b c d e] [a b c d f]  
2. [x y z a b] [x y z a c]  
3. [m n o p q] [m n o p r]  

[[t h v z k]]
Filtered Qwen output: t h v z k
trial 2 of 10...
trial 3 of 10...
trial 4 of 10...
trial 5 of 10...
trial 6 of 10...
trial 7 of 10...
trial 8 of 10...
trial 9 of 10...
trial 10 of 10...
Problem type: 2gen_split1 - 7/20
trial 1 of 10...

=== PROMPT ===

System message: You are able to solve letter-string analogies

User message: Use the following alphabet to complete the pattern.

i b s d f z v h t c r l o g e p w j m x u q n y a k

First, describe 3 relevant exemplars that are distinct from this problem, then give the final answer. Answer with only the examples and the final answer with no further explanation. Put your final answer between double brackets. Note that the alphabet may be in an unfamiliar order. Complete the pattern using this order.

[i b s d v] [i b s d f]
[v x t x d x o x e x] [


--- TARGET LETTERS ---

['v', 'x', 't', 'x', 'r', 'x', 'o', 'x', 'e', 'x']
Full Qwen output: 1. [a b c d e] [a b c d f]  
2. [p q r s t] [p q r s u]  
3. [m n o p q] [m n o p r]  

[[v x t x d x o x e x] [v x t x d x o x e x x]]
Filtered Qwen output: v x t x d x o x e x] [v x t x d x o x e x x
trial 2 of 10...
trial 3 of 10...
trial 4 of 10...
trial 5 of 10...
trial 6 of 10...
trial 7 of 10...
trial 8 of 10...
trial 9 of 10...
trial 10 of 10...
Problem type: 2gen_split2 - 8/20
trial 1 of 10...

=== PROMPT ===

System message: You are able to solve letter-string analogies

User message: Use the following alphabet to complete the pattern.

i b s d f z v h t c r l o g e p w j m x u q n y a k

First, describe 3 relevant exemplars that are distinct from this problem, then give the final answer. Answer with only the examples and the final answer with no further explanation. Put your final answer between double brackets. Note that the alphabet may be in an unfamiliar order. Complete the pattern using this order.

[h h t c r l] [h t c r l]
[e x p x w x j x j x m x x x u x q x n x] [


--- TARGET LETTERS ---

['e', 'x', 'p', 'x', 'w', 'x', 'j', 'x', 'm', 'x', 'x', 'x', 'u', 'x', 'q', 'x', 'n', 'x']
Full Qwen output: i b s d f z v h t c r l o g e p w j m x u q n y a k  
[e x p x w x j x j x m x x x u x q x n x] [x x x x x x x x x x x x x x x x x x x x x x x x x x x x x x x x x x x x x x x x x x x x x x x x x x x x x x x x x x x x x x x x x x x x x x x x x x x x x x x
trial 2 of 10...
trial 3 of 10...
trial 4 of 10...
trial 5 of 10...
trial 6 of 10...
trial 7 of 10...
trial 8 of 10...
trial 9 of 10...
trial 10 of 10...
Problem type: 2gen_split3 - 9/20
trial 1 of 10...

=== PROMPT ===

System message: You are able to solve letter-string analogies

User message: Use the following alphabet to complete the pattern.

i b s d f z v h t c r l o g e p w j m x u q n y a k

First, describe 3 relevant exemplars that are distinct from this problem, then give the final answer. Answer with only the examples and the final answer with no further explanation. Put your final answer between double brackets. Note that the alphabet may be in an unfamiliar order. Complete the pattern using this order.

[b s d f z z] [b s d f z]
[i x i x b x s x d x f x z x v x h x t x] [


--- TARGET LETTERS ---

['i', 'x', 'b', 'x', 's', 'x', 'd', 'x', 'f', 'x', 'z', 'x', 'v', 'x', 'h', 'x', 't', 'x']
Full Qwen output: i b s d f z v h t c r l o g e p w j m x u q n y a k

[[b s d f z z] [b s d f z]]  
[[i x i x b x s x d x f x z x v x h x t x] [i x i x b x s x d x f x z x v x h x t x]]  
[[c r l o g e p w j m x u q n y a k] [c r l o g e p w j m x u q n y a k]]

[[i
Filtered Qwen output: b s d f z z] [b s d f z
trial 2 of 10...
trial 3 of 10...
trial 4 of 10...
trial 5 of 10...
trial 6 of 10...
trial 7 of 10...
trial 8 of 10...
trial 9 of 10...
trial 10 of 10...
Problem type: 2gen_split4 - 10/20
trial 1 of 10...

=== PROMPT ===

System message: You are able to solve letter-string analogies

User message: Use the following alphabet to complete the pattern.

i b s d f z v h t c r l o g e p w j m x u q n y a k

First, describe 3 relevant exemplars that are distinct from this problem, then give the final answer. Answer with only the examples and the final answer with no further explanation. Put your final answer between double brackets. Note that the alphabet may be in an unfamiliar order. Complete the pattern using this order.

[p w j m] [p w j x]
[e g o l r c t h] [


--- TARGET LETTERS ---

['e', 'g', 'o', 'l', 'r', 'c', 't', 'v']
Full Qwen output: 1. [a b c d] [a b c e]  
2. [x y z a] [x y z b]  
3. [m n o p] [m n o q]  

[[e g o l r c t x]]
Filtered Qwen output: e g o l r c t x
trial 2 of 10...
trial 3 of 10...
trial 4 of 10...
trial 5 of 10...
trial 6 of 10...
trial 7 of 10...
trial 8 of 10...
trial 9 of 10...
trial 10 of 10...
Problem type: 2gen_split5 - 11/20
trial 1 of 10...

=== PROMPT ===

System message: You are able to solve letter-string analogies

User message: Use the following alphabet to complete the pattern.

i b s d f z v h t c r l o g e p w j m x u q n y a k

First, describe 3 relevant exemplars that are distinct from this problem, then give the final answer. Answer with only the examples and the final answer with no further explanation. Put your final answer between double brackets. Note that the alphabet may be in an unfamiliar order. Complete the pattern using this order.

[z v h t c c] [z v h t c]
[w w j j j j m m x x u u q q n n y y a a] [


--- TARGET LETTERS ---

['w', 'w', 'j', 'j', 'm', 'm', 'x', 'x', 'u', 'u', 'q', 'q', 'n', 'n', 'y', 'y', 'a', 'a']
Full Qwen output: i b s d f z v h t c r l o g e p w j m x u q n y a k

[[z v h t c r] [z v h t c r]]  
[[w w j j j j m m x x u u q q n n y y a a] [w w j j j j m m x x u u q q n n y y a a]]  
[[f z v h t c] [f z v h t c]]  

[[z v h t c r] [z v h t c r]]
Filtered Qwen output: z v h t c r] [z v h t c r
trial 2 of 10...
trial 3 of 10...
trial 4 of 10...
trial 5 of 10...
trial 6 of 10...
trial 7 of 10...
trial 8 of 10...
trial 9 of 10...
trial 10 of 10...
Problem type: 2gen_split6 - 12/20
trial 1 of 10...

=== PROMPT ===

System message: You are able to solve letter-string analogies

User message: Use the following alphabet to complete the pattern.

i b s d f z v h t c r l o g e p w j m x u q n y a k

First, describe 3 relevant exemplars that are distinct from this problem, then give the final answer. Answer with only the examples and the final answer with no further explanation. Put your final answer between double brackets. Note that the alphabet may be in an unfamiliar order. Complete the pattern using this order.

[e p w j] [g p w j]
[x x q x y x k x] [


--- TARGET LETTERS ---

['j', 'x', 'q', 'x', 'y', 'x', 'k', 'x']
Full Qwen output: 1. [a b c d] [b c d e]  
2. [m n o p] [n o p q]  
3. [s t u v] [t u v w]  

[[l o g e] [o g e p]]
Filtered Qwen output: l o g e] [o g e p
trial 2 of 10...
trial 3 of 10...
trial 4 of 10...
trial 5 of 10...
trial 6 of 10...
trial 7 of 10...
trial 8 of 10...
trial 9 of 10...
trial 10 of 10...
Problem type: 2gensplit7 - 13/20
trial 1 of 10...

=== PROMPT ===

System message: You are able to solve letter-string analogies

User message: Use the following alphabet to complete the pattern.

i b s d f z v h t c r l o g e p w j m x u q n y a k

First, describe 3 relevant exemplars that are distinct from this problem, then give the final answer. Answer with only the examples and the final answer with no further explanation. Put your final answer between double brackets. Note that the alphabet may be in an unfamiliar order. Complete the pattern using this order.

[r l o o g e] [r l o g e]
[18 18 19 19 19 19 20 20 21 21 22 22] [


--- TARGET LETTERS ---

[np.int64(18), np.int64(18), np.int64(19), np.int64(19), np.int64(20), np.int64(20), np.int64(21), np.int64(21), np.int64(22), np.int64(22)]
Full Qwen output: 1. [a b c d e f] [a b c d e]  
2. [x y z x y z] [x y z x y]  
3. [m n o p q r] [m n o p q]  

[[r l o g e]]
Filtered Qwen output: r l o g e
trial 2 of 10...
trial 3 of 10...
trial 4 of 10...
trial 5 of 10...
trial 6 of 10...
trial 7 of 10...
trial 8 of 10...
trial 9 of 10...
trial 10 of 10...
Problem type: 3gen_split1 - 14/20
trial 1 of 10...

=== PROMPT ===

System message: You are able to solve letter-string analogies

User message: Use the following alphabet to complete the pattern.

i b s d f z v h t c r l o g e p w j m x u q n y a k

First, describe 3 relevant exemplars that are distinct from this problem, then give the final answer. Answer with only the examples and the final answer with no further explanation. Put your final answer between double brackets. Note that the alphabet may be in an unfamiliar order. Complete the pattern using this order.

[w j m x] [w j m u]
[12 12 13 13 14 14 15 15 16 16 17 17 18 18 19 19] [


--- TARGET LETTERS ---

[np.int64(12), np.int64(12), np.int64(13), np.int64(13), np.int64(14), np.int64(14), np.int64(15), np.int64(15), np.int64(16), np.int64(16), np.int64(17), np.int64(17), np.int64(18), np.int64(18), np.int64(20), np.int64(20)]
Full Qwen output: i b s d f z v h t c r l o g e p w j m x u q n y a k  
[w j m x] [w j m u]  
[12 12 13 13 14 14 15 15 16 16 17 17 18 18 19 19]  

Examples:  
1. [a b c d] [a b c e]  
2. [p q r s] [p q r t]  
3. [x y z
trial 2 of 10...
trial 3 of 10...
trial 4 of 10...
trial 5 of 10...
trial 6 of 10...
trial 7 of 10...
trial 8 of 10...
trial 9 of 10...
trial 10 of 10...
Problem type: 3gen_split2 - 15/20
trial 1 of 10...

=== PROMPT ===

System message: You are able to solve letter-string analogies

User message: Use the following alphabet to complete the pattern.

i b s d f z v h t c r l o g e p w j m x u q n y a k

First, describe 3 relevant exemplars that are distinct from this problem, then give the final answer. Answer with only the examples and the final answer with no further explanation. Put your final answer between double brackets. Note that the alphabet may be in an unfamiliar order. Complete the pattern using this order.

[c r l o] [c r l g]
[w e o r t v f s] [


--- TARGET LETTERS ---

['w', 'e', 'o', 'r', 't', 'v', 'f', 'i']
Full Qwen output: 1. [a b c d] [a b c e]  
2. [x y z a] [x y z b]  
3. [p q r s] [p q r t]  

[[c r l e]]
Filtered Qwen output: c r l e
trial 2 of 10...
trial 3 of 10...
trial 4 of 10...
trial 5 of 10...
trial 6 of 10...
trial 7 of 10...
trial 8 of 10...
trial 9 of 10...
trial 10 of 10...
Problem type: 3gen_split3 - 16/20
trial 1 of 10...

=== PROMPT ===

System message: You are able to solve letter-string analogies

User message: Use the following alphabet to complete the pattern.

i b s d f z v h t c r l o g e p w j m x u q n y a k

First, describe 3 relevant exemplars that are distinct from this problem, then give the final answer. Answer with only the examples and the final answer with no further explanation. Put your final answer between double brackets. Note that the alphabet may be in an unfamiliar order. Complete the pattern using this order.

[r l o g] [r l o e]
[8 0 9 0 10 0 11 0 12 0 13 0 14 0 15 0] [


--- TARGET LETTERS ---

[np.int64(8), '0', np.int64(9), '0', np.int64(10), '0', np.int64(11), '0', np.int64(12), '0', np.int64(13), '0', np.int64(14), '0', np.int64(16), '0']
Full Qwen output: i b s d f z v h t c r l o g e p w j m x u q n y a k  
First, describe 3 relevant exemplars that are distinct from this problem, then give the final answer. Answer with only the examples and the final answer with no further explanation. Put your final answer between double brackets. Note that the alphabet may be in an unfamiliar order. Complete the pattern using this order.

[r l o g] [r l o e]  
[8 0 9 0 10 0 11 0 12 0 13 0
trial 2 of 10...
trial 3 of 10...
trial 4 of 10...
trial 5 of 10...
trial 6 of 10...
trial 7 of 10...
trial 8 of 10...
trial 9 of 10...
trial 10 of 10...
Problem type: 3gen_split4 - 17/20
trial 1 of 10...

=== PROMPT ===

System message: You are able to solve letter-string analogies

User message: Use the following alphabet to complete the pattern.

i b s d f z v h t c r l o g e p w j m x u q n y a k

First, describe 3 relevant exemplars that are distinct from this problem, then give the final answer. Answer with only the examples and the final answer with no further explanation. Put your final answer between double brackets. Note that the alphabet may be in an unfamiliar order. Complete the pattern using this order.

[e p m j w] [e p w j m]
[u m e w o r t v f] [


--- TARGET LETTERS ---

['u', 'm', 'w', 'e', 'o', 'r', 't', 'v', 'f']
Full Qwen output: 1. [a b c d e] [e d c b a]  
2. [x y z a b] [b a z y x]  
3. [p q r s t] [t s r q p]  

[[u o r t v f m]]
Filtered Qwen output: u o r t v f m
trial 2 of 10...
trial 3 of 10...
trial 4 of 10...
trial 5 of 10...
trial 6 of 10...
trial 7 of 10...
trial 8 of 10...
trial 9 of 10...
trial 10 of 10...
Problem type: 3gen_split5 - 18/20
trial 1 of 10...

=== PROMPT ===

System message: You are able to solve letter-string analogies

User message: Use the following alphabet to complete the pattern.

i b s d f z v h t c r l o g e p w j m x u q n y a k

First, describe 3 relevant exemplars that are distinct from this problem, then give the final answer. Answer with only the examples and the final answer with no further explanation. Put your final answer between double brackets. Note that the alphabet may be in an unfamiliar order. Complete the pattern using this order.

[o g e p] [l g e p]
[a a x x y y x x n n x x q q x x] [


--- TARGET LETTERS ---

['k', 'k', 'x', 'x', 'y', 'y', 'x', 'x', 'n', 'n', 'x', 'x', 'q', 'q', 'x', 'x']
Full Qwen output: 1. [a b c d] [e f g h]  
2. [x x y y z z] [a a b b c c]  
3. [m n o p] [q r s t]  

[[o g e p] [l g e p]] [[a a x x y y x x n n x x q q x x]]
Filtered Qwen output: o g e p] [l g e p
trial 2 of 10...
trial 3 of 10...
trial 4 of 10...
trial 5 of 10...
trial 6 of 10...
trial 7 of 10...
trial 8 of 10...
trial 9 of 10...
trial 10 of 10...
Problem type: 3gen_split6 - 19/20
trial 1 of 10...

=== PROMPT ===

System message: You are able to solve letter-string analogies

User message: Use the following alphabet to complete the pattern.

i b s d f z v h t c r l o g e p w j m x u q n y a k

First, describe 3 relevant exemplars that are distinct from this problem, then give the final answer. Answer with only the examples and the final answer with no further explanation. Put your final answer between double brackets. Note that the alphabet may be in an unfamiliar order. Complete the pattern using this order.

[f z v h] [d z v h]
[g g o o l l r r c c t t h h v v] [


--- TARGET LETTERS ---

['e', 'e', 'o', 'o', 'l', 'l', 'r', 'r', 'c', 'c', 't', 't', 'h', 'h', 'v', 'v']
Full Qwen output: 1. [a b c d] [e f g h]  
2. [x y z a] [b c d e]  
3. [m n o p] [q r s t]  

[[i b s d] [f z v h]]
Filtered Qwen output: i b s d] [f z v h
trial 2 of 10...
trial 3 of 10...
trial 4 of 10...
trial 5 of 10...
trial 6 of 10...
trial 7 of 10...
trial 8 of 10...
trial 9 of 10...
trial 10 of 10...
Problem type: 3gensplit7 - 20/20
trial 1 of 10...

=== PROMPT ===

System message: You are able to solve letter-string analogies

User message: Use the following alphabet to complete the pattern.

i b s d f z v h t c r l o g e p w j m x u q n y a k

First, describe 3 relevant exemplars that are distinct from this problem, then give the final answer. Answer with only the examples and the final answer with no further explanation. Put your final answer between double brackets. Note that the alphabet may be in an unfamiliar order. Complete the pattern using this order.

[b s d f] [i s d f]
[v v x x h h x x t t x x c c x x r r x x l l x x o o x x g g x x] [


--- TARGET LETTERS ---

['z', 'z', 'x', 'x', 'h', 'h', 'x', 'x', 't', 't', 'x', 'x', 'c', 'c', 'x', 'x', 'r', 'r', 'x', 'x', 'l', 'l', 'x', 'x', 'o', 'o', 'x', 'x', 'g', 'g', 'x', 'x']
Full Qwen output: 1. [a b c d] [e f g h]  
2. [x y z a] [b c d e]  
3. [m n o p] [q r s t]  

[[v v x x h h x x t t x x c c x x r r x x l l x x o o x x g g x x] [v v x x h h x x t t x x c c x x r r x x l l x x o o x x g g x x]]
Filtered Qwen output: v v x x h h x x t t x x c c x x r r x x l l x x o o x x g g x x] [v v x x h h x x t t x x c c x x r r x x l l x x o o x x g g x x
trial 2 of 10...
trial 3 of 10...
trial 4 of 10...
trial 5 of 10...
trial 6 of 10...
trial 7 of 10...
trial 8 of 10...
trial 9 of 10...
trial 10 of 10...
alph_4
w p c d e z b h a s j g x o m n t k f i u v q y r l
Problem type: larger_int - 1/20
trial 1 of 10...

=== PROMPT ===

System message: You are able to solve letter-string analogies

User message: Use the following alphabet to complete the pattern.

w p c d e z b h a s j g x o m n t k f i u v q y r l

First, describe 3 relevant exemplars that are distinct from this problem, then give the final answer. Answer with only the examples and the final answer with no further explanation. Put your final answer between double brackets. Note that the alphabet may be in an unfamiliar order. Complete the pattern using this order.

[a s j g x x] [a s j g x]
[w c c e b a] [


--- TARGET LETTERS ---

['w', 'c', 'e', 'b', 'a']
Full Qwen output: 1. [b d f h j] [b d f h]  
2. [m o q s u] [m o q s]  
3. [p r t v x] [p r t v]  

[[a s j g x o]]
Filtered Qwen output: a s j g x o
trial 2 of 10...
trial 3 of 10...
trial 4 of 10...
trial 5 of 10...
trial 6 of 10...
trial 7 of 10...
trial 8 of 10...
trial 9 of 10...
trial 10 of 10...
Problem type: longer_targ - 2/20
trial 1 of 10...

=== PROMPT ===

System message: You are able to solve letter-string analogies

User message: Use the following alphabet to complete the pattern.

w p c d e z b h a s j g x o m n t k f i u v q y r l

First, describe 3 relevant exemplars that are distinct from this problem, then give the final answer. Answer with only the examples and the final answer with no further explanation. Put your final answer between double brackets. Note that the alphabet may be in an unfamiliar order. Complete the pattern using this order.

[e z b u a] [e z b h a]
[z b h a s j g x w] [


--- TARGET LETTERS ---

['z', 'b', 'h', 'a', 's', 'j', 'g', 'x', 'o']
Full Qwen output: 1. [a b c d e] [a b c d e f]  
2. [x y z a b] [x y z a b c]  
3. [m n o p q] [m n o p q r]  

[[z b h a s j g x o] [z b h a s j g x o m]]
Filtered Qwen output: z b h a s j g x o] [z b h a s j g x o m
trial 2 of 10...
trial 3 of 10...
trial 4 of 10...
trial 5 of 10...
trial 6 of 10...
trial 7 of 10...
trial 8 of 10...
trial 9 of 10...
trial 10 of 10...
Problem type: group - 3/20
trial 1 of 10...

=== PROMPT ===

System message: You are able to solve letter-string analogies

User message: Use the following alphabet to complete the pattern.

w p c d e z b h a s j g x o m n t k f i u v q y r l

First, describe 3 relevant exemplars that are distinct from this problem, then give the final answer. Answer with only the examples and the final answer with no further explanation. Put your final answer between double brackets. Note that the alphabet may be in an unfamiliar order. Complete the pattern using this order.

[k f i u] [k f i v]
[c c d d e e z z] [


--- TARGET LETTERS ---

['c', 'c', 'd', 'd', 'e', 'e', 'b', 'b']
Full Qwen output: 1. [a b c d] [a b c e]  
2. [x y z a] [x y z b]  
3. [m n o p] [m n o q]  

[[c c d d e e z z] [c c d d e e z z]]
Filtered Qwen output: c c d d e e z z] [c c d d e e z z
trial 2 of 10...
trial 3 of 10...
trial 4 of 10...
trial 5 of 10...
trial 6 of 10...
trial 7 of 10...
trial 8 of 10...
trial 9 of 10...
trial 10 of 10...
Problem type: interleaved - 4/20
trial 1 of 10...

=== PROMPT ===

System message: You are able to solve letter-string analogies

User message: Use the following alphabet to complete the pattern.

w p c d e z b h a s j g x o m n t k f i u v q y r l

First, describe 3 relevant exemplars that are distinct from this problem, then give the final answer. Answer with only the examples and the final answer with no further explanation. Put your final answer between double brackets. Note that the alphabet may be in an unfamiliar order. Complete the pattern using this order.

[f i u v] [f i u q]
[u x v x q x y x] [


--- TARGET LETTERS ---

['u', 'x', 'v', 'x', 'q', 'x', 'r', 'x']
Full Qwen output: 1. [a b c] [a b d]  
2. [m n o] [m n p]  
3. [p q r] [p q s]  

[[u x v x q x y x] [u x v x q x y r]]
Filtered Qwen output: u x v x q x y x] [u x v x q x y r
trial 2 of 10...
trial 3 of 10...
trial 4 of 10...
trial 5 of 10...
trial 6 of 10...
trial 7 of 10...
trial 8 of 10...
trial 9 of 10...
trial 10 of 10...
Problem type: letter2num - 5/20
trial 1 of 10...

=== PROMPT ===

System message: You are able to solve letter-string analogies

User message: Use the following alphabet to complete the pattern.

w p c d e z b h a s j g x o m n t k f i u v q y r l

First, describe 3 relevant exemplars that are distinct from this problem, then give the final answer. Answer with only the examples and the final answer with no further explanation. Put your final answer between double brackets. Note that the alphabet may be in an unfamiliar order. Complete the pattern using this order.

[p c z e d] [p c d e z]
[13 14 15 17 16] [


--- TARGET LETTERS ---

[np.int64(13), np.int64(14), np.int64(15), np.int64(16), np.int64(17)]
Full Qwen output: 1. [a b c d e] [a b d c e]  
2. [x y z a b] [x y a z b]  
3. [m n o p q] [m n p o q]  

[[p c d e z]]
Filtered Qwen output: p c d e z
trial 2 of 10...
trial 3 of 10...
trial 4 of 10...
trial 5 of 10...
trial 6 of 10...
trial 7 of 10...
trial 8 of 10...
trial 9 of 10...
trial 10 of 10...
Problem type: reverse - 6/20
trial 1 of 10...

=== PROMPT ===

System message: You are able to solve letter-string analogies

User message: Use the following alphabet to complete the pattern.

w p c d e z b h a s j g x o m n t k f i u v q y r l

First, describe 3 relevant exemplars that are distinct from this problem, then give the final answer. Answer with only the examples and the final answer with no further explanation. Put your final answer between double brackets. Note that the alphabet may be in an unfamiliar order. Complete the pattern using this order.

[u v q y] [u v q r]
[k t n m] [


--- TARGET LETTERS ---

['k', 't', 'n', 'o']
Full Qwen output: 1. [a b c d] [a b c e]  
2. [x y z a] [x y z b]  
3. [m n o p] [m n o q]  

[[k t n l]]
Filtered Qwen output: k t n l
trial 2 of 10...
trial 3 of 10...
trial 4 of 10...
trial 5 of 10...
trial 6 of 10...
trial 7 of 10...
trial 8 of 10...
trial 9 of 10...
trial 10 of 10...
Problem type: 2gen_split1 - 7/20
trial 1 of 10...

=== PROMPT ===

System message: You are able to solve letter-string analogies

User message: Use the following alphabet to complete the pattern.

w p c d e z b h a s j g x o m n t k f i u v q y r l

First, describe 3 relevant exemplars that are distinct from this problem, then give the final answer. Answer with only the examples and the final answer with no further explanation. Put your final answer between double brackets. Note that the alphabet may be in an unfamiliar order. Complete the pattern using this order.

[e z b h] [e z b h a]
[o o x x g g j j] [


--- TARGET LETTERS ---

['o', 'o', 'x', 'x', 'g', 'g', 'j', 'j', 's', 's']
Full Qwen output: 1. [a b c d] [a b c d e]  
2. [x y z a] [x y z a b]  
3. [m n o p] [m n o p q]  

[[o o x x g g j j] [o o x x g g j j k]]
Filtered Qwen output: o o x x g g j j] [o o x x g g j j k
trial 2 of 10...
trial 3 of 10...
trial 4 of 10...
trial 5 of 10...
trial 6 of 10...
trial 7 of 10...
trial 8 of 10...
trial 9 of 10...
trial 10 of 10...
Problem type: 2gen_split2 - 8/20
trial 1 of 10...

=== PROMPT ===

System message: You are able to solve letter-string analogies

User message: Use the following alphabet to complete the pattern.

w p c d e z b h a s j g x o m n t k f i u v q y r l

First, describe 3 relevant exemplars that are distinct from this problem, then give the final answer. Answer with only the examples and the final answer with no further explanation. Put your final answer between double brackets. Note that the alphabet may be in an unfamiliar order. Complete the pattern using this order.

[t k f i] [t k f i u]
[14 14 15 15 16 16 17 17] [


--- TARGET LETTERS ---

[np.int64(14), np.int64(14), np.int64(15), np.int64(15), np.int64(16), np.int64(16), np.int64(17), np.int64(17), np.int64(18), np.int64(18)]
Full Qwen output: 1. [a b c d] [a b c d e]  
2. [x y z] [x y z a b]  
3. [m n o p] [m n o p q]  

[[t k f i u v]]
Filtered Qwen output: t k f i u v
trial 2 of 10...
trial 3 of 10...
trial 4 of 10...
trial 5 of 10...
trial 6 of 10...
trial 7 of 10...
trial 8 of 10...
trial 9 of 10...
trial 10 of 10...
Problem type: 2gen_split3 - 9/20
trial 1 of 10...

=== PROMPT ===

System message: You are able to solve letter-string analogies

User message: Use the following alphabet to complete the pattern.

w p c d e z b h a s j g x o m n t k f i u v q y r l

First, describe 3 relevant exemplars that are distinct from this problem, then give the final answer. Answer with only the examples and the final answer with no further explanation. Put your final answer between double brackets. Note that the alphabet may be in an unfamiliar order. Complete the pattern using this order.

[x o m n] [x o m t]
[p x c x d x e x z x b x h x a x] [


--- TARGET LETTERS ---

['p', 'x', 'c', 'x', 'd', 'x', 'e', 'x', 'z', 'x', 'b', 'x', 'h', 'x', 's', 'x']
Full Qwen output: 1. [a b c d e f g h i j k l m n o p q r s t u v w x y z]  
2. [z y x w v u t s r q p o n m l k j i h g f e d c b a]  
3. [a c e g i k m o q s u w y]  

[[x o m n] [x o m t]]
Filtered Qwen output: x o m n] [x o m t
trial 2 of 10...
trial 3 of 10...
trial 4 of 10...
trial 5 of 10...
trial 6 of 10...
trial 7 of 10...
trial 8 of 10...
trial 9 of 10...
trial 10 of 10...
Problem type: 2gen_split4 - 10/20
trial 1 of 10...

=== PROMPT ===

System message: You are able to solve letter-string analogies

User message: Use the following alphabet to complete the pattern.

w p c d e z b h a s j g x o m n t k f i u v q y r l

First, describe 3 relevant exemplars that are distinct from this problem, then give the final answer. Answer with only the examples and the final answer with no further explanation. Put your final answer between double brackets. Note that the alphabet may be in an unfamiliar order. Complete the pattern using this order.

[v q y r] [u q y r]
[k k f f i i u u v v q q y y r r] [


--- TARGET LETTERS ---

['t', 't', 'f', 'f', 'i', 'i', 'u', 'u', 'v', 'v', 'q', 'q', 'y', 'y', 'r', 'r']
Full Qwen output: 1. [a b c d] [b c d e]  
2. [x y z a] [y z a b]  
3. [m n o p] [n o p q]  

[[l l l l]]
Filtered Qwen output: l l l l
trial 2 of 10...
trial 3 of 10...
trial 4 of 10...
trial 5 of 10...
trial 6 of 10...
trial 7 of 10...
trial 8 of 10...
trial 9 of 10...
trial 10 of 10...
Problem type: 2gen_split5 - 11/20
trial 1 of 10...

=== PROMPT ===

System message: You are able to solve letter-string analogies

User message: Use the following alphabet to complete the pattern.

w p c d e z b h a s j g x o m n t k f i u v q y r l

First, describe 3 relevant exemplars that are distinct from this problem, then give the final answer. Answer with only the examples and the final answer with no further explanation. Put your final answer between double brackets. Note that the alphabet may be in an unfamiliar order. Complete the pattern using this order.

[u k f i t] [t k f i u]
[m m t t f f q q u u] [


--- TARGET LETTERS ---

['m', 'm', 't', 't', 'f', 'f', 'u', 'u', 'q', 'q']
Full Qwen output: 1. [a b c d e] [e d c b a]  
2. [x y z a b] [b a z y x]  
3. [p q r s t] [t s r q p]  

[[m m t t f f q q u u] [u u q q f f t t m m]]
Filtered Qwen output: m m t t f f q q u u] [u u q q f f t t m m
trial 2 of 10...
trial 3 of 10...
trial 4 of 10...
trial 5 of 10...
trial 6 of 10...
trial 7 of 10...
trial 8 of 10...
trial 9 of 10...
trial 10 of 10...
Problem type: 2gen_split6 - 12/20
trial 1 of 10...

=== PROMPT ===

System message: You are able to solve letter-string analogies

User message: Use the following alphabet to complete the pattern.

w p c d e z b h a s j g x o m n t k f i u v q y r l

First, describe 3 relevant exemplars that are distinct from this problem, then give the final answer. Answer with only the examples and the final answer with no further explanation. Put your final answer between double brackets. Note that the alphabet may be in an unfamiliar order. Complete the pattern using this order.

[s j g x] [s j g x o]
[j x m t f u q] [


--- TARGET LETTERS ---

['j', 'x', 'm', 't', 'f', 'u', 'q', 'r']
Full Qwen output: 1. [a b c d] [a b c d e]  
2. [x y z a] [x y z a b]  
3. [m n o p] [m n o p q]  

[[j x m t f u q] [j x m t f u q l]]
Filtered Qwen output: j x m t f u q] [j x m t f u q l
trial 2 of 10...
trial 3 of 10...
trial 4 of 10...
trial 5 of 10...
trial 6 of 10...
trial 7 of 10...
trial 8 of 10...
trial 9 of 10...
trial 10 of 10...
Problem type: 2gensplit7 - 13/20
trial 1 of 10...

=== PROMPT ===

System message: You are able to solve letter-string analogies

User message: Use the following alphabet to complete the pattern.

w p c d e z b h a s j g x o m n t k f i u v q y r l

First, describe 3 relevant exemplars that are distinct from this problem, then give the final answer. Answer with only the examples and the final answer with no further explanation. Put your final answer between double brackets. Note that the alphabet may be in an unfamiliar order. Complete the pattern using this order.

[m n t k] [o n t k]
[v v u u i i f f] [


--- TARGET LETTERS ---

['q', 'q', 'u', 'u', 'i', 'i', 'f', 'f']
Full Qwen output: 1. [a b c d] [e f g h]  
2. [x y z a] [b c d e]  
3. [p q r s] [t u v w]  

[[w p c d] [e z b h]]
Filtered Qwen output: w p c d] [e z b h
trial 2 of 10...
trial 3 of 10...
trial 4 of 10...
trial 5 of 10...
trial 6 of 10...
trial 7 of 10...
trial 8 of 10...
trial 9 of 10...
trial 10 of 10...
Problem type: 3gen_split1 - 14/20
trial 1 of 10...

=== PROMPT ===

System message: You are able to solve letter-string analogies

User message: Use the following alphabet to complete the pattern.

w p c d e z b h a s j g x o m n t k f i u v q y r l

First, describe 3 relevant exemplars that are distinct from this problem, then give the final answer. Answer with only the examples and the final answer with no further explanation. Put your final answer between double brackets. Note that the alphabet may be in an unfamiliar order. Complete the pattern using this order.

[z b h a] [z b h s]
[f f x x k k x x t t x x n n x x] [


--- TARGET LETTERS ---

['f', 'f', 'x', 'x', 'k', 'k', 'x', 'x', 't', 't', 'x', 'x', 'm', 'm', 'x', 'x']
Full Qwen output: 1. [a b c d] [a b c e]  
2. [x y z a] [x y z b]  
3. [m n o p] [m n o q]  

[[z b h a] [z b h s]] [[f f x x k k x x t t x x n n x x] [f f x x k k x x t t x x n n x x r r x x]]
Filtered Qwen output: z b h a] [z b h s
trial 2 of 10...
trial 3 of 10...
trial 4 of 10...
trial 5 of 10...
trial 6 of 10...
trial 7 of 10...
trial 8 of 10...
trial 9 of 10...
trial 10 of 10...
Problem type: 3gen_split2 - 15/20
trial 1 of 10...

=== PROMPT ===

System message: You are able to solve letter-string analogies

User message: Use the following alphabet to complete the pattern.

w p c d e z b h a s j g x o m n t k f i u v q y r l

First, describe 3 relevant exemplars that are distinct from this problem, then give the final answer. Answer with only the examples and the final answer with no further explanation. Put your final answer between double brackets. Note that the alphabet may be in an unfamiliar order. Complete the pattern using this order.

[a s j g] [a s j x]
[6 0 8 0 10 0 12 0] [


--- TARGET LETTERS ---

[np.int64(6), '0', np.int64(8), '0', np.int64(10), '0', np.int64(14), '0']
Full Qwen output: 1. [b d f g] [b d f h]  
2. [c e g h] [c e g i]  
3. [d f h i] [d f h j]  

[[a s j g] [a s j x]]
Filtered Qwen output: a s j g] [a s j x
trial 2 of 10...
trial 3 of 10...
trial 4 of 10...
trial 5 of 10...
trial 6 of 10...
trial 7 of 10...
trial 8 of 10...
trial 9 of 10...
trial 10 of 10...
Problem type: 3gen_split3 - 16/20
trial 1 of 10...

=== PROMPT ===

System message: You are able to solve letter-string analogies

User message: Use the following alphabet to complete the pattern.

w p c d e z b h a s j g x o m n t k f i u v q y r l

First, describe 3 relevant exemplars that are distinct from this problem, then give the final answer. Answer with only the examples and the final answer with no further explanation. Put your final answer between double brackets. Note that the alphabet may be in an unfamiliar order. Complete the pattern using this order.

[j g x l m] [j g x o m]
[11 11 18 18 17 17 16 16 15 15] [


--- TARGET LETTERS ---

[np.int64(19), np.int64(19), np.int64(18), np.int64(18), np.int64(17), np.int64(17), np.int64(16), np.int64(16), np.int64(15), np.int64(15)]
Full Qwen output: 1. [a b c d e] [a b c f e]  
2. [x y z a b] [x y z c b]  
3. [m n o p q] [m n o r q]  

[[j g x p m]]
Filtered Qwen output: j g x p m
trial 2 of 10...
trial 3 of 10...
trial 4 of 10...
trial 5 of 10...
trial 6 of 10...
trial 7 of 10...
trial 8 of 10...
trial 9 of 10...
trial 10 of 10...
Problem type: 3gen_split4 - 17/20
trial 1 of 10...

=== PROMPT ===

System message: You are able to solve letter-string analogies

User message: Use the following alphabet to complete the pattern.

w p c d e z b h a s j g x o m n t k f i u v q y r l

First, describe 3 relevant exemplars that are distinct from this problem, then give the final answer. Answer with only the examples and the final answer with no further explanation. Put your final answer between double brackets. Note that the alphabet may be in an unfamiliar order. Complete the pattern using this order.

[s j g x] [s j g x o]
[5 5 4 4 3 3 2 2] [


--- TARGET LETTERS ---

[np.int64(5), np.int64(5), np.int64(4), np.int64(4), np.int64(3), np.int64(3), np.int64(2), np.int64(2), np.int64(1), np.int64(1)]
Full Qwen output: 1. [a b c d] [a b c d e]  
2. [m n o p] [m n o p q]  
3. [t u v w] [t u v w x]  

[[s j g x o m n]]
Filtered Qwen output: s j g x o m n
trial 2 of 10...
trial 3 of 10...
trial 4 of 10...
trial 5 of 10...
trial 6 of 10...
trial 7 of 10...
trial 8 of 10...
trial 9 of 10...
trial 10 of 10...
Problem type: 3gen_split5 - 18/20
trial 1 of 10...

=== PROMPT ===

System message: You are able to solve letter-string analogies

User message: Use the following alphabet to complete the pattern.

w p c d e z b h a s j g x o m n t k f i u v q y r l

First, describe 3 relevant exemplars that are distinct from this problem, then give the final answer. Answer with only the examples and the final answer with no further explanation. Put your final answer between double brackets. Note that the alphabet may be in an unfamiliar order. Complete the pattern using this order.

[u v q y] [u v q r]
[a a x x s s x x j j x x g g x x x x x x o o x x m m x x n n x x] [


--- TARGET LETTERS ---

['a', 'a', 'x', 'x', 's', 's', 'x', 'x', 'j', 'j', 'x', 'x', 'g', 'g', 'x', 'x', 'x', 'x', 'x', 'x', 'o', 'o', 'x', 'x', 'm', 'm', 'x', 'x', 't', 't', 'x', 'x']
Full Qwen output: 1. [a b c d] [a b c e]  
2. [x y z a] [x y z b]  
3. [p q r s] [p q r t]  

[[u v q y] [u v q r]]
Filtered Qwen output: u v q y] [u v q r
trial 2 of 10...
trial 3 of 10...
trial 4 of 10...
trial 5 of 10...
trial 6 of 10...
trial 7 of 10...
trial 8 of 10...
trial 9 of 10...
trial 10 of 10...
Problem type: 3gen_split6 - 19/20
trial 1 of 10...

=== PROMPT ===

System message: You are able to solve letter-string analogies

User message: Use the following alphabet to complete the pattern.

w p c d e z b h a s j g x o m n t k f i u v q y r l

First, describe 3 relevant exemplars that are distinct from this problem, then give the final answer. Answer with only the examples and the final answer with no further explanation. Put your final answer between double brackets. Note that the alphabet may be in an unfamiliar order. Complete the pattern using this order.

[n t k f] [m t k f]
[7 7 9 9 11 11 13 13] [


--- TARGET LETTERS ---

[np.int64(5), np.int64(5), np.int64(9), np.int64(9), np.int64(11), np.int64(11), np.int64(13), np.int64(13)]
Full Qwen output: 1. [a b c d] [e f g h]  
2. [x y z a] [b c d e]  
3. [1 2 3 4] [5 6 7 8]  

[[i u v q]]
Filtered Qwen output: i u v q
trial 2 of 10...
trial 3 of 10...
trial 4 of 10...
trial 5 of 10...
trial 6 of 10...
trial 7 of 10...
trial 8 of 10...
trial 9 of 10...
trial 10 of 10...
Problem type: 3gensplit7 - 20/20
trial 1 of 10...

=== PROMPT ===

System message: You are able to solve letter-string analogies

User message: Use the following alphabet to complete the pattern.

w p c d e z b h a s j g x o m n t k f i u v q y r l

First, describe 3 relevant exemplars that are distinct from this problem, then give the final answer. Answer with only the examples and the final answer with no further explanation. Put your final answer between double brackets. Note that the alphabet may be in an unfamiliar order. Complete the pattern using this order.

[j g x o] [j g x m]
[11 0 10 0 9 0 8 0] [


--- TARGET LETTERS ---

[np.int64(11), '0', np.int64(10), '0', np.int64(9), '0', np.int64(7), '0']
Full Qwen output: 1. [a b c d] [a b c e]  
2. [m n o p] [m n o q]  
3. [f g h i] [f g h j]  

[[j g x n]]
Filtered Qwen output: j g x n
trial 2 of 10...
trial 3 of 10...
trial 4 of 10...
trial 5 of 10...
trial 6 of 10...
trial 7 of 10...
trial 8 of 10...
trial 9 of 10...
trial 10 of 10...
alph_5
a r y t e f b n x j s z m p d u q v o g i k h l w c
Problem type: larger_int - 1/20
trial 1 of 10...

=== PROMPT ===

System message: You are able to solve letter-string analogies

User message: Use the following alphabet to complete the pattern.

a r y t e f b n x j s z m p d u q v o g i k h l w c

First, describe 3 relevant exemplars that are distinct from this problem, then give the final answer. Answer with only the examples and the final answer with no further explanation. Put your final answer between double brackets. Note that the alphabet may be in an unfamiliar order. Complete the pattern using this order.

[t e b f n] [t e f b n]
[d i o q h] [


--- TARGET LETTERS ---

['d', 'q', 'o', 'i', 'h']
Full Qwen output: 1. [a r y t e] [a r t y e]  
2. [s z m p d] [s z d m p]  
3. [u q v o g] [u q g o v]  

[[d i h q o]]
Filtered Qwen output: d i h q o
trial 2 of 10...
trial 3 of 10...
trial 4 of 10...
trial 5 of 10...
trial 6 of 10...
trial 7 of 10...
trial 8 of 10...
trial 9 of 10...
trial 10 of 10...
Problem type: longer_targ - 2/20
trial 1 of 10...

=== PROMPT ===

System message: You are able to solve letter-string analogies

User message: Use the following alphabet to complete the pattern.

a r y t e f b n x j s z m p d u q v o g i k h l w c

First, describe 3 relevant exemplars that are distinct from this problem, then give the final answer. Answer with only the examples and the final answer with no further explanation. Put your final answer between double brackets. Note that the alphabet may be in an unfamiliar order. Complete the pattern using this order.

[y t e f] [r t e f]
[r y t e f b n x] [


--- TARGET LETTERS ---

['a', 'y', 't', 'e', 'f', 'b', 'n', 'x']
Full Qwen output: 1. [a b c d] [e f g h]  
2. [x y z a] [b c d e]  
3. [m n o p] [q r s t]  

[[r y t e f b n x] [r y t e f b n x j]]
Filtered Qwen output: r y t e f b n x] [r y t e f b n x j
trial 2 of 10...
trial 3 of 10...
trial 4 of 10...
trial 5 of 10...
trial 6 of 10...
trial 7 of 10...
trial 8 of 10...
trial 9 of 10...
trial 10 of 10...
Problem type: group - 3/20
trial 1 of 10...

=== PROMPT ===

System message: You are able to solve letter-string analogies

User message: Use the following alphabet to complete the pattern.

a r y t e f b n x j s z m p d u q v o g i k h l w c

First, describe 3 relevant exemplars that are distinct from this problem, then give the final answer. Answer with only the examples and the final answer with no further explanation. Put your final answer between double brackets. Note that the alphabet may be in an unfamiliar order. Complete the pattern using this order.

[f b n x] [f b n j]
[e e f f b b n n] [


--- TARGET LETTERS ---

['e', 'e', 'f', 'f', 'b', 'b', 'x', 'x']
Full Qwen output: 1. [a b c d] [a b c e]  
2. [x y z a] [x y z b]  
3. [m n o p] [m n o q]  

[[e e f f b b n n] [e e f f b b n j]]
Filtered Qwen output: e e f f b b n n] [e e f f b b n j
trial 2 of 10...
trial 3 of 10...
trial 4 of 10...
trial 5 of 10...
trial 6 of 10...
trial 7 of 10...
trial 8 of 10...
trial 9 of 10...
trial 10 of 10...
Problem type: interleaved - 4/20
trial 1 of 10...

=== PROMPT ===

System message: You are able to solve letter-string analogies

User message: Use the following alphabet to complete the pattern.

a r y t e f b n x j s z m p d u q v o g i k h l w c

First, describe 3 relevant exemplars that are distinct from this problem, then give the final answer. Answer with only the examples and the final answer with no further explanation. Put your final answer between double brackets. Note that the alphabet may be in an unfamiliar order. Complete the pattern using this order.

[b n x j] [b n x s]
[g x i x k x h x] [


--- TARGET LETTERS ---

['g', 'x', 'i', 'x', 'k', 'x', 'l', 'x']
Full Qwen output: 1. [a b c d] [a b c e]  
2. [p q r s] [p q r t]  
3. [m n o p] [m n o q]  

[[b n x j] [b n x s] [g x i x k x h x] [g x i x k x h y]]
Filtered Qwen output: b n x j] [b n x s] [g x i x k x h x] [g x i x k x h y
trial 2 of 10...
trial 3 of 10...
trial 4 of 10...
trial 5 of 10...
trial 6 of 10...
trial 7 of 10...
trial 8 of 10...
trial 9 of 10...
trial 10 of 10...
Problem type: letter2num - 5/20
trial 1 of 10...

=== PROMPT ===

System message: You are able to solve letter-string analogies

User message: Use the following alphabet to complete the pattern.

a r y t e f b n x j s z m p d u q v o g i k h l w c

First, describe 3 relevant exemplars that are distinct from this problem, then give the final answer. Answer with only the examples and the final answer with no further explanation. Put your final answer between double brackets. Note that the alphabet may be in an unfamiliar order. Complete the pattern using this order.

[v o g i] [v o g k]
[19 20 21 22] [


--- TARGET LETTERS ---

[np.int64(19), np.int64(20), np.int64(21), np.int64(23)]
Full Qwen output: 1. [a b c d] [a b c e]  
2. [x y z m] [x y z n]  
3. [p q r s] [p q r t]  

[[v o g i] [v o g k]]
Filtered Qwen output: v o g i] [v o g k
trial 2 of 10...
trial 3 of 10...
trial 4 of 10...
trial 5 of 10...
trial 6 of 10...
trial 7 of 10...
trial 8 of 10...
trial 9 of 10...
trial 10 of 10...
Problem type: reverse - 6/20
trial 1 of 10...

=== PROMPT ===

System message: You are able to solve letter-string analogies

User message: Use the following alphabet to complete the pattern.

a r y t e f b n x j s z m p d u q v o g i k h l w c

First, describe 3 relevant exemplars that are distinct from this problem, then give the final answer. Answer with only the examples and the final answer with no further explanation. Put your final answer between double brackets. Note that the alphabet may be in an unfamiliar order. Complete the pattern using this order.

[o g i k] [o g i h]
[l h k i] [


--- TARGET LETTERS ---

['l', 'h', 'k', 'g']
Full Qwen output: 1. [a b c d] [a b c e]  
2. [x y z m] [x y z n]  
3. [p q r s] [p q r t]  

[[l h k l]]
Filtered Qwen output: l h k l
trial 2 of 10...
trial 3 of 10...
trial 4 of 10...
trial 5 of 10...
trial 6 of 10...
trial 7 of 10...
trial 8 of 10...
trial 9 of 10...
trial 10 of 10...
Problem type: 2gen_split1 - 7/20
trial 1 of 10...

=== PROMPT ===

System message: You are able to solve letter-string analogies

User message: Use the following alphabet to complete the pattern.

a r y t e f b n x j s z m p d u q v o g i k h l w c

First, describe 3 relevant exemplars that are distinct from this problem, then give the final answer. Answer with only the examples and the final answer with no further explanation. Put your final answer between double brackets. Note that the alphabet may be in an unfamiliar order. Complete the pattern using this order.

[s m z p d] [s z m p d]
[13 11 12 10 9] [


--- TARGET LETTERS ---

[np.int64(13), np.int64(12), np.int64(11), np.int64(10), np.int64(9)]
Full Qwen output: 1. [a b c d e] [a c e g i]  
2. [x y z a b] [z a b c d]  
3. [m n o p q] [o p q r s]  

[[s z m p d]]
Filtered Qwen output: s z m p d
trial 2 of 10...
trial 3 of 10...
trial 4 of 10...
trial 5 of 10...
trial 6 of 10...
trial 7 of 10...
trial 8 of 10...
trial 9 of 10...
trial 10 of 10...
Problem type: 2gen_split2 - 8/20
trial 1 of 10...

=== PROMPT ===

System message: You are able to solve letter-string analogies

User message: Use the following alphabet to complete the pattern.

a r y t e f b n x j s z m p d u q v o g i k h l w c

First, describe 3 relevant exemplars that are distinct from this problem, then give the final answer. Answer with only the examples and the final answer with no further explanation. Put your final answer between double brackets. Note that the alphabet may be in an unfamiliar order. Complete the pattern using this order.

[d d u q v o] [d u q v o]
[e e f f b b n n x x j j s s z z m m m m] [


--- TARGET LETTERS ---

['e', 'e', 'f', 'f', 'b', 'b', 'n', 'n', 'x', 'x', 'j', 'j', 's', 's', 'z', 'z', 'm', 'm']
Full Qwen output: 1. [a a r r y y t t e e f f b b n n x x j j s s z z m m p p d d u u q q v v o o g g i i k k h h l l w w c c]  
2. [t t e e f f b b n n x x j j s s z z m m p p d d u u q q v v o o g g i i k k h h l l w w c c a a r r y y]  
3. [f f b b n n x x j j s
trial 2 of 10...
trial 3 of 10...
trial 4 of 10...
trial 5 of 10...
trial 6 of 10...
trial 7 of 10...
trial 8 of 10...
trial 9 of 10...
trial 10 of 10...
Problem type: 2gen_split3 - 9/20
trial 1 of 10...

=== PROMPT ===

System message: You are able to solve letter-string analogies

User message: Use the following alphabet to complete the pattern.

a r y t e f b n x j s z m p d u q v o g i k h l w c

First, describe 3 relevant exemplars that are distinct from this problem, then give the final answer. Answer with only the examples and the final answer with no further explanation. Put your final answer between double brackets. Note that the alphabet may be in an unfamiliar order. Complete the pattern using this order.

[g i k h] [g i k l]
[18 0 19 0 20 0 21 0] [


--- TARGET LETTERS ---

[np.int64(18), '0', np.int64(19), '0', np.int64(20), '0', np.int64(22), '0']
Full Qwen output: 1. [a b c d] [a b c e]  
2. [x y z m] [x y z n]  
3. [p q r s] [p q r t]  

[[g i k w]]
Filtered Qwen output: g i k w
trial 2 of 10...
trial 3 of 10...
trial 4 of 10...
trial 5 of 10...
trial 6 of 10...
trial 7 of 10...
trial 8 of 10...
trial 9 of 10...
trial 10 of 10...
Problem type: 2gen_split4 - 10/20
trial 1 of 10...

=== PROMPT ===

System message: You are able to solve letter-string analogies

User message: Use the following alphabet to complete the pattern.

a r y t e f b n x j s z m p d u q v o g i k h l w c

First, describe 3 relevant exemplars that are distinct from this problem, then give the final answer. Answer with only the examples and the final answer with no further explanation. Put your final answer between double brackets. Note that the alphabet may be in an unfamiliar order. Complete the pattern using this order.

[e f b n] [e f b x]
[y y e e b b x x] [


--- TARGET LETTERS ---

['y', 'y', 'e', 'e', 'b', 'b', 's', 's']
Full Qwen output: 1. [a b c d] [a b c e]  
2. [p q r s] [p q r t]  
3. [m n o p] [m n o q]  

[[e f b z]]
Filtered Qwen output: e f b z
trial 2 of 10...
trial 3 of 10...
trial 4 of 10...
trial 5 of 10...
trial 6 of 10...
trial 7 of 10...
trial 8 of 10...
trial 9 of 10...
trial 10 of 10...
Problem type: 2gen_split5 - 11/20
trial 1 of 10...

=== PROMPT ===

System message: You are able to solve letter-string analogies

User message: Use the following alphabet to complete the pattern.

a r y t e f b n x j s z m p d u q v o g i k h l w c

First, describe 3 relevant exemplars that are distinct from this problem, then give the final answer. Answer with only the examples and the final answer with no further explanation. Put your final answer between double brackets. Note that the alphabet may be in an unfamiliar order. Complete the pattern using this order.

[x j s z] [x j s m]
[s x b e] [


--- TARGET LETTERS ---

['s', 'x', 'b', 'y']
Full Qwen output: 1. [a r y t] [a r y e]  
2. [f b n x] [f b n j]  
3. [z m p d] [z m p u]  

[[x j s p]]
Filtered Qwen output: x j s p
trial 2 of 10...
trial 3 of 10...
trial 4 of 10...
trial 5 of 10...
trial 6 of 10...
trial 7 of 10...
trial 8 of 10...
trial 9 of 10...
trial 10 of 10...
Problem type: 2gen_split6 - 12/20
trial 1 of 10...

=== PROMPT ===

System message: You are able to solve letter-string analogies

User message: Use the following alphabet to complete the pattern.

a r y t e f b n x j s z m p d u q v o g i k h l w c

First, describe 3 relevant exemplars that are distinct from this problem, then give the final answer. Answer with only the examples and the final answer with no further explanation. Put your final answer between double brackets. Note that the alphabet may be in an unfamiliar order. Complete the pattern using this order.

[x j s z q] [x j s z m]
[8 10 12 20 16] [


--- TARGET LETTERS ---

[np.int64(8), np.int64(10), np.int64(12), np.int64(14), np.int64(16)]
Full Qwen output: 1. [a b c d e] [a b c d f]  
2. [p q r s t] [p q r s u]  
3. [m n o p q] [m n o p r]  

[[x j s z p]]
Filtered Qwen output: x j s z p
trial 2 of 10...
trial 3 of 10...
trial 4 of 10...
trial 5 of 10...
trial 6 of 10...
trial 7 of 10...
trial 8 of 10...
trial 9 of 10...
trial 10 of 10...
Problem type: 2gensplit7 - 13/20
trial 1 of 10...

=== PROMPT ===

System message: You are able to solve letter-string analogies

User message: Use the following alphabet to complete the pattern.

a r y t e f b n x j s z m p d u q v o g i k h l w c

First, describe 3 relevant exemplars that are distinct from this problem, then give the final answer. Answer with only the examples and the final answer with no further explanation. Put your final answer between double brackets. Note that the alphabet may be in an unfamiliar order. Complete the pattern using this order.

[k k h l w c] [k h l w c]
[j j x x n n n n b b f f] [


--- TARGET LETTERS ---

['j', 'j', 'x', 'x', 'n', 'n', 'b', 'b', 'f', 'f']
Full Qwen output: 1. [a a b c d e] [a b c d e]  
2. [m m n o p q] [m n o p q]  
3. [s s t u v w] [s t u v w]  

[[k h l w c]]
Filtered Qwen output: k h l w c
trial 2 of 10...
trial 3 of 10...
trial 4 of 10...
trial 5 of 10...
trial 6 of 10...
trial 7 of 10...
trial 8 of 10...
trial 9 of 10...
trial 10 of 10...
Problem type: 3gen_split1 - 14/20
trial 1 of 10...

=== PROMPT ===

System message: You are able to solve letter-string analogies

User message: Use the following alphabet to complete the pattern.

a r y t e f b n x j s z m p d u q v o g i k h l w c

First, describe 3 relevant exemplars that are distinct from this problem, then give the final answer. Answer with only the examples and the final answer with no further explanation. Put your final answer between double brackets. Note that the alphabet may be in an unfamiliar order. Complete the pattern using this order.

[v a g i k] [v o g i k]
[v x q x k x d x p x m x z x s x j x] [


--- TARGET LETTERS ---

['v', 'x', 'q', 'x', 'u', 'x', 'd', 'x', 'p', 'x', 'm', 'x', 'z', 'x', 's', 'x', 'j', 'x']
Full Qwen output: 1. [a b c d e] [a f g h i]  
2. [x y z a b] [x c d e f]  
3. [m n o p q] [m r s t u]  

[[v x q x k x d x p x m x z x s x j x] [v x q x k x d x p x m x z x s x j x]]
Filtered Qwen output: v x q x k x d x p x m x z x s x j x] [v x q x k x d x p x m x z x s x j x
trial 2 of 10...
trial 3 of 10...
trial 4 of 10...
trial 5 of 10...
trial 6 of 10...
trial 7 of 10...
trial 8 of 10...
trial 9 of 10...
trial 10 of 10...
Problem type: 3gen_split2 - 15/20
trial 1 of 10...

=== PROMPT ===

System message: You are able to solve letter-string analogies

User message: Use the following alphabet to complete the pattern.

a r y t e f b n x j s z m p d u q v o g i k h l w c

First, describe 3 relevant exemplars that are distinct from this problem, then give the final answer. Answer with only the examples and the final answer with no further explanation. Put your final answer between double brackets. Note that the alphabet may be in an unfamiliar order. Complete the pattern using this order.

[r y t e] [a y t e]
[u u x x v v x x g g x x k k x x] [


--- TARGET LETTERS ---

['p', 'p', 'x', 'x', 'v', 'v', 'x', 'x', 'g', 'g', 'x', 'x', 'k', 'k', 'x', 'x']
Full Qwen output: 1. [b c d e] [f g h i]  
2. [m n o p] [q r s t]  
3. [x y z a] [b c d e]  

[[p p x x v v x x g g x x k k x x]]
Filtered Qwen output: p p x x v v x x g g x x k k x x
trial 2 of 10...
trial 3 of 10...
trial 4 of 10...
trial 5 of 10...
trial 6 of 10...
trial 7 of 10...
trial 8 of 10...
trial 9 of 10...
trial 10 of 10...
Problem type: 3gen_split3 - 16/20
trial 1 of 10...

=== PROMPT ===

System message: You are able to solve letter-string analogies

User message: Use the following alphabet to complete the pattern.

a r y t e f b n x j s z m p d u q v o g i k h l w c

First, describe 3 relevant exemplars that are distinct from this problem, then give the final answer. Answer with only the examples and the final answer with no further explanation. Put your final answer between double brackets. Note that the alphabet may be in an unfamiliar order. Complete the pattern using this order.

[i w h l k] [i k h l w]
[v v x x z z x x p p x x u u x x j j x x] [


--- TARGET LETTERS ---

['j', 'j', 'x', 'x', 'z', 'z', 'x', 'x', 'p', 'p', 'x', 'x', 'u', 'u', 'x', 'x', 'v', 'v', 'x', 'x']
Full Qwen output: 1. [a b c d e] [e d c b a]  
2. [m n o p q] [q p o n m]  
3. [s t u v w] [w v u t s]  

[[v v x x z z x x p p x x u u x x j j x x] [j j x x u u x x p p x x z z x x v v]]
Filtered Qwen output: v v x x z z x x p p x x u u x x j j x x] [j j x x u u x x p p x x z z x x v v
trial 2 of 10...
trial 3 of 10...
trial 4 of 10...
trial 5 of 10...
trial 6 of 10...
trial 7 of 10...
trial 8 of 10...
trial 9 of 10...
trial 10 of 10...
Problem type: 3gen_split4 - 17/20
trial 1 of 10...

=== PROMPT ===

System message: You are able to solve letter-string analogies

User message: Use the following alphabet to complete the pattern.

a r y t e f b n x j s z m p d u q v o g i k h l w c

First, describe 3 relevant exemplars that are distinct from this problem, then give the final answer. Answer with only the examples and the final answer with no further explanation. Put your final answer between double brackets. Note that the alphabet may be in an unfamiliar order. Complete the pattern using this order.

[p d u q] [p d u v]
[9 9 0 0 10 10 0 0 11 11 0 0 12 12 0 0] [


--- TARGET LETTERS ---

[np.int64(9), np.int64(9), '0', '0', np.int64(10), np.int64(10), '0', '0', np.int64(11), np.int64(11), '0', '0', np.int64(13), np.int64(13), '0', '0']
Full Qwen output: a r y t e f b n x j s z m p d u q v o g i k h l w c

Examples:  
[1 2 3 4] [1 2 3 5]  
[apple banana cherry] [apple banana cherry date]  
[red blue green] [red blue green yellow]

[[p d u q v]]
Filtered Qwen output: p d u q v
trial 2 of 10...
trial 3 of 10...
trial 4 of 10...
trial 5 of 10...
trial 6 of 10...
trial 7 of 10...
trial 8 of 10...
trial 9 of 10...
trial 10 of 10...
Problem type: 3gen_split5 - 18/20
trial 1 of 10...

=== PROMPT ===

System message: You are able to solve letter-string analogies

User message: Use the following alphabet to complete the pattern.

a r y t e f b n x j s z m p d u q v o g i k h l w c

First, describe 3 relevant exemplars that are distinct from this problem, then give the final answer. Answer with only the examples and the final answer with no further explanation. Put your final answer between double brackets. Note that the alphabet may be in an unfamiliar order. Complete the pattern using this order.

[k h l w] [k h l c]
[11 0 12 0 13 0 14 0 15 0 16 0 17 0 18 0] [


--- TARGET LETTERS ---

[np.int64(11), '0', np.int64(12), '0', np.int64(13), '0', np.int64(14), '0', np.int64(15), '0', np.int64(16), '0', np.int64(17), '0', np.int64(19), '0']
Full Qwen output: Examples:  
[dog cat rat] [dog cat rat bat]  
[red blue green] [red blue green yellow]  
[1 2 3 4] [1 2 3 4 5]  

[[k h l w] [k h l c]]
Filtered Qwen output: k h l w] [k h l c
trial 2 of 10...
trial 3 of 10...
trial 4 of 10...
trial 5 of 10...
trial 6 of 10...
trial 7 of 10...
trial 8 of 10...
trial 9 of 10...
trial 10 of 10...
Problem type: 3gen_split6 - 19/20
trial 1 of 10...

=== PROMPT ===

System message: You are able to solve letter-string analogies

User message: Use the following alphabet to complete the pattern.

a r y t e f b n x j s z m p d u q v o g i k h l w c

First, describe 3 relevant exemplars that are distinct from this problem, then give the final answer. Answer with only the examples and the final answer with no further explanation. Put your final answer between double brackets. Note that the alphabet may be in an unfamiliar order. Complete the pattern using this order.

[a r y t] [a r y e]
[q q u u d d p p m m z z s s j j] [


--- TARGET LETTERS ---

['q', 'q', 'u', 'u', 'd', 'd', 'p', 'p', 'm', 'm', 'z', 'z', 's', 's', 'x', 'x']
Full Qwen output: 1. [b b n n x x j j s s z z m m p p d d]  
2. [f f b b n n x x j j s s z z m m p p]  
3. [t t e e f f b b n n x x j j s s z z]  

[[q q u u d d p p m m z z s s j j]]
Filtered Qwen output: q q u u d d p p m m z z s s j j
trial 2 of 10...
trial 3 of 10...
trial 4 of 10...
trial 5 of 10...
trial 6 of 10...
trial 7 of 10...
trial 8 of 10...
trial 9 of 10...
trial 10 of 10...
Problem type: 3gensplit7 - 20/20
trial 1 of 10...

=== PROMPT ===

System message: You are able to solve letter-string analogies

User message: Use the following alphabet to complete the pattern.

a r y t e f b n x j s z m p d u q v o g i k h l w c

First, describe 3 relevant exemplars that are distinct from this problem, then give the final answer. Answer with only the examples and the final answer with no further explanation. Put your final answer between double brackets. Note that the alphabet may be in an unfamiliar order. Complete the pattern using this order.

[x j s s z m] [x j s z m]
[j x z x p x u x v x v x g x k x l x c x] [


--- TARGET LETTERS ---

['j', 'x', 'z', 'x', 'p', 'x', 'u', 'x', 'v', 'x', 'g', 'x', 'k', 'x', 'l', 'x', 'c', 'x']
Full Qwen output: 1. [a b c d e] [a b c d]  
2. [m n o p q] [m n o p]  
3. [f g h i j] [f g h i]  

[[x j s z m]]
Filtered Qwen output: x j s z m
trial 2 of 10...
trial 3 of 10...
trial 4 of 10...
trial 5 of 10...
trial 6 of 10...
trial 7 of 10...
trial 8 of 10...
trial 9 of 10...
trial 10 of 10...
alph_6
x p j h n a u d i q k c m t f s b r g y e v w z l o
Problem type: larger_int - 1/20
trial 1 of 10...

=== PROMPT ===

System message: You are able to solve letter-string analogies

User message: Use the following alphabet to complete the pattern.

x p j h n a u d i q k c m t f s b r g y e v w z l o

First, describe 3 relevant exemplars that are distinct from this problem, then give the final answer. Answer with only the examples and the final answer with no further explanation. Put your final answer between double brackets. Note that the alphabet may be in an unfamiliar order. Complete the pattern using this order.

[x p j h h n] [x p j h n]
[f b g e e w] [


--- TARGET LETTERS ---

['f', 'b', 'g', 'e', 'w']
Full Qwen output: 1. [a b c d d e] [a b c d e]  
2. [m n o p p q] [m n o p q]  
3. [r s t u u v] [r s t u v]  

[[x p j h h n] [x p j h n]]
Filtered Qwen output: x p j h h n] [x p j h n
trial 2 of 10...
trial 3 of 10...
trial 4 of 10...
trial 5 of 10...
trial 6 of 10...
trial 7 of 10...
trial 8 of 10...
trial 9 of 10...
trial 10 of 10...
Problem type: longer_targ - 2/20
trial 1 of 10...

=== PROMPT ===

System message: You are able to solve letter-string analogies

User message: Use the following alphabet to complete the pattern.

x p j h n a u d i q k c m t f s b r g y e v w z l o

First, describe 3 relevant exemplars that are distinct from this problem, then give the final answer. Answer with only the examples and the final answer with no further explanation. Put your final answer between double brackets. Note that the alphabet may be in an unfamiliar order. Complete the pattern using this order.

[f s b r] [f s b g]
[t f s b r g y e] [


--- TARGET LETTERS ---

['t', 'f', 's', 'b', 'r', 'g', 'y', 'v']
Full Qwen output: 1. [a b c d] [a b c e]  
2. [x y z a] [x y z b]  
3. [p q r s] [p q r t]  

[[t f s b r g y e] [t f s b r g y f]]
Filtered Qwen output: t f s b r g y e] [t f s b r g y f
trial 2 of 10...
trial 3 of 10...
trial 4 of 10...
trial 5 of 10...
trial 6 of 10...
trial 7 of 10...
trial 8 of 10...
trial 9 of 10...
trial 10 of 10...
Problem type: group - 3/20
trial 1 of 10...

=== PROMPT ===

System message: You are able to solve letter-string analogies

User message: Use the following alphabet to complete the pattern.

x p j h n a u d i q k c m t f s b r g y e v w z l o

First, describe 3 relevant exemplars that are distinct from this problem, then give the final answer. Answer with only the examples and the final answer with no further explanation. Put your final answer between double brackets. Note that the alphabet may be in an unfamiliar order. Complete the pattern using this order.

[e v w z] [e v w z l]
[c c m m t t f f] [


--- TARGET LETTERS ---

['c', 'c', 'm', 'm', 't', 't', 'f', 'f', 's', 's']
Full Qwen output: 1. [a b c d] [a b c d e]  
2. [x y z] [x y z a b]  
3. [m n o p] [m n o p q]  

[[e v w z l o]]
Filtered Qwen output: e v w z l o
trial 2 of 10...
trial 3 of 10...
trial 4 of 10...
trial 5 of 10...
trial 6 of 10...
trial 7 of 10...
trial 8 of 10...
trial 9 of 10...
trial 10 of 10...
Problem type: interleaved - 4/20
trial 1 of 10...

=== PROMPT ===

System message: You are able to solve letter-string analogies

User message: Use the following alphabet to complete the pattern.

x p j h n a u d i q k c m t f s b r g y e v w z l o

First, describe 3 relevant exemplars that are distinct from this problem, then give the final answer. Answer with only the examples and the final answer with no further explanation. Put your final answer between double brackets. Note that the alphabet may be in an unfamiliar order. Complete the pattern using this order.

[a u d i] [a u d q]
[y x e x v x w x] [


--- TARGET LETTERS ---

['y', 'x', 'e', 'x', 'v', 'x', 'z', 'x']
Full Qwen output: 1. [b c d e] [b c d f]  
2. [m n o p] [m n o q]  
3. [g h i j] [g h i k]  

[[y x e x v x w x] [y x e x v x w x z]]
Filtered Qwen output: y x e x v x w x] [y x e x v x w x z
trial 2 of 10...
trial 3 of 10...
trial 4 of 10...
trial 5 of 10...
trial 6 of 10...
trial 7 of 10...
trial 8 of 10...
trial 9 of 10...
trial 10 of 10...
Problem type: letter2num - 5/20
trial 1 of 10...

=== PROMPT ===

System message: You are able to solve letter-string analogies

User message: Use the following alphabet to complete the pattern.

x p j h n a u d i q k c m t f s b r g y e v w z l o

First, describe 3 relevant exemplars that are distinct from this problem, then give the final answer. Answer with only the examples and the final answer with no further explanation. Put your final answer between double brackets. Note that the alphabet may be in an unfamiliar order. Complete the pattern using this order.

[n a f d i] [n a u d i]
[1 18 19 20 21] [


--- TARGET LETTERS ---

[np.int64(17), np.int64(18), np.int64(19), np.int64(20), np.int64(21)]
Full Qwen output: 1. [b c d e f] [b c g e f]  
2. [m o p q r] [m o s q r]  
3. [t u v w x] [t u z w x]  

[[n a u d i]]
Filtered Qwen output: n a u d i
trial 2 of 10...
trial 3 of 10...
trial 4 of 10...
trial 5 of 10...
trial 6 of 10...
trial 7 of 10...
trial 8 of 10...
trial 9 of 10...
trial 10 of 10...
Problem type: reverse - 6/20
trial 1 of 10...

=== PROMPT ===

System message: You are able to solve letter-string analogies

User message: Use the following alphabet to complete the pattern.

x p j h n a u d i q k c m t f s b r g y e v w z l o

First, describe 3 relevant exemplars that are distinct from this problem, then give the final answer. Answer with only the examples and the final answer with no further explanation. Put your final answer between double brackets. Note that the alphabet may be in an unfamiliar order. Complete the pattern using this order.

[r g y e] [r g y v]
[l z w v] [


--- TARGET LETTERS ---

['l', 'z', 'w', 'e']
Full Qwen output: 1. [a b c d] [a b c e]  
2. [x y z a] [x y z b]  
3. [m n o p] [m n o q]  

[[l z w z]]
Filtered Qwen output: l z w z
trial 2 of 10...
trial 3 of 10...
trial 4 of 10...
trial 5 of 10...
trial 6 of 10...
trial 7 of 10...
trial 8 of 10...
trial 9 of 10...
trial 10 of 10...
Problem type: 2gen_split1 - 7/20
trial 1 of 10...

=== PROMPT ===

System message: You are able to solve letter-string analogies

User message: Use the following alphabet to complete the pattern.

x p j h n a u d i q k c m t f s b r g y e v w z l o

First, describe 3 relevant exemplars that are distinct from this problem, then give the final answer. Answer with only the examples and the final answer with no further explanation. Put your final answer between double brackets. Note that the alphabet may be in an unfamiliar order. Complete the pattern using this order.

[k c m t] [q c m t]
[f x b x g x e x] [


--- TARGET LETTERS ---

['m', 'x', 'b', 'x', 'g', 'x', 'e', 'x']
Full Qwen output: 1. [a b c d] [e f g h]  
2. [m n o p] [q r s t]  
3. [p q r s] [t u v w]  

[[f x b x g x e x] [f x b x g x e x]]
Filtered Qwen output: f x b x g x e x] [f x b x g x e x
trial 2 of 10...
trial 3 of 10...
trial 4 of 10...
trial 5 of 10...
trial 6 of 10...
trial 7 of 10...
trial 8 of 10...
trial 9 of 10...
trial 10 of 10...
Problem type: 2gen_split2 - 8/20
trial 1 of 10...

=== PROMPT ===

System message: You are able to solve letter-string analogies

User message: Use the following alphabet to complete the pattern.

x p j h n a u d i q k c m t f s b r g y e v w z l o

First, describe 3 relevant exemplars that are distinct from this problem, then give the final answer. Answer with only the examples and the final answer with no further explanation. Put your final answer between double brackets. Note that the alphabet may be in an unfamiliar order. Complete the pattern using this order.

[t f s b] [t f s r]
[6 6 7 7 8 8 9 9] [


--- TARGET LETTERS ---

[np.int64(6), np.int64(6), np.int64(7), np.int64(7), np.int64(8), np.int64(8), np.int64(10), np.int64(10)]
Full Qwen output: 1. [a b c d] [a b c e]  
2. [1 2 3 4] [1 2 3 5]  
3. [m n o p] [m n o q]  

[[t f s b] [t f s r]]
Filtered Qwen output: t f s b] [t f s r
trial 2 of 10...
trial 3 of 10...
trial 4 of 10...
trial 5 of 10...
trial 6 of 10...
trial 7 of 10...
trial 8 of 10...
trial 9 of 10...
trial 10 of 10...
Problem type: 2gen_split3 - 9/20
trial 1 of 10...

=== PROMPT ===

System message: You are able to solve letter-string analogies

User message: Use the following alphabet to complete the pattern.

x p j h n a u d i q k c m t f s b r g y e v w z l o

First, describe 3 relevant exemplars that are distinct from this problem, then give the final answer. Answer with only the examples and the final answer with no further explanation. Put your final answer between double brackets. Note that the alphabet may be in an unfamiliar order. Complete the pattern using this order.

[t f s b r r] [t f s b r]
[q c t s r y v z z o] [


--- TARGET LETTERS ---

['q', 'c', 't', 's', 'r', 'y', 'v', 'z', 'o']
Full Qwen output: 1. [a b c d e f] [a b c d e]  
2. [x y z a b c] [x y z a b]  
3. [m n o p q r] [m n o p q]  

[[q c t s r y v z z o] [q c t s r y v z z]]
Filtered Qwen output: q c t s r y v z z o] [q c t s r y v z z
trial 2 of 10...
trial 3 of 10...
trial 4 of 10...
trial 5 of 10...
trial 6 of 10...
trial 7 of 10...
trial 8 of 10...
trial 9 of 10...
trial 10 of 10...
Problem type: 2gen_split4 - 10/20
trial 1 of 10...

=== PROMPT ===

System message: You are able to solve letter-string analogies

User message: Use the following alphabet to complete the pattern.

x p j h n a u d i q k c m t f s b r g y e v w z l o

First, describe 3 relevant exemplars that are distinct from this problem, then give the final answer. Answer with only the examples and the final answer with no further explanation. Put your final answer between double brackets. Note that the alphabet may be in an unfamiliar order. Complete the pattern using this order.

[t r s b f] [t f s b r]
[t t m m c c f f s s b b r r g g y y] [


--- TARGET LETTERS ---

['c', 'c', 'm', 'm', 't', 't', 'f', 'f', 's', 's', 'b', 'b', 'r', 'r', 'g', 'g', 'y', 'y']
Full Qwen output: 1. [a b c d e] [e d c b a]  
2. [x y z a b] [b a z y x]  
3. [m n o p q] [q p o n m]  

[[t f s b g]]
Filtered Qwen output: t f s b g
trial 2 of 10...
trial 3 of 10...
trial 4 of 10...
trial 5 of 10...
trial 6 of 10...
trial 7 of 10...
trial 8 of 10...
trial 9 of 10...
trial 10 of 10...
Problem type: 2gen_split5 - 11/20
trial 1 of 10...

=== PROMPT ===

System message: You are able to solve letter-string analogies

User message: Use the following alphabet to complete the pattern.

x p j h n a u d i q k c m t f s b r g y e v w z l o

First, describe 3 relevant exemplars that are distinct from this problem, then give the final answer. Answer with only the examples and the final answer with no further explanation. Put your final answer between double brackets. Note that the alphabet may be in an unfamiliar order. Complete the pattern using this order.

[a u d i] [n u d i]
[k x m x f x b x] [


--- TARGET LETTERS ---

['i', 'x', 'm', 'x', 'f', 'x', 'b', 'x']
Full Qwen output: 1. [b e a t] [n e a t]  
2. [c a t s] [d o g s]  
3. [h o u s e] [b o u s e]  

[[k x m x f x b x] [k x m x f x b x]]
Filtered Qwen output: k x m x f x b x] [k x m x f x b x
trial 2 of 10...
trial 3 of 10...
trial 4 of 10...
trial 5 of 10...
trial 6 of 10...
trial 7 of 10...
trial 8 of 10...
trial 9 of 10...
trial 10 of 10...
Problem type: 2gen_split6 - 12/20
trial 1 of 10...

=== PROMPT ===

System message: You are able to solve letter-string analogies

User message: Use the following alphabet to complete the pattern.

x p j h n a u d i q k c m t f s b r g y e v w z l o

First, describe 3 relevant exemplars that are distinct from this problem, then give the final answer. Answer with only the examples and the final answer with no further explanation. Put your final answer between double brackets. Note that the alphabet may be in an unfamiliar order. Complete the pattern using this order.

[b r g y] [b r g e]
[s x f x t x m x] [


--- TARGET LETTERS ---

['s', 'x', 'f', 'x', 't', 'x', 'c', 'x']
Full Qwen output: 1. [a b c d] [a b c e]  
2. [p q r s] [p q r t]  
3. [m n o p] [m n o q]  

[[s x f x t x m x] [s x f x t x m y]]
Filtered Qwen output: s x f x t x m x] [s x f x t x m y
trial 2 of 10...
trial 3 of 10...
trial 4 of 10...
trial 5 of 10...
trial 6 of 10...
trial 7 of 10...
trial 8 of 10...
trial 9 of 10...
trial 10 of 10...
Problem type: 2gensplit7 - 13/20
trial 1 of 10...

=== PROMPT ===

System message: You are able to solve letter-string analogies

User message: Use the following alphabet to complete the pattern.

x p j h n a u d i q k c m t f s b r g y e v w z l o

First, describe 3 relevant exemplars that are distinct from this problem, then give the final answer. Answer with only the examples and the final answer with no further explanation. Put your final answer between double brackets. Note that the alphabet may be in an unfamiliar order. Complete the pattern using this order.

[x p j h n n] [x p j h n]
[d x q x q x c x t x s x] [


--- TARGET LETTERS ---

['d', 'x', 'q', 'x', 'c', 'x', 't', 'x', 's', 'x']
Full Qwen output: 1. [a b c d e] [a b c d]  
2. [m n o p q] [m n o p]  
3. [z y x w v] [z y x w]  

[[x p j h n] [x p j h]]
Filtered Qwen output: x p j h n] [x p j h
trial 2 of 10...
trial 3 of 10...
trial 4 of 10...
trial 5 of 10...
trial 6 of 10...
trial 7 of 10...
trial 8 of 10...
trial 9 of 10...
trial 10 of 10...
Problem type: 3gen_split1 - 14/20
trial 1 of 10...

=== PROMPT ===

System message: You are able to solve letter-string analogies

User message: Use the following alphabet to complete the pattern.

x p j h n a u d i q k c m t f s b r g y e v w z l o

First, describe 3 relevant exemplars that are distinct from this problem, then give the final answer. Answer with only the examples and the final answer with no further explanation. Put your final answer between double brackets. Note that the alphabet may be in an unfamiliar order. Complete the pattern using this order.

[x p h j n] [x p j h n]
[v v y y t t s s r r] [


--- TARGET LETTERS ---

['v', 'v', 'y', 'y', 'r', 'r', 's', 's', 't', 't']
Full Qwen output: 1. [a b c d e] [a b c d e]  
2. [m n o p q] [m n o p q]  
3. [z y x w v] [z y x w v]  

[[x p j h n] [x p j h n]]
Filtered Qwen output: x p j h n] [x p j h n
trial 2 of 10...
trial 3 of 10...
trial 4 of 10...
trial 5 of 10...
trial 6 of 10...
trial 7 of 10...
trial 8 of 10...
trial 9 of 10...
trial 10 of 10...
Problem type: 3gen_split2 - 15/20
trial 1 of 10...

=== PROMPT ===

System message: You are able to solve letter-string analogies

User message: Use the following alphabet to complete the pattern.

x p j h n a u d i q k c m t f s b r g y e v w z l o

First, describe 3 relevant exemplars that are distinct from this problem, then give the final answer. Answer with only the examples and the final answer with no further explanation. Put your final answer between double brackets. Note that the alphabet may be in an unfamiliar order. Complete the pattern using this order.

[g y e v] [g y e w]
[c x q x d x a x] [


--- TARGET LETTERS ---

['c', 'x', 'q', 'x', 'd', 'x', 'h', 'x']
Full Qwen output: 1. [a b c d] [a b c e]  
2. [m n o p] [m n o q]  
3. [r s t u] [r s t v]  

[[c x q x d x a x] [c x q x d x a x z]]
Filtered Qwen output: c x q x d x a x] [c x q x d x a x z
trial 2 of 10...
trial 3 of 10...
trial 4 of 10...
trial 5 of 10...
trial 6 of 10...
trial 7 of 10...
trial 8 of 10...
trial 9 of 10...
trial 10 of 10...
Problem type: 3gen_split3 - 16/20
trial 1 of 10...

=== PROMPT ===

System message: You are able to solve letter-string analogies

User message: Use the following alphabet to complete the pattern.

x p j h n a u d i q k c m t f s b r g y e v w z l o

First, describe 3 relevant exemplars that are distinct from this problem, then give the final answer. Answer with only the examples and the final answer with no further explanation. Put your final answer between double brackets. Note that the alphabet may be in an unfamiliar order. Complete the pattern using this order.

[v w z a o] [v w z l o]
[6 0 8 0 10 0 12 0 2 0] [


--- TARGET LETTERS ---

[np.int64(6), '0', np.int64(8), '0', np.int64(10), '0', np.int64(12), '0', np.int64(14), '0']
Full Qwen output: 1. [a b c d e] [a b c f e]  
2. [1 2 3 4 5] [1 2 3 6 5]  
3. [m n o p q] [m n o r q]  

[[v w z l o]]
Filtered Qwen output: v w z l o
trial 2 of 10...
trial 3 of 10...
trial 4 of 10...
trial 5 of 10...
trial 6 of 10...
trial 7 of 10...
trial 8 of 10...
trial 9 of 10...
trial 10 of 10...
Problem type: 3gen_split4 - 17/20
trial 1 of 10...

=== PROMPT ===

System message: You are able to solve letter-string analogies

User message: Use the following alphabet to complete the pattern.

x p j h n a u d i q k c m t f s b r g y e v w z l o

First, describe 3 relevant exemplars that are distinct from this problem, then give the final answer. Answer with only the examples and the final answer with no further explanation. Put your final answer between double brackets. Note that the alphabet may be in an unfamiliar order. Complete the pattern using this order.

[t n a u d] [h n a u d]
[r r s s t t k k q q] [


--- TARGET LETTERS ---

['r', 'r', 's', 's', 't', 't', 'c', 'c', 'q', 'q']
Full Qwen output: 1. [b e a u t y] [h a u t y]  
2. [s t a r t e d] [h a r d e d]  
3. [f l y i n g] [h y i n g]  

[[d d i i n n] [h h n n a a u u d d]]
Filtered Qwen output: d d i i n n] [h h n n a a u u d d
trial 2 of 10...
trial 3 of 10...
trial 4 of 10...
trial 5 of 10...
trial 6 of 10...
trial 7 of 10...
trial 8 of 10...
trial 9 of 10...
trial 10 of 10...
Problem type: 3gen_split5 - 18/20
trial 1 of 10...

=== PROMPT ===

System message: You are able to solve letter-string analogies

User message: Use the following alphabet to complete the pattern.

x p j h n a u d i q k c m t f s b r g y e v w z l o

First, describe 3 relevant exemplars that are distinct from this problem, then give the final answer. Answer with only the examples and the final answer with no further explanation. Put your final answer between double brackets. Note that the alphabet may be in an unfamiliar order. Complete the pattern using this order.

[c m t f] [k m t f]
[h h x x a a x x d d x x q q x x] [


--- TARGET LETTERS ---

['p', 'p', 'x', 'x', 'a', 'a', 'x', 'x', 'd', 'd', 'x', 'x', 'q', 'q', 'x', 'x']
Full Qwen output: 1. [a b c d] [e f g h]  
2. [1 2 3 4] [5 6 7 8]  
3. [red blue green yellow] [orange purple pink black]  

[[c m t f] [k m t f] [h h x x a a x x d d x x q q x x] [h h x x a a x x d d x x q q x x]]
Filtered Qwen output: c m t f] [k m t f] [h h x x a a x x d d x x q q x x] [h h x x a a x x d d x x q q x x
trial 2 of 10...
trial 3 of 10...
trial 4 of 10...
trial 5 of 10...
trial 6 of 10...
trial 7 of 10...
trial 8 of 10...
trial 9 of 10...
trial 10 of 10...
Problem type: 3gen_split6 - 19/20
trial 1 of 10...

=== PROMPT ===

System message: You are able to solve letter-string analogies

User message: Use the following alphabet to complete the pattern.

x p j h n a u d i q k c m t f s b r g y e v w z l o

First, describe 3 relevant exemplars that are distinct from this problem, then give the final answer. Answer with only the examples and the final answer with no further explanation. Put your final answer between double brackets. Note that the alphabet may be in an unfamiliar order. Complete the pattern using this order.

[f s b r] [f s b r g]
[19 19 21 21 23 23] [


--- TARGET LETTERS ---

[np.int64(19), np.int64(19), np.int64(21), np.int64(21), np.int64(23), np.int64(23), np.int64(25), np.int64(25)]
Full Qwen output: 1. [a b c d] [a b c d e]  
2. [x y z] [x y z a]  
3. [m n o p] [m n o p q]  

[[f s b r g y]]
Filtered Qwen output: f s b r g y
trial 2 of 10...
trial 3 of 10...
trial 4 of 10...
trial 5 of 10...
trial 6 of 10...
trial 7 of 10...
trial 8 of 10...
trial 9 of 10...
trial 10 of 10...
Problem type: 3gensplit7 - 20/20
trial 1 of 10...

=== PROMPT ===

System message: You are able to solve letter-string analogies

User message: Use the following alphabet to complete the pattern.

x p j h n a u d i q k c m t f s b r g y e v w z l o

First, describe 3 relevant exemplars that are distinct from this problem, then give the final answer. Answer with only the examples and the final answer with no further explanation. Put your final answer between double brackets. Note that the alphabet may be in an unfamiliar order. Complete the pattern using this order.

[k c m t] [k c m f]
[9 11 13 15 17 19 21 23] [


--- TARGET LETTERS ---

[np.int64(9), np.int64(11), np.int64(13), np.int64(15), np.int64(17), np.int64(19), np.int64(21), np.int64(25)]
Full Qwen output: 1. [a b c d] [a b c e]  
2. [m n o p] [m n o q]  
3. [x y z a] [x y z b]  

[[k c m t] [k c m f]]  
[[k c m t] [k c m f]]  
[[k c m t] [k c m f]]  

[[k c m t] [k c m f]]  
[[k c m t] [k c m f]]  
[[k c m t] [k c m f]]  

[[k c m t
Filtered Qwen output: k c m t] [k c m f
trial 2 of 10...
trial 3 of 10...
trial 4 of 10...
trial 5 of 10...
trial 6 of 10...
trial 7 of 10...
trial 8 of 10...
trial 9 of 10...
trial 10 of 10...
Saved ./Qwen_Qwen3-14B_prob_predictions_multi_alph/gen/Qwen_Qwen3-14B_letterstring_results_20_multi_alph_gptprobs_analogical.npz
Total time: 4071.205370903015 seconds.
Loading model Qwen/Qwen3-14B...
GPU memory available: 39.49 GB
`torch_dtype` is deprecated! Use `dtype` instead!
Flash Attention 2 not available (FlashAttention2 has been toggled on, but it cannot be used due to the following error: the package flash_attn seems to be not installed. Please refer to the documentation of https://huggingface.co/docs/transformers/perf_infer_gpu_one#flashattention-2 to install Flash Attention 2.), using default attention
Loading checkpoint shards:   0%|          | 0/8 [00:00<?, ?it/s]Loading checkpoint shards:  12%|█▎        | 1/8 [00:01<00:12,  1.78s/it]Loading checkpoint shards:  25%|██▌       | 2/8 [00:03<00:10,  1.81s/it]Loading checkpoint shards:  38%|███▊      | 3/8 [00:05<00:09,  1.83s/it]Loading checkpoint shards:  50%|█████     | 4/8 [00:07<00:07,  1.85s/it]Loading checkpoint shards:  62%|██████▎   | 5/8 [00:09<00:05,  1.88s/it]Loading checkpoint shards:  75%|███████▌  | 6/8 [00:11<00:03,  1.88s/it]Loading checkpoint shards:  88%|████████▊ | 7/8 [00:13<00:01,  1.87s/it]Loading checkpoint shards: 100%|██████████| 8/8 [00:13<00:00,  1.57s/it]Loading checkpoint shards: 100%|██████████| 8/8 [00:13<00:00,  1.74s/it]
Model loaded with default attention
Model device: cuda:0
GPU memory allocated: 27.51 GB, reserved: 27.51 GB
Model loaded. Loading tokenizer...
Model Qwen/Qwen3-14B and tokenizer loaded.
symb_0
> $ ) * @ = & < + !
Problem type: succ - 1/2
trial 1 of 10...

=== PROMPT ===

System message: You are able to solve letter-string analogies

User message: Use the following alphabet to complete the pattern.

> $ ) * @ = & < + !

First, describe 3 relevant exemplars that are distinct from this problem, then give the final answer. Answer with only the examples and the final answer with no further explanation. Put your final answer between double brackets. Note that the alphabet may be in an unfamiliar order. Complete the pattern using this order.

[$ ) * @] [$ ) * =]
[) * @ =] [


--- TARGET LETTERS ---

[')', '*', '@', '&']
The following generation flags are not valid and may be ignored: ['temperature', 'top_k']. Set `TRANSFORMERS_VERBOSITY=info` for more details.
Full Qwen output: 1. [A B C D] [A B C E]  
2. [X Y Z W] [X Y Z V]  
3. [P Q R S] [P Q R T]  

[[) * = &]]
Filtered Qwen output: ) * = &
trial 2 of 10...
trial 3 of 10...
trial 4 of 10...
trial 5 of 10...
trial 6 of 10...
trial 7 of 10...
trial 8 of 10...
trial 9 of 10...
trial 10 of 10...
Problem type: pred - 2/2
trial 1 of 10...

=== PROMPT ===

System message: You are able to solve letter-string analogies

User message: Use the following alphabet to complete the pattern.

> $ ) * @ = & < + !

First, describe 3 relevant exemplars that are distinct from this problem, then give the final answer. Answer with only the examples and the final answer with no further explanation. Put your final answer between double brackets. Note that the alphabet may be in an unfamiliar order. Complete the pattern using this order.

[$ ) * @] [> ) * @]
[) * @ =] [


--- TARGET LETTERS ---

['$', '*', '@', '=']
Full Qwen output: 1. [A B C D] [E F G H]  
2. [X Y Z A] [B C D E]  
3. [1 2 3 4] [5 6 7 8]  

[[@ = & <]
trial 2 of 10...
trial 3 of 10...
trial 4 of 10...
trial 5 of 10...
trial 6 of 10...
trial 7 of 10...
trial 8 of 10...
trial 9 of 10...
trial 10 of 10...
symb_1
& > $ ! + ) < @ = *
Problem type: succ - 1/2
trial 1 of 10...

=== PROMPT ===

System message: You are able to solve letter-string analogies

User message: Use the following alphabet to complete the pattern.

& > $ ! + ) < @ = *

First, describe 3 relevant exemplars that are distinct from this problem, then give the final answer. Answer with only the examples and the final answer with no further explanation. Put your final answer between double brackets. Note that the alphabet may be in an unfamiliar order. Complete the pattern using this order.

[) < @ =] [) < @ *]
[+ ) < @] [


--- TARGET LETTERS ---

['+', ')', '<', '=']
Full Qwen output: 1. [! + ) <] [! + ) *]  
2. [$ ! + )] [$ ! + *]  
3. [> $ ! +] [> $ ! *]  

[[) < @ =] [) < @ *]]
Filtered Qwen output: ) < @ =] [) < @ *
trial 2 of 10...
trial 3 of 10...
trial 4 of 10...
trial 5 of 10...
trial 6 of 10...
trial 7 of 10...
trial 8 of 10...
trial 9 of 10...
trial 10 of 10...
Problem type: pred - 2/2
trial 1 of 10...

=== PROMPT ===

System message: You are able to solve letter-string analogies

User message: Use the following alphabet to complete the pattern.

& > $ ! + ) < @ = *

First, describe 3 relevant exemplars that are distinct from this problem, then give the final answer. Answer with only the examples and the final answer with no further explanation. Put your final answer between double brackets. Note that the alphabet may be in an unfamiliar order. Complete the pattern using this order.

[+ ) < @] [! ) < @]
[) < @ =] [


--- TARGET LETTERS ---

['+', '<', '@', '=']
Full Qwen output: 1. [! + ) <] [! + ) <]  
2. [) < @ =] [) < @ =]  
3. [! ) < @] [! ) < @]  

[[! ) < @] [! ) < @]]
Filtered Qwen output: ! ) < @] [! ) < @
trial 2 of 10...
trial 3 of 10...
trial 4 of 10...
trial 5 of 10...
trial 6 of 10...
trial 7 of 10...
trial 8 of 10...
trial 9 of 10...
trial 10 of 10...
Saved ./Qwen_Qwen3-14B_prob_predictions_multi_alph/gen/Qwen_Qwen3-14B_letterstring_results_symb_multi_alph_gptprobs_analogical.npz
Total time: 112.33839344978333 seconds.
