============================================================================================== 
Warning! Mixing Conda and module environments may lead to corruption of the
user environment. 
We do not recommend users mixing those two environments unless absolutely
necessary. Note that 
SURF does not provide any support for Conda environment.
For more information, please refer to our software policy page:
https://servicedesk.surf.nl/wiki/display/WIKI/Software+policy+Snellius#SoftwarepolicySnellius-UseofAnacondaandMinicondaenvironmentsonSnellius 

Remember that many packages have already been installed on the system and can
be loaded using 
the 'module load <package__name>' command. If you are uncertain if a package is
already available 
on the system, please use 'module avail' or 'module spider' to search for it.
============================================================================================== 
Loading model Qwen/Qwen3-14B...
GPU memory available: 39.49 GB
`torch_dtype` is deprecated! Use `dtype` instead!
Flash Attention 2 not available (FlashAttention2 has been toggled on, but it cannot be used due to the following error: the package flash_attn seems to be not installed. Please refer to the documentation of https://huggingface.co/docs/transformers/perf_infer_gpu_one#flashattention-2 to install Flash Attention 2.), using default attention
Loading checkpoint shards:   0%|          | 0/8 [00:00<?, ?it/s]Loading checkpoint shards:  12%|█▎        | 1/8 [00:05<00:35,  5.02s/it]Loading checkpoint shards:  25%|██▌       | 2/8 [00:09<00:27,  4.66s/it]Loading checkpoint shards:  38%|███▊      | 3/8 [00:13<00:22,  4.52s/it]Loading checkpoint shards:  50%|█████     | 4/8 [00:18<00:17,  4.46s/it]Loading checkpoint shards:  62%|██████▎   | 5/8 [00:22<00:13,  4.42s/it]Loading checkpoint shards:  75%|███████▌  | 6/8 [00:26<00:08,  4.40s/it]Loading checkpoint shards:  88%|████████▊ | 7/8 [00:31<00:04,  4.39s/it]Loading checkpoint shards: 100%|██████████| 8/8 [00:33<00:00,  3.66s/it]Loading checkpoint shards: 100%|██████████| 8/8 [00:33<00:00,  4.17s/it]
Model loaded with default attention
Model device: cuda:0
GPU memory allocated: 27.51 GB, reserved: 27.51 GB
Model loaded. Loading tokenizer...
Model Qwen/Qwen3-14B and tokenizer loaded.
alph_0
a u c d e f g h i j k l m n o p q r s t b v w x y z
Problem type: larger_int - 1/20
trial 1 of 10...

=== PROMPT ===

Use the following alphabet to guess the missing piece.

a u c d e f g h i j k l m n o p q r s t b v w x y z

Note that the alphabet may be in an unfamiliar order. Complete the pattern using this order.

[g h i j] [f h i j]
[d f h j] [ ? ]

First, describe 3 relevant exemplars that are distinct from this problem. Then give the final answer. Answer with only the examples and the final answer with no further explanation. Put your final answer between double brackets.


--- TARGET LETTERS ---

['u', 'f', 'h', 'j']
The following generation flags are not valid and may be ignored: ['temperature', 'top_k']. Set `TRANSFORMERS_VERBOSITY=info` for more details.
Full Qwen output: [g h i j] [f h i j]  
[d f h j] [ ? ]  

Examples:  
1. [a b c d] [c d e f]  
2. [x y z a] [z a b c]  
3. [m n o p] [o p q r]  

[[c f g h]]
Filtered Qwen output: c f g h
trial 2 of 10...
trial 3 of 10...
trial 4 of 10...
trial 5 of 10...
trial 6 of 10...
trial 7 of 10...
trial 8 of 10...
trial 9 of 10...
trial 10 of 10...
Problem type: longer_targ - 2/20
trial 1 of 10...

=== PROMPT ===

Use the following alphabet to guess the missing piece.

a u c d e f g h i j k l m n o p q r s t b v w x y z

Note that the alphabet may be in an unfamiliar order. Complete the pattern using this order.

[a u c c d e] [a u c d e]
[o p p q r s t b v w] [ ? ]

First, describe 3 relevant exemplars that are distinct from this problem. Then give the final answer. Answer with only the examples and the final answer with no further explanation. Put your final answer between double brackets.


--- TARGET LETTERS ---

['o', 'p', 'q', 'r', 's', 't', 'b', 'v', 'w']
Full Qwen output: Example 1: [a b c d e f] [a b c d e]  
Example 2: [x y z a b c] [x y z a b]  
Example 3: [m n o p q r] [m n o p q]  

[[o p p q r s t b v w] [o p p q r s t b v]]
Filtered Qwen output: o p p q r s t b v w] [o p p q r s t b v
trial 2 of 10...
trial 3 of 10...
trial 4 of 10...
trial 5 of 10...
trial 6 of 10...
trial 7 of 10...
trial 8 of 10...
trial 9 of 10...
trial 10 of 10...
Problem type: group - 3/20
trial 1 of 10...

=== PROMPT ===

Use the following alphabet to guess the missing piece.

a u c d e f g h i j k l m n o p q r s t b v w x y z

Note that the alphabet may be in an unfamiliar order. Complete the pattern using this order.

[c d e f] [u d e f]
[w w x x y y z z] [ ? ]

First, describe 3 relevant exemplars that are distinct from this problem. Then give the final answer. Answer with only the examples and the final answer with no further explanation. Put your final answer between double brackets.


--- TARGET LETTERS ---

['v', 'v', 'x', 'x', 'y', 'y', 'z', 'z']
Full Qwen output: Examples:  
1. [a b c d] [e f g h]  
2. [x y z a] [b c d e]  
3. [m n o p] [q r s t]  

[[w x y z]]
Filtered Qwen output: w x y z
trial 2 of 10...
trial 3 of 10...
trial 4 of 10...
trial 5 of 10...
trial 6 of 10...
trial 7 of 10...
trial 8 of 10...
trial 9 of 10...
trial 10 of 10...
Problem type: interleaved - 4/20
trial 1 of 10...

=== PROMPT ===

Use the following alphabet to guess the missing piece.

a u c d e f g h i j k l m n o p q r s t b v w x y z

Note that the alphabet may be in an unfamiliar order. Complete the pattern using this order.

[h i j n l] [h i j k l]
[l x v x w x x x y x] [ ? ]

First, describe 3 relevant exemplars that are distinct from this problem. Then give the final answer. Answer with only the examples and the final answer with no further explanation. Put your final answer between double brackets.


--- TARGET LETTERS ---

['b', 'x', 'v', 'x', 'w', 'x', 'x', 'x', 'y', 'x']
Full Qwen output: Example 1: [a b c d e] [a b c d]  
Example 2: [p q r s t] [p q r s]  
Example 3: [m n o p q] [m n o p]  

[[l x v x w x x x y x] [l x v x w x x x y]]
Filtered Qwen output: l x v x w x x x y x] [l x v x w x x x y
trial 2 of 10...
trial 3 of 10...
trial 4 of 10...
trial 5 of 10...
trial 6 of 10...
trial 7 of 10...
trial 8 of 10...
trial 9 of 10...
trial 10 of 10...
Problem type: letter2num - 5/20
trial 1 of 10...

=== PROMPT ===

Use the following alphabet to guess the missing piece.

a u c d e f g h i j k l m n o p q r s t b v w x y z

Note that the alphabet may be in an unfamiliar order. Complete the pattern using this order.

[b v w x] [b v w y]
[1 2 3 4] [ ? ]

First, describe 3 relevant exemplars that are distinct from this problem. Then give the final answer. Answer with only the examples and the final answer with no further explanation. Put your final answer between double brackets.


--- TARGET LETTERS ---

[np.int64(1), np.int64(2), np.int64(3), np.int64(5)]
Full Qwen output: 1. [a b c d] [a b c e]  
2. [x y z a] [x y z b]  
3. [m n o p] [m n o q]  

[[b v w z]]
Filtered Qwen output: b v w z
trial 2 of 10...
trial 3 of 10...
trial 4 of 10...
trial 5 of 10...
trial 6 of 10...
trial 7 of 10...
trial 8 of 10...
trial 9 of 10...
trial 10 of 10...
Problem type: reverse - 6/20
trial 1 of 10...

=== PROMPT ===

Use the following alphabet to guess the missing piece.

a u c d e f g h i j k l m n o p q r s t b v w x y z

Note that the alphabet may be in an unfamiliar order. Complete the pattern using this order.

[e f g h h i] [e f g h i]
[w w v b t s] [ ? ]

First, describe 3 relevant exemplars that are distinct from this problem. Then give the final answer. Answer with only the examples and the final answer with no further explanation. Put your final answer between double brackets.


--- TARGET LETTERS ---

['w', 'v', 'b', 't', 's']
Full Qwen output: [e f g h h i] [e f g h i]  
[w w v b t s] [w v b t]

[[w v b t]]
Filtered Qwen output: w v b t
trial 2 of 10...
trial 3 of 10...
trial 4 of 10...
trial 5 of 10...
trial 6 of 10...
trial 7 of 10...
trial 8 of 10...
trial 9 of 10...
trial 10 of 10...
Problem type: 2gen_split1 - 7/20
trial 1 of 10...

=== PROMPT ===

Use the following alphabet to guess the missing piece.

a u c d e f g h i j k l m n o p q r s t b v w x y z

Note that the alphabet may be in an unfamiliar order. Complete the pattern using this order.

[b t s v w] [s t b v w]
[q q k k m m o o i i] [ ? ]

First, describe 3 relevant exemplars that are distinct from this problem. Then give the final answer. Answer with only the examples and the final answer with no further explanation. Put your final answer between double brackets.


--- TARGET LETTERS ---

['i', 'i', 'k', 'k', 'm', 'm', 'o', 'o', 'q', 'q']
Full Qwen output: Example 1: [a b c d e] [c d e f g]  
Example 2: [x y z a b] [z a b c d]  
Example 3: [m n o p q] [o p q r s]  

[[q k m o i]]
Filtered Qwen output: q k m o i
trial 2 of 10...
trial 3 of 10...
trial 4 of 10...
trial 5 of 10...
trial 6 of 10...
trial 7 of 10...
trial 8 of 10...
trial 9 of 10...
trial 10 of 10...
Problem type: 2gen_split2 - 8/20
trial 1 of 10...

=== PROMPT ===

Use the following alphabet to guess the missing piece.

a u c d e f g h i j k l m n o p q r s t b v w x y z

Note that the alphabet may be in an unfamiliar order. Complete the pattern using this order.

[a u w d e] [a u c d e]
[o x q x s x g x w x] [ ? ]

First, describe 3 relevant exemplars that are distinct from this problem. Then give the final answer. Answer with only the examples and the final answer with no further explanation. Put your final answer between double brackets.


--- TARGET LETTERS ---

['o', 'x', 'q', 'x', 's', 'x', 'b', 'x', 'w', 'x']
Full Qwen output: Example 1: [a b c d e] [a b c d e]  
Example 2: [x y z a b] [x y z a b]  
Example 3: [m n o p q] [m n o p q]  

[[o x q x s x g x w x] [o x q x s x g x w x]]
Filtered Qwen output: o x q x s x g x w x] [o x q x s x g x w x
trial 2 of 10...
trial 3 of 10...
trial 4 of 10...
trial 5 of 10...
trial 6 of 10...
trial 7 of 10...
trial 8 of 10...
trial 9 of 10...
trial 10 of 10...
Problem type: 2gen_split3 - 9/20
trial 1 of 10...

=== PROMPT ===

Use the following alphabet to guess the missing piece.

a u c d e f g h i j k l m n o p q r s t b v w x y z

Note that the alphabet may be in an unfamiliar order. Complete the pattern using this order.

[a u c d] [a u c d e]
[g x h x i x j x k x l x m x n x] [ ? ]

First, describe 3 relevant exemplars that are distinct from this problem. Then give the final answer. Answer with only the examples and the final answer with no further explanation. Put your final answer between double brackets.


--- TARGET LETTERS ---

['g', 'x', 'h', 'x', 'i', 'x', 'j', 'x', 'k', 'x', 'l', 'x', 'm', 'x', 'n', 'x', 'o', 'x']
Full Qwen output: Example 1: [a b c d] [a b c d e]  
Example 2: [x y z a b] [x y z a b c]  
Example 3: [m n o p] [m n o p q]  

[[g x h x i x j x k x l x m x n x o x p x q x r x s x t x b v w x y z]]
Filtered Qwen output: g x h x i x j x k x l x m x n x o x p x q x r x s x t x b v w x y z
trial 2 of 10...
trial 3 of 10...
trial 4 of 10...
trial 5 of 10...
trial 6 of 10...
trial 7 of 10...
trial 8 of 10...
trial 9 of 10...
trial 10 of 10...
Problem type: 2gen_split4 - 10/20
trial 1 of 10...

=== PROMPT ===

Use the following alphabet to guess the missing piece.

a u c d e f g h i j k l m n o p q r s t b v w x y z

Note that the alphabet may be in an unfamiliar order. Complete the pattern using this order.

[c d e f] [c d e g]
[t t x x b b x x v v x x w w x x] [ ? ]

First, describe 3 relevant exemplars that are distinct from this problem. Then give the final answer. Answer with only the examples and the final answer with no further explanation. Put your final answer between double brackets.


--- TARGET LETTERS ---

['t', 't', 'x', 'x', 'b', 'b', 'x', 'x', 'v', 'v', 'x', 'x', 'x', 'x', 'x', 'x']
Full Qwen output: 1. [a b c d] [a b c e]  
2. [p q r s] [p q r t]  
3. [m n o p] [m n o q]  

[[t t x x b b x x v v x x w w x x] [t t x x b b x x v v x x w w x x y y]]
Filtered Qwen output: t t x x b b x x v v x x w w x x] [t t x x b b x x v v x x w w x x y y
trial 2 of 10...
trial 3 of 10...
trial 4 of 10...
trial 5 of 10...
trial 6 of 10...
trial 7 of 10...
trial 8 of 10...
trial 9 of 10...
trial 10 of 10...
Problem type: 2gen_split5 - 11/20
trial 1 of 10...

=== PROMPT ===

Use the following alphabet to guess the missing piece.

a u c d e f g h i j k l m n o p q r s t b v w x y z

Note that the alphabet may be in an unfamiliar order. Complete the pattern using this order.

[r c d e f] [u c d e f]
[y y x x w w v v d d] [ ? ]

First, describe 3 relevant exemplars that are distinct from this problem. Then give the final answer. Answer with only the examples and the final answer with no further explanation. Put your final answer between double brackets.


--- TARGET LETTERS ---

['y', 'y', 'x', 'x', 'w', 'w', 'v', 'v', 'b', 'b']
Full Qwen output: 1. [a b c d e] [f g h i j]  
2. [z y x w v] [u t s r q]  
3. [m n o p q] [r s t u v]  

[[y y x x w w v v d d] [z z y y x x w w v v]]
Filtered Qwen output: y y x x w w v v d d] [z z y y x x w w v v
trial 2 of 10...
trial 3 of 10...
trial 4 of 10...
trial 5 of 10...
trial 6 of 10...
trial 7 of 10...
trial 8 of 10...
trial 9 of 10...
trial 10 of 10...
Problem type: 2gen_split6 - 12/20
trial 1 of 10...

=== PROMPT ===

Use the following alphabet to guess the missing piece.

a u c d e f g h i j k l m n o p q r s t b v w x y z

Note that the alphabet may be in an unfamiliar order. Complete the pattern using this order.

[d e f h g] [d e f g h]
[19 17 21 23 25] [ ? ]

First, describe 3 relevant exemplars that are distinct from this problem. Then give the final answer. Answer with only the examples and the final answer with no further explanation. Put your final answer between double brackets.


--- TARGET LETTERS ---

[np.int64(17), np.int64(19), np.int64(21), np.int64(23), np.int64(25)]
Full Qwen output: Example 1: [a b c d e] [a b c d e]  
Example 2: [x y z a b] [x y z a b]  
Example 3: [m n o p q] [m n o p q]  

[[19 17 21 23 25] [19 17 21 23 25]]
Filtered Qwen output: 19 17 21 23 25] [19 17 21 23 25
trial 2 of 10...
trial 3 of 10...
trial 4 of 10...
trial 5 of 10...
trial 6 of 10...
trial 7 of 10...
trial 8 of 10...
trial 9 of 10...
trial 10 of 10...
Problem type: 2gensplit7 - 13/20
trial 1 of 10...

=== PROMPT ===

Use the following alphabet to guess the missing piece.

a u c d e f g h i j k l m n o p q r s t b v w x y z

Note that the alphabet may be in an unfamiliar order. Complete the pattern using this order.

[b v w x] [b v w y]
[11 13 15 17] [ ? ]

First, describe 3 relevant exemplars that are distinct from this problem. Then give the final answer. Answer with only the examples and the final answer with no further explanation. Put your final answer between double brackets.


--- TARGET LETTERS ---

[np.int64(11), np.int64(13), np.int64(15), np.int64(19)]
Full Qwen output: Example 1: [a b c d] [a b c e]  
Example 2: [m n o p] [m n o q]  
Example 3: [g h i j] [g h i k]  

[[11 13 15 18]]
Filtered Qwen output: 11 13 15 18
trial 2 of 10...
trial 3 of 10...
trial 4 of 10...
trial 5 of 10...
trial 6 of 10...
trial 7 of 10...
trial 8 of 10...
trial 9 of 10...
trial 10 of 10...
Problem type: 3gen_split1 - 14/20
trial 1 of 10...

=== PROMPT ===

Use the following alphabet to guess the missing piece.

a u c d e f g h i j k l m n o p q r s t b v w x y z

Note that the alphabet may be in an unfamiliar order. Complete the pattern using this order.

[a u c d] [a u c e]
[7 0 6 0 5 0 4 0] [ ? ]

First, describe 3 relevant exemplars that are distinct from this problem. Then give the final answer. Answer with only the examples and the final answer with no further explanation. Put your final answer between double brackets.


--- TARGET LETTERS ---

[np.int64(7), '0', np.int64(6), '0', np.int64(5), '0', np.int64(3), '0']
Full Qwen output: Example 1: [a b c d] [a b c e]  
Example 2: [x y z a] [x y z b]  
Example 3: [1 2 3 4] [1 2 3 5]  

[[7 0 6 0 5 0 4 0] [7 0 6 0 5 0 4 0 3]]
Filtered Qwen output: 7 0 6 0 5 0 4 0] [7 0 6 0 5 0 4 0 3
trial 2 of 10...
trial 3 of 10...
trial 4 of 10...
trial 5 of 10...
trial 6 of 10...
trial 7 of 10...
trial 8 of 10...
trial 9 of 10...
trial 10 of 10...
Problem type: 3gen_split2 - 15/20
trial 1 of 10...

=== PROMPT ===

Use the following alphabet to guess the missing piece.

a u c d e f g h i j k l m n o p q r s t b v w x y z

Note that the alphabet may be in an unfamiliar order. Complete the pattern using this order.

[q r s t] [q r s t b]
[r r x x s s x x t t x x b b x x v v x x w w x x x x x x y y x x] [ ? ]

First, describe 3 relevant exemplars that are distinct from this problem. Then give the final answer. Answer with only the examples and the final answer with no further explanation. Put your final answer between double brackets.


--- TARGET LETTERS ---

['r', 'r', 'x', 'x', 's', 's', 'x', 'x', 't', 't', 'x', 'x', 'b', 'b', 'x', 'x', 'v', 'v', 'x', 'x', 'w', 'w', 'x', 'x', 'x', 'x', 'x', 'x', 'y', 'y', 'x', 'x', 'z', 'z', 'x', 'x']
Full Qwen output: 1. [a b c d] [a b c d e]  
2. [x y z a] [x y z a b]  
3. [m n o p] [m n o p q]  

[[r r x x s s x x t t x x b b x x v v x x w w x x x x x x y y x x x x x x x x x x x x x x x x x x x x x x x x x x x x x x x x x x x x x x x x x x x x x x x x x
trial 2 of 10...
trial 3 of 10...
trial 4 of 10...
trial 5 of 10...
trial 6 of 10...
trial 7 of 10...
trial 8 of 10...
trial 9 of 10...
trial 10 of 10...
Problem type: 3gen_split3 - 16/20
trial 1 of 10...

=== PROMPT ===

Use the following alphabet to guess the missing piece.

a u c d e f g h i j k l m n o p q r s t b v w x y z

Note that the alphabet may be in an unfamiliar order. Complete the pattern using this order.

[e f g h q] [e f g h i]
[9 11 13 15 17 19 21 23 12] [ ? ]

First, describe 3 relevant exemplars that are distinct from this problem. Then give the final answer. Answer with only the examples and the final answer with no further explanation. Put your final answer between double brackets.


--- TARGET LETTERS ---

[np.int64(9), np.int64(11), np.int64(13), np.int64(15), np.int64(17), np.int64(19), np.int64(21), np.int64(23), np.int64(25)]
Full Qwen output: Example 1: [a b c d] [a b c d e]  
Example 2: [x y z a b] [x y z a b c]  
Example 3: [m n o p q] [m n o p q r]  

[[e f g h i j k l m]]
Filtered Qwen output: e f g h i j k l m
trial 2 of 10...
trial 3 of 10...
trial 4 of 10...
trial 5 of 10...
trial 6 of 10...
trial 7 of 10...
trial 8 of 10...
trial 9 of 10...
trial 10 of 10...
Problem type: 3gen_split4 - 17/20
trial 1 of 10...

=== PROMPT ===

Use the following alphabet to guess the missing piece.

a u c d e f g h i j k l m n o p q r s t b v w x y z

Note that the alphabet may be in an unfamiliar order. Complete the pattern using this order.

[q r s t] [q r s b]
[24 23 22 21 20 19 18 17] [ ? ]

First, describe 3 relevant exemplars that are distinct from this problem. Then give the final answer. Answer with only the examples and the final answer with no further explanation. Put your final answer between double brackets.


--- TARGET LETTERS ---

[np.int64(24), np.int64(23), np.int64(22), np.int64(21), np.int64(20), np.int64(19), np.int64(18), np.int64(16)]
Full Qwen output: 1. [a b c d] [a b c e]  
2. [x y z a] [x y z b]  
3. [m n o p] [m n o q]  

[[q r s v]]
Filtered Qwen output: q r s v
trial 2 of 10...
trial 3 of 10...
trial 4 of 10...
trial 5 of 10...
trial 6 of 10...
trial 7 of 10...
trial 8 of 10...
trial 9 of 10...
trial 10 of 10...
Problem type: 3gen_split5 - 18/20
trial 1 of 10...

=== PROMPT ===

Use the following alphabet to guess the missing piece.

a u c d e f g h i j k l m n o p q r s t b v w x y z

Note that the alphabet may be in an unfamiliar order. Complete the pattern using this order.

[e f g i h] [e f g h i]
[14 0 16 0 15 0 17 0 18 0 19 0 20 0 21 0 22 0] [ ? ]

First, describe 3 relevant exemplars that are distinct from this problem. Then give the final answer. Answer with only the examples and the final answer with no further explanation. Put your final answer between double brackets.


--- TARGET LETTERS ---

[np.int64(14), '0', np.int64(15), '0', np.int64(16), '0', np.int64(17), '0', np.int64(18), '0', np.int64(19), '0', np.int64(20), '0', np.int64(21), '0', np.int64(22), '0']
Full Qwen output: Example1: [a b c d e] [a b c d e f]  
Example2: [x y z a b] [x y z a b c]  
Example3: [m n o p q] [m n o p q r]  

[[e f g h i j k l m n o p q r s t]]
Filtered Qwen output: e f g h i j k l m n o p q r s t
trial 2 of 10...
trial 3 of 10...
trial 4 of 10...
trial 5 of 10...
trial 6 of 10...
trial 7 of 10...
trial 8 of 10...
trial 9 of 10...
trial 10 of 10...
Problem type: 3gen_split6 - 19/20
trial 1 of 10...

=== PROMPT ===

Use the following alphabet to guess the missing piece.

a u c d e f g h i j k l m n o p q r s t b v w x y z

Note that the alphabet may be in an unfamiliar order. Complete the pattern using this order.

[u c d e] [u c d f]
[y x w x b x s x] [ ? ]

First, describe 3 relevant exemplars that are distinct from this problem. Then give the final answer. Answer with only the examples and the final answer with no further explanation. Put your final answer between double brackets.


--- TARGET LETTERS ---

['y', 'x', 'w', 'x', 'b', 'x', 'q', 'x']
Full Qwen output: 1. [a b c d] [a b c e]  
2. [m n o p] [m n o q]  
3. [z y x w] [z y x v]  

[[y x w x b x s x] [y x w x b x s y]]
Filtered Qwen output: y x w x b x s x] [y x w x b x s y
trial 2 of 10...
trial 3 of 10...
trial 4 of 10...
trial 5 of 10...
trial 6 of 10...
trial 7 of 10...
trial 8 of 10...
trial 9 of 10...
trial 10 of 10...
Problem type: 3gensplit7 - 20/20
trial 1 of 10...

=== PROMPT ===

Use the following alphabet to guess the missing piece.

a u c d e f g h i j k l m n o p q r s t b v w x y z

Note that the alphabet may be in an unfamiliar order. Complete the pattern using this order.

[a u c d e e] [a u c d e]
[19 17 15 15 13 11] [ ? ]

First, describe 3 relevant exemplars that are distinct from this problem. Then give the final answer. Answer with only the examples and the final answer with no further explanation. Put your final answer between double brackets.


--- TARGET LETTERS ---

[np.int64(19), np.int64(17), np.int64(15), np.int64(13), np.int64(11)]
Full Qwen output: Example 1: [a b c d e f] [a b c d e]  
Example 2: [x y z a b c] [x y z a b]  
Example 3: [m n o p q r] [m n o p q]  

[[19 17 15 15 13]]
Filtered Qwen output: 19 17 15 15 13
trial 2 of 10...
trial 3 of 10...
trial 4 of 10...
trial 5 of 10...
trial 6 of 10...
trial 7 of 10...
trial 8 of 10...
trial 9 of 10...
trial 10 of 10...
alph_1
a l c d e f g h i j k b m n o p q r s t u v w x y z
Problem type: larger_int - 1/20
trial 1 of 10...

=== PROMPT ===

Use the following alphabet to guess the missing piece.

a l c d e f g h i j k b m n o p q r s t u v w x y z

Note that the alphabet may be in an unfamiliar order. Complete the pattern using this order.

[k o m n b] [k b m n o]
[l d f j h] [ ? ]

First, describe 3 relevant exemplars that are distinct from this problem. Then give the final answer. Answer with only the examples and the final answer with no further explanation. Put your final answer between double brackets.


--- TARGET LETTERS ---

['l', 'd', 'f', 'h', 'j']
Full Qwen output: 1. [a c e g i] [a e i c g]  
2. [x z v t r] [x v r z t]  
3. [p r t v x] [p t x r v]  

[[l f h j d]]
Filtered Qwen output: l f h j d
trial 2 of 10...
trial 3 of 10...
trial 4 of 10...
trial 5 of 10...
trial 6 of 10...
trial 7 of 10...
trial 8 of 10...
trial 9 of 10...
trial 10 of 10...
Problem type: longer_targ - 2/20
trial 1 of 10...

=== PROMPT ===

Use the following alphabet to guess the missing piece.

a l c d e f g h i j k b m n o p q r s t u v w x y z

Note that the alphabet may be in an unfamiliar order. Complete the pattern using this order.

[q r u t s] [q r s t u]
[a l c d f e g h i] [ ? ]

First, describe 3 relevant exemplars that are distinct from this problem. Then give the final answer. Answer with only the examples and the final answer with no further explanation. Put your final answer between double brackets.


--- TARGET LETTERS ---

['a', 'l', 'c', 'd', 'e', 'f', 'g', 'h', 'i']
Full Qwen output: 1. [a b c d e] [a b c d e]  
2. [x y z a b] [x y z a b]  
3. [m n o p q] [m n o p q]  

[[a l c d e]]
Filtered Qwen output: a l c d e
trial 2 of 10...
trial 3 of 10...
trial 4 of 10...
trial 5 of 10...
trial 6 of 10...
trial 7 of 10...
trial 8 of 10...
trial 9 of 10...
trial 10 of 10...
Problem type: group - 3/20
trial 1 of 10...

=== PROMPT ===

Use the following alphabet to guess the missing piece.

a l c d e f g h i j k b m n o p q r s t u v w x y z

Note that the alphabet may be in an unfamiliar order. Complete the pattern using this order.

[a l c d] [a l c e]
[p p q q r r s s] [ ? ]

First, describe 3 relevant exemplars that are distinct from this problem. Then give the final answer. Answer with only the examples and the final answer with no further explanation. Put your final answer between double brackets.


--- TARGET LETTERS ---

['p', 'p', 'q', 'q', 'r', 'r', 't', 't']
Full Qwen output: 1. cat dog  
2. red blue  
3. apple banana  

[[p p q q r r t t]]
Filtered Qwen output: p p q q r r t t
trial 2 of 10...
trial 3 of 10...
trial 4 of 10...
trial 5 of 10...
trial 6 of 10...
trial 7 of 10...
trial 8 of 10...
trial 9 of 10...
trial 10 of 10...
Problem type: interleaved - 4/20
trial 1 of 10...

=== PROMPT ===

Use the following alphabet to guess the missing piece.

a l c d e f g h i j k b m n o p q r s t u v w x y z

Note that the alphabet may be in an unfamiliar order. Complete the pattern using this order.

[l c d e] [l c d e f]
[a x l x c x d x] [ ? ]

First, describe 3 relevant exemplars that are distinct from this problem. Then give the final answer. Answer with only the examples and the final answer with no further explanation. Put your final answer between double brackets.


--- TARGET LETTERS ---

['a', 'x', 'l', 'x', 'c', 'x', 'd', 'x', 'e', 'x']
Full Qwen output: 1. [a b c d] [a b c d e]  
2. [x y z a] [x y z a b]  
3. [m n o p] [m n o p q]  

[[a x l x c x d x e]]
Filtered Qwen output: a x l x c x d x e
trial 2 of 10...
trial 3 of 10...
trial 4 of 10...
trial 5 of 10...
trial 6 of 10...
trial 7 of 10...
trial 8 of 10...
trial 9 of 10...
trial 10 of 10...
Problem type: letter2num - 5/20
trial 1 of 10...

=== PROMPT ===

Use the following alphabet to guess the missing piece.

a l c d e f g h i j k b m n o p q r s t u v w x y z

Note that the alphabet may be in an unfamiliar order. Complete the pattern using this order.

[t u w v x] [t u v w x]
[2 1 3 4 5] [ ? ]

First, describe 3 relevant exemplars that are distinct from this problem. Then give the final answer. Answer with only the examples and the final answer with no further explanation. Put your final answer between double brackets.


--- TARGET LETTERS ---

[np.int64(1), np.int64(2), np.int64(3), np.int64(4), np.int64(5)]
Full Qwen output: Examples:  
1. [a b c d e] [a b d c e]  
2. [p q r s t] [p r q s t]  
3. [m n o p q] [m o n p q]  

[[2 3 1 4 5]]
Filtered Qwen output: 2 3 1 4 5
trial 2 of 10...
trial 3 of 10...
trial 4 of 10...
trial 5 of 10...
trial 6 of 10...
trial 7 of 10...
trial 8 of 10...
trial 9 of 10...
trial 10 of 10...
Problem type: reverse - 6/20
trial 1 of 10...

=== PROMPT ===

Use the following alphabet to guess the missing piece.

a l c d e f g h i j k b m n o p q r s t u v w x y z

Note that the alphabet may be in an unfamiliar order. Complete the pattern using this order.

[u v w x] [t v w x]
[d c l a] [ ? ]

First, describe 3 relevant exemplars that are distinct from this problem. Then give the final answer. Answer with only the examples and the final answer with no further explanation. Put your final answer between double brackets.


--- TARGET LETTERS ---

['e', 'c', 'l', 'a']
Full Qwen output: 1. [a b c d] [c d e f]  
2. [p q r s] [r s t u]  
3. [m n o p] [o p q r]  

[[d c l a] [c l a d]]
Filtered Qwen output: d c l a] [c l a d
trial 2 of 10...
trial 3 of 10...
trial 4 of 10...
trial 5 of 10...
trial 6 of 10...
trial 7 of 10...
trial 8 of 10...
trial 9 of 10...
trial 10 of 10...
Problem type: 2gen_split1 - 7/20
trial 1 of 10...

=== PROMPT ===

Use the following alphabet to guess the missing piece.

a l c d e f g h i j k b m n o p q r s t u v w x y z

Note that the alphabet may be in an unfamiliar order. Complete the pattern using this order.

[l c d e] [l c d e f]
[9 11 13 15] [ ? ]

First, describe 3 relevant exemplars that are distinct from this problem. Then give the final answer. Answer with only the examples and the final answer with no further explanation. Put your final answer between double brackets.


--- TARGET LETTERS ---

[np.int64(9), np.int64(11), np.int64(13), np.int64(15), np.int64(17)]
Full Qwen output: Example 1: [a b c d] [a b c d e]  
Example 2: [x y z a] [x y z a b]  
Example 3: [m n o p] [m n o p q]  

[[l c d e f g]]
Filtered Qwen output: l c d e f g
trial 2 of 10...
trial 3 of 10...
trial 4 of 10...
trial 5 of 10...
trial 6 of 10...
trial 7 of 10...
trial 8 of 10...
trial 9 of 10...
trial 10 of 10...
Problem type: 2gen_split2 - 8/20
trial 1 of 10...

=== PROMPT ===

Use the following alphabet to guess the missing piece.

a l c d e f g h i j k b m n o p q r s t u v w x y z

Note that the alphabet may be in an unfamiliar order. Complete the pattern using this order.

[l a c d e] [a l c d e]
[i x o x k x b x m x n x j x p x q x] [ ? ]

First, describe 3 relevant exemplars that are distinct from this problem. Then give the final answer. Answer with only the examples and the final answer with no further explanation. Put your final answer between double brackets.


--- TARGET LETTERS ---

['i', 'x', 'j', 'x', 'k', 'x', 'b', 'x', 'm', 'x', 'n', 'x', 'o', 'x', 'p', 'x', 'q', 'x']
Full Qwen output: Example1: [a b c d e] [f g h i j]  
Example2: [x y z a b] [c d e f g]  
Example3: [m n o p q] [r s t u v]  

[[i x o x k x b x m x n x j x p x q x] [x y z a b c d e f g h i j k l]]
Filtered Qwen output: i x o x k x b x m x n x j x p x q x] [x y z a b c d e f g h i j k l
trial 2 of 10...
trial 3 of 10...
trial 4 of 10...
trial 5 of 10...
trial 6 of 10...
trial 7 of 10...
trial 8 of 10...
trial 9 of 10...
trial 10 of 10...
Problem type: 2gen_split3 - 9/20
trial 1 of 10...

=== PROMPT ===

Use the following alphabet to guess the missing piece.

a l c d e f g h i j k b m n o p q r s t u v w x y z

Note that the alphabet may be in an unfamiliar order. Complete the pattern using this order.

[h i j k] [g i j k]
[l l x x c c x x d d x x e e x x] [ ? ]

First, describe 3 relevant exemplars that are distinct from this problem. Then give the final answer. Answer with only the examples and the final answer with no further explanation. Put your final answer between double brackets.


--- TARGET LETTERS ---

['a', 'a', 'x', 'x', 'c', 'c', 'x', 'x', 'd', 'd', 'x', 'x', 'e', 'e', 'x', 'x']
Full Qwen output: Example 1: [a b c d] [b c d e]  
Example 2: [x y z a] [y z a b]  
Example 3: [m n o p] [n o p q]  

[[l l x x c c x x d d x x e e x x] [m m x x d d x x e e x x f f x x]]
Filtered Qwen output: l l x x c c x x d d x x e e x x] [m m x x d d x x e e x x f f x x
trial 2 of 10...
trial 3 of 10...
trial 4 of 10...
trial 5 of 10...
trial 6 of 10...
trial 7 of 10...
trial 8 of 10...
trial 9 of 10...
trial 10 of 10...
Problem type: 2gen_split4 - 10/20
trial 1 of 10...

=== PROMPT ===

Use the following alphabet to guess the missing piece.

a l c d e f g h i j k b m n o p q r s t u v w x y z

Note that the alphabet may be in an unfamiliar order. Complete the pattern using this order.

[z j k b m] [i j k b m]
[o o n n m m a a k k] [ ? ]

First, describe 3 relevant exemplars that are distinct from this problem. Then give the final answer. Answer with only the examples and the final answer with no further explanation. Put your final answer between double brackets.


--- TARGET LETTERS ---

['o', 'o', 'n', 'n', 'm', 'm', 'b', 'b', 'k', 'k']
Full Qwen output: 1. cat : dog :: bird : ?  
2. red : blue :: green : ?  
3. square : rectangle :: circle : ?

[[n n m m a a k k]]
Filtered Qwen output: n n m m a a k k
trial 2 of 10...
trial 3 of 10...
trial 4 of 10...
trial 5 of 10...
trial 6 of 10...
trial 7 of 10...
trial 8 of 10...
trial 9 of 10...
trial 10 of 10...
Problem type: 2gen_split5 - 11/20
trial 1 of 10...

=== PROMPT ===

Use the following alphabet to guess the missing piece.

a l c d e f g h i j k b m n o p q r s t u v w x y z

Note that the alphabet may be in an unfamiliar order. Complete the pattern using this order.

[a l c d] [a l c d e]
[s x r x q x p x] [ ? ]

First, describe 3 relevant exemplars that are distinct from this problem. Then give the final answer. Answer with only the examples and the final answer with no further explanation. Put your final answer between double brackets.


--- TARGET LETTERS ---

['s', 'x', 'r', 'x', 'q', 'x', 'p', 'x', 'o', 'x']
Full Qwen output: Example 1: [a b c d] [a b c d e f]  
Example 2: [x y z a] [x y z a b c]  
Example 3: [m n o p] [m n o p q r]  

[[s x r x q x p x o x n x]]
Filtered Qwen output: s x r x q x p x o x n x
trial 2 of 10...
trial 3 of 10...
trial 4 of 10...
trial 5 of 10...
trial 6 of 10...
trial 7 of 10...
trial 8 of 10...
trial 9 of 10...
trial 10 of 10...
Problem type: 2gen_split6 - 12/20
trial 1 of 10...

=== PROMPT ===

Use the following alphabet to guess the missing piece.

a l c d e f g h i j k b m n o p q r s t u v w x y z

Note that the alphabet may be in an unfamiliar order. Complete the pattern using this order.

[k b m n] [j b m n]
[d d e e f f g g h h i i j j k k] [ ? ]

First, describe 3 relevant exemplars that are distinct from this problem. Then give the final answer. Answer with only the examples and the final answer with no further explanation. Put your final answer between double brackets.


--- TARGET LETTERS ---

['c', 'c', 'e', 'e', 'f', 'f', 'g', 'g', 'h', 'h', 'i', 'i', 'j', 'j', 'k', 'k']
Full Qwen output: 1. cat : dog :: bird : ?  
2. red : blue :: green : ?  
3. square : rectangle :: circle : ?

[[d d e e f f g g h h i i j j k k l l]]
Filtered Qwen output: d d e e f f g g h h i i j j k k l l
trial 2 of 10...
trial 3 of 10...
trial 4 of 10...
trial 5 of 10...
trial 6 of 10...
trial 7 of 10...
trial 8 of 10...
trial 9 of 10...
trial 10 of 10...
Problem type: 2gensplit7 - 13/20
trial 1 of 10...

=== PROMPT ===

Use the following alphabet to guess the missing piece.

a l c d e f g h i j k b m n o p q r s t u v w x y z

Note that the alphabet may be in an unfamiliar order. Complete the pattern using this order.

[b m n o] [b m n p]
[17 0 18 0 19 0 20 0] [ ? ]

First, describe 3 relevant exemplars that are distinct from this problem. Then give the final answer. Answer with only the examples and the final answer with no further explanation. Put your final answer between double brackets.


--- TARGET LETTERS ---

[np.int64(17), '0', np.int64(18), '0', np.int64(19), '0', np.int64(21), '0']
Full Qwen output: Example 1: [a b c d] [a b c e]  
Example 2: [x y z a] [x y z b]  
Example 3: [m n o p] [m n o q]  

[[b m n o]]
Filtered Qwen output: b m n o
trial 2 of 10...
trial 3 of 10...
trial 4 of 10...
trial 5 of 10...
trial 6 of 10...
trial 7 of 10...
trial 8 of 10...
trial 9 of 10...
trial 10 of 10...
Problem type: 3gen_split1 - 14/20
trial 1 of 10...

=== PROMPT ===

Use the following alphabet to guess the missing piece.

a l c d e f g h i j k b m n o p q r s t u v w x y z

Note that the alphabet may be in an unfamiliar order. Complete the pattern using this order.

[k b m n] [k b m o]
[i x k x m x o x q x s x u x w x] [ ? ]

First, describe 3 relevant exemplars that are distinct from this problem. Then give the final answer. Answer with only the examples and the final answer with no further explanation. Put your final answer between double brackets.


--- TARGET LETTERS ---

['i', 'x', 'k', 'x', 'm', 'x', 'o', 'x', 'q', 'x', 's', 'x', 'u', 'x', 'y', 'x']
Full Qwen output: 1. cat : dog :: bird : ?  
2. red : blue :: green : ?  
3. square : rectangle :: circle : ?

[[i x k x m x o x q x s x u x w x y]]
Filtered Qwen output: i x k x m x o x q x s x u x w x y
trial 2 of 10...
trial 3 of 10...
trial 4 of 10...
trial 5 of 10...
trial 6 of 10...
trial 7 of 10...
trial 8 of 10...
trial 9 of 10...
trial 10 of 10...
Problem type: 3gen_split2 - 15/20
trial 1 of 10...

=== PROMPT ===

Use the following alphabet to guess the missing piece.

a l c d e f g h i j k b m n o p q r s t u v w x y z

Note that the alphabet may be in an unfamiliar order. Complete the pattern using this order.

[h i j k] [h i j k b]
[16 0 18 0 20 0 22 0] [ ? ]

First, describe 3 relevant exemplars that are distinct from this problem. Then give the final answer. Answer with only the examples and the final answer with no further explanation. Put your final answer between double brackets.


--- TARGET LETTERS ---

[np.int64(16), '0', np.int64(18), '0', np.int64(20), '0', np.int64(22), '0', np.int64(24), '0']
Full Qwen output: Example 1: [a b c d] [a b c d e]  
Example 2: [x y z a] [x y z a b]  
Example 3: [m n o p] [m n o p q]  

[[h i j k b m]]
Filtered Qwen output: h i j k b m
trial 2 of 10...
trial 3 of 10...
trial 4 of 10...
trial 5 of 10...
trial 6 of 10...
trial 7 of 10...
trial 8 of 10...
trial 9 of 10...
trial 10 of 10...
Problem type: 3gen_split3 - 16/20
trial 1 of 10...

=== PROMPT ===

Use the following alphabet to guess the missing piece.

a l c d e f g h i j k b m n o p q r s t u v w x y z

Note that the alphabet may be in an unfamiliar order. Complete the pattern using this order.

[a l c d] [a l c d e]
[u u x x t t x x s s x x r r x x] [ ? ]

First, describe 3 relevant exemplars that are distinct from this problem. Then give the final answer. Answer with only the examples and the final answer with no further explanation. Put your final answer between double brackets.


--- TARGET LETTERS ---

['u', 'u', 'x', 'x', 't', 't', 'x', 'x', 's', 's', 'x', 'x', 'r', 'r', 'x', 'x', 'q', 'q', 'x', 'x']
Full Qwen output: 1. cat -> dog  
2. red -> blue  
3. hot -> cold  

[[u u x x t t x x s s x x r r x x p p x x n n x x l l x x]]
Filtered Qwen output: u u x x t t x x s s x x r r x x p p x x n n x x l l x x
trial 2 of 10...
trial 3 of 10...
trial 4 of 10...
trial 5 of 10...
trial 6 of 10...
trial 7 of 10...
trial 8 of 10...
trial 9 of 10...
trial 10 of 10...
Problem type: 3gen_split4 - 17/20
trial 1 of 10...

=== PROMPT ===

Use the following alphabet to guess the missing piece.

a l c d e f g h i j k b m n o p q r s t u v w x y z

Note that the alphabet may be in an unfamiliar order. Complete the pattern using this order.

[g h i r k] [g h i j k]
[20 0 4 0 3 0 2 0 1 0] [ ? ]

First, describe 3 relevant exemplars that are distinct from this problem. Then give the final answer. Answer with only the examples and the final answer with no further explanation. Put your final answer between double brackets.


--- TARGET LETTERS ---

[np.int64(5), '0', np.int64(4), '0', np.int64(3), '0', np.int64(2), '0', np.int64(1), '0']
Full Qwen output: Example 1: [a b c d e] [a b c d]  
Example 2: [x y z a b] [x y z]  
Example 3: [m n o p q] [m n o p]  

[[g h i j k]]
Filtered Qwen output: g h i j k
trial 2 of 10...
trial 3 of 10...
trial 4 of 10...
trial 5 of 10...
trial 6 of 10...
trial 7 of 10...
trial 8 of 10...
trial 9 of 10...
trial 10 of 10...
Problem type: 3gen_split5 - 18/20
trial 1 of 10...

=== PROMPT ===

Use the following alphabet to guess the missing piece.

a l c d e f g h i j k b m n o p q r s t u v w x y z

Note that the alphabet may be in an unfamiliar order. Complete the pattern using this order.

[o p q r] [o p q s]
[j j h h f f d d] [ ? ]

First, describe 3 relevant exemplars that are distinct from this problem. Then give the final answer. Answer with only the examples and the final answer with no further explanation. Put your final answer between double brackets.


--- TARGET LETTERS ---

['j', 'j', 'h', 'h', 'f', 'f', 'l', 'l']
Full Qwen output: 1. [a b c d] [a b c e]  
2. [x y z a] [x y z b]  
3. [m n o p] [m n o q]  

[[j j h h f f d d] [j j h h f f d e]]
Filtered Qwen output: j j h h f f d d] [j j h h f f d e
trial 2 of 10...
trial 3 of 10...
trial 4 of 10...
trial 5 of 10...
trial 6 of 10...
trial 7 of 10...
trial 8 of 10...
trial 9 of 10...
trial 10 of 10...
Problem type: 3gen_split6 - 19/20
trial 1 of 10...

=== PROMPT ===

Use the following alphabet to guess the missing piece.

a l c d e f g h i j k b m n o p q r s t u v w x y z

Note that the alphabet may be in an unfamiliar order. Complete the pattern using this order.

[l c d e] [a c d e]
[g g i i k k m m o o q q s s u u] [ ? ]

First, describe 3 relevant exemplars that are distinct from this problem. Then give the final answer. Answer with only the examples and the final answer with no further explanation. Put your final answer between double brackets.


--- TARGET LETTERS ---

['e', 'e', 'i', 'i', 'k', 'k', 'm', 'm', 'o', 'o', 'q', 'q', 's', 's', 'u', 'u']
Full Qwen output: 1. [b c d e] [a c d e]  
2. [x y z a] [w y z a]  
3. [m n o p] [l n o p]  

[[g g i i k k m m o o q q s s u u] [g g i i k k m m o o q q s s u u]]
Filtered Qwen output: g g i i k k m m o o q q s s u u] [g g i i k k m m o o q q s s u u
trial 2 of 10...
trial 3 of 10...
trial 4 of 10...
trial 5 of 10...
trial 6 of 10...
trial 7 of 10...
trial 8 of 10...
trial 9 of 10...
trial 10 of 10...
Problem type: 3gensplit7 - 20/20
trial 1 of 10...

=== PROMPT ===

Use the following alphabet to guess the missing piece.

a l c d e f g h i j k b m n o p q r s t u v w x y z

Note that the alphabet may be in an unfamiliar order. Complete the pattern using this order.

[f g h i] [e g h i]
[2 2 0 0 3 3 0 0 4 4 0 0 5 5 0 0] [ ? ]

First, describe 3 relevant exemplars that are distinct from this problem. Then give the final answer. Answer with only the examples and the final answer with no further explanation. Put your final answer between double brackets.


--- TARGET LETTERS ---

[np.int64(1), np.int64(1), '0', '0', np.int64(3), np.int64(3), '0', '0', np.int64(4), np.int64(4), '0', '0', np.int64(5), np.int64(5), '0', '0']
Full Qwen output: Example 1: [a b c d] [b c d e]  
Example 2: [x y z a] [y z a b]  
Example 3: [m n o p] [n o p q]  

[[d g h i]]
Filtered Qwen output: d g h i
trial 2 of 10...
trial 3 of 10...
trial 4 of 10...
trial 5 of 10...
trial 6 of 10...
trial 7 of 10...
trial 8 of 10...
trial 9 of 10...
trial 10 of 10...
alph_2
a b c d e f g h i j k l m n o p q r w t u v s x y z
Problem type: larger_int - 1/20
trial 1 of 10...

=== PROMPT ===

Use the following alphabet to guess the missing piece.

a b c d e f g h i j k l m n o p q r w t u v s x y z

Note that the alphabet may be in an unfamiliar order. Complete the pattern using this order.

[t u v s] [t u v s x]
[i k m o] [ ? ]

First, describe 3 relevant exemplars that are distinct from this problem. Then give the final answer. Answer with only the examples and the final answer with no further explanation. Put your final answer between double brackets.


--- TARGET LETTERS ---

['i', 'k', 'm', 'o', 'q']
Full Qwen output: 1. [a b c d] [a b c d e]  
2. [x y z a] [x y z a b]  
3. [m n o p] [m n o p q]  

[[i k m o q]]
Filtered Qwen output: i k m o q
trial 2 of 10...
trial 3 of 10...
trial 4 of 10...
trial 5 of 10...
trial 6 of 10...
trial 7 of 10...
trial 8 of 10...
trial 9 of 10...
trial 10 of 10...
Problem type: longer_targ - 2/20
trial 1 of 10...

=== PROMPT ===

Use the following alphabet to guess the missing piece.

a b c d e f g h i j k l m n o p q r w t u v s x y z

Note that the alphabet may be in an unfamiliar order. Complete the pattern using this order.

[n o p q] [n o p r]
[q r w t u v s x] [ ? ]

First, describe 3 relevant exemplars that are distinct from this problem. Then give the final answer. Answer with only the examples and the final answer with no further explanation. Put your final answer between double brackets.


--- TARGET LETTERS ---

['q', 'r', 'w', 't', 'u', 'v', 's', 'y']
Full Qwen output: 1. [a b c d] [a b c e]  
2. [x y z a] [x y z b]  
3. [m n o p] [m n o q]  

[[q r w t u v s y]]
Filtered Qwen output: q r w t u v s y
trial 2 of 10...
trial 3 of 10...
trial 4 of 10...
trial 5 of 10...
trial 6 of 10...
trial 7 of 10...
trial 8 of 10...
trial 9 of 10...
trial 10 of 10...
Problem type: group - 3/20
trial 1 of 10...

=== PROMPT ===

Use the following alphabet to guess the missing piece.

a b c d e f g h i j k l m n o p q r w t u v s x y z

Note that the alphabet may be in an unfamiliar order. Complete the pattern using this order.

[p q r w] [p q r w t]
[u u v v s s x x] [ ? ]

First, describe 3 relevant exemplars that are distinct from this problem. Then give the final answer. Answer with only the examples and the final answer with no further explanation. Put your final answer between double brackets.


--- TARGET LETTERS ---

['u', 'u', 'v', 'v', 's', 's', 'x', 'x', 'y', 'y']
Full Qwen output: 1. cat dog bird  
2. red blue green  
3. apple banana orange  

[[u u v v s s x x y y z z]]
Filtered Qwen output: u u v v s s x x y y z z
trial 2 of 10...
trial 3 of 10...
trial 4 of 10...
trial 5 of 10...
trial 6 of 10...
trial 7 of 10...
trial 8 of 10...
trial 9 of 10...
trial 10 of 10...
Problem type: interleaved - 4/20
trial 1 of 10...

=== PROMPT ===

Use the following alphabet to guess the missing piece.

a b c d e f g h i j k l m n o p q r w t u v s x y z

Note that the alphabet may be in an unfamiliar order. Complete the pattern using this order.

[d u v s x] [t u v s x]
[g x t x u x v x s x] [ ? ]

First, describe 3 relevant exemplars that are distinct from this problem. Then give the final answer. Answer with only the examples and the final answer with no further explanation. Put your final answer between double brackets.


--- TARGET LETTERS ---

['w', 'x', 't', 'x', 'u', 'x', 'v', 'x', 's', 'x']
Full Qwen output: Example 1: [a b c d e] [f g h i j]  
Example 2: [m n o p q] [r s t u v]  
Example 3: [x y z a b] [c d e f g]  

[[g x t x u x v x s x] [g x t x u x v x s x]]
Filtered Qwen output: g x t x u x v x s x] [g x t x u x v x s x
trial 2 of 10...
trial 3 of 10...
trial 4 of 10...
trial 5 of 10...
trial 6 of 10...
trial 7 of 10...
trial 8 of 10...
trial 9 of 10...
trial 10 of 10...
Problem type: letter2num - 5/20
trial 1 of 10...

=== PROMPT ===

Use the following alphabet to guess the missing piece.

a b c d e f g h i j k l m n o p q r w t u v s x y z

Note that the alphabet may be in an unfamiliar order. Complete the pattern using this order.

[u v s x] [u v s y]
[22 23 24 25] [ ? ]

First, describe 3 relevant exemplars that are distinct from this problem. Then give the final answer. Answer with only the examples and the final answer with no further explanation. Put your final answer between double brackets.


--- TARGET LETTERS ---

[np.int64(22), np.int64(23), np.int64(24), np.int64(26)]
Full Qwen output: Example 1: [a b c d] [a b c e]  
Example 2: [x y z a] [x y z b]  
Example 3: [m n o p] [m n o q]  

[[22 23 24 26]]
Filtered Qwen output: 22 23 24 26
trial 2 of 10...
trial 3 of 10...
trial 4 of 10...
trial 5 of 10...
trial 6 of 10...
trial 7 of 10...
trial 8 of 10...
trial 9 of 10...
trial 10 of 10...
Problem type: reverse - 6/20
trial 1 of 10...

=== PROMPT ===

Use the following alphabet to guess the missing piece.

a b c d e f g h i j k l m n o p q r w t u v s x y z

Note that the alphabet may be in an unfamiliar order. Complete the pattern using this order.

[v s s x y z] [v s x y z]
[i h g f e e] [ ? ]

First, describe 3 relevant exemplars that are distinct from this problem. Then give the final answer. Answer with only the examples and the final answer with no further explanation. Put your final answer between double brackets.


--- TARGET LETTERS ---

['i', 'h', 'g', 'f', 'e']
Full Qwen output: Example 1: [a b c d e] [a b c d]  
Example 2: [m n o p q] [m n o p]  
Example 3: [z y x w v] [z y x w]  

[[i h g f e]]
Filtered Qwen output: i h g f e
trial 2 of 10...
trial 3 of 10...
trial 4 of 10...
trial 5 of 10...
trial 6 of 10...
trial 7 of 10...
trial 8 of 10...
trial 9 of 10...
trial 10 of 10...
Problem type: 2gen_split1 - 7/20
trial 1 of 10...

=== PROMPT ===

Use the following alphabet to guess the missing piece.

a b c d e f g h i j k l m n o p q r w t u v s x y z

Note that the alphabet may be in an unfamiliar order. Complete the pattern using this order.

[r s x y z] [v s x y z]
[h h j j c c n n p p] [ ? ]

First, describe 3 relevant exemplars that are distinct from this problem. Then give the final answer. Answer with only the examples and the final answer with no further explanation. Put your final answer between double brackets.


--- TARGET LETTERS ---

['h', 'h', 'j', 'j', 'l', 'l', 'n', 'n', 'p', 'p']
Full Qwen output: 1. [a b c d e] [c d e f g]  
2. [m n o p q] [o p q r s]  
3. [t u v w x] [v w x y z]  

[[h h j j c c n n p p] [j j l l e e o o q q]]
Filtered Qwen output: h h j j c c n n p p] [j j l l e e o o q q
trial 2 of 10...
trial 3 of 10...
trial 4 of 10...
trial 5 of 10...
trial 6 of 10...
trial 7 of 10...
trial 8 of 10...
trial 9 of 10...
trial 10 of 10...
Problem type: 2gen_split2 - 8/20
trial 1 of 10...

=== PROMPT ===

Use the following alphabet to guess the missing piece.

a b c d e f g h i j k l m n o p q r w t u v s x y z

Note that the alphabet may be in an unfamiliar order. Complete the pattern using this order.

[o p q r j] [o p q r w]
[z z a a x x s s v v] [ ? ]

First, describe 3 relevant exemplars that are distinct from this problem. Then give the final answer. Answer with only the examples and the final answer with no further explanation. Put your final answer between double brackets.


--- TARGET LETTERS ---

['z', 'z', 'y', 'y', 'x', 'x', 's', 's', 'v', 'v']
Full Qwen output: 1. cat : dog :: bird : ?  
2. red : blue :: green : ?  
3. hot : cold :: light : ?  

[[z z a a x x s s v v] [z z a a x x s s v v]]
Filtered Qwen output: z z a a x x s s v v] [z z a a x x s s v v
trial 2 of 10...
trial 3 of 10...
trial 4 of 10...
trial 5 of 10...
trial 6 of 10...
trial 7 of 10...
trial 8 of 10...
trial 9 of 10...
trial 10 of 10...
Problem type: 2gen_split3 - 9/20
trial 1 of 10...

=== PROMPT ===

Use the following alphabet to guess the missing piece.

a b c d e f g h i j k l m n o p q r w t u v s x y z

Note that the alphabet may be in an unfamiliar order. Complete the pattern using this order.

[p q r w] [p q r t]
[c x d x e x f x g x h x i x j x] [ ? ]

First, describe 3 relevant exemplars that are distinct from this problem. Then give the final answer. Answer with only the examples and the final answer with no further explanation. Put your final answer between double brackets.


--- TARGET LETTERS ---

['c', 'x', 'd', 'x', 'e', 'x', 'f', 'x', 'g', 'x', 'h', 'x', 'i', 'x', 'k', 'x']
Full Qwen output: 1. [a b c d] [a b c e]  
2. [x y z a] [x y z b]  
3. [m n o p] [m n o q]  

[[c x d x e x f x g x h x i x j x] [c x d x e x f x g x h x i x j x k x]]
Filtered Qwen output: c x d x e x f x g x h x i x j x] [c x d x e x f x g x h x i x j x k x
trial 2 of 10...
trial 3 of 10...
trial 4 of 10...
trial 5 of 10...
trial 6 of 10...
trial 7 of 10...
trial 8 of 10...
trial 9 of 10...
trial 10 of 10...
Problem type: 2gen_split4 - 10/20
trial 1 of 10...

=== PROMPT ===

Use the following alphabet to guess the missing piece.

a b c d e f g h i j k l m n o p q r w t u v s x y z

Note that the alphabet may be in an unfamiliar order. Complete the pattern using this order.

[w w t u v s] [w t u v s]
[j x k x l x m x n x n x o x p x q x r x] [ ? ]

First, describe 3 relevant exemplars that are distinct from this problem. Then give the final answer. Answer with only the examples and the final answer with no further explanation. Put your final answer between double brackets.


--- TARGET LETTERS ---

['j', 'x', 'k', 'x', 'l', 'x', 'm', 'x', 'n', 'x', 'o', 'x', 'p', 'x', 'q', 'x', 'r', 'x']
Full Qwen output: 1. [a b c d e] [b c d e f]  
2. [x y z a b] [y z a b c]  
3. [m n o p q] [n o p q r]  

[[j x k x l x m x n x n x o x p x q x r x] [x k x l x m x n x n x o x p x q x r x s]]
Filtered Qwen output: j x k x l x m x n x n x o x p x q x r x] [x k x l x m x n x n x o x p x q x r x s
trial 2 of 10...
trial 3 of 10...
trial 4 of 10...
trial 5 of 10...
trial 6 of 10...
trial 7 of 10...
trial 8 of 10...
trial 9 of 10...
trial 10 of 10...
Problem type: 2gen_split5 - 11/20
trial 1 of 10...

=== PROMPT ===

Use the following alphabet to guess the missing piece.

a b c d e f g h i j k l m n o p q r w t u v s x y z

Note that the alphabet may be in an unfamiliar order. Complete the pattern using this order.

[d e f g h h] [d e f g h]
[21 21 22 22 23 23 23 23 24 24 25 25] [ ? ]

First, describe 3 relevant exemplars that are distinct from this problem. Then give the final answer. Answer with only the examples and the final answer with no further explanation. Put your final answer between double brackets.


--- TARGET LETTERS ---

[np.int64(21), np.int64(21), np.int64(22), np.int64(22), np.int64(23), np.int64(23), np.int64(24), np.int64(24), np.int64(25), np.int64(25)]
Full Qwen output: Example1: [a b c d e] [a b c d]  
Example2: [x y z a b c] [x y z a b]  
Example3: [m n o p q r s] [m n o p q r]  

[[21 21 22 22 23 23 23 23 24 24 25 25] [21 21 22 22 23 23 23 23 24 24 25]]
Filtered Qwen output: 21 21 22 22 23 23 23 23 24 24 25 25] [21 21 22 22 23 23 23 23 24 24 25
trial 2 of 10...
trial 3 of 10...
trial 4 of 10...
trial 5 of 10...
trial 6 of 10...
trial 7 of 10...
trial 8 of 10...
trial 9 of 10...
trial 10 of 10...
Problem type: 2gen_split6 - 12/20
trial 1 of 10...

=== PROMPT ===

Use the following alphabet to guess the missing piece.

a b c d e f g h i j k l m n o p q r w t u v s x y z

Note that the alphabet may be in an unfamiliar order. Complete the pattern using this order.

[u v s x] [t v s x]
[c e g i k m o q] [ ? ]

First, describe 3 relevant exemplars that are distinct from this problem. Then give the final answer. Answer with only the examples and the final answer with no further explanation. Put your final answer between double brackets.


--- TARGET LETTERS ---

['a', 'e', 'g', 'i', 'k', 'm', 'o', 'q']
Full Qwen output: 1. [a b c d] [e f g h]  
2. [x y z a] [b c d e]  
3. [m n o p] [q r s t]  

[[c e g i k m o q] [a c e g i k m o]]
Filtered Qwen output: c e g i k m o q] [a c e g i k m o
trial 2 of 10...
trial 3 of 10...
trial 4 of 10...
trial 5 of 10...
trial 6 of 10...
trial 7 of 10...
trial 8 of 10...
trial 9 of 10...
trial 10 of 10...
Problem type: 2gensplit7 - 13/20
trial 1 of 10...

=== PROMPT ===

Use the following alphabet to guess the missing piece.

a b c d e f g h i j k l m n o p q r w t u v s x y z

Note that the alphabet may be in an unfamiliar order. Complete the pattern using this order.

[f g h j i] [f g h i j]
[i k m w q o u s y] [ ? ]

First, describe 3 relevant exemplars that are distinct from this problem. Then give the final answer. Answer with only the examples and the final answer with no further explanation. Put your final answer between double brackets.


--- TARGET LETTERS ---

['i', 'k', 'm', 'o', 'q', 'w', 'u', 's', 'y']
Full Qwen output: Example 1: [a b c d e] [a b c d e f]  
Example 2: [x y z a b] [x y z a b c]  
Example 3: [m n o p q] [m n o p q r]  

[[i k m w q o u s y] [i k m w q o u s y z]]
Filtered Qwen output: i k m w q o u s y] [i k m w q o u s y z
trial 2 of 10...
trial 3 of 10...
trial 4 of 10...
trial 5 of 10...
trial 6 of 10...
trial 7 of 10...
trial 8 of 10...
trial 9 of 10...
trial 10 of 10...
Problem type: 3gen_split1 - 14/20
trial 1 of 10...

=== PROMPT ===

Use the following alphabet to guess the missing piece.

a b c d e f g h i j k l m n o p q r w t u v s x y z

Note that the alphabet may be in an unfamiliar order. Complete the pattern using this order.

[w t u v] [w t u s]
[19 19 18 18 17 17 16 16] [ ? ]

First, describe 3 relevant exemplars that are distinct from this problem. Then give the final answer. Answer with only the examples and the final answer with no further explanation. Put your final answer between double brackets.


--- TARGET LETTERS ---

[np.int64(19), np.int64(19), np.int64(18), np.int64(18), np.int64(17), np.int64(17), np.int64(15), np.int64(15)]
Full Qwen output: Example1: [a b c d] [a b c e]  
Example2: [x y z a] [x y z b]  
Example3: [m n o p] [m n o q]  

[[w t u s]]
Filtered Qwen output: w t u s
trial 2 of 10...
trial 3 of 10...
trial 4 of 10...
trial 5 of 10...
trial 6 of 10...
trial 7 of 10...
trial 8 of 10...
trial 9 of 10...
trial 10 of 10...
Problem type: 3gen_split2 - 15/20
trial 1 of 10...

=== PROMPT ===

Use the following alphabet to guess the missing piece.

a b c d e f g h i j k l m n o p q r w t u v s x y z

Note that the alphabet may be in an unfamiliar order. Complete the pattern using this order.

[h i j k] [h i j k l]
[s x u x w x q x] [ ? ]

First, describe 3 relevant exemplars that are distinct from this problem. Then give the final answer. Answer with only the examples and the final answer with no further explanation. Put your final answer between double brackets.


--- TARGET LETTERS ---

['s', 'x', 'u', 'x', 'w', 'x', 'q', 'x', 'o', 'x']
Full Qwen output: Example 1: [a b c] [a b c d]  
Example 2: [m n o p] [m n o p q]  
Example 3: [r s t] [r s t u]  

[[s x u x w x q x] [s x u x w x q x r]]
Filtered Qwen output: s x u x w x q x] [s x u x w x q x r
trial 2 of 10...
trial 3 of 10...
trial 4 of 10...
trial 5 of 10...
trial 6 of 10...
trial 7 of 10...
trial 8 of 10...
trial 9 of 10...
trial 10 of 10...
Problem type: 3gen_split3 - 16/20
trial 1 of 10...

=== PROMPT ===

Use the following alphabet to guess the missing piece.

a b c d e f g h i j k l m n o p q r w t u v s x y z

Note that the alphabet may be in an unfamiliar order. Complete the pattern using this order.

[p o q r w] [o p q r w]
[19 0 21 0 25 0 23 0] [ ? ]

First, describe 3 relevant exemplars that are distinct from this problem. Then give the final answer. Answer with only the examples and the final answer with no further explanation. Put your final answer between double brackets.


--- TARGET LETTERS ---

[np.int64(19), '0', np.int64(21), '0', np.int64(23), '0', np.int64(25), '0']
Full Qwen output: Example1: [a b c d e] [b c d e f]  
Example2: [x y z a b] [y z a b c]  
Example3: [m n o p q] [n o p q r]  

[[19 0 21 0 25 0 23 0 0 25 0 27 0]]
Filtered Qwen output: 19 0 21 0 25 0 23 0 0 25 0 27 0
trial 2 of 10...
trial 3 of 10...
trial 4 of 10...
trial 5 of 10...
trial 6 of 10...
trial 7 of 10...
trial 8 of 10...
trial 9 of 10...
trial 10 of 10...
Problem type: 3gen_split4 - 17/20
trial 1 of 10...

=== PROMPT ===

Use the following alphabet to guess the missing piece.

a b c d e f g h i j k l m n o p q r w t u v s x y z

Note that the alphabet may be in an unfamiliar order. Complete the pattern using this order.

[r w t u] [q w t u]
[20 20 0 0 21 21 0 0 22 22 0 0 23 23 0 0] [ ? ]

First, describe 3 relevant exemplars that are distinct from this problem. Then give the final answer. Answer with only the examples and the final answer with no further explanation. Put your final answer between double brackets.


--- TARGET LETTERS ---

[np.int64(19), np.int64(19), '0', '0', np.int64(21), np.int64(21), '0', '0', np.int64(22), np.int64(22), '0', '0', np.int64(23), np.int64(23), '0', '0']
Full Qwen output: 1. cat dog  
2. red blue  
3. apple orange  

[[r w t u v]]
Filtered Qwen output: r w t u v
trial 2 of 10...
trial 3 of 10...
trial 4 of 10...
trial 5 of 10...
trial 6 of 10...
trial 7 of 10...
trial 8 of 10...
trial 9 of 10...
trial 10 of 10...
Problem type: 3gen_split5 - 18/20
trial 1 of 10...

=== PROMPT ===

Use the following alphabet to guess the missing piece.

a b c d e f g h i j k l m n o p q r w t u v s x y z

Note that the alphabet may be in an unfamiliar order. Complete the pattern using this order.

[c d e f] [b d e f]
[s s u u w w q q] [ ? ]

First, describe 3 relevant exemplars that are distinct from this problem. Then give the final answer. Answer with only the examples and the final answer with no further explanation. Put your final answer between double brackets.


--- TARGET LETTERS ---

['y', 'y', 'u', 'u', 'w', 'w', 'q', 'q']
Full Qwen output: Example 1: [a b c d] [a c d e]  
Example 2: [x y z a] [y z a b]  
Example 3: [m n o p] [n o p q]  

[[s u w q]]
Filtered Qwen output: s u w q
trial 2 of 10...
trial 3 of 10...
trial 4 of 10...
trial 5 of 10...
trial 6 of 10...
trial 7 of 10...
trial 8 of 10...
trial 9 of 10...
trial 10 of 10...
Problem type: 3gen_split6 - 19/20
trial 1 of 10...

=== PROMPT ===

Use the following alphabet to guess the missing piece.

a b c d e f g h i j k l m n o p q r w t u v s x y z

Note that the alphabet may be in an unfamiliar order. Complete the pattern using this order.

[a q r w t] [p q r w t]
[g g x x k k x x m m x x o o x x q q x x] [ ? ]

First, describe 3 relevant exemplars that are distinct from this problem. Then give the final answer. Answer with only the examples and the final answer with no further explanation. Put your final answer between double brackets.


--- TARGET LETTERS ---

['i', 'i', 'x', 'x', 'k', 'k', 'x', 'x', 'm', 'm', 'x', 'x', 'o', 'o', 'x', 'x', 'q', 'q', 'x', 'x']
Full Qwen output: Example 1: [a b c d e] [f g h i j]  
Example 2: [x y z a b] [c d e f g]  
Example 3: [m n o p q] [r s t u v]  

[[g g x x k k x x m m x x o o x x q q x x] [s s x x r r x x t t x x v v x x x x x x]]
Filtered Qwen output: g g x x k k x x m m x x o o x x q q x x] [s s x x r r x x t t x x v v x x x x x x
trial 2 of 10...
trial 3 of 10...
trial 4 of 10...
trial 5 of 10...
trial 6 of 10...
trial 7 of 10...
trial 8 of 10...
trial 9 of 10...
trial 10 of 10...
Problem type: 3gensplit7 - 20/20
trial 1 of 10...

=== PROMPT ===

Use the following alphabet to guess the missing piece.

a b c d e f g h i j k l m n o p q r w t u v s x y z

Note that the alphabet may be in an unfamiliar order. Complete the pattern using this order.

[j k l m] [i k l m]
[q q x x w w x x u u x x s s x x] [ ? ]

First, describe 3 relevant exemplars that are distinct from this problem. Then give the final answer. Answer with only the examples and the final answer with no further explanation. Put your final answer between double brackets.


--- TARGET LETTERS ---

['o', 'o', 'x', 'x', 'w', 'w', 'x', 'x', 'u', 'u', 'x', 'x', 's', 's', 'x', 'x']
Full Qwen output: 1. [a b c d] [b c d e]  
2. [x y z a] [y z a b]  
3. [m n o p] [n o p q]  

[[q x w x u x s x]]
Filtered Qwen output: q x w x u x s x
trial 2 of 10...
trial 3 of 10...
trial 4 of 10...
trial 5 of 10...
trial 6 of 10...
trial 7 of 10...
trial 8 of 10...
trial 9 of 10...
trial 10 of 10...
alph_3
a b c d e f g h i j k l m n o p y r s t u v w x q z
Problem type: larger_int - 1/20
trial 1 of 10...

=== PROMPT ===

Use the following alphabet to guess the missing piece.

a b c d e f g h i j k l m n o p y r s t u v w x q z

Note that the alphabet may be in an unfamiliar order. Complete the pattern using this order.

[v w x q] [v w x z]
[f h j l] [ ? ]

First, describe 3 relevant exemplars that are distinct from this problem. Then give the final answer. Answer with only the examples and the final answer with no further explanation. Put your final answer between double brackets.


--- TARGET LETTERS ---

['f', 'h', 'j', 'n']
Full Qwen output: 1. [a b c d] [e f g h]  
2. [m n o p] [q r s t]  
3. [x y z a] [b c d e]  

[[f h j n]]
Filtered Qwen output: f h j n
trial 2 of 10...
trial 3 of 10...
trial 4 of 10...
trial 5 of 10...
trial 6 of 10...
trial 7 of 10...
trial 8 of 10...
trial 9 of 10...
trial 10 of 10...
Problem type: longer_targ - 2/20
trial 1 of 10...

=== PROMPT ===

Use the following alphabet to guess the missing piece.

a b c d e f g h i j k l m n o p y r s t u v w x q z

Note that the alphabet may be in an unfamiliar order. Complete the pattern using this order.

[n y p o r] [n o p y r]
[k l m n r p y o s] [ ? ]

First, describe 3 relevant exemplars that are distinct from this problem. Then give the final answer. Answer with only the examples and the final answer with no further explanation. Put your final answer between double brackets.


--- TARGET LETTERS ---

['k', 'l', 'm', 'n', 'o', 'p', 'y', 'r', 's']
Full Qwen output: Example 1: [a b c d e] [a c e b d]  
Example 2: [x y z a b] [x z a y b]  
Example 3: [m n o p q] [m o q n p]  

[[k m n r p y o s]]
Filtered Qwen output: k m n r p y o s
trial 2 of 10...
trial 3 of 10...
trial 4 of 10...
trial 5 of 10...
trial 6 of 10...
trial 7 of 10...
trial 8 of 10...
trial 9 of 10...
trial 10 of 10...
Problem type: group - 3/20
trial 1 of 10...

=== PROMPT ===

Use the following alphabet to guess the missing piece.

a b c d e f g h i j k l m n o p y r s t u v w x q z

Note that the alphabet may be in an unfamiliar order. Complete the pattern using this order.

[u v w x] [u v w x q]
[t t u u v v w w] [ ? ]

First, describe 3 relevant exemplars that are distinct from this problem. Then give the final answer. Answer with only the examples and the final answer with no further explanation. Put your final answer between double brackets.


--- TARGET LETTERS ---

['t', 't', 'u', 'u', 'v', 'v', 'w', 'w', 'x', 'x']
Full Qwen output: 1. [a b c d] [a b c d e]  
2. [x y z a] [x y z a b]  
3. [m n o p] [m n o p q]  

[[t t u u v v w w x x y y z z]]
Filtered Qwen output: t t u u v v w w x x y y z z
trial 2 of 10...
trial 3 of 10...
trial 4 of 10...
trial 5 of 10...
trial 6 of 10...
trial 7 of 10...
trial 8 of 10...
trial 9 of 10...
trial 10 of 10...
Problem type: interleaved - 4/20
trial 1 of 10...

=== PROMPT ===

Use the following alphabet to guess the missing piece.

a b c d e f g h i j k l m n o p y r s t u v w x q z

Note that the alphabet may be in an unfamiliar order. Complete the pattern using this order.

[l m n o] [l m n p]
[v x w x x x q x] [ ? ]

First, describe 3 relevant exemplars that are distinct from this problem. Then give the final answer. Answer with only the examples and the final answer with no further explanation. Put your final answer between double brackets.


--- TARGET LETTERS ---

['v', 'x', 'w', 'x', 'x', 'x', 'z', 'x']
Full Qwen output: 1. [a b c d] [a b c e]  
2. [x y z a] [x y z b]  
3. [p q r s] [p q r t]  

[[v x w x x x q y]]
Filtered Qwen output: v x w x x x q y
trial 2 of 10...
trial 3 of 10...
trial 4 of 10...
trial 5 of 10...
trial 6 of 10...
trial 7 of 10...
trial 8 of 10...
trial 9 of 10...
trial 10 of 10...
Problem type: letter2num - 5/20
trial 1 of 10...

=== PROMPT ===

Use the following alphabet to guess the missing piece.

a b c d e f g h i j k l m n o p y r s t u v w x q z

Note that the alphabet may be in an unfamiliar order. Complete the pattern using this order.

[u v w x] [u v w x q]
[12 13 14 15] [ ? ]

First, describe 3 relevant exemplars that are distinct from this problem. Then give the final answer. Answer with only the examples and the final answer with no further explanation. Put your final answer between double brackets.


--- TARGET LETTERS ---

[np.int64(12), np.int64(13), np.int64(14), np.int64(15), np.int64(16)]
Full Qwen output: Example 1: [a b c d] [a b c d e]  
Example 2: [m n o p] [m n o p q]  
Example 3: [g h i j] [g h i j k]  

[[12 13 14 15 16]]
Filtered Qwen output: 12 13 14 15 16
trial 2 of 10...
trial 3 of 10...
trial 4 of 10...
trial 5 of 10...
trial 6 of 10...
trial 7 of 10...
trial 8 of 10...
trial 9 of 10...
trial 10 of 10...
Problem type: reverse - 6/20
trial 1 of 10...

=== PROMPT ===

Use the following alphabet to guess the missing piece.

a b c d e f g h i j k l m n o p y r s t u v w x q z

Note that the alphabet may be in an unfamiliar order. Complete the pattern using this order.

[u j w x q] [u v w x q]
[n m y k j] [ ? ]

First, describe 3 relevant exemplars that are distinct from this problem. Then give the final answer. Answer with only the examples and the final answer with no further explanation. Put your final answer between double brackets.


--- TARGET LETTERS ---

['n', 'm', 'l', 'k', 'j']
Full Qwen output: 1. [a b c d e] [f g h i j]  
2. [x y z a b] [c d e f g]  
3. [m n o p q] [r s t u v]  

[[n m y k j] [o p q r s]]
Filtered Qwen output: n m y k j] [o p q r s
trial 2 of 10...
trial 3 of 10...
trial 4 of 10...
trial 5 of 10...
trial 6 of 10...
trial 7 of 10...
trial 8 of 10...
trial 9 of 10...
trial 10 of 10...
Problem type: 2gen_split1 - 7/20
trial 1 of 10...

=== PROMPT ===

Use the following alphabet to guess the missing piece.

a b c d e f g h i j k l m n o p y r s t u v w x q z

Note that the alphabet may be in an unfamiliar order. Complete the pattern using this order.

[p z r s t] [p y r s t]
[f x r x j x l x n x] [ ? ]

First, describe 3 relevant exemplars that are distinct from this problem. Then give the final answer. Answer with only the examples and the final answer with no further explanation. Put your final answer between double brackets.


--- TARGET LETTERS ---

['f', 'x', 'h', 'x', 'j', 'x', 'l', 'x', 'n', 'x']
Full Qwen output: Example 1: [a b c d e] [a c e g i]  
Example 2: [m n o p q] [o q s u w]  
Example 3: [g h i j k] [i k m o q]  

[[f z r x j x l x n x]]
Filtered Qwen output: f z r x j x l x n x
trial 2 of 10...
trial 3 of 10...
trial 4 of 10...
trial 5 of 10...
trial 6 of 10...
trial 7 of 10...
trial 8 of 10...
trial 9 of 10...
trial 10 of 10...
Problem type: 2gen_split2 - 8/20
trial 1 of 10...

=== PROMPT ===

Use the following alphabet to guess the missing piece.

a b c d e f g h i j k l m n o p y r s t u v w x q z

Note that the alphabet may be in an unfamiliar order. Complete the pattern using this order.

[v w x x q z] [v w x q z]
[p x y x r x r x s x t x u x v x w x x x] [ ? ]

First, describe 3 relevant exemplars that are distinct from this problem. Then give the final answer. Answer with only the examples and the final answer with no further explanation. Put your final answer between double brackets.


--- TARGET LETTERS ---

['p', 'x', 'y', 'x', 'r', 'x', 's', 'x', 't', 'x', 'u', 'x', 'v', 'x', 'w', 'x', 'x', 'x']
Full Qwen output: 1. [a b c d e] [a b c d]  
2. [m n o p q] [m n o p]  
3. [x y z a b] [x y z a]  

[[p x y x r x r x s x t x u x v x w x x x] [p x y x r x r x s x t x u x v x w x x]]
Filtered Qwen output: p x y x r x r x s x t x u x v x w x x x] [p x y x r x r x s x t x u x v x w x x
trial 2 of 10...
trial 3 of 10...
trial 4 of 10...
trial 5 of 10...
trial 6 of 10...
trial 7 of 10...
trial 8 of 10...
trial 9 of 10...
trial 10 of 10...
Problem type: 2gen_split3 - 9/20
trial 1 of 10...

=== PROMPT ===

Use the following alphabet to guess the missing piece.

a b c d e f g h i j k l m n o p y r s t u v w x q z

Note that the alphabet may be in an unfamiliar order. Complete the pattern using this order.

[i j k k l m] [i j k l m]
[y x r x s x s x t x u x v x w x x x q x] [ ? ]

First, describe 3 relevant exemplars that are distinct from this problem. Then give the final answer. Answer with only the examples and the final answer with no further explanation. Put your final answer between double brackets.


--- TARGET LETTERS ---

['y', 'x', 'r', 'x', 's', 'x', 't', 'x', 'u', 'x', 'v', 'x', 'w', 'x', 'x', 'x', 'q', 'x']
Full Qwen output: Example1: [a b c d e] [a b c d]  
Example2: [p q r s t u v] [p q r s t u]  
Example3: [m n o p q r] [m n o p q]  

[[y x r x s x s x t x u x v x w x x x q x] [y x r x s x s x t x u x v x w x x x q]]
Filtered Qwen output: y x r x s x s x t x u x v x w x x x q x] [y x r x s x s x t x u x v x w x x x q
trial 2 of 10...
trial 3 of 10...
trial 4 of 10...
trial 5 of 10...
trial 6 of 10...
trial 7 of 10...
trial 8 of 10...
trial 9 of 10...
trial 10 of 10...
Problem type: 2gen_split4 - 10/20
trial 1 of 10...

=== PROMPT ===

Use the following alphabet to guess the missing piece.

a b c d e f g h i j k l m n o p y r s t u v w x q z

Note that the alphabet may be in an unfamiliar order. Complete the pattern using this order.

[v w x q] [v w x z]
[t s r y p o n m] [ ? ]

First, describe 3 relevant exemplars that are distinct from this problem. Then give the final answer. Answer with only the examples and the final answer with no further explanation. Put your final answer between double brackets.


--- TARGET LETTERS ---

['t', 's', 'r', 'y', 'p', 'o', 'n', 'l']
Full Qwen output: 1. [a b c d] [e f g h]  
2. [x y z a] [b c d e]  
3. [m n o p] [q r s t]  

[[t s r y p o n l]]
Filtered Qwen output: t s r y p o n l
trial 2 of 10...
trial 3 of 10...
trial 4 of 10...
trial 5 of 10...
trial 6 of 10...
trial 7 of 10...
trial 8 of 10...
trial 9 of 10...
trial 10 of 10...
Problem type: 2gen_split5 - 11/20
trial 1 of 10...

=== PROMPT ===

Use the following alphabet to guess the missing piece.

a b c d e f g h i j k l m n o p y r s t u v w x q z

Note that the alphabet may be in an unfamiliar order. Complete the pattern using this order.

[v w w x q z] [v w x q z]
[p p p p y y r r s s t t u u v v w w x x] [ ? ]

First, describe 3 relevant exemplars that are distinct from this problem. Then give the final answer. Answer with only the examples and the final answer with no further explanation. Put your final answer between double brackets.


--- TARGET LETTERS ---

['p', 'p', 'y', 'y', 'r', 'r', 's', 's', 't', 't', 'u', 'u', 'v', 'v', 'w', 'w', 'x', 'x']
Full Qwen output: 1. [a b c d e] [a b c d]  
2. [x y z a b] [x y z a]  
3. [m n o p q] [m n o p]  

[[p p p p y y r r s s t t u u v v w w x x]]
Filtered Qwen output: p p p p y y r r s s t t u u v v w w x x
trial 2 of 10...
trial 3 of 10...
trial 4 of 10...
trial 5 of 10...
trial 6 of 10...
trial 7 of 10...
trial 8 of 10...
trial 9 of 10...
trial 10 of 10...
Problem type: 2gen_split6 - 12/20
trial 1 of 10...

=== PROMPT ===

Use the following alphabet to guess the missing piece.

a b c d e f g h i j k l m n o p y r s t u v w x q z

Note that the alphabet may be in an unfamiliar order. Complete the pattern using this order.

[o p y r] [n p y r]
[c x e x g x i x] [ ? ]

First, describe 3 relevant exemplars that are distinct from this problem. Then give the final answer. Answer with only the examples and the final answer with no further explanation. Put your final answer between double brackets.


--- TARGET LETTERS ---

['a', 'x', 'e', 'x', 'g', 'x', 'i', 'x']
Full Qwen output: 1. [a b c d] [e f g h]  
2. [x y z a] [b c d e]  
3. [m n o p] [q r s t]  

[[c x e x g x i x] [k x m x o x q x]]
Filtered Qwen output: c x e x g x i x] [k x m x o x q x
trial 2 of 10...
trial 3 of 10...
trial 4 of 10...
trial 5 of 10...
trial 6 of 10...
trial 7 of 10...
trial 8 of 10...
trial 9 of 10...
trial 10 of 10...
Problem type: 2gensplit7 - 13/20
trial 1 of 10...

=== PROMPT ===

Use the following alphabet to guess the missing piece.

a b c d e f g h i j k l m n o p y r s t u v w x q z

Note that the alphabet may be in an unfamiliar order. Complete the pattern using this order.

[m m n o p y] [m n o p y]
[9 9 10 10 11 11 12 12 12 12 13 13] [ ? ]

First, describe 3 relevant exemplars that are distinct from this problem. Then give the final answer. Answer with only the examples and the final answer with no further explanation. Put your final answer between double brackets.


--- TARGET LETTERS ---

[np.int64(9), np.int64(9), np.int64(10), np.int64(10), np.int64(11), np.int64(11), np.int64(12), np.int64(12), np.int64(13), np.int64(13)]
Full Qwen output: 1. cat : dog :: hat : ?  
2. sun : moon :: star : ?  
3. red : blue :: green : ?  

[[14 14]]
Filtered Qwen output: 14 14
trial 2 of 10...
trial 3 of 10...
trial 4 of 10...
trial 5 of 10...
trial 6 of 10...
trial 7 of 10...
trial 8 of 10...
trial 9 of 10...
trial 10 of 10...
Problem type: 3gen_split1 - 14/20
trial 1 of 10...

=== PROMPT ===

Use the following alphabet to guess the missing piece.

a b c d e f g h i j k l m n o p y r s t u v w x q z

Note that the alphabet may be in an unfamiliar order. Complete the pattern using this order.

[u v w x] [u v w q]
[18 18 19 19 20 20 21 21 22 22 23 23 24 24 25 25] [ ? ]

First, describe 3 relevant exemplars that are distinct from this problem. Then give the final answer. Answer with only the examples and the final answer with no further explanation. Put your final answer between double brackets.


--- TARGET LETTERS ---

[np.int64(18), np.int64(18), np.int64(19), np.int64(19), np.int64(20), np.int64(20), np.int64(21), np.int64(21), np.int64(22), np.int64(22), np.int64(23), np.int64(23), np.int64(24), np.int64(24), np.int64(26), np.int64(26)]
Full Qwen output: 1. cat : dog :: hat : ?
2. sun : moon :: star : ?
3. red : blue :: green : ?

[[q]]
Filtered Qwen output: q
trial 2 of 10...
trial 3 of 10...
trial 4 of 10...
trial 5 of 10...
trial 6 of 10...
trial 7 of 10...
trial 8 of 10...
trial 9 of 10...
trial 10 of 10...
Problem type: 3gen_split2 - 15/20
trial 1 of 10...

=== PROMPT ===

Use the following alphabet to guess the missing piece.

a b c d e f g h i j k l m n o p y r s t u v w x q z

Note that the alphabet may be in an unfamiliar order. Complete the pattern using this order.

[j k l m] [j k l n]
[u s y o m k i g] [ ? ]

First, describe 3 relevant exemplars that are distinct from this problem. Then give the final answer. Answer with only the examples and the final answer with no further explanation. Put your final answer between double brackets.


--- TARGET LETTERS ---

['u', 's', 'y', 'o', 'm', 'k', 'i', 'e']
Full Qwen output: 1. [a b c d] [a b c e]  
2. [x y z a] [x y z b]  
3. [p q r s] [p q r t]  

[[u s y o m k i h]]
Filtered Qwen output: u s y o m k i h
trial 2 of 10...
trial 3 of 10...
trial 4 of 10...
trial 5 of 10...
trial 6 of 10...
trial 7 of 10...
trial 8 of 10...
trial 9 of 10...
trial 10 of 10...
Problem type: 3gen_split3 - 16/20
trial 1 of 10...

=== PROMPT ===

Use the following alphabet to guess the missing piece.

a b c d e f g h i j k l m n o p y r s t u v w x q z

Note that the alphabet may be in an unfamiliar order. Complete the pattern using this order.

[m n o p] [m n o y]
[2 0 3 0 4 0 5 0 6 0 7 0 8 0 9 0] [ ? ]

First, describe 3 relevant exemplars that are distinct from this problem. Then give the final answer. Answer with only the examples and the final answer with no further explanation. Put your final answer between double brackets.


--- TARGET LETTERS ---

[np.int64(2), '0', np.int64(3), '0', np.int64(4), '0', np.int64(5), '0', np.int64(6), '0', np.int64(7), '0', np.int64(8), '0', np.int64(10), '0']
Full Qwen output: Example 1: [a b c d] [a b c e]  
Example 2: [x y z a] [x y z b]  
Example 3: [1 2 3 4] [1 2 3 5]  

[[m n o p] [m n o y]]  
[[2 0 3 0 4 0 5 0 6 0 7 0 8 0 9 0] [2 0 3 0 4 0 5 0 6 0 7 0
Filtered Qwen output: m n o p] [m n o y
trial 2 of 10...
trial 3 of 10...
trial 4 of 10...
trial 5 of 10...
trial 6 of 10...
trial 7 of 10...
trial 8 of 10...
trial 9 of 10...
trial 10 of 10...
Problem type: 3gen_split4 - 17/20
trial 1 of 10...

=== PROMPT ===

Use the following alphabet to guess the missing piece.

a b c d e f g h i j k l m n o p y r s t u v w x q z

Note that the alphabet may be in an unfamiliar order. Complete the pattern using this order.

[r s t v u] [r s t u v]
[e o m k i g y c a] [ ? ]

First, describe 3 relevant exemplars that are distinct from this problem. Then give the final answer. Answer with only the examples and the final answer with no further explanation. Put your final answer between double brackets.


--- TARGET LETTERS ---

['y', 'o', 'm', 'k', 'i', 'g', 'e', 'c', 'a']
Full Qwen output: 1. [a b c d e] [f g h i j]  
2. [x y z a b] [c d e f g]  
3. [m n o p q] [r s t u v]  

[[e o m k i g y c a] [a c e g i k m o y]]
Filtered Qwen output: e o m k i g y c a] [a c e g i k m o y
trial 2 of 10...
trial 3 of 10...
trial 4 of 10...
trial 5 of 10...
trial 6 of 10...
trial 7 of 10...
trial 8 of 10...
trial 9 of 10...
trial 10 of 10...
Problem type: 3gen_split5 - 18/20
trial 1 of 10...

=== PROMPT ===

Use the following alphabet to guess the missing piece.

a b c d e f g h i j k l m n o p y r s t u v w x q z

Note that the alphabet may be in an unfamiliar order. Complete the pattern using this order.

[w x q z] [v x q z]
[o o x x n n x x m m x x l l x x] [ ? ]

First, describe 3 relevant exemplars that are distinct from this problem. Then give the final answer. Answer with only the examples and the final answer with no further explanation. Put your final answer between double brackets.


--- TARGET LETTERS ---

['p', 'p', 'x', 'x', 'n', 'n', 'x', 'x', 'm', 'm', 'x', 'x', 'l', 'l', 'x', 'x']
Full Qwen output: 1. [a b c d] [e f g h]  
2. [x y z a] [b c d e]  
3. [m n o p] [q r s t]  

[[p p x x k k x x j j x x i i x x]]
Filtered Qwen output: p p x x k k x x j j x x i i x x
trial 2 of 10...
trial 3 of 10...
trial 4 of 10...
trial 5 of 10...
trial 6 of 10...
trial 7 of 10...
trial 8 of 10...
trial 9 of 10...
trial 10 of 10...
Problem type: 3gen_split6 - 19/20
trial 1 of 10...

=== PROMPT ===

Use the following alphabet to guess the missing piece.

a b c d e f g h i j k l m n o p y r s t u v w x q z

Note that the alphabet may be in an unfamiliar order. Complete the pattern using this order.

[u v w x] [t v w x]
[p p o o n n m m l l k k j j i i] [ ? ]

First, describe 3 relevant exemplars that are distinct from this problem. Then give the final answer. Answer with only the examples and the final answer with no further explanation. Put your final answer between double brackets.


--- TARGET LETTERS ---

['y', 'y', 'o', 'o', 'n', 'n', 'm', 'm', 'l', 'l', 'k', 'k', 'j', 'j', 'i', 'i']
Full Qwen output: 1. [a b c d] [c d e f]  
2. [x y z a] [z a b c]  
3. [m n o p] [o p q r]  

[[p o n m l k j i]]
Filtered Qwen output: p o n m l k j i
trial 2 of 10...
trial 3 of 10...
trial 4 of 10...
trial 5 of 10...
trial 6 of 10...
trial 7 of 10...
trial 8 of 10...
trial 9 of 10...
trial 10 of 10...
Problem type: 3gensplit7 - 20/20
trial 1 of 10...

=== PROMPT ===

Use the following alphabet to guess the missing piece.

a b c d e f g h i j k l m n o p y r s t u v w x q z

Note that the alphabet may be in an unfamiliar order. Complete the pattern using this order.

[o p y r] [n p y r]
[h h x x i i x x j j x x k k x x l l x x m m x x n n x x o o x x] [ ? ]

First, describe 3 relevant exemplars that are distinct from this problem. Then give the final answer. Answer with only the examples and the final answer with no further explanation. Put your final answer between double brackets.


--- TARGET LETTERS ---

['g', 'g', 'x', 'x', 'i', 'i', 'x', 'x', 'j', 'j', 'x', 'x', 'k', 'k', 'x', 'x', 'l', 'l', 'x', 'x', 'm', 'm', 'x', 'x', 'n', 'n', 'x', 'x', 'o', 'o', 'x', 'x']
Full Qwen output: Example1: [a b c d] [b c d e]  
Example2: [x y z a] [y z a b]  
Example3: [m n o p] [n o p q]  

[[o o x x p p x x y y x x r r x x]]
Filtered Qwen output: o o x x p p x x y y x x r r x x
trial 2 of 10...
trial 3 of 10...
trial 4 of 10...
trial 5 of 10...
trial 6 of 10...
trial 7 of 10...
trial 8 of 10...
trial 9 of 10...
trial 10 of 10...
alph_4
a b f d e c g h i j k l m n o p q r s t u v w x y z
Problem type: larger_int - 1/20
trial 1 of 10...

=== PROMPT ===

Use the following alphabet to guess the missing piece.

a b f d e c g h i j k l m n o p q r s t u v w x y z

Note that the alphabet may be in an unfamiliar order. Complete the pattern using this order.

[q r s s t u] [q r s t u]
[b d c h h j] [ ? ]

First, describe 3 relevant exemplars that are distinct from this problem. Then give the final answer. Answer with only the examples and the final answer with no further explanation. Put your final answer between double brackets.


--- TARGET LETTERS ---

['b', 'd', 'c', 'h', 'j']
Full Qwen output: 1. [a b c d e f] [a b c d e]  
2. [x y z a b c] [x y z a b]  
3. [m n o p q r] [m n o p q]  

[[b d c h j]]
Filtered Qwen output: b d c h j
trial 2 of 10...
trial 3 of 10...
trial 4 of 10...
trial 5 of 10...
trial 6 of 10...
trial 7 of 10...
trial 8 of 10...
trial 9 of 10...
trial 10 of 10...
Problem type: longer_targ - 2/20
trial 1 of 10...

=== PROMPT ===

Use the following alphabet to guess the missing piece.

a b f d e c g h i j k l m n o p q r s t u v w x y z

Note that the alphabet may be in an unfamiliar order. Complete the pattern using this order.

[s d e c g] [f d e c g]
[q k s t u v w x y] [ ? ]

First, describe 3 relevant exemplars that are distinct from this problem. Then give the final answer. Answer with only the examples and the final answer with no further explanation. Put your final answer between double brackets.


--- TARGET LETTERS ---

['q', 'r', 's', 't', 'u', 'v', 'w', 'x', 'y']
Full Qwen output: Example 1: [a b c d e] [f g h i j]  
Example 2: [x y z a b] [c d e f g]  
Example 3: [m n o p q] [r s t u v]  

[[q k s t u v w x y] [r s t u v w x y z]]
Filtered Qwen output: q k s t u v w x y] [r s t u v w x y z
trial 2 of 10...
trial 3 of 10...
trial 4 of 10...
trial 5 of 10...
trial 6 of 10...
trial 7 of 10...
trial 8 of 10...
trial 9 of 10...
trial 10 of 10...
Problem type: group - 3/20
trial 1 of 10...

=== PROMPT ===

Use the following alphabet to guess the missing piece.

a b f d e c g h i j k l m n o p q r s t u v w x y z

Note that the alphabet may be in an unfamiliar order. Complete the pattern using this order.

[d e c g] [d e c h]
[k k l l m m n n] [ ? ]

First, describe 3 relevant exemplars that are distinct from this problem. Then give the final answer. Answer with only the examples and the final answer with no further explanation. Put your final answer between double brackets.


--- TARGET LETTERS ---

['k', 'k', 'l', 'l', 'm', 'm', 'o', 'o']
Full Qwen output: 1. [a b c d] [a b c e]  
2. [x y z a] [x y z b]  
3. [p q r s] [p q r t]  

[[k k l l m m n n o o]]
Filtered Qwen output: k k l l m m n n o o
trial 2 of 10...
trial 3 of 10...
trial 4 of 10...
trial 5 of 10...
trial 6 of 10...
trial 7 of 10...
trial 8 of 10...
trial 9 of 10...
trial 10 of 10...
Problem type: interleaved - 4/20
trial 1 of 10...

=== PROMPT ===

Use the following alphabet to guess the missing piece.

a b f d e c g h i j k l m n o p q r s t u v w x y z

Note that the alphabet may be in an unfamiliar order. Complete the pattern using this order.

[e c g h] [e c g i]
[b x f x d x e x] [ ? ]

First, describe 3 relevant exemplars that are distinct from this problem. Then give the final answer. Answer with only the examples and the final answer with no further explanation. Put your final answer between double brackets.


--- TARGET LETTERS ---

['b', 'x', 'f', 'x', 'd', 'x', 'c', 'x']
Full Qwen output: [e c g h] [e c g i]  
[b x f x d x e x] [ ? ]  

Examples:  
1. [a b c d] [a b c e]  
2. [m n o p] [m n o q]  
3. [s t u v] [s t u w]  

Final answer: [[b x f x d x e x] [b x f x d x e y]]  
[[b x f x d x e y]]
Filtered Qwen output: b x f x d x e x] [b x f x d x e y
trial 2 of 10...
trial 3 of 10...
trial 4 of 10...
trial 5 of 10...
trial 6 of 10...
trial 7 of 10...
trial 8 of 10...
trial 9 of 10...
trial 10 of 10...
Problem type: letter2num - 5/20
trial 1 of 10...

=== PROMPT ===

Use the following alphabet to guess the missing piece.

a b f d e c g h i j k l m n o p q r s t u v w x y z

Note that the alphabet may be in an unfamiliar order. Complete the pattern using this order.

[a b f d] [a b f e]
[14 15 16 17] [ ? ]

First, describe 3 relevant exemplars that are distinct from this problem. Then give the final answer. Answer with only the examples and the final answer with no further explanation. Put your final answer between double brackets.


--- TARGET LETTERS ---

[np.int64(14), np.int64(15), np.int64(16), np.int64(18)]
Full Qwen output: Example 1: [a b c d] [a b c e]  
Example 2: [x y z a] [x y z b]  
Example 3: [m n o p] [m n o q]  

[[14 15 16 17] [14 15 16 18]]
Filtered Qwen output: 14 15 16 17] [14 15 16 18
trial 2 of 10...
trial 3 of 10...
trial 4 of 10...
trial 5 of 10...
trial 6 of 10...
trial 7 of 10...
trial 8 of 10...
trial 9 of 10...
trial 10 of 10...
Problem type: reverse - 6/20
trial 1 of 10...

=== PROMPT ===

Use the following alphabet to guess the missing piece.

a b f d e c g h i j k l m n o p q r s t u v w x y z

Note that the alphabet may be in an unfamiliar order. Complete the pattern using this order.

[j k l m h] [j k l m n]
[h g w e d] [ ? ]

First, describe 3 relevant exemplars that are distinct from this problem. Then give the final answer. Answer with only the examples and the final answer with no further explanation. Put your final answer between double brackets.


--- TARGET LETTERS ---

['h', 'g', 'c', 'e', 'd']
Full Qwen output: 1. [a b c d e] [a b c d e f]  
2. [x y z a b] [x y z a b c]  
3. [p q r s t] [p q r s t u]  

[[h g w e d c]]
Filtered Qwen output: h g w e d c
trial 2 of 10...
trial 3 of 10...
trial 4 of 10...
trial 5 of 10...
trial 6 of 10...
trial 7 of 10...
trial 8 of 10...
trial 9 of 10...
trial 10 of 10...
Problem type: 2gen_split1 - 7/20
trial 1 of 10...

=== PROMPT ===

Use the following alphabet to guess the missing piece.

a b f d e c g h i j k l m n o p q r s t u v w x y z

Note that the alphabet may be in an unfamiliar order. Complete the pattern using this order.

[c g p i j] [c g h i j]
[1 1 2 2 24 24 4 4 5 5] [ ? ]

First, describe 3 relevant exemplars that are distinct from this problem. Then give the final answer. Answer with only the examples and the final answer with no further explanation. Put your final answer between double brackets.


--- TARGET LETTERS ---

[np.int64(1), np.int64(1), np.int64(2), np.int64(2), np.int64(3), np.int64(3), np.int64(4), np.int64(4), np.int64(5), np.int64(5)]
Full Qwen output: Example 1: [a b c d e] [a b x y z]  
Example 2: [m n o p q] [m n r s t]  
Example 3: [f g h i j] [f g k l m]  

[[c g h i j]]
Filtered Qwen output: c g h i j
trial 2 of 10...
trial 3 of 10...
trial 4 of 10...
trial 5 of 10...
trial 6 of 10...
trial 7 of 10...
trial 8 of 10...
trial 9 of 10...
trial 10 of 10...
Problem type: 2gen_split2 - 8/20
trial 1 of 10...

=== PROMPT ===

Use the following alphabet to guess the missing piece.

a b f d e c g h i j k l m n o p q r s t u v w x y z

Note that the alphabet may be in an unfamiliar order. Complete the pattern using this order.

[g c e h i] [e c g h i]
[5 4 1 2 3] [ ? ]

First, describe 3 relevant exemplars that are distinct from this problem. Then give the final answer. Answer with only the examples and the final answer with no further explanation. Put your final answer between double brackets.


--- TARGET LETTERS ---

[np.int64(5), np.int64(4), np.int64(3), np.int64(2), np.int64(1)]
Full Qwen output: Example 1: [a b c d e] [c d e a b]  
Example 2: [x y z a b] [z a b x y]  
Example 3: [m n o p q] [o p q m n]  

[[4 1 2 3 5]]
Filtered Qwen output: 4 1 2 3 5
trial 2 of 10...
trial 3 of 10...
trial 4 of 10...
trial 5 of 10...
trial 6 of 10...
trial 7 of 10...
trial 8 of 10...
trial 9 of 10...
trial 10 of 10...
Problem type: 2gen_split3 - 9/20
trial 1 of 10...

=== PROMPT ===

Use the following alphabet to guess the missing piece.

a b f d e c g h i j k l m n o p q r s t u v w x y z

Note that the alphabet may be in an unfamiliar order. Complete the pattern using this order.

[a b f d] [a b f e]
[i x k x m x o x] [ ? ]

First, describe 3 relevant exemplars that are distinct from this problem. Then give the final answer. Answer with only the examples and the final answer with no further explanation. Put your final answer between double brackets.


--- TARGET LETTERS ---

['i', 'x', 'k', 'x', 'm', 'x', 'q', 'x']
Full Qwen output: Example 1: [a b c d] [a b c e]  
Example 2: [x y z a] [x y z b]  
Example 3: [p q r s] [p q r t]  

[[i x k x m x o x] [i x k x m x o y]]
Filtered Qwen output: i x k x m x o x] [i x k x m x o y
trial 2 of 10...
trial 3 of 10...
trial 4 of 10...
trial 5 of 10...
trial 6 of 10...
trial 7 of 10...
trial 8 of 10...
trial 9 of 10...
trial 10 of 10...
Problem type: 2gen_split4 - 10/20
trial 1 of 10...

=== PROMPT ===

Use the following alphabet to guess the missing piece.

a b f d e c g h i j k l m n o p q r s t u v w x y z

Note that the alphabet may be in an unfamiliar order. Complete the pattern using this order.

[b f d e] [a f d e]
[m o q s u w y] [ ? ]

First, describe 3 relevant exemplars that are distinct from this problem. Then give the final answer. Answer with only the examples and the final answer with no further explanation. Put your final answer between double brackets.


--- TARGET LETTERS ---

['k', 'o', 'q', 's', 'u', 'w', 'y']
Full Qwen output: Example 1: [c e g i] [a c e g]  
Example 2: [x z b d f] [y z b d f]  
Example 3: [p r t v x] [o q s u w]  

[[m o q s u w y] [n p r t v x z]]
Filtered Qwen output: m o q s u w y] [n p r t v x z
trial 2 of 10...
trial 3 of 10...
trial 4 of 10...
trial 5 of 10...
trial 6 of 10...
trial 7 of 10...
trial 8 of 10...
trial 9 of 10...
trial 10 of 10...
Problem type: 2gen_split5 - 11/20
trial 1 of 10...

=== PROMPT ===

Use the following alphabet to guess the missing piece.

a b f d e c g h i j k l m n o p q r s t u v w x y z

Note that the alphabet may be in an unfamiliar order. Complete the pattern using this order.

[s t u v] [s t u v w]
[i h g c e d f b] [ ? ]

First, describe 3 relevant exemplars that are distinct from this problem. Then give the final answer. Answer with only the examples and the final answer with no further explanation. Put your final answer between double brackets.


--- TARGET LETTERS ---

['i', 'h', 'g', 'c', 'e', 'd', 'f', 'b', 'a']
Full Qwen output: Example 1: [a b c d] [a b c d e]  
Example 2: [x y z a b] [x y z a b c]  
Example 3: [m n o p] [m n o p q]  

[[i h g c e d f b a]]
Filtered Qwen output: i h g c e d f b a
trial 2 of 10...
trial 3 of 10...
trial 4 of 10...
trial 5 of 10...
trial 6 of 10...
trial 7 of 10...
trial 8 of 10...
trial 9 of 10...
trial 10 of 10...
Problem type: 2gen_split6 - 12/20
trial 1 of 10...

=== PROMPT ===

Use the following alphabet to guess the missing piece.

a b f d e c g h i j k l m n o p q r s t u v w x y z

Note that the alphabet may be in an unfamiliar order. Complete the pattern using this order.

[d e h g c] [d e c g h]
[h j c d b] [ ? ]

First, describe 3 relevant exemplars that are distinct from this problem. Then give the final answer. Answer with only the examples and the final answer with no further explanation. Put your final answer between double brackets.


--- TARGET LETTERS ---

['j', 'h', 'c', 'd', 'b']
Full Qwen output: Example 1: [a b c d e] [e d c b a]  
Example 2: [x y z a b] [b a z y x]  
Example 3: [m n o p q] [q p o n m]  

[[h j c d b] [b d c j h]]
Filtered Qwen output: h j c d b] [b d c j h
trial 2 of 10...
trial 3 of 10...
trial 4 of 10...
trial 5 of 10...
trial 6 of 10...
trial 7 of 10...
trial 8 of 10...
trial 9 of 10...
trial 10 of 10...
Problem type: 2gensplit7 - 13/20
trial 1 of 10...

=== PROMPT ===

Use the following alphabet to guess the missing piece.

a b f d e c g h i j k l m n o p q r s t u v w x y z

Note that the alphabet may be in an unfamiliar order. Complete the pattern using this order.

[b f d e] [a f d e]
[7 8 9 10 11 12 13 14] [ ? ]

First, describe 3 relevant exemplars that are distinct from this problem. Then give the final answer. Answer with only the examples and the final answer with no further explanation. Put your final answer between double brackets.


--- TARGET LETTERS ---

[np.int64(6), np.int64(8), np.int64(9), np.int64(10), np.int64(11), np.int64(12), np.int64(13), np.int64(14)]
Full Qwen output: Example 1: [c e g i] [a c e g]  
Example 2: [m o q s] [k m o q]  
Example 3: [x z b d] [v x z b]  

[[a]]
Filtered Qwen output: a
trial 2 of 10...
trial 3 of 10...
trial 4 of 10...
trial 5 of 10...
trial 6 of 10...
trial 7 of 10...
trial 8 of 10...
trial 9 of 10...
trial 10 of 10...
Problem type: 3gen_split1 - 14/20
trial 1 of 10...

=== PROMPT ===

Use the following alphabet to guess the missing piece.

a b f d e c g h i j k l m n o p q r s t u v w x y z

Note that the alphabet may be in an unfamiliar order. Complete the pattern using this order.

[b f d e] [b f d c]
[q q x x p p x x o o x x n n x x] [ ? ]

First, describe 3 relevant exemplars that are distinct from this problem. Then give the final answer. Answer with only the examples and the final answer with no further explanation. Put your final answer between double brackets.


--- TARGET LETTERS ---

['q', 'q', 'x', 'x', 'p', 'p', 'x', 'x', 'o', 'o', 'x', 'x', 'm', 'm', 'x', 'x']
Full Qwen output: Example 1: [a c e g] [a c e f]  
Example 2: [m o q s] [m o q r]  
Example 3: [x z b d] [x z b c]  

[[q q x x p p x x o o x x n n x x] [q q x x p p x x o o x x n n x x m m]]
Filtered Qwen output: q q x x p p x x o o x x n n x x] [q q x x p p x x o o x x n n x x m m
trial 2 of 10...
trial 3 of 10...
trial 4 of 10...
trial 5 of 10...
trial 6 of 10...
trial 7 of 10...
trial 8 of 10...
trial 9 of 10...
trial 10 of 10...
Problem type: 3gen_split2 - 15/20
trial 1 of 10...

=== PROMPT ===

Use the following alphabet to guess the missing piece.

a b f d e c g h i j k l m n o p q r s t u v w x y z

Note that the alphabet may be in an unfamiliar order. Complete the pattern using this order.

[a b f d d e] [a b f d e]
[16 0 18 0 20 0 20 0 22 0 24 0] [ ? ]

First, describe 3 relevant exemplars that are distinct from this problem. Then give the final answer. Answer with only the examples and the final answer with no further explanation. Put your final answer between double brackets.


--- TARGET LETTERS ---

[np.int64(16), '0', np.int64(18), '0', np.int64(20), '0', np.int64(22), '0', np.int64(24), '0']
Full Qwen output: Example 1: [a b c d e f] [a b c d e]  
Example 2: [x y z a b c] [x y z a b]  
Example 3: [m n o p q r] [m n o p q]  

[[16 0 18 0 20 0 22 0 24 0]]
Filtered Qwen output: 16 0 18 0 20 0 22 0 24 0
trial 2 of 10...
trial 3 of 10...
trial 4 of 10...
trial 5 of 10...
trial 6 of 10...
trial 7 of 10...
trial 8 of 10...
trial 9 of 10...
trial 10 of 10...
Problem type: 3gen_split3 - 16/20
trial 1 of 10...

=== PROMPT ===

Use the following alphabet to guess the missing piece.

a b f d e c g h i j k l m n o p q r s t u v w x y z

Note that the alphabet may be in an unfamiliar order. Complete the pattern using this order.

[c g h i] [c g h j]
[8 8 7 7 6 6 5 5] [ ? ]

First, describe 3 relevant exemplars that are distinct from this problem. Then give the final answer. Answer with only the examples and the final answer with no further explanation. Put your final answer between double brackets.


--- TARGET LETTERS ---

[np.int64(8), np.int64(8), np.int64(7), np.int64(7), np.int64(6), np.int64(6), np.int64(4), np.int64(4)]
Full Qwen output: Example 1: [a b c d] [a b c e]  
Example 2: [x y z a] [x y z b]  
Example 3: [m n o p] [m n o q]  

[[8 8 7 7 6 6 5 5] [8 8 7 7 6 6 5 6]]
Filtered Qwen output: 8 8 7 7 6 6 5 5] [8 8 7 7 6 6 5 6
trial 2 of 10...
trial 3 of 10...
trial 4 of 10...
trial 5 of 10...
trial 6 of 10...
trial 7 of 10...
trial 8 of 10...
trial 9 of 10...
trial 10 of 10...
Problem type: 3gen_split4 - 17/20
trial 1 of 10...

=== PROMPT ===

Use the following alphabet to guess the missing piece.

a b f d e c g h i j k l m n o p q r s t u v w x y z

Note that the alphabet may be in an unfamiliar order. Complete the pattern using this order.

[a e f d b] [a b f d e]
[6 6 7 7 5 5 4 4 3 3] [ ? ]

First, describe 3 relevant exemplars that are distinct from this problem. Then give the final answer. Answer with only the examples and the final answer with no further explanation. Put your final answer between double brackets.


--- TARGET LETTERS ---

[np.int64(7), np.int64(7), np.int64(6), np.int64(6), np.int64(5), np.int64(5), np.int64(4), np.int64(4), np.int64(3), np.int64(3)]
Full Qwen output: Example 1: [a c e g] [a b c d]  
Example 2: [x y z a] [x w v u]  
Example 3: [m o q s] [m l k j]  

[[a b f d e]]
Filtered Qwen output: a b f d e
trial 2 of 10...
trial 3 of 10...
trial 4 of 10...
trial 5 of 10...
trial 6 of 10...
trial 7 of 10...
trial 8 of 10...
trial 9 of 10...
trial 10 of 10...
Problem type: 3gen_split5 - 18/20
trial 1 of 10...

=== PROMPT ===

Use the following alphabet to guess the missing piece.

a b f d e c g h i j k l m n o p q r s t u v w x y z

Note that the alphabet may be in an unfamiliar order. Complete the pattern using this order.

[a b f f d e] [a b f d e]
[h h x x i i x x j j x x k k x x l l x x m m x x n n x x o o x x p p x x p p x x] [ ? ]

First, describe 3 relevant exemplars that are distinct from this problem. Then give the final answer. Answer with only the examples and the final answer with no further explanation. Put your final answer between double brackets.


--- TARGET LETTERS ---

['h', 'h', 'x', 'x', 'i', 'i', 'x', 'x', 'j', 'j', 'x', 'x', 'k', 'k', 'x', 'x', 'l', 'l', 'x', 'x', 'm', 'm', 'x', 'x', 'n', 'n', 'x', 'x', 'o', 'o', 'x', 'x', 'p', 'p', 'x', 'x']
Full Qwen output: Example1: [a b c d e f] [a b c d e]  
Example2: [x y z x y z] [x y z]  
Example3: [1 2 3 4 5 6] [1 2 3 4 5]  

[[h h x x i i x x j j x x k k x x l l x x m m x x n n x x o o x x p p x x p p x x] [h h x x i i x x j j x x k k x x l l x x m
trial 2 of 10...
trial 3 of 10...
trial 4 of 10...
trial 5 of 10...
trial 6 of 10...
trial 7 of 10...
trial 8 of 10...
trial 9 of 10...
trial 10 of 10...
Problem type: 3gen_split6 - 19/20
trial 1 of 10...

=== PROMPT ===

Use the following alphabet to guess the missing piece.

a b f d e c g h i j k l m n o p q r s t u v w x y z

Note that the alphabet may be in an unfamiliar order. Complete the pattern using this order.

[v w x y] [u w x y]
[8 8 10 10 12 12 14 14] [ ? ]

First, describe 3 relevant exemplars that are distinct from this problem. Then give the final answer. Answer with only the examples and the final answer with no further explanation. Put your final answer between double brackets.


--- TARGET LETTERS ---

[np.int64(6), np.int64(6), np.int64(10), np.int64(10), np.int64(12), np.int64(12), np.int64(14), np.int64(14)]
Full Qwen output: Examples:  
1. [a b c d] [b c d e]  
2. [1 2 3 4] [2 2 4 4]  
3. [p q r s] [q r s t]  

[[8 10 10 12 12 14 14 14]]
Filtered Qwen output: 8 10 10 12 12 14 14 14
trial 2 of 10...
trial 3 of 10...
trial 4 of 10...
trial 5 of 10...
trial 6 of 10...
trial 7 of 10...
trial 8 of 10...
trial 9 of 10...
trial 10 of 10...
Problem type: 3gensplit7 - 20/20
trial 1 of 10...

=== PROMPT ===

Use the following alphabet to guess the missing piece.

a b f d e c g h i j k l m n o p q r s t u v w x y z

Note that the alphabet may be in an unfamiliar order. Complete the pattern using this order.

[c g h i] [c g h j]
[25 0 24 0 23 0 22 0] [ ? ]

First, describe 3 relevant exemplars that are distinct from this problem. Then give the final answer. Answer with only the examples and the final answer with no further explanation. Put your final answer between double brackets.


--- TARGET LETTERS ---

[np.int64(25), '0', np.int64(24), '0', np.int64(23), '0', np.int64(21), '0']
Full Qwen output: Example 1: [a b c d] [a b c e]  
Example 2: [x y z a] [x y z b]  
Example 3: [m n o p] [m n o q]  

[[c g h k]]
Filtered Qwen output: c g h k
trial 2 of 10...
trial 3 of 10...
trial 4 of 10...
trial 5 of 10...
trial 6 of 10...
trial 7 of 10...
trial 8 of 10...
trial 9 of 10...
trial 10 of 10...
alph_5
a b c d e l g h i j k f m n o p q r s t u v w x y z
Problem type: larger_int - 1/20
trial 1 of 10...

=== PROMPT ===

Use the following alphabet to guess the missing piece.

a b c d e l g h i j k f m n o p q r s t u v w x y z

Note that the alphabet may be in an unfamiliar order. Complete the pattern using this order.

[k f m n] [k f m n o]
[d l h j] [ ? ]

First, describe 3 relevant exemplars that are distinct from this problem. Then give the final answer. Answer with only the examples and the final answer with no further explanation. Put your final answer between double brackets.


--- TARGET LETTERS ---

['d', 'l', 'h', 'j', 'f']
Full Qwen output: 1. [a b c] [a b c d]  
2. [x y z] [x y z a]  
3. [p q r] [p q r s]  

[[d l h j k]]
Filtered Qwen output: d l h j k
trial 2 of 10...
trial 3 of 10...
trial 4 of 10...
trial 5 of 10...
trial 6 of 10...
trial 7 of 10...
trial 8 of 10...
trial 9 of 10...
trial 10 of 10...
Problem type: longer_targ - 2/20
trial 1 of 10...

=== PROMPT ===

Use the following alphabet to guess the missing piece.

a b c d e l g h i j k f m n o p q r s t u v w x y z

Note that the alphabet may be in an unfamiliar order. Complete the pattern using this order.

[k f m n] [j f m n]
[p q r s t u v w] [ ? ]

First, describe 3 relevant exemplars that are distinct from this problem. Then give the final answer. Answer with only the examples and the final answer with no further explanation. Put your final answer between double brackets.


--- TARGET LETTERS ---

['o', 'q', 'r', 's', 't', 'u', 'v', 'w']
Full Qwen output: 1. [a b c d] [e f g h]  
2. [x y z a] [b c d e]  
3. [m n o p] [q r s t]  

[[p q r s t u v w] [x y z a b c d e]]
Filtered Qwen output: p q r s t u v w] [x y z a b c d e
trial 2 of 10...
trial 3 of 10...
trial 4 of 10...
trial 5 of 10...
trial 6 of 10...
trial 7 of 10...
trial 8 of 10...
trial 9 of 10...
trial 10 of 10...
Problem type: group - 3/20
trial 1 of 10...

=== PROMPT ===

Use the following alphabet to guess the missing piece.

a b c d e l g h i j k f m n o p q r s t u v w x y z

Note that the alphabet may be in an unfamiliar order. Complete the pattern using this order.

[c d e l] [c d e g]
[g g h h i i j j] [ ? ]

First, describe 3 relevant exemplars that are distinct from this problem. Then give the final answer. Answer with only the examples and the final answer with no further explanation. Put your final answer between double brackets.


--- TARGET LETTERS ---

['g', 'g', 'h', 'h', 'i', 'i', 'k', 'k']
Full Qwen output: Examples:  
1. [a b c d] [a b c e]  
2. [x y z a] [x y z b]  
3. [m n o p] [m n o q]  

[[g g h h i i j j] [g g h h i i j k]]
Filtered Qwen output: g g h h i i j j] [g g h h i i j k
trial 2 of 10...
trial 3 of 10...
trial 4 of 10...
trial 5 of 10...
trial 6 of 10...
trial 7 of 10...
trial 8 of 10...
trial 9 of 10...
trial 10 of 10...
Problem type: interleaved - 4/20
trial 1 of 10...

=== PROMPT ===

Use the following alphabet to guess the missing piece.

a b c d e l g h i j k f m n o p q r s t u v w x y z

Note that the alphabet may be in an unfamiliar order. Complete the pattern using this order.

[d d e l g h] [d e l g h]
[l x g x h x h x i x j x] [ ? ]

First, describe 3 relevant exemplars that are distinct from this problem. Then give the final answer. Answer with only the examples and the final answer with no further explanation. Put your final answer between double brackets.


--- TARGET LETTERS ---

['l', 'x', 'g', 'x', 'h', 'x', 'i', 'x', 'j', 'x']
Full Qwen output: 1. cat : dog :: bird : ?  
2. apple : fruit :: carrot : ?  
3. north : south :: east : ?  

[[l x g x h x h x i x j x x]]
Filtered Qwen output: l x g x h x h x i x j x x
trial 2 of 10...
trial 3 of 10...
trial 4 of 10...
trial 5 of 10...
trial 6 of 10...
trial 7 of 10...
trial 8 of 10...
trial 9 of 10...
trial 10 of 10...
Problem type: letter2num - 5/20
trial 1 of 10...

=== PROMPT ===

Use the following alphabet to guess the missing piece.

a b c d e l g h i j k f m n o p q r s t u v w x y z

Note that the alphabet may be in an unfamiliar order. Complete the pattern using this order.

[p q r s] [p q r t]
[4 5 6 7] [ ? ]

First, describe 3 relevant exemplars that are distinct from this problem. Then give the final answer. Answer with only the examples and the final answer with no further explanation. Put your final answer between double brackets.


--- TARGET LETTERS ---

[np.int64(4), np.int64(5), np.int64(6), np.int64(8)]
Full Qwen output: Examples:  
1. [a b c d] [a b c e]  
2. [x y z a] [x y z b]  
3. [m n o p] [m n o q]  

[[4 5 6 8]]
Filtered Qwen output: 4 5 6 8
trial 2 of 10...
trial 3 of 10...
trial 4 of 10...
trial 5 of 10...
trial 6 of 10...
trial 7 of 10...
trial 8 of 10...
trial 9 of 10...
trial 10 of 10...
Problem type: reverse - 6/20
trial 1 of 10...

=== PROMPT ===

Use the following alphabet to guess the missing piece.

a b c d e l g h i j k f m n o p q r s t u v w x y z

Note that the alphabet may be in an unfamiliar order. Complete the pattern using this order.

[d e l g h h] [d e l g h]
[f k j i i h] [ ? ]

First, describe 3 relevant exemplars that are distinct from this problem. Then give the final answer. Answer with only the examples and the final answer with no further explanation. Put your final answer between double brackets.


--- TARGET LETTERS ---

['f', 'k', 'j', 'i', 'h']
Full Qwen output: 1. cat : dog :: bird : ?  
2. red : blue :: green : ?  
3. square : rectangle :: circle : ?

[[f k j i i h]]
Filtered Qwen output: f k j i i h
trial 2 of 10...
trial 3 of 10...
trial 4 of 10...
trial 5 of 10...
trial 6 of 10...
trial 7 of 10...
trial 8 of 10...
trial 9 of 10...
trial 10 of 10...
Problem type: 2gen_split1 - 7/20
trial 1 of 10...

=== PROMPT ===

Use the following alphabet to guess the missing piece.

a b c d e l g h i j k f m n o p q r s t u v w x y z

Note that the alphabet may be in an unfamiliar order. Complete the pattern using this order.

[c d e l] [c d e l g]
[13 12 11 10] [ ? ]

First, describe 3 relevant exemplars that are distinct from this problem. Then give the final answer. Answer with only the examples and the final answer with no further explanation. Put your final answer between double brackets.


--- TARGET LETTERS ---

[np.int64(13), np.int64(12), np.int64(11), np.int64(10), np.int64(9)]
Full Qwen output: Example 1: [a b c d] [a b c d e]  
Example 2: [x y z a] [x y z a b]  
Example 3: [m n o p] [m n o p q]  

[[13 12 11 10 9]]
Filtered Qwen output: 13 12 11 10 9
trial 2 of 10...
trial 3 of 10...
trial 4 of 10...
trial 5 of 10...
trial 6 of 10...
trial 7 of 10...
trial 8 of 10...
trial 9 of 10...
trial 10 of 10...
Problem type: 2gen_split2 - 8/20
trial 1 of 10...

=== PROMPT ===

Use the following alphabet to guess the missing piece.

a b c d e l g h i j k f m n o p q r s t u v w x y z

Note that the alphabet may be in an unfamiliar order. Complete the pattern using this order.

[d e l m h] [d e l g h]
[j j k k f f m m x x o o p p q q r r] [ ? ]

First, describe 3 relevant exemplars that are distinct from this problem. Then give the final answer. Answer with only the examples and the final answer with no further explanation. Put your final answer between double brackets.


--- TARGET LETTERS ---

['j', 'j', 'k', 'k', 'f', 'f', 'm', 'm', 'n', 'n', 'o', 'o', 'p', 'p', 'q', 'q', 'r', 'r']
Full Qwen output: 1. cat : dog :: bird : ?  
2. sun : moon :: day : ?  
3. book : page :: house : ?  

[[j j k k f f m m x x o o p p q q r r] [j j k k f f m m x x o o p p q q r r]]
Filtered Qwen output: j j k k f f m m x x o o p p q q r r] [j j k k f f m m x x o o p p q q r r
trial 2 of 10...
trial 3 of 10...
trial 4 of 10...
trial 5 of 10...
trial 6 of 10...
trial 7 of 10...
trial 8 of 10...
trial 9 of 10...
trial 10 of 10...
Problem type: 2gen_split3 - 9/20
trial 1 of 10...

=== PROMPT ===

Use the following alphabet to guess the missing piece.

a b c d e l g h i j k f m n o p q r s t u v w x y z

Note that the alphabet may be in an unfamiliar order. Complete the pattern using this order.

[e l g h h i] [e l g h i]
[14 0 15 0 16 0 16 0 17 0 18 0] [ ? ]

First, describe 3 relevant exemplars that are distinct from this problem. Then give the final answer. Answer with only the examples and the final answer with no further explanation. Put your final answer between double brackets.


--- TARGET LETTERS ---

[np.int64(14), '0', np.int64(15), '0', np.int64(16), '0', np.int64(17), '0', np.int64(18), '0']
Full Qwen output: Example 1: [a b c d] [a b c]  
Example 2: [x y z a] [x y z]  
Example 3: [m n o p q] [m n o p]  

[[14 0 15 0 16 0 16 0 17 0 18 0] [14 0 15 0 16 0 16 0 17 0]]
Filtered Qwen output: 14 0 15 0 16 0 16 0 17 0 18 0] [14 0 15 0 16 0 16 0 17 0
trial 2 of 10...
trial 3 of 10...
trial 4 of 10...
trial 5 of 10...
trial 6 of 10...
trial 7 of 10...
trial 8 of 10...
trial 9 of 10...
trial 10 of 10...
Problem type: 2gen_split4 - 10/20
trial 1 of 10...

=== PROMPT ===

Use the following alphabet to guess the missing piece.

a b c d e l g h i j k f m n o p q r s t u v w x y z

Note that the alphabet may be in an unfamiliar order. Complete the pattern using this order.

[j k f m] [j k f n]
[h h j j f f n n] [ ? ]

First, describe 3 relevant exemplars that are distinct from this problem. Then give the final answer. Answer with only the examples and the final answer with no further explanation. Put your final answer between double brackets.


--- TARGET LETTERS ---

['h', 'h', 'j', 'j', 'f', 'f', 'p', 'p']
Full Qwen output: 1. apple:orange::banana:grape  
2. dog:cat::bird:fish  
3. red:blue::green:yellow  

[[h h j j f f o o]]
Filtered Qwen output: h h j j f f o o
trial 2 of 10...
trial 3 of 10...
trial 4 of 10...
trial 5 of 10...
trial 6 of 10...
trial 7 of 10...
trial 8 of 10...
trial 9 of 10...
trial 10 of 10...
Problem type: 2gen_split5 - 11/20
trial 1 of 10...

=== PROMPT ===

Use the following alphabet to guess the missing piece.

a b c d e l g h i j k f m n o p q r s t u v w x y z

Note that the alphabet may be in an unfamiliar order. Complete the pattern using this order.

[b c d d e l] [b c d e l]
[q o o m k i] [ ? ]

First, describe 3 relevant exemplars that are distinct from this problem. Then give the final answer. Answer with only the examples and the final answer with no further explanation. Put your final answer between double brackets.


--- TARGET LETTERS ---

['q', 'o', 'm', 'k', 'i']
Full Qwen output: Example 1: [a b c d e] [a b c d]  
Example 2: [x y z a b] [x y z]  
Example 3: [m n o p q] [m n o]  

[[q o m k i]]
Filtered Qwen output: q o m k i
trial 2 of 10...
trial 3 of 10...
trial 4 of 10...
trial 5 of 10...
trial 6 of 10...
trial 7 of 10...
trial 8 of 10...
trial 9 of 10...
trial 10 of 10...
Problem type: 2gen_split6 - 12/20
trial 1 of 10...

=== PROMPT ===

Use the following alphabet to guess the missing piece.

a b c d e l g h i j k f m n o p q r s t u v w x y z

Note that the alphabet may be in an unfamiliar order. Complete the pattern using this order.

[q r s t] [q r s u]
[4 6 8 10] [ ? ]

First, describe 3 relevant exemplars that are distinct from this problem. Then give the final answer. Answer with only the examples and the final answer with no further explanation. Put your final answer between double brackets.


--- TARGET LETTERS ---

[np.int64(4), np.int64(6), np.int64(8), np.int64(12)]
Full Qwen output: Examples:  
1. [a b c d] [a b c e]  
2. [x y z a] [x y z b]  
3. [m n o p] [m n o q]  

[[4 6 8 11]]
Filtered Qwen output: 4 6 8 11
trial 2 of 10...
trial 3 of 10...
trial 4 of 10...
trial 5 of 10...
trial 6 of 10...
trial 7 of 10...
trial 8 of 10...
trial 9 of 10...
trial 10 of 10...
Problem type: 2gensplit7 - 13/20
trial 1 of 10...

=== PROMPT ===

Use the following alphabet to guess the missing piece.

a b c d e l g h i j k f m n o p q r s t u v w x y z

Note that the alphabet may be in an unfamiliar order. Complete the pattern using this order.

[i j d f m] [i j k f m]
[h h g g p p e e d d] [ ? ]

First, describe 3 relevant exemplars that are distinct from this problem. Then give the final answer. Answer with only the examples and the final answer with no further explanation. Put your final answer between double brackets.


--- TARGET LETTERS ---

['h', 'h', 'g', 'g', 'l', 'l', 'e', 'e', 'd', 'd']
Full Qwen output: Example 1: [a b c d e] [a b c d e f]  
Example 2: [x y z a b] [x y z a b c]  
Example 3: [m n o p q] [m n o p q r]  

[[h h g g p p e e d d] [h h g g p p e e d d l]]
Filtered Qwen output: h h g g p p e e d d] [h h g g p p e e d d l
trial 2 of 10...
trial 3 of 10...
trial 4 of 10...
trial 5 of 10...
trial 6 of 10...
trial 7 of 10...
trial 8 of 10...
trial 9 of 10...
trial 10 of 10...
Problem type: 3gen_split1 - 14/20
trial 1 of 10...

=== PROMPT ===

Use the following alphabet to guess the missing piece.

a b c d e l g h i j k f m n o p q r s t u v w x y z

Note that the alphabet may be in an unfamiliar order. Complete the pattern using this order.

[i j k f] [i j k m]
[s x r x q x p x o x n x m x f x] [ ? ]

First, describe 3 relevant exemplars that are distinct from this problem. Then give the final answer. Answer with only the examples and the final answer with no further explanation. Put your final answer between double brackets.


--- TARGET LETTERS ---

['s', 'x', 'r', 'x', 'q', 'x', 'p', 'x', 'o', 'x', 'n', 'x', 'm', 'x', 'k', 'x']
Full Qwen output: Example 1: [a b c d] [a b c e]  
Example 2: [p q r s] [p q r t]  
Example 3: [m n o p] [m n o q]  

[[s x r x q x p x o x n x m x f x s]]
Filtered Qwen output: s x r x q x p x o x n x m x f x s
trial 2 of 10...
trial 3 of 10...
trial 4 of 10...
trial 5 of 10...
trial 6 of 10...
trial 7 of 10...
trial 8 of 10...
trial 9 of 10...
trial 10 of 10...
Problem type: 3gen_split2 - 15/20
trial 1 of 10...

=== PROMPT ===

Use the following alphabet to guess the missing piece.

a b c d e l g h i j k f m n o p q r s t u v w x y z

Note that the alphabet may be in an unfamiliar order. Complete the pattern using this order.

[e l g h] [d l g h]
[n n x x p p x x r r x x t t x x] [ ? ]

First, describe 3 relevant exemplars that are distinct from this problem. Then give the final answer. Answer with only the examples and the final answer with no further explanation. Put your final answer between double brackets.


--- TARGET LETTERS ---

['f', 'f', 'x', 'x', 'p', 'p', 'x', 'x', 'r', 'r', 'x', 'x', 't', 't', 'x', 'x']
Full Qwen output: [e l g h] [d l g h]  
[n n x x p p x x r r x x t t x x] [ ? ]  

Examples:  
1. [a b c d] [e f g h]  
2. [x y z a] [b c d e]  
3. [m n o p] [q r s t]  

[[n n x x p p x x r r x x t t x x] [o o x x q q x x s s x x u u x x]]
Filtered Qwen output: n n x x p p x x r r x x t t x x] [o o x x q q x x s s x x u u x x
trial 2 of 10...
trial 3 of 10...
trial 4 of 10...
trial 5 of 10...
trial 6 of 10...
trial 7 of 10...
trial 8 of 10...
trial 9 of 10...
trial 10 of 10...
Problem type: 3gen_split3 - 16/20
trial 1 of 10...

=== PROMPT ===

Use the following alphabet to guess the missing piece.

a b c d e l g h i j k f m n o p q r s t u v w x y z

Note that the alphabet may be in an unfamiliar order. Complete the pattern using this order.

[i j k f] [i j k f m]
[f f x x n n x x p p x x r r x x] [ ? ]

First, describe 3 relevant exemplars that are distinct from this problem. Then give the final answer. Answer with only the examples and the final answer with no further explanation. Put your final answer between double brackets.


--- TARGET LETTERS ---

['f', 'f', 'x', 'x', 'n', 'n', 'x', 'x', 'p', 'p', 'x', 'x', 'r', 'r', 'x', 'x', 't', 't', 'x', 'x']
Full Qwen output: Example 1: [a b c d] [a b c d e]  
Example 2: [x y z a] [x y z a b]  
Example 3: [m n o p] [m n o p q]  

[[f f x x n n x x p p x x r r x x s s]]
Filtered Qwen output: f f x x n n x x p p x x r r x x s s
trial 2 of 10...
trial 3 of 10...
trial 4 of 10...
trial 5 of 10...
trial 6 of 10...
trial 7 of 10...
trial 8 of 10...
trial 9 of 10...
trial 10 of 10...
Problem type: 3gen_split4 - 17/20
trial 1 of 10...

=== PROMPT ===

Use the following alphabet to guess the missing piece.

a b c d e l g h i j k f m n o p q r s t u v w x y z

Note that the alphabet may be in an unfamiliar order. Complete the pattern using this order.

[f f m n o p] [f m n o p]
[10 10 0 0 11 11 0 0 12 12 0 0 12 12 0 0 13 13 0 0 14 14 0 0] [ ? ]

First, describe 3 relevant exemplars that are distinct from this problem. Then give the final answer. Answer with only the examples and the final answer with no further explanation. Put your final answer between double brackets.


--- TARGET LETTERS ---

[np.int64(10), np.int64(10), '0', '0', np.int64(11), np.int64(11), '0', '0', np.int64(12), np.int64(12), '0', '0', np.int64(13), np.int64(13), '0', '0', np.int64(14), np.int64(14), '0', '0']
Full Qwen output: Example1: [a b c d e] [b c d e f]  
Example2: [x y z a b] [y z a b c]  
Example3: [1 2 3 4 5] [2 3 4 5 6]  

[[10 10 0 0 11 11 0 0 12 12 0 0 13 13 0 0 14 14 0 0 15 15 0 0]]
Filtered Qwen output: 10 10 0 0 11 11 0 0 12 12 0 0 13 13 0 0 14 14 0 0 15 15 0 0
trial 2 of 10...
trial 3 of 10...
trial 4 of 10...
trial 5 of 10...
trial 6 of 10...
trial 7 of 10...
trial 8 of 10...
trial 9 of 10...
trial 10 of 10...
Problem type: 3gen_split5 - 18/20
trial 1 of 10...

=== PROMPT ===

Use the following alphabet to guess the missing piece.

a b c d e l g h i j k f m n o p q r s t u v w x y z

Note that the alphabet may be in an unfamiliar order. Complete the pattern using this order.

[p q r s] [p q r t]
[6 0 7 0 8 0 9 0 10 0 11 0 12 0 13 0] [ ? ]

First, describe 3 relevant exemplars that are distinct from this problem. Then give the final answer. Answer with only the examples and the final answer with no further explanation. Put your final answer between double brackets.


--- TARGET LETTERS ---

[np.int64(6), '0', np.int64(7), '0', np.int64(8), '0', np.int64(9), '0', np.int64(10), '0', np.int64(11), '0', np.int64(12), '0', np.int64(14), '0']
Full Qwen output: Example 1: [a b c d] [a b c e]  
Example 2: [x y z a] [x y z b]  
Example 3: [m n o p] [m n o q]  

[[p q r s] [p q r t]]  
[[6 0 7 0 8 0 9 0 10 0 11 0 12 0 13 0] [6 0 7 0 8 0 9 0 10 0 11 0
Filtered Qwen output: p q r s] [p q r t
trial 2 of 10...
trial 3 of 10...
trial 4 of 10...
trial 5 of 10...
trial 6 of 10...
trial 7 of 10...
trial 8 of 10...
trial 9 of 10...
trial 10 of 10...
Problem type: 3gen_split6 - 19/20
trial 1 of 10...

=== PROMPT ===

Use the following alphabet to guess the missing piece.

a b c d e l g h i j k f m n o p q r s t u v w x y z

Note that the alphabet may be in an unfamiliar order. Complete the pattern using this order.

[r s t u u v] [r s t u v]
[f f k k j j i i h h h h g g l l e e d d] [ ? ]

First, describe 3 relevant exemplars that are distinct from this problem. Then give the final answer. Answer with only the examples and the final answer with no further explanation. Put your final answer between double brackets.


--- TARGET LETTERS ---

['f', 'f', 'k', 'k', 'j', 'j', 'i', 'i', 'h', 'h', 'g', 'g', 'l', 'l', 'e', 'e', 'd', 'd']
Full Qwen output: Example1: [a b c d] [a b c]  
Example2: [x y z a b] [x y z]  
Example3: [m n o p q r] [m n o p]  

[[f f k k j j i i h h h h g g l l e e d d] [f f k k j j i i h h h h g g l l e e d d]]
Filtered Qwen output: f f k k j j i i h h h h g g l l e e d d] [f f k k j j i i h h h h g g l l e e d d
trial 2 of 10...
trial 3 of 10...
trial 4 of 10...
trial 5 of 10...
trial 6 of 10...
trial 7 of 10...
trial 8 of 10...
trial 9 of 10...
trial 10 of 10...
Problem type: 3gensplit7 - 20/20
trial 1 of 10...

=== PROMPT ===

Use the following alphabet to guess the missing piece.

a b c d e l g h i j k f m n o p q r s t u v w x y z

Note that the alphabet may be in an unfamiliar order. Complete the pattern using this order.

[b g d e l] [b c d e l]
[a x c x e x g x i x s x m x o x q x] [ ? ]

First, describe 3 relevant exemplars that are distinct from this problem. Then give the final answer. Answer with only the examples and the final answer with no further explanation. Put your final answer between double brackets.


--- TARGET LETTERS ---

['a', 'x', 'c', 'x', 'e', 'x', 'g', 'x', 'i', 'x', 'k', 'x', 'm', 'x', 'o', 'x', 'q', 'x']
Full Qwen output: Example 1: [a c e g i] [b d f h j]  
Example 2: [x z v t r] [w u s q o]  
Example 3: [m o q s u] [n p r t v]  

[[a x c x e x g x i x s x m x o x q x] [a x c x e x g x i x s x m x o x q x]]
Filtered Qwen output: a x c x e x g x i x s x m x o x q x] [a x c x e x g x i x s x m x o x q x
trial 2 of 10...
trial 3 of 10...
trial 4 of 10...
trial 5 of 10...
trial 6 of 10...
trial 7 of 10...
trial 8 of 10...
trial 9 of 10...
trial 10 of 10...
alph_6
a b c d m f g h i j k l e n o p q r s t u v w x y z
Problem type: larger_int - 1/20
trial 1 of 10...

=== PROMPT ===

Use the following alphabet to guess the missing piece.

a b c d m f g h i j k l e n o p q r s t u v w x y z

Note that the alphabet may be in an unfamiliar order. Complete the pattern using this order.

[c d t f g] [c d m f g]
[d f h j e] [ ? ]

First, describe 3 relevant exemplars that are distinct from this problem. Then give the final answer. Answer with only the examples and the final answer with no further explanation. Put your final answer between double brackets.


--- TARGET LETTERS ---

['d', 'f', 'h', 'j', 'l']
Full Qwen output: Example 1: [a b c d e] [a b c d e]  
Example 2: [x y z a b] [x y z a b]  
Example 3: [p q r s t] [p q r s t]  

[[d f h j e] [d f h j e]]
Filtered Qwen output: d f h j e] [d f h j e
trial 2 of 10...
trial 3 of 10...
trial 4 of 10...
trial 5 of 10...
trial 6 of 10...
trial 7 of 10...
trial 8 of 10...
trial 9 of 10...
trial 10 of 10...
Problem type: longer_targ - 2/20
trial 1 of 10...

=== PROMPT ===

Use the following alphabet to guess the missing piece.

a b c d m f g h i j k l e n o p q r s t u v w x y z

Note that the alphabet may be in an unfamiliar order. Complete the pattern using this order.

[b c d m] [b c d f]
[m f g h i j k l] [ ? ]

First, describe 3 relevant exemplars that are distinct from this problem. Then give the final answer. Answer with only the examples and the final answer with no further explanation. Put your final answer between double brackets.


--- TARGET LETTERS ---

['m', 'f', 'g', 'h', 'i', 'j', 'k', 'e']
Full Qwen output: Example 1: [a b c d] [a b c e]  
Example 2: [x y z a] [x y z b]  
Example 3: [p q r s] [p q r t]  

[[m f g h]]
Filtered Qwen output: m f g h
trial 2 of 10...
trial 3 of 10...
trial 4 of 10...
trial 5 of 10...
trial 6 of 10...
trial 7 of 10...
trial 8 of 10...
trial 9 of 10...
trial 10 of 10...
Problem type: group - 3/20
trial 1 of 10...

=== PROMPT ===

Use the following alphabet to guess the missing piece.

a b c d m f g h i j k l e n o p q r s t u v w x y z

Note that the alphabet may be in an unfamiliar order. Complete the pattern using this order.

[o n p q r] [n o p q r]
[j j l l k k e e n n] [ ? ]

First, describe 3 relevant exemplars that are distinct from this problem. Then give the final answer. Answer with only the examples and the final answer with no further explanation. Put your final answer between double brackets.


--- TARGET LETTERS ---

['j', 'j', 'k', 'k', 'l', 'l', 'e', 'e', 'n', 'n']
Full Qwen output: 1. cat : dog :: bird : ?  
2. red : blue :: green : ?  
3. hot : cold :: light : ?  

[[e e k k l l]]
Filtered Qwen output: e e k k l l
trial 2 of 10...
trial 3 of 10...
trial 4 of 10...
trial 5 of 10...
trial 6 of 10...
trial 7 of 10...
trial 8 of 10...
trial 9 of 10...
trial 10 of 10...
Problem type: interleaved - 4/20
trial 1 of 10...

=== PROMPT ===

Use the following alphabet to guess the missing piece.

a b c d m f g h i j k l e n o p q r s t u v w x y z

Note that the alphabet may be in an unfamiliar order. Complete the pattern using this order.

[d m f f g h] [d m f g h]
[i x i x j x k x l x e x] [ ? ]

First, describe 3 relevant exemplars that are distinct from this problem. Then give the final answer. Answer with only the examples and the final answer with no further explanation. Put your final answer between double brackets.


--- TARGET LETTERS ---

['i', 'x', 'j', 'x', 'k', 'x', 'l', 'x', 'e', 'x']
Full Qwen output: 1. cat : dog :: bird : ?  
2. red : blue :: green : ?  
3. square : rectangle :: circle : ?  

[[i x i x j x k x l x e x x]]
Filtered Qwen output: i x i x j x k x l x e x x
trial 2 of 10...
trial 3 of 10...
trial 4 of 10...
trial 5 of 10...
trial 6 of 10...
trial 7 of 10...
trial 8 of 10...
trial 9 of 10...
trial 10 of 10...
Problem type: letter2num - 5/20
trial 1 of 10...

=== PROMPT ===

Use the following alphabet to guess the missing piece.

a b c d m f g h i j k l e n o p q r s t u v w x y z

Note that the alphabet may be in an unfamiliar order. Complete the pattern using this order.

[p q r s] [p q r t]
[10 11 12 13] [ ? ]

First, describe 3 relevant exemplars that are distinct from this problem. Then give the final answer. Answer with only the examples and the final answer with no further explanation. Put your final answer between double brackets.


--- TARGET LETTERS ---

[np.int64(10), np.int64(11), np.int64(12), np.int64(14)]
Full Qwen output: Example 1: [a b c d] [a b c e]  
Example 2: [x y z a] [x y z b]  
Example 3: [m n o p] [m n o q]  

[[10 11 12 14]]
Filtered Qwen output: 10 11 12 14
trial 2 of 10...
trial 3 of 10...
trial 4 of 10...
trial 5 of 10...
trial 6 of 10...
trial 7 of 10...
trial 8 of 10...
trial 9 of 10...
trial 10 of 10...
Problem type: reverse - 6/20
trial 1 of 10...

=== PROMPT ===

Use the following alphabet to guess the missing piece.

a b c d m f g h i j k l e n o p q r s t u v w x y z

Note that the alphabet may be in an unfamiliar order. Complete the pattern using this order.

[j k l e] [j k l n]
[q p o n] [ ? ]

First, describe 3 relevant exemplars that are distinct from this problem. Then give the final answer. Answer with only the examples and the final answer with no further explanation. Put your final answer between double brackets.


--- TARGET LETTERS ---

['q', 'p', 'o', 'e']
Full Qwen output: 1. [a b c d] [a b c e]  
2. [x y z a] [x y z b]  
3. [m n o p] [m n o q]  

[[q p o m]]
Filtered Qwen output: q p o m
trial 2 of 10...
trial 3 of 10...
trial 4 of 10...
trial 5 of 10...
trial 6 of 10...
trial 7 of 10...
trial 8 of 10...
trial 9 of 10...
trial 10 of 10...
Problem type: 2gen_split1 - 7/20
trial 1 of 10...

=== PROMPT ===

Use the following alphabet to guess the missing piece.

a b c d m f g h i j k l e n o p q r s t u v w x y z

Note that the alphabet may be in an unfamiliar order. Complete the pattern using this order.

[b c d m] [a c d m]
[g x i x k x e x] [ ? ]

First, describe 3 relevant exemplars that are distinct from this problem. Then give the final answer. Answer with only the examples and the final answer with no further explanation. Put your final answer between double brackets.


--- TARGET LETTERS ---

['m', 'x', 'i', 'x', 'k', 'x', 'e', 'x']
Full Qwen output: Example 1: [p q r s] [q r s t]  
Example 2: [x y z a] [y z a b]  
Example 3: [m n o p] [n o p q]  

[[g x i x k x e x] [x i x k x e x g]]
Filtered Qwen output: g x i x k x e x] [x i x k x e x g
trial 2 of 10...
trial 3 of 10...
trial 4 of 10...
trial 5 of 10...
trial 6 of 10...
trial 7 of 10...
trial 8 of 10...
trial 9 of 10...
trial 10 of 10...
Problem type: 2gen_split2 - 8/20
trial 1 of 10...

=== PROMPT ===

Use the following alphabet to guess the missing piece.

a b c d m f g h i j k l e n o p q r s t u v w x y z

Note that the alphabet may be in an unfamiliar order. Complete the pattern using this order.

[e n o p] [e n o q]
[1 1 2 2 3 3 4 4] [ ? ]

First, describe 3 relevant exemplars that are distinct from this problem. Then give the final answer. Answer with only the examples and the final answer with no further explanation. Put your final answer between double brackets.


--- TARGET LETTERS ---

[np.int64(1), np.int64(1), np.int64(2), np.int64(2), np.int64(3), np.int64(3), np.int64(5), np.int64(5)]
Full Qwen output: 1. apple banana cherry  
2. red blue green  
3. north south east  

[[e n o r]]
Filtered Qwen output: e n o r
trial 2 of 10...
trial 3 of 10...
trial 4 of 10...
trial 5 of 10...
trial 6 of 10...
trial 7 of 10...
trial 8 of 10...
trial 9 of 10...
trial 10 of 10...
Problem type: 2gen_split3 - 9/20
trial 1 of 10...

=== PROMPT ===

Use the following alphabet to guess the missing piece.

a b c d m f g h i j k l e n o p q r s t u v w x y z

Note that the alphabet may be in an unfamiliar order. Complete the pattern using this order.

[e n o p v] [e n o p q]
[k v o q s u w y] [ ? ]

First, describe 3 relevant exemplars that are distinct from this problem. Then give the final answer. Answer with only the examples and the final answer with no further explanation. Put your final answer between double brackets.


--- TARGET LETTERS ---

['k', 'e', 'o', 'q', 's', 'u', 'w', 'y']
Full Qwen output: 1. [a b c d] [e f g h]  
2. [x y z a] [b c d e]  
3. [m n o p] [q r s t]  

[[k v o q s u w y] [k v o q s u w x]]
Filtered Qwen output: k v o q s u w y] [k v o q s u w x
trial 2 of 10...
trial 3 of 10...
trial 4 of 10...
trial 5 of 10...
trial 6 of 10...
trial 7 of 10...
trial 8 of 10...
trial 9 of 10...
trial 10 of 10...
Problem type: 2gen_split4 - 10/20
trial 1 of 10...

=== PROMPT ===

Use the following alphabet to guess the missing piece.

a b c d m f g h i j k l e n o p q r s t u v w x y z

Note that the alphabet may be in an unfamiliar order. Complete the pattern using this order.

[k l e n] [k l e n o]
[a a b b c c d d m m f f g g h h] [ ? ]

First, describe 3 relevant exemplars that are distinct from this problem. Then give the final answer. Answer with only the examples and the final answer with no further explanation. Put your final answer between double brackets.


--- TARGET LETTERS ---

['a', 'a', 'b', 'b', 'c', 'c', 'd', 'd', 'm', 'm', 'f', 'f', 'g', 'g', 'h', 'h', 'i', 'i']
Full Qwen output: 1. [a b c d] [a b c d e]  
2. [x x y y z z] [x x y y z z a a]  
3. [p q r s t] [p q r s t u]  

[[a a b b c c d d m m f f g g h h i i]]
Filtered Qwen output: a a b b c c d d m m f f g g h h i i
trial 2 of 10...
trial 3 of 10...
trial 4 of 10...
trial 5 of 10...
trial 6 of 10...
trial 7 of 10...
trial 8 of 10...
trial 9 of 10...
trial 10 of 10...
Problem type: 2gen_split5 - 11/20
trial 1 of 10...

=== PROMPT ===

Use the following alphabet to guess the missing piece.

a b c d m f g h i j k l e n o p q r s t u v w x y z

Note that the alphabet may be in an unfamiliar order. Complete the pattern using this order.

[w x y z] [v x y z]
[i x k x e x o x] [ ? ]

First, describe 3 relevant exemplars that are distinct from this problem. Then give the final answer. Answer with only the examples and the final answer with no further explanation. Put your final answer between double brackets.


--- TARGET LETTERS ---

['g', 'x', 'k', 'x', 'e', 'x', 'o', 'x']
Full Qwen output: 1. [a b c d] [b c d e]  
2. [p q r s] [q r s t]  
3. [m n o p] [n o p q]  

[[j x l x g x q x]]
Filtered Qwen output: j x l x g x q x
trial 2 of 10...
trial 3 of 10...
trial 4 of 10...
trial 5 of 10...
trial 6 of 10...
trial 7 of 10...
trial 8 of 10...
trial 9 of 10...
trial 10 of 10...
Problem type: 2gen_split6 - 12/20
trial 1 of 10...

=== PROMPT ===

Use the following alphabet to guess the missing piece.

a b c d m f g h i j k l e n o p q r s t u v w x y z

Note that the alphabet may be in an unfamiliar order. Complete the pattern using this order.

[c d m f] [c d m g]
[i x h x g x f x] [ ? ]

First, describe 3 relevant exemplars that are distinct from this problem. Then give the final answer. Answer with only the examples and the final answer with no further explanation. Put your final answer between double brackets.


--- TARGET LETTERS ---

['i', 'x', 'h', 'x', 'g', 'x', 'm', 'x']
Full Qwen output: Example 1: [a b c d] [a b c e]  
Example 2: [p q r s] [p q r t]  
Example 3: [x y z a] [x y z b]  

[[i x h x g x f y]]
Filtered Qwen output: i x h x g x f y
trial 2 of 10...
trial 3 of 10...
trial 4 of 10...
trial 5 of 10...
trial 6 of 10...
trial 7 of 10...
trial 8 of 10...
trial 9 of 10...
trial 10 of 10...
Problem type: 2gensplit7 - 13/20
trial 1 of 10...

=== PROMPT ===

Use the following alphabet to guess the missing piece.

a b c d m f g h i j k l e n o p q r s t u v w x y z

Note that the alphabet may be in an unfamiliar order. Complete the pattern using this order.

[u v w x g] [u v w x y]
[z x g x i x k x e x] [ ? ]

First, describe 3 relevant exemplars that are distinct from this problem. Then give the final answer. Answer with only the examples and the final answer with no further explanation. Put your final answer between double brackets.


--- TARGET LETTERS ---

['m', 'x', 'g', 'x', 'i', 'x', 'k', 'x', 'e', 'x']
Full Qwen output: 1. [a b c d e] [f g h i j]  
2. [p q r s t] [u v w x y]  
3. [m n o p q] [r s t u v]  

[[z x g x i x k x e x] [z x g x i x k x e x y]]
Filtered Qwen output: z x g x i x k x e x] [z x g x i x k x e x y
trial 2 of 10...
trial 3 of 10...
trial 4 of 10...
trial 5 of 10...
trial 6 of 10...
trial 7 of 10...
trial 8 of 10...
trial 9 of 10...
trial 10 of 10...
Problem type: 3gen_split1 - 14/20
trial 1 of 10...

=== PROMPT ===

Use the following alphabet to guess the missing piece.

a b c d m f g h i j k l e n o p q r s t u v w x y z

Note that the alphabet may be in an unfamiliar order. Complete the pattern using this order.

[l e n o] [l e n o p]
[x x v v t t r r] [ ? ]

First, describe 3 relevant exemplars that are distinct from this problem. Then give the final answer. Answer with only the examples and the final answer with no further explanation. Put your final answer between double brackets.


--- TARGET LETTERS ---

['x', 'x', 'v', 'v', 't', 't', 'r', 'r', 'p', 'p']
Full Qwen output: 1. [a b c d] [a b c d e]  
2. [m n o p] [m n o p q]  
3. [f g h i] [f g h i j]  

[[x x v v t t r r s s]]
Filtered Qwen output: x x v v t t r r s s
trial 2 of 10...
trial 3 of 10...
trial 4 of 10...
trial 5 of 10...
trial 6 of 10...
trial 7 of 10...
trial 8 of 10...
trial 9 of 10...
trial 10 of 10...
Problem type: 3gen_split2 - 15/20
trial 1 of 10...

=== PROMPT ===

Use the following alphabet to guess the missing piece.

a b c d m f g h i j k l e n o p q r s t u v w x y z

Note that the alphabet may be in an unfamiliar order. Complete the pattern using this order.

[r s t u] [r s t v]
[e x k x i x g x] [ ? ]

First, describe 3 relevant exemplars that are distinct from this problem. Then give the final answer. Answer with only the examples and the final answer with no further explanation. Put your final answer between double brackets.


--- TARGET LETTERS ---

['e', 'x', 'k', 'x', 'i', 'x', 'm', 'x']
Full Qwen output: 1. [a b c d] [a b c e]  
2. [x y z a] [x y z b]  
3. [p q r s] [p q r t]  

[[e x k x i x g x] [e x k x i x g y]]
Filtered Qwen output: e x k x i x g x] [e x k x i x g y
trial 2 of 10...
trial 3 of 10...
trial 4 of 10...
trial 5 of 10...
trial 6 of 10...
trial 7 of 10...
trial 8 of 10...
trial 9 of 10...
trial 10 of 10...
Problem type: 3gen_split3 - 16/20
trial 1 of 10...

=== PROMPT ===

Use the following alphabet to guess the missing piece.

a b c d m f g h i j k l e n o p q r s t u v w x y z

Note that the alphabet may be in an unfamiliar order. Complete the pattern using this order.

[b c d m] [b c d f]
[17 0 19 0 21 0 23 0] [ ? ]

First, describe 3 relevant exemplars that are distinct from this problem. Then give the final answer. Answer with only the examples and the final answer with no further explanation. Put your final answer between double brackets.


--- TARGET LETTERS ---

[np.int64(17), '0', np.int64(19), '0', np.int64(21), '0', np.int64(25), '0']
Full Qwen output: Example 1: [a b c d] [a b c e]  
Example 2: [x y z a] [x y z c]  
Example 3: [p q r s] [p q r t]  

[[b c d f]]
Filtered Qwen output: b c d f
trial 2 of 10...
trial 3 of 10...
trial 4 of 10...
trial 5 of 10...
trial 6 of 10...
trial 7 of 10...
trial 8 of 10...
trial 9 of 10...
trial 10 of 10...
Problem type: 3gen_split4 - 17/20
trial 1 of 10...

=== PROMPT ===

Use the following alphabet to guess the missing piece.

a b c d m f g h i j k l e n o p q r s t u v w x y z

Note that the alphabet may be in an unfamiliar order. Complete the pattern using this order.

[f g h i] [f g h j]
[k k i i g g m m] [ ? ]

First, describe 3 relevant exemplars that are distinct from this problem. Then give the final answer. Answer with only the examples and the final answer with no further explanation. Put your final answer between double brackets.


--- TARGET LETTERS ---

['k', 'k', 'i', 'i', 'g', 'g', 'c', 'c']
Full Qwen output: 1. [a b c d] [a b c e]  
2. [x y z a] [x y z b]  
3. [p q r s] [p q r t]  

[[k k i i g g m n]]
Filtered Qwen output: k k i i g g m n
trial 2 of 10...
trial 3 of 10...
trial 4 of 10...
trial 5 of 10...
trial 6 of 10...
trial 7 of 10...
trial 8 of 10...
trial 9 of 10...
trial 10 of 10...
Problem type: 3gen_split5 - 18/20
trial 1 of 10...

=== PROMPT ===

Use the following alphabet to guess the missing piece.

a b c d m f g h i j k l e n o p q r s t u v w x y z

Note that the alphabet may be in an unfamiliar order. Complete the pattern using this order.

[q r s t] [p r s t]
[i i x x k k x x e e x x o o x x] [ ? ]

First, describe 3 relevant exemplars that are distinct from this problem. Then give the final answer. Answer with only the examples and the final answer with no further explanation. Put your final answer between double brackets.


--- TARGET LETTERS ---

['g', 'g', 'x', 'x', 'k', 'k', 'x', 'x', 'e', 'e', 'x', 'x', 'o', 'o', 'x', 'x']
Full Qwen output: 1. [a b c d] [d c b a]  
2. [x y z a] [z y x a]  
3. [m n o p] [o p n m]  

[[i i x x k k x x e e x x o o x x] [i i x x k k x x e e x x o o x x]]
Filtered Qwen output: i i x x k k x x e e x x o o x x] [i i x x k k x x e e x x o o x x
trial 2 of 10...
trial 3 of 10...
trial 4 of 10...
trial 5 of 10...
trial 6 of 10...
trial 7 of 10...
trial 8 of 10...
trial 9 of 10...
trial 10 of 10...
Problem type: 3gen_split6 - 19/20
trial 1 of 10...

=== PROMPT ===

Use the following alphabet to guess the missing piece.

a b c d m f g h i j k l e n o p q r s t u v w x y z

Note that the alphabet may be in an unfamiliar order. Complete the pattern using this order.

[d j f g h] [d m f g h]
[b x k x i x g x m x] [ ? ]

First, describe 3 relevant exemplars that are distinct from this problem. Then give the final answer. Answer with only the examples and the final answer with no further explanation. Put your final answer between double brackets.


--- TARGET LETTERS ---

['e', 'x', 'k', 'x', 'i', 'x', 'g', 'x', 'm', 'x']
Full Qwen output: 1. cat : dog :: bird : ?  
2. red : blue :: green : ?  
3. square : rectangle :: circle : ?

[[b x k x i x g x m x] [b x k x i x g x m x]]
Filtered Qwen output: b x k x i x g x m x] [b x k x i x g x m x
trial 2 of 10...
trial 3 of 10...
trial 4 of 10...
trial 5 of 10...
trial 6 of 10...
trial 7 of 10...
trial 8 of 10...
trial 9 of 10...
trial 10 of 10...
Problem type: 3gensplit7 - 20/20
trial 1 of 10...

=== PROMPT ===

Use the following alphabet to guess the missing piece.

a b c d m f g h i j k l e n o p q r s t u v w x y z

Note that the alphabet may be in an unfamiliar order. Complete the pattern using this order.

[d m f f g h] [d m f g h]
[1 0 2 0 3 0 4 0 5 0 6 0 7 0 8 0 9 0 9 0] [ ? ]

First, describe 3 relevant exemplars that are distinct from this problem. Then give the final answer. Answer with only the examples and the final answer with no further explanation. Put your final answer between double brackets.


--- TARGET LETTERS ---

[np.int64(1), '0', np.int64(2), '0', np.int64(3), '0', np.int64(4), '0', np.int64(5), '0', np.int64(6), '0', np.int64(7), '0', np.int64(8), '0', np.int64(9), '0']
Full Qwen output: Example1: [a b c d e f] [a b c d e]  
Example2: [x y z a b c] [x y z a b]  
Example3: [p q r s t u] [p q r s t]  

[[d m f g h i]]
Filtered Qwen output: d m f g h i
trial 2 of 10...
trial 3 of 10...
trial 4 of 10...
trial 5 of 10...
trial 6 of 10...
trial 7 of 10...
trial 8 of 10...
trial 9 of 10...
trial 10 of 10...
Saved ./Qwen_Qwen3-14B_prob_predictions_multi_alph/gen/Qwen_Qwen3-14B_letterstring_results_2_multi_alph_gptprobs_analogical.npz
Total time: 3969.3320682048798 seconds.
Loading model Qwen/Qwen3-14B...
GPU memory available: 39.49 GB
`torch_dtype` is deprecated! Use `dtype` instead!
Flash Attention 2 not available (FlashAttention2 has been toggled on, but it cannot be used due to the following error: the package flash_attn seems to be not installed. Please refer to the documentation of https://huggingface.co/docs/transformers/perf_infer_gpu_one#flashattention-2 to install Flash Attention 2.), using default attention
Loading checkpoint shards:   0%|          | 0/8 [00:00<?, ?it/s]Loading checkpoint shards:  12%|█▎        | 1/8 [00:01<00:11,  1.71s/it]Loading checkpoint shards:  25%|██▌       | 2/8 [00:03<00:10,  1.73s/it]Loading checkpoint shards:  38%|███▊      | 3/8 [00:05<00:08,  1.72s/it]Loading checkpoint shards:  50%|█████     | 4/8 [00:06<00:06,  1.72s/it]Loading checkpoint shards:  62%|██████▎   | 5/8 [00:08<00:05,  1.71s/it]Loading checkpoint shards:  75%|███████▌  | 6/8 [00:10<00:03,  1.70s/it]Loading checkpoint shards:  88%|████████▊ | 7/8 [00:11<00:01,  1.70s/it]Loading checkpoint shards: 100%|██████████| 8/8 [00:12<00:00,  1.42s/it]Loading checkpoint shards: 100%|██████████| 8/8 [00:12<00:00,  1.60s/it]
Model loaded with default attention
Model device: cuda:0
GPU memory allocated: 27.51 GB, reserved: 27.51 GB
Model loaded. Loading tokenizer...
Model Qwen/Qwen3-14B and tokenizer loaded.
alph_0
a n c d e f g h i j k l m b q p u r s t o v w x y z
Problem type: larger_int - 1/20
trial 1 of 10...

=== PROMPT ===

Use the following alphabet to guess the missing piece.

a n c d e f g h i j k l m b q p u r s t o v w x y z

Note that the alphabet may be in an unfamiliar order. Complete the pattern using this order.

[g h i j] [f h i j]
[d f h j] [ ? ]

First, describe 3 relevant exemplars that are distinct from this problem. Then give the final answer. Answer with only the examples and the final answer with no further explanation. Put your final answer between double brackets.


--- TARGET LETTERS ---

['n', 'f', 'h', 'j']
The following generation flags are not valid and may be ignored: ['temperature', 'top_k']. Set `TRANSFORMERS_VERBOSITY=info` for more details.
Full Qwen output: Example 1: [a b c d] [c d e f]  
Example 2: [x y z a] [z a b c]  
Example 3: [m n o p] [o p q r]  

[[b d f h]]
Filtered Qwen output: b d f h
trial 2 of 10...
trial 3 of 10...
trial 4 of 10...
trial 5 of 10...
trial 6 of 10...
trial 7 of 10...
trial 8 of 10...
trial 9 of 10...
trial 10 of 10...
Problem type: longer_targ - 2/20
trial 1 of 10...

=== PROMPT ===

Use the following alphabet to guess the missing piece.

a n c d e f g h i j k l m b q p u r s t o v w x y z

Note that the alphabet may be in an unfamiliar order. Complete the pattern using this order.

[m b q p u u] [m b q p u]
[r s t o v v w x y z] [ ? ]

First, describe 3 relevant exemplars that are distinct from this problem. Then give the final answer. Answer with only the examples and the final answer with no further explanation. Put your final answer between double brackets.


--- TARGET LETTERS ---

['r', 's', 't', 'o', 'v', 'w', 'x', 'y', 'z']
Full Qwen output: 1. cat -> dog  
2. red -> blue  
3. apple -> orange  

[[r s t o v w x y z]]
Filtered Qwen output: r s t o v w x y z
trial 2 of 10...
trial 3 of 10...
trial 4 of 10...
trial 5 of 10...
trial 6 of 10...
trial 7 of 10...
trial 8 of 10...
trial 9 of 10...
trial 10 of 10...
Problem type: group - 3/20
trial 1 of 10...

=== PROMPT ===

Use the following alphabet to guess the missing piece.

a n c d e f g h i j k l m b q p u r s t o v w x y z

Note that the alphabet may be in an unfamiliar order. Complete the pattern using this order.

[w x y z] [v x y z]
[o o v v w w x x] [ ? ]

First, describe 3 relevant exemplars that are distinct from this problem. Then give the final answer. Answer with only the examples and the final answer with no further explanation. Put your final answer between double brackets.


--- TARGET LETTERS ---

['t', 't', 'v', 'v', 'w', 'w', 'x', 'x']
Full Qwen output: 1. [a b c d] [b c d e]  
2. [p q r s] [q r s t]  
3. [m n o p] [n o p q]  

[[o o v v w w x x] [o o v v w w x x y y]]
Filtered Qwen output: o o v v w w x x] [o o v v w w x x y y
trial 2 of 10...
trial 3 of 10...
trial 4 of 10...
trial 5 of 10...
trial 6 of 10...
trial 7 of 10...
trial 8 of 10...
trial 9 of 10...
trial 10 of 10...
Problem type: interleaved - 4/20
trial 1 of 10...

=== PROMPT ===

Use the following alphabet to guess the missing piece.

a n c d e f g h i j k l m b q p u r s t o v w x y z

Note that the alphabet may be in an unfamiliar order. Complete the pattern using this order.

[o v l x y] [o v w x y]
[p x u x w x s x t x] [ ? ]

First, describe 3 relevant exemplars that are distinct from this problem. Then give the final answer. Answer with only the examples and the final answer with no further explanation. Put your final answer between double brackets.


--- TARGET LETTERS ---

['p', 'x', 'u', 'x', 'r', 'x', 's', 'x', 't', 'x']
Full Qwen output: 1. [a b c d e] [a b c d e f]  
2. [m n o p q] [m n o p q r]  
3. [z y x w v] [z y x w v u]  

[[p x u x w x s x t x] [p x u x w x s x t x o]]
Filtered Qwen output: p x u x w x s x t x] [p x u x w x s x t x o
trial 2 of 10...
trial 3 of 10...
trial 4 of 10...
trial 5 of 10...
trial 6 of 10...
trial 7 of 10...
trial 8 of 10...
trial 9 of 10...
trial 10 of 10...
Problem type: letter2num - 5/20
trial 1 of 10...

=== PROMPT ===

Use the following alphabet to guess the missing piece.

a n c d e f g h i j k l m b q p u r s t o v w x y z

Note that the alphabet may be in an unfamiliar order. Complete the pattern using this order.

[a n c d] [a n c e]
[19 20 21 22] [ ? ]

First, describe 3 relevant exemplars that are distinct from this problem. Then give the final answer. Answer with only the examples and the final answer with no further explanation. Put your final answer between double brackets.


--- TARGET LETTERS ---

[np.int64(19), np.int64(20), np.int64(21), np.int64(23)]
Full Qwen output: Example 1: [a b c d] [a b c e]  
Example 2: [x y z a] [x y z b]  
Example 3: [m n o p] [m n o q]  

[[a n c f]]
Filtered Qwen output: a n c f
trial 2 of 10...
trial 3 of 10...
trial 4 of 10...
trial 5 of 10...
trial 6 of 10...
trial 7 of 10...
trial 8 of 10...
trial 9 of 10...
trial 10 of 10...
Problem type: reverse - 6/20
trial 1 of 10...

=== PROMPT ===

Use the following alphabet to guess the missing piece.

a n c d e f g h i j k l m b q p u r s t o v w x y z

Note that the alphabet may be in an unfamiliar order. Complete the pattern using this order.

[o v w x y y] [o v w x y]
[e d c n n a] [ ? ]

First, describe 3 relevant exemplars that are distinct from this problem. Then give the final answer. Answer with only the examples and the final answer with no further explanation. Put your final answer between double brackets.


--- TARGET LETTERS ---

['e', 'd', 'c', 'n', 'a']
Full Qwen output: 1. [a b c d e f] [a b c d e]  
2. [z y x w v u] [z y x w v]  
3. [m l k j i h] [m l k j i]  

[[e d c n n]]
Filtered Qwen output: e d c n n
trial 2 of 10...
trial 3 of 10...
trial 4 of 10...
trial 5 of 10...
trial 6 of 10...
trial 7 of 10...
trial 8 of 10...
trial 9 of 10...
trial 10 of 10...
Problem type: 2gen_split1 - 7/20
trial 1 of 10...

=== PROMPT ===

Use the following alphabet to guess the missing piece.

a n c d e f g h i j k l m b q p u r s t o v w x y z

Note that the alphabet may be in an unfamiliar order. Complete the pattern using this order.

[l m b p q] [l m b q p]
[f f d d h h j j l l] [ ? ]

First, describe 3 relevant exemplars that are distinct from this problem. Then give the final answer. Answer with only the examples and the final answer with no further explanation. Put your final answer between double brackets.


--- TARGET LETTERS ---

['d', 'd', 'f', 'f', 'h', 'h', 'j', 'j', 'l', 'l']
Full Qwen output: 1. cat dog bird  
2. red blue green  
3. apple banana orange  

[[f f d d h h j j l l] [f f d d h h j j l l]]
Filtered Qwen output: f f d d h h j j l l] [f f d d h h j j l l
trial 2 of 10...
trial 3 of 10...
trial 4 of 10...
trial 5 of 10...
trial 6 of 10...
trial 7 of 10...
trial 8 of 10...
trial 9 of 10...
trial 10 of 10...
Problem type: 2gen_split2 - 8/20
trial 1 of 10...

=== PROMPT ===

Use the following alphabet to guess the missing piece.

a n c d e f g h i j k l m b q p u r s t o v w x y z

Note that the alphabet may be in an unfamiliar order. Complete the pattern using this order.

[k l f b q] [k l m b q]
[q x u x s x o x h x] [ ? ]

First, describe 3 relevant exemplars that are distinct from this problem. Then give the final answer. Answer with only the examples and the final answer with no further explanation. Put your final answer between double brackets.


--- TARGET LETTERS ---

['q', 'x', 'u', 'x', 's', 'x', 'o', 'x', 'w', 'x']
Full Qwen output: 1. cat : dog :: bird : ?  
2. red : blue :: green : ?  
3. jump : leap :: run : ?  

[[q x u x s x o x h x] [q x u x s x o x h x]]
Filtered Qwen output: q x u x s x o x h x] [q x u x s x o x h x
trial 2 of 10...
trial 3 of 10...
trial 4 of 10...
trial 5 of 10...
trial 6 of 10...
trial 7 of 10...
trial 8 of 10...
trial 9 of 10...
trial 10 of 10...
Problem type: 2gen_split3 - 9/20
trial 1 of 10...

=== PROMPT ===

Use the following alphabet to guess the missing piece.

a n c d e f g h i j k l m b q p u r s t o v w x y z

Note that the alphabet may be in an unfamiliar order. Complete the pattern using this order.

[q p u r] [q p u r s]
[j x k x l x m x b x q x p x u x] [ ? ]

First, describe 3 relevant exemplars that are distinct from this problem. Then give the final answer. Answer with only the examples and the final answer with no further explanation. Put your final answer between double brackets.


--- TARGET LETTERS ---

['j', 'x', 'k', 'x', 'l', 'x', 'm', 'x', 'b', 'x', 'q', 'x', 'p', 'x', 'u', 'x', 'r', 'x']
Full Qwen output: 1. [a b c d] [a b c d e]  
2. [x y z a] [x y z a b]  
3. [m n o p] [m n o p q]  

[[j x k x l x m x b x q x p x u x] [j x k x l x m x b x q x p x u x r]]
Filtered Qwen output: j x k x l x m x b x q x p x u x] [j x k x l x m x b x q x p x u x r
trial 2 of 10...
trial 3 of 10...
trial 4 of 10...
trial 5 of 10...
trial 6 of 10...
trial 7 of 10...
trial 8 of 10...
trial 9 of 10...
trial 10 of 10...
Problem type: 2gen_split4 - 10/20
trial 1 of 10...

=== PROMPT ===

Use the following alphabet to guess the missing piece.

a n c d e f g h i j k l m b q p u r s t o v w x y z

Note that the alphabet may be in an unfamiliar order. Complete the pattern using this order.

[q p u r] [q p u s]
[b b x x q q x x p p x x u u x x] [ ? ]

First, describe 3 relevant exemplars that are distinct from this problem. Then give the final answer. Answer with only the examples and the final answer with no further explanation. Put your final answer between double brackets.


--- TARGET LETTERS ---

['b', 'b', 'x', 'x', 'q', 'q', 'x', 'x', 'p', 'p', 'x', 'x', 'r', 'r', 'x', 'x']
Full Qwen output: 1. cat : dog :: bird : ?  
2. red : blue :: green : ?  
3. happy : sad :: hot : ?  

[[b b x x q q x x p p x x u u x x q q x x p p x x u u x x]]
Filtered Qwen output: b b x x q q x x p p x x u u x x q q x x p p x x u u x x
trial 2 of 10...
trial 3 of 10...
trial 4 of 10...
trial 5 of 10...
trial 6 of 10...
trial 7 of 10...
trial 8 of 10...
trial 9 of 10...
trial 10 of 10...
Problem type: 2gen_split5 - 11/20
trial 1 of 10...

=== PROMPT ===

Use the following alphabet to guess the missing piece.

a n c d e f g h i j k l m b q p u r s t o v w x y z

Note that the alphabet may be in an unfamiliar order. Complete the pattern using this order.

[b q p g r] [b q p u r]
[w w v v o o k k s s] [ ? ]

First, describe 3 relevant exemplars that are distinct from this problem. Then give the final answer. Answer with only the examples and the final answer with no further explanation. Put your final answer between double brackets.


--- TARGET LETTERS ---

['w', 'w', 'v', 'v', 'o', 'o', 't', 't', 's', 's']
Full Qwen output: 1. cat -> dog  
2. red -> blue  
3. hot -> cold  

[[w w v v o o k k s s] [w w v v o o k k s s]]
Filtered Qwen output: w w v v o o k k s s] [w w v v o o k k s s
trial 2 of 10...
trial 3 of 10...
trial 4 of 10...
trial 5 of 10...
trial 6 of 10...
trial 7 of 10...
trial 8 of 10...
trial 9 of 10...
trial 10 of 10...
Problem type: 2gen_split6 - 12/20
trial 1 of 10...

=== PROMPT ===

Use the following alphabet to guess the missing piece.

a n c d e f g h i j k l m b q p u r s t o v w x y z

Note that the alphabet may be in an unfamiliar order. Complete the pattern using this order.

[t u r s p] [p u r s t]
[14 10 12 8 16] [ ? ]

First, describe 3 relevant exemplars that are distinct from this problem. Then give the final answer. Answer with only the examples and the final answer with no further explanation. Put your final answer between double brackets.


--- TARGET LETTERS ---

[np.int64(8), np.int64(10), np.int64(12), np.int64(14), np.int64(16)]
Full Qwen output: 1. cat -> dog  
2. red -> blue  
3. hot -> cold  

[[14 10 12 8 16]]
Filtered Qwen output: 14 10 12 8 16
trial 2 of 10...
trial 3 of 10...
trial 4 of 10...
trial 5 of 10...
trial 6 of 10...
trial 7 of 10...
trial 8 of 10...
trial 9 of 10...
trial 10 of 10...
Problem type: 2gensplit7 - 13/20
trial 1 of 10...

=== PROMPT ===

Use the following alphabet to guess the missing piece.

a n c d e f g h i j k l m b q p u r s t o v w x y z

Note that the alphabet may be in an unfamiliar order. Complete the pattern using this order.

[n c d e] [n c d f]
[7 9 11 13] [ ? ]

First, describe 3 relevant exemplars that are distinct from this problem. Then give the final answer. Answer with only the examples and the final answer with no further explanation. Put your final answer between double brackets.


--- TARGET LETTERS ---

[np.int64(7), np.int64(9), np.int64(11), np.int64(15)]
Full Qwen output: Example 1: [a b c d] [a b c e]  
Example 2: [x y z a] [x y z b]  
Example 3: [p q r s] [p q r t]  

[[15]]
Filtered Qwen output: 15
trial 2 of 10...
trial 3 of 10...
trial 4 of 10...
trial 5 of 10...
trial 6 of 10...
trial 7 of 10...
trial 8 of 10...
trial 9 of 10...
trial 10 of 10...
Problem type: 3gen_split1 - 14/20
trial 1 of 10...

=== PROMPT ===

Use the following alphabet to guess the missing piece.

a n c d e f g h i j k l m b q p u r s t o v w x y z

Note that the alphabet may be in an unfamiliar order. Complete the pattern using this order.

[n c d e] [n c d f]
[18 0 17 0 16 0 15 0] [ ? ]

First, describe 3 relevant exemplars that are distinct from this problem. Then give the final answer. Answer with only the examples and the final answer with no further explanation. Put your final answer between double brackets.


--- TARGET LETTERS ---

[np.int64(18), '0', np.int64(17), '0', np.int64(16), '0', np.int64(14), '0']
Full Qwen output: Example 1: [a b c d] [a b c e]  
Example 2: [x y z a] [x y z b]  
Example 3: [m n o p] [m n o q]  

[[n c d e] [n c d f]  
[18 0 17 0 16 0 15 0] [18 0 17 0 16 0 14 0]]
Filtered Qwen output: n c d e] [n c d f]  
[18 0 17 0 16 0 15 0] [18 0 17 0 16 0 14 0
trial 2 of 10...
trial 3 of 10...
trial 4 of 10...
trial 5 of 10...
trial 6 of 10...
trial 7 of 10...
trial 8 of 10...
trial 9 of 10...
trial 10 of 10...
Problem type: 3gen_split2 - 15/20
trial 1 of 10...

=== PROMPT ===

Use the following alphabet to guess the missing piece.

a n c d e f g h i j k l m b q p u r s t o v w x y z

Note that the alphabet may be in an unfamiliar order. Complete the pattern using this order.

[a n c d] [a n c d e]
[k k x x l l x x m m x x b b x x q q x x p p x x u u x x r r x x] [ ? ]

First, describe 3 relevant exemplars that are distinct from this problem. Then give the final answer. Answer with only the examples and the final answer with no further explanation. Put your final answer between double brackets.


--- TARGET LETTERS ---

['k', 'k', 'x', 'x', 'l', 'l', 'x', 'x', 'm', 'm', 'x', 'x', 'b', 'b', 'x', 'x', 'q', 'q', 'x', 'x', 'p', 'p', 'x', 'x', 'u', 'u', 'x', 'x', 'r', 'r', 'x', 'x', 's', 's', 'x', 'x']
Full Qwen output: 1. cat -> dog  
2. red -> blue  
3. hot -> cold  

[[k k x x l l x x m m x x b b x x q q x x p p x x u u x x r r x x]]
Filtered Qwen output: k k x x l l x x m m x x b b x x q q x x p p x x u u x x r r x x
trial 2 of 10...
trial 3 of 10...
trial 4 of 10...
trial 5 of 10...
trial 6 of 10...
trial 7 of 10...
trial 8 of 10...
trial 9 of 10...
trial 10 of 10...
Problem type: 3gen_split3 - 16/20
trial 1 of 10...

=== PROMPT ===

Use the following alphabet to guess the missing piece.

a n c d e f g h i j k l m b q p u r s t o v w x y z

Note that the alphabet may be in an unfamiliar order. Complete the pattern using this order.

[p u h s t] [p u r s t]
[4 6 8 10 12 14 25 18 20] [ ? ]

First, describe 3 relevant exemplars that are distinct from this problem. Then give the final answer. Answer with only the examples and the final answer with no further explanation. Put your final answer between double brackets.


--- TARGET LETTERS ---

[np.int64(4), np.int64(6), np.int64(8), np.int64(10), np.int64(12), np.int64(14), np.int64(16), np.int64(18), np.int64(20)]
Full Qwen output: 1. cat : dog :: bird : ?  
2. apple : fruit :: carrot : ?  
3. north : south :: east : ?  

[[4 6 8 10 12 14 25 18 20] [4 6 8 10 12 14 25 18 20]]
Filtered Qwen output: 4 6 8 10 12 14 25 18 20] [4 6 8 10 12 14 25 18 20
trial 2 of 10...
trial 3 of 10...
trial 4 of 10...
trial 5 of 10...
trial 6 of 10...
trial 7 of 10...
trial 8 of 10...
trial 9 of 10...
trial 10 of 10...
Problem type: 3gen_split4 - 17/20
trial 1 of 10...

=== PROMPT ===

Use the following alphabet to guess the missing piece.

a n c d e f g h i j k l m b q p u r s t o v w x y z

Note that the alphabet may be in an unfamiliar order. Complete the pattern using this order.

[q p u r] [q p u s]
[25 24 23 22 21 20 19 18] [ ? ]

First, describe 3 relevant exemplars that are distinct from this problem. Then give the final answer. Answer with only the examples and the final answer with no further explanation. Put your final answer between double brackets.


--- TARGET LETTERS ---

[np.int64(25), np.int64(24), np.int64(23), np.int64(22), np.int64(21), np.int64(20), np.int64(19), np.int64(17)]
Full Qwen output: 1. cat : dog :: hat : ?  
2. sun : moon :: star : ?  
3. red : blue :: green : ?  

[[q p u t]]
Filtered Qwen output: q p u t
trial 2 of 10...
trial 3 of 10...
trial 4 of 10...
trial 5 of 10...
trial 6 of 10...
trial 7 of 10...
trial 8 of 10...
trial 9 of 10...
trial 10 of 10...
Problem type: 3gen_split5 - 18/20
trial 1 of 10...

=== PROMPT ===

Use the following alphabet to guess the missing piece.

a n c d e f g h i j k l m b q p u r s t o v w x y z

Note that the alphabet may be in an unfamiliar order. Complete the pattern using this order.

[n f d e c] [n c d e f]
[16 0 24 0 18 0 19 0 20 0 21 0 22 0 23 0 17 0] [ ? ]

First, describe 3 relevant exemplars that are distinct from this problem. Then give the final answer. Answer with only the examples and the final answer with no further explanation. Put your final answer between double brackets.


--- TARGET LETTERS ---

[np.int64(16), '0', np.int64(17), '0', np.int64(18), '0', np.int64(19), '0', np.int64(20), '0', np.int64(21), '0', np.int64(22), '0', np.int64(23), '0', np.int64(24), '0']
Full Qwen output: Example 1: [a b c d e] [b c d e f]  
Example 2: [x y z a b] [y z a b c]  
Example 3: [m n o p q] [n o p q r]  

[[n c d e f g h i j k l m b q p u r s t o v w x y z]]
Filtered Qwen output: n c d e f g h i j k l m b q p u r s t o v w x y z
trial 2 of 10...
trial 3 of 10...
trial 4 of 10...
trial 5 of 10...
trial 6 of 10...
trial 7 of 10...
trial 8 of 10...
trial 9 of 10...
trial 10 of 10...
Problem type: 3gen_split6 - 19/20
trial 1 of 10...

=== PROMPT ===

Use the following alphabet to guess the missing piece.

a n c d e f g h i j k l m b q p u r s t o v w x y z

Note that the alphabet may be in an unfamiliar order. Complete the pattern using this order.

[i j k l] [i j k m]
[y x w x o x s x] [ ? ]

First, describe 3 relevant exemplars that are distinct from this problem. Then give the final answer. Answer with only the examples and the final answer with no further explanation. Put your final answer between double brackets.


--- TARGET LETTERS ---

['y', 'x', 'w', 'x', 'o', 'x', 'u', 'x']
Full Qwen output: 1. [a b c d] [a b c e]  
2. [p q r s] [p q r t]  
3. [m n o p] [m n o q]  

[[y x w x o x s x] [y x w x o x s o]]
Filtered Qwen output: y x w x o x s x] [y x w x o x s o
trial 2 of 10...
trial 3 of 10...
trial 4 of 10...
trial 5 of 10...
trial 6 of 10...
trial 7 of 10...
trial 8 of 10...
trial 9 of 10...
trial 10 of 10...
Problem type: 3gensplit7 - 20/20
trial 1 of 10...

=== PROMPT ===

Use the following alphabet to guess the missing piece.

a n c d e f g h i j k l m b q p u r s t o v w x y z

Note that the alphabet may be in an unfamiliar order. Complete the pattern using this order.

[m b b q p u] [m b q p u]
[19 17 17 15 13 11] [ ? ]

First, describe 3 relevant exemplars that are distinct from this problem. Then give the final answer. Answer with only the examples and the final answer with no further explanation. Put your final answer between double brackets.


--- TARGET LETTERS ---

[np.int64(19), np.int64(17), np.int64(15), np.int64(13), np.int64(11)]
Full Qwen output: 1. cat : dog :: bird : ?  
2. apple : fruit :: car : ?  
3. north : south :: east : ?  

[[19 17 15 13 11]]
Filtered Qwen output: 19 17 15 13 11
trial 2 of 10...
trial 3 of 10...
trial 4 of 10...
trial 5 of 10...
trial 6 of 10...
trial 7 of 10...
trial 8 of 10...
trial 9 of 10...
trial 10 of 10...
alph_1
a b c d o f g h i j k r m n l p q x s t u v w e y z
Problem type: larger_int - 1/20
trial 1 of 10...

=== PROMPT ===

Use the following alphabet to guess the missing piece.

a b c d o f g h i j k r m n l p q x s t u v w e y z

Note that the alphabet may be in an unfamiliar order. Complete the pattern using this order.

[x s v u t] [x s t u v]
[x p t v e] [ ? ]

First, describe 3 relevant exemplars that are distinct from this problem. Then give the final answer. Answer with only the examples and the final answer with no further explanation. Put your final answer between double brackets.


--- TARGET LETTERS ---

['p', 'x', 't', 'v', 'e']
Full Qwen output: 1. [a b c d e] [e d c b a]  
2. [m n o p q] [q p o n m]  
3. [f g h i j] [j i h g f]  

[[x p v t e]]
Filtered Qwen output: x p v t e
trial 2 of 10...
trial 3 of 10...
trial 4 of 10...
trial 5 of 10...
trial 6 of 10...
trial 7 of 10...
trial 8 of 10...
trial 9 of 10...
trial 10 of 10...
Problem type: longer_targ - 2/20
trial 1 of 10...

=== PROMPT ===

Use the following alphabet to guess the missing piece.

a b c d o f g h i j k r m n l p q x s t u v w e y z

Note that the alphabet may be in an unfamiliar order. Complete the pattern using this order.

[x s t u] [x s t v]
[g h i j k r m n] [ ? ]

First, describe 3 relevant exemplars that are distinct from this problem. Then give the final answer. Answer with only the examples and the final answer with no further explanation. Put your final answer between double brackets.


--- TARGET LETTERS ---

['g', 'h', 'i', 'j', 'k', 'r', 'm', 'l']
Full Qwen output: 1. [a b c d] [a b c e]  
2. [p q r s] [p q r t]  
3. [f g h i] [f g h j]  

[[g h i j k r m o]]
Filtered Qwen output: g h i j k r m o
trial 2 of 10...
trial 3 of 10...
trial 4 of 10...
trial 5 of 10...
trial 6 of 10...
trial 7 of 10...
trial 8 of 10...
trial 9 of 10...
trial 10 of 10...
Problem type: group - 3/20
trial 1 of 10...

=== PROMPT ===

Use the following alphabet to guess the missing piece.

a b c d o f g h i j k r m n l p q x s t u v w e y z

Note that the alphabet may be in an unfamiliar order. Complete the pattern using this order.

[j k f m n] [j k r m n]
[m m h h i i j j k k] [ ? ]

First, describe 3 relevant exemplars that are distinct from this problem. Then give the final answer. Answer with only the examples and the final answer with no further explanation. Put your final answer between double brackets.


--- TARGET LETTERS ---

['g', 'g', 'h', 'h', 'i', 'i', 'j', 'j', 'k', 'k']
Full Qwen output: 1. cat : dog :: bird : ?  
2. red : blue :: green : ?  
3. square : rectangle :: circle : ?

[[m m h h i i j j k k] [m m h h i i j j k k]]
Filtered Qwen output: m m h h i i j j k k] [m m h h i i j j k k
trial 2 of 10...
trial 3 of 10...
trial 4 of 10...
trial 5 of 10...
trial 6 of 10...
trial 7 of 10...
trial 8 of 10...
trial 9 of 10...
trial 10 of 10...
Problem type: interleaved - 4/20
trial 1 of 10...

=== PROMPT ===

Use the following alphabet to guess the missing piece.

a b c d o f g h i j k r m n l p q x s t u v w e y z

Note that the alphabet may be in an unfamiliar order. Complete the pattern using this order.

[a c b d o] [a b c d o]
[n x l x x x q x p x] [ ? ]

First, describe 3 relevant exemplars that are distinct from this problem. Then give the final answer. Answer with only the examples and the final answer with no further explanation. Put your final answer between double brackets.


--- TARGET LETTERS ---

['n', 'x', 'l', 'x', 'p', 'x', 'q', 'x', 'x', 'x']
Full Qwen output: Example 1: [a b c d e] [a b c d e]  
Example 2: [x y z a b] [x y z a b]  
Example 3: [m n o p q] [m n o p q]  

[[n x l x x x q x p x] [n x l x x x q x p x]]
Filtered Qwen output: n x l x x x q x p x] [n x l x x x q x p x
trial 2 of 10...
trial 3 of 10...
trial 4 of 10...
trial 5 of 10...
trial 6 of 10...
trial 7 of 10...
trial 8 of 10...
trial 9 of 10...
trial 10 of 10...
Problem type: letter2num - 5/20
trial 1 of 10...

=== PROMPT ===

Use the following alphabet to guess the missing piece.

a b c d o f g h i j k r m n l p q x s t u v w e y z

Note that the alphabet may be in an unfamiliar order. Complete the pattern using this order.

[l p q x s s] [l p q x s]
[3 4 5 5 6 7] [ ? ]

First, describe 3 relevant exemplars that are distinct from this problem. Then give the final answer. Answer with only the examples and the final answer with no further explanation. Put your final answer between double brackets.


--- TARGET LETTERS ---

[np.int64(3), np.int64(4), np.int64(5), np.int64(6), np.int64(7)]
Full Qwen output: Example 1: [a b c d e f] [a b c d e]  
Example 2: [1 2 3 4 5 6] [1 2 3 4 5]  
Example 3: [m n o p q r] [m n o p q]  

[[l p q x s]]
Filtered Qwen output: l p q x s
trial 2 of 10...
trial 3 of 10...
trial 4 of 10...
trial 5 of 10...
trial 6 of 10...
trial 7 of 10...
trial 8 of 10...
trial 9 of 10...
trial 10 of 10...
Problem type: reverse - 6/20
trial 1 of 10...

=== PROMPT ===

Use the following alphabet to guess the missing piece.

a b c d o f g h i j k r m n l p q x s t u v w e y z

Note that the alphabet may be in an unfamiliar order. Complete the pattern using this order.

[o f g h] [d f g h]
[n m r k] [ ? ]

First, describe 3 relevant exemplars that are distinct from this problem. Then give the final answer. Answer with only the examples and the final answer with no further explanation. Put your final answer between double brackets.


--- TARGET LETTERS ---

['l', 'm', 'r', 'k']
Full Qwen output: Example 1: [a b c d] [e f g h]  
Example 2: [x y z a] [b c d e]  
Example 3: [p q r s] [t u v w]  

[[n m r k] [l m r j]]
Filtered Qwen output: n m r k] [l m r j
trial 2 of 10...
trial 3 of 10...
trial 4 of 10...
trial 5 of 10...
trial 6 of 10...
trial 7 of 10...
trial 8 of 10...
trial 9 of 10...
trial 10 of 10...
Problem type: 2gen_split1 - 7/20
trial 1 of 10...

=== PROMPT ===

Use the following alphabet to guess the missing piece.

a b c d o f g h i j k r m n l p q x s t u v w e y z

Note that the alphabet may be in an unfamiliar order. Complete the pattern using this order.

[f g h i] [f g h j]
[m m n n l l p p q q x x s s t t] [ ? ]

First, describe 3 relevant exemplars that are distinct from this problem. Then give the final answer. Answer with only the examples and the final answer with no further explanation. Put your final answer between double brackets.


--- TARGET LETTERS ---

['m', 'm', 'n', 'n', 'l', 'l', 'p', 'p', 'q', 'q', 'x', 'x', 's', 's', 'u', 'u']
Full Qwen output: 1. [a b c d] [a b c e]  
2. [x y z a] [x y z b]  
3. [p q r s] [p q r t]  

[[m m n n l l p p q q x x s s t t] [m m n n l l p p q q x x s s t t]]
Filtered Qwen output: m m n n l l p p q q x x s s t t] [m m n n l l p p q q x x s s t t
trial 2 of 10...
trial 3 of 10...
trial 4 of 10...
trial 5 of 10...
trial 6 of 10...
trial 7 of 10...
trial 8 of 10...
trial 9 of 10...
trial 10 of 10...
Problem type: 2gen_split2 - 8/20
trial 1 of 10...

=== PROMPT ===

Use the following alphabet to guess the missing piece.

a b c d o f g h i j k r m n l p q x s t u v w e y z

Note that the alphabet may be in an unfamiliar order. Complete the pattern using this order.

[v w e y] [v w e z]
[j x r x n x p x] [ ? ]

First, describe 3 relevant exemplars that are distinct from this problem. Then give the final answer. Answer with only the examples and the final answer with no further explanation. Put your final answer between double brackets.


--- TARGET LETTERS ---

['j', 'x', 'r', 'x', 'n', 'x', 'x', 'x']
Full Qwen output: 1. [a b c d] [e f g h]  
2. [x y z a] [b c d e]  
3. [m n o p] [q r s t]  

[[j x r x n x p x] [j x r x n x p x z]]
Filtered Qwen output: j x r x n x p x] [j x r x n x p x z
trial 2 of 10...
trial 3 of 10...
trial 4 of 10...
trial 5 of 10...
trial 6 of 10...
trial 7 of 10...
trial 8 of 10...
trial 9 of 10...
trial 10 of 10...
Problem type: 2gen_split3 - 9/20
trial 1 of 10...

=== PROMPT ===

Use the following alphabet to guess the missing piece.

a b c d o f g h i j k r m n l p q x s t u v w e y z

Note that the alphabet may be in an unfamiliar order. Complete the pattern using this order.

[o f g h] [o f g i]
[p x q x x x s x t x u x v x w x] [ ? ]

First, describe 3 relevant exemplars that are distinct from this problem. Then give the final answer. Answer with only the examples and the final answer with no further explanation. Put your final answer between double brackets.


--- TARGET LETTERS ---

['p', 'x', 'q', 'x', 'x', 'x', 's', 'x', 't', 'x', 'u', 'x', 'v', 'x', 'e', 'x']
Full Qwen output: 1. cat : dog :: hat : ?  
2. sun : moon :: star : ?  
3. red : blue :: green : ?  

[[p x q x x x s x t x u x v x w x] [p x q x x x s x t x u x v x w x]]
Filtered Qwen output: p x q x x x s x t x u x v x w x] [p x q x x x s x t x u x v x w x
trial 2 of 10...
trial 3 of 10...
trial 4 of 10...
trial 5 of 10...
trial 6 of 10...
trial 7 of 10...
trial 8 of 10...
trial 9 of 10...
trial 10 of 10...
Problem type: 2gen_split4 - 10/20
trial 1 of 10...

=== PROMPT ===

Use the following alphabet to guess the missing piece.

a b c d o f g h i j k r m n l p q x s t u v w e y z

Note that the alphabet may be in an unfamiliar order. Complete the pattern using this order.

[n m r l p] [r m n l p]
[j r n v x t p e z] [ ? ]

First, describe 3 relevant exemplars that are distinct from this problem. Then give the final answer. Answer with only the examples and the final answer with no further explanation. Put your final answer between double brackets.


--- TARGET LETTERS ---

['j', 'r', 'n', 'p', 'x', 't', 'v', 'e', 'z']
Full Qwen output: 1. cat dog bird  
2. red blue green  
3. apple banana orange  

[[j r n v x t p e z] [j r n v x t p e z]]
Filtered Qwen output: j r n v x t p e z] [j r n v x t p e z
trial 2 of 10...
trial 3 of 10...
trial 4 of 10...
trial 5 of 10...
trial 6 of 10...
trial 7 of 10...
trial 8 of 10...
trial 9 of 10...
trial 10 of 10...
Problem type: 2gen_split5 - 11/20
trial 1 of 10...

=== PROMPT ===

Use the following alphabet to guess the missing piece.

a b c d o f g h i j k r m n l p q x s t u v w e y z

Note that the alphabet may be in an unfamiliar order. Complete the pattern using this order.

[p i x s t] [p q x s t]
[11 3 13 14 15 16 17 18 19] [ ? ]

First, describe 3 relevant exemplars that are distinct from this problem. Then give the final answer. Answer with only the examples and the final answer with no further explanation. Put your final answer between double brackets.


--- TARGET LETTERS ---

[np.int64(11), np.int64(12), np.int64(13), np.int64(14), np.int64(15), np.int64(16), np.int64(17), np.int64(18), np.int64(19)]
Full Qwen output: 1. cat : dog :: bird : ?  
2. red : blue :: green : ?  
3. square : rectangle :: circle : ?  

[[11 3 13 14 15 16 17 18 19] [11 17 13 14 15 16 18 19 20]]
Filtered Qwen output: 11 3 13 14 15 16 17 18 19] [11 17 13 14 15 16 18 19 20
trial 2 of 10...
trial 3 of 10...
trial 4 of 10...
trial 5 of 10...
trial 6 of 10...
trial 7 of 10...
trial 8 of 10...
trial 9 of 10...
trial 10 of 10...
Problem type: 2gen_split6 - 12/20
trial 1 of 10...

=== PROMPT ===

Use the following alphabet to guess the missing piece.

a b c d o f g h i j k r m n l p q x s t u v w e y z

Note that the alphabet may be in an unfamiliar order. Complete the pattern using this order.

[u w v e y] [u v w e y]
[n n p p t t x x v v] [ ? ]

First, describe 3 relevant exemplars that are distinct from this problem. Then give the final answer. Answer with only the examples and the final answer with no further explanation. Put your final answer between double brackets.


--- TARGET LETTERS ---

['n', 'n', 'p', 'p', 'x', 'x', 't', 't', 'v', 'v']
Full Qwen output: 1. [a b c d e] [a b c d e]  
2. [x y z a b] [x y z a b]  
3. [m n o p q] [m n o p q]  

[[n n p p t t x x v v] [n n p p t t x x v v]]
Filtered Qwen output: n n p p t t x x v v] [n n p p t t x x v v
trial 2 of 10...
trial 3 of 10...
trial 4 of 10...
trial 5 of 10...
trial 6 of 10...
trial 7 of 10...
trial 8 of 10...
trial 9 of 10...
trial 10 of 10...
Problem type: 2gensplit7 - 13/20
trial 1 of 10...

=== PROMPT ===

Use the following alphabet to guess the missing piece.

a b c d o f g h i j k r m n l p q x s t u v w e y z

Note that the alphabet may be in an unfamiliar order. Complete the pattern using this order.

[v w e y] [v w e z]
[o x d x c x b x] [ ? ]

First, describe 3 relevant exemplars that are distinct from this problem. Then give the final answer. Answer with only the examples and the final answer with no further explanation. Put your final answer between double brackets.


--- TARGET LETTERS ---

['o', 'x', 'd', 'x', 'c', 'x', 'a', 'x']
Full Qwen output: 1. [a b c d] [e f g h]  
2. [x y z a] [b c d e]  
3. [m n o p] [q r s t]  

[[o x d x c x b x] [o x d x c x b x]]
Filtered Qwen output: o x d x c x b x] [o x d x c x b x
trial 2 of 10...
trial 3 of 10...
trial 4 of 10...
trial 5 of 10...
trial 6 of 10...
trial 7 of 10...
trial 8 of 10...
trial 9 of 10...
trial 10 of 10...
Problem type: 3gen_split1 - 14/20
trial 1 of 10...

=== PROMPT ===

Use the following alphabet to guess the missing piece.

a b c d o f g h i j k r m n l p q x s t u v w e y z

Note that the alphabet may be in an unfamiliar order. Complete the pattern using this order.

[c d o f g g] [c d o f g]
[q q q q l l m m k k i i] [ ? ]

First, describe 3 relevant exemplars that are distinct from this problem. Then give the final answer. Answer with only the examples and the final answer with no further explanation. Put your final answer between double brackets.


--- TARGET LETTERS ---

['q', 'q', 'l', 'l', 'm', 'm', 'k', 'k', 'i', 'i']
Full Qwen output: 1. [a b c d e f] [a b c d e]  
2. [x y z a b c] [x y z a b]  
3. [m n o p q r] [m n o p q]  

[[q q q q l l m m k k i i] [q q q q l l m m k k i i]]
Filtered Qwen output: q q q q l l m m k k i i] [q q q q l l m m k k i i
trial 2 of 10...
trial 3 of 10...
trial 4 of 10...
trial 5 of 10...
trial 6 of 10...
trial 7 of 10...
trial 8 of 10...
trial 9 of 10...
trial 10 of 10...
Problem type: 3gen_split2 - 15/20
trial 1 of 10...

=== PROMPT ===

Use the following alphabet to guess the missing piece.

a b c d o f g h i j k r m n l p q x s t u v w e y z

Note that the alphabet may be in an unfamiliar order. Complete the pattern using this order.

[c d o f] [c d o f g]
[1 0 3 0 5 0 7 0] [ ? ]

First, describe 3 relevant exemplars that are distinct from this problem. Then give the final answer. Answer with only the examples and the final answer with no further explanation. Put your final answer between double brackets.


--- TARGET LETTERS ---

[np.int64(1), '0', np.int64(3), '0', np.int64(5), '0', np.int64(7), '0', np.int64(9), '0']
Full Qwen output: Example 1: [a b c d] [a b c d e]  
Example 2: [x y z a] [x y z a b]  
Example 3: [m n o p] [m n o p q]  

[[c d o f g h]]
Filtered Qwen output: c d o f g h
trial 2 of 10...
trial 3 of 10...
trial 4 of 10...
trial 5 of 10...
trial 6 of 10...
trial 7 of 10...
trial 8 of 10...
trial 9 of 10...
trial 10 of 10...
Problem type: 3gen_split3 - 16/20
trial 1 of 10...

=== PROMPT ===

Use the following alphabet to guess the missing piece.

a b c d o f g h i j k r m n l p q x s t u v w e y z

Note that the alphabet may be in an unfamiliar order. Complete the pattern using this order.

[v w d y z] [v w e y z]
[17 0 26 0 15 0 14 0 13 0] [ ? ]

First, describe 3 relevant exemplars that are distinct from this problem. Then give the final answer. Answer with only the examples and the final answer with no further explanation. Put your final answer between double brackets.


--- TARGET LETTERS ---

[np.int64(17), '0', np.int64(16), '0', np.int64(15), '0', np.int64(14), '0', np.int64(13), '0']
Full Qwen output: Example 1: [a b c d e] [f g h i j]  
Example 2: [x y z a b] [c d e f g]  
Example 3: [m n o p q] [r s t u v]  

[[17 0 26 0 15 0 14 0 13 0] [17 0 26 0 15 0 14 0 13 0]]  
[[17 0 26 0 15 0 14
Filtered Qwen output: 17 0 26 0 15 0 14 0 13 0] [17 0 26 0 15 0 14 0 13 0
trial 2 of 10...
trial 3 of 10...
trial 4 of 10...
trial 5 of 10...
trial 6 of 10...
trial 7 of 10...
trial 8 of 10...
trial 9 of 10...
trial 10 of 10...
Problem type: 3gen_split4 - 17/20
trial 1 of 10...

=== PROMPT ===

Use the following alphabet to guess the missing piece.

a b c d o f g h i j k r m n l p q x s t u v w e y z

Note that the alphabet may be in an unfamiliar order. Complete the pattern using this order.

[n l p q x x] [n l p q x]
[b b d d d d f f h h j j r r n n p p x x] [ ? ]

First, describe 3 relevant exemplars that are distinct from this problem. Then give the final answer. Answer with only the examples and the final answer with no further explanation. Put your final answer between double brackets.


--- TARGET LETTERS ---

['b', 'b', 'd', 'd', 'f', 'f', 'h', 'h', 'j', 'j', 'r', 'r', 'n', 'n', 'p', 'p', 'x', 'x']
Full Qwen output: 1. cat : dog :: bird : ?  
2. apple : fruit :: carrot : ?  
3. north : south :: east : ?  

[[s]]
Filtered Qwen output: s
trial 2 of 10...
trial 3 of 10...
trial 4 of 10...
trial 5 of 10...
trial 6 of 10...
trial 7 of 10...
trial 8 of 10...
trial 9 of 10...
trial 10 of 10...
Problem type: 3gen_split5 - 18/20
trial 1 of 10...

=== PROMPT ===

Use the following alphabet to guess the missing piece.

a b c d o f g h i j k r m n l p q x s t u v w e y z

Note that the alphabet may be in an unfamiliar order. Complete the pattern using this order.

[k r m n] [k r m l]
[13 12 11 10 9 8 7 6] [ ? ]

First, describe 3 relevant exemplars that are distinct from this problem. Then give the final answer. Answer with only the examples and the final answer with no further explanation. Put your final answer between double brackets.


--- TARGET LETTERS ---

[np.int64(13), np.int64(12), np.int64(11), np.int64(10), np.int64(9), np.int64(8), np.int64(7), np.int64(5)]
Full Qwen output: 1. cat : dog :: bird : ?  
2. apple : fruit :: car : ?  
3. north : south :: east : ?  

[[k r m n l]]
Filtered Qwen output: k r m n l
trial 2 of 10...
trial 3 of 10...
trial 4 of 10...
trial 5 of 10...
trial 6 of 10...
trial 7 of 10...
trial 8 of 10...
trial 9 of 10...
trial 10 of 10...
Problem type: 3gen_split6 - 19/20
trial 1 of 10...

=== PROMPT ===

Use the following alphabet to guess the missing piece.

a b c d o f g h i j k r m n l p q x s t u v w e y z

Note that the alphabet may be in an unfamiliar order. Complete the pattern using this order.

[b c d o] [b c d f]
[16 16 15 15 14 14 13 13] [ ? ]

First, describe 3 relevant exemplars that are distinct from this problem. Then give the final answer. Answer with only the examples and the final answer with no further explanation. Put your final answer between double brackets.


--- TARGET LETTERS ---

[np.int64(16), np.int64(16), np.int64(15), np.int64(15), np.int64(14), np.int64(14), np.int64(12), np.int64(12)]
Full Qwen output: Example 1: [a b c d] [a b c e]  
Example 2: [x y z a] [x y z b]  
Example 3: [m n o p] [m n o q]  

[[b c d o] [b c d f]]  
[[16 16 15 15 14 14 13 13] [16 16 15 15 14 14 13 13 12]]  

Final answer: [[16 16
Filtered Qwen output: b c d o] [b c d f
trial 2 of 10...
trial 3 of 10...
trial 4 of 10...
trial 5 of 10...
trial 6 of 10...
trial 7 of 10...
trial 8 of 10...
trial 9 of 10...
trial 10 of 10...
Problem type: 3gensplit7 - 20/20
trial 1 of 10...

=== PROMPT ===

Use the following alphabet to guess the missing piece.

a b c d o f g h i j k r m n l p q x s t u v w e y z

Note that the alphabet may be in an unfamiliar order. Complete the pattern using this order.

[f g h i] [f g h i j]
[i i x x j j x x k k x x r r x x m m x x n n x x l l x x p p x x] [ ? ]

First, describe 3 relevant exemplars that are distinct from this problem. Then give the final answer. Answer with only the examples and the final answer with no further explanation. Put your final answer between double brackets.


--- TARGET LETTERS ---

['i', 'i', 'x', 'x', 'j', 'j', 'x', 'x', 'k', 'k', 'x', 'x', 'r', 'r', 'x', 'x', 'm', 'm', 'x', 'x', 'n', 'n', 'x', 'x', 'l', 'l', 'x', 'x', 'p', 'p', 'x', 'x', 'q', 'q', 'x', 'x']
Full Qwen output: Example1: [a b c d] [a b c d e]  
Example2: [x y z a] [x y z a b]  
Example3: [m n o p] [m n o p q]  

[[i i x x j j x x k k x x r r x x m m x x n n x x l l x x p p x x q q x x]]
Filtered Qwen output: i i x x j j x x k k x x r r x x m m x x n n x x l l x x p p x x q q x x
trial 2 of 10...
trial 3 of 10...
trial 4 of 10...
trial 5 of 10...
trial 6 of 10...
trial 7 of 10...
trial 8 of 10...
trial 9 of 10...
trial 10 of 10...
alph_2
q b c d e f g o i j k l a n h p m r s t u v w x y z
Problem type: larger_int - 1/20
trial 1 of 10...

=== PROMPT ===

Use the following alphabet to guess the missing piece.

q b c d e f g o i j k l a n h p m r s t u v w x y z

Note that the alphabet may be in an unfamiliar order. Complete the pattern using this order.

[i j k l] [o j k l]
[k a h m] [ ? ]

First, describe 3 relevant exemplars that are distinct from this problem. Then give the final answer. Answer with only the examples and the final answer with no further explanation. Put your final answer between double brackets.


--- TARGET LETTERS ---

['i', 'a', 'h', 'm']
Full Qwen output: 1. [a b c d] [e f g h]  
2. [x y z a] [b c d e]  
3. [m n o p] [q r s t]  

[[k a h m] [k a h m]]
Filtered Qwen output: k a h m] [k a h m
trial 2 of 10...
trial 3 of 10...
trial 4 of 10...
trial 5 of 10...
trial 6 of 10...
trial 7 of 10...
trial 8 of 10...
trial 9 of 10...
trial 10 of 10...
Problem type: longer_targ - 2/20
trial 1 of 10...

=== PROMPT ===

Use the following alphabet to guess the missing piece.

q b c d e f g o i j k l a n h p m r s t u v w x y z

Note that the alphabet may be in an unfamiliar order. Complete the pattern using this order.

[o i j k] [o i j l]
[j k l a n h p m] [ ? ]

First, describe 3 relevant exemplars that are distinct from this problem. Then give the final answer. Answer with only the examples and the final answer with no further explanation. Put your final answer between double brackets.


--- TARGET LETTERS ---

['j', 'k', 'l', 'a', 'n', 'h', 'p', 'r']
Full Qwen output: 1. [a b c d] [a b c e]  
2. [x y z a] [x y z b]  
3. [m n o p] [m n o q]  

[[j k l a n h p o]]
Filtered Qwen output: j k l a n h p o
trial 2 of 10...
trial 3 of 10...
trial 4 of 10...
trial 5 of 10...
trial 6 of 10...
trial 7 of 10...
trial 8 of 10...
trial 9 of 10...
trial 10 of 10...
Problem type: group - 3/20
trial 1 of 10...

=== PROMPT ===

Use the following alphabet to guess the missing piece.

q b c d e f g o i j k l a n h p m r s t u v w x y z

Note that the alphabet may be in an unfamiliar order. Complete the pattern using this order.

[l a n h] [l a n h p]
[m m r r s s t t] [ ? ]

First, describe 3 relevant exemplars that are distinct from this problem. Then give the final answer. Answer with only the examples and the final answer with no further explanation. Put your final answer between double brackets.


--- TARGET LETTERS ---

['m', 'm', 'r', 'r', 's', 's', 't', 't', 'u', 'u']
Full Qwen output: 1. cat : dog :: bird : ?  
2. red : blue :: green : ?  
3. jump : leap :: run : ?  

[[m m r r s s t t u u v v w w x x y y z z]]
Filtered Qwen output: m m r r s s t t u u v v w w x x y y z z
trial 2 of 10...
trial 3 of 10...
trial 4 of 10...
trial 5 of 10...
trial 6 of 10...
trial 7 of 10...
trial 8 of 10...
trial 9 of 10...
trial 10 of 10...
Problem type: interleaved - 4/20
trial 1 of 10...

=== PROMPT ===

Use the following alphabet to guess the missing piece.

q b c d e f g o i j k l a n h p m r s t u v w x y z

Note that the alphabet may be in an unfamiliar order. Complete the pattern using this order.

[a n h p] [l n h p]
[r x s x t x u x] [ ? ]

First, describe 3 relevant exemplars that are distinct from this problem. Then give the final answer. Answer with only the examples and the final answer with no further explanation. Put your final answer between double brackets.


--- TARGET LETTERS ---

['m', 'x', 's', 'x', 't', 'x', 'u', 'x']
Full Qwen output: 1. cat : dog :: bird : ?  
2. apple : fruit :: carrot : ?  
3. north : south :: east : ?  

[[m x s x]]
Filtered Qwen output: m x s x
trial 2 of 10...
trial 3 of 10...
trial 4 of 10...
trial 5 of 10...
trial 6 of 10...
trial 7 of 10...
trial 8 of 10...
trial 9 of 10...
trial 10 of 10...
Problem type: letter2num - 5/20
trial 1 of 10...

=== PROMPT ===

Use the following alphabet to guess the missing piece.

q b c d e f g o i j k l a n h p m r s t u v w x y z

Note that the alphabet may be in an unfamiliar order. Complete the pattern using this order.

[c d e f] [c d e f g]
[10 11 12 13] [ ? ]

First, describe 3 relevant exemplars that are distinct from this problem. Then give the final answer. Answer with only the examples and the final answer with no further explanation. Put your final answer between double brackets.


--- TARGET LETTERS ---

[np.int64(10), np.int64(11), np.int64(12), np.int64(13), np.int64(14)]
Full Qwen output: 1. [a b c d] [a b c d e]  
2. [x y z a] [x y z a b]  
3. [m n o p] [m n o p q]  

[[10 11 12 13 14]]
Filtered Qwen output: 10 11 12 13 14
trial 2 of 10...
trial 3 of 10...
trial 4 of 10...
trial 5 of 10...
trial 6 of 10...
trial 7 of 10...
trial 8 of 10...
trial 9 of 10...
trial 10 of 10...
Problem type: reverse - 6/20
trial 1 of 10...

=== PROMPT ===

Use the following alphabet to guess the missing piece.

q b c d e f g o i j k l a n h p m r s t u v w x y z

Note that the alphabet may be in an unfamiliar order. Complete the pattern using this order.

[p m r s] [p m r t]
[h n a l] [ ? ]

First, describe 3 relevant exemplars that are distinct from this problem. Then give the final answer. Answer with only the examples and the final answer with no further explanation. Put your final answer between double brackets.


--- TARGET LETTERS ---

['h', 'n', 'a', 'k']
Full Qwen output: 1. [a b c d] [a b c e]  
2. [x y z a] [x y z b]  
3. [m n o p] [m n o q]  

[[h n a m]]
Filtered Qwen output: h n a m
trial 2 of 10...
trial 3 of 10...
trial 4 of 10...
trial 5 of 10...
trial 6 of 10...
trial 7 of 10...
trial 8 of 10...
trial 9 of 10...
trial 10 of 10...
Problem type: 2gen_split1 - 7/20
trial 1 of 10...

=== PROMPT ===

Use the following alphabet to guess the missing piece.

q b c d e f g o i j k l a n h p m r s t u v w x y z

Note that the alphabet may be in an unfamiliar order. Complete the pattern using this order.

[p m r s] [h m r s]
[x w v u t s r m] [ ? ]

First, describe 3 relevant exemplars that are distinct from this problem. Then give the final answer. Answer with only the examples and the final answer with no further explanation. Put your final answer between double brackets.


--- TARGET LETTERS ---

['y', 'w', 'v', 'u', 't', 's', 'r', 'm']
Full Qwen output: 1. [a b c d] [e f g h]  
2. [z y x w] [v u t s]  
3. [p q r s] [t u v w]  

[[x w v u t s r m] [n w v u t s r m]]
Filtered Qwen output: x w v u t s r m] [n w v u t s r m
trial 2 of 10...
trial 3 of 10...
trial 4 of 10...
trial 5 of 10...
trial 6 of 10...
trial 7 of 10...
trial 8 of 10...
trial 9 of 10...
trial 10 of 10...
Problem type: 2gen_split2 - 8/20
trial 1 of 10...

=== PROMPT ===

Use the following alphabet to guess the missing piece.

q b c d e f g o i j k l a n h p m r s t u v w x y z

Note that the alphabet may be in an unfamiliar order. Complete the pattern using this order.

[a n h p] [a n h m]
[15 15 16 16 17 17 18 18] [ ? ]

First, describe 3 relevant exemplars that are distinct from this problem. Then give the final answer. Answer with only the examples and the final answer with no further explanation. Put your final answer between double brackets.


--- TARGET LETTERS ---

[np.int64(15), np.int64(15), np.int64(16), np.int64(16), np.int64(17), np.int64(17), np.int64(19), np.int64(19)]
Full Qwen output: Example 1: cat -> dog  
Example 2: red -> blue  
Example 3: sun -> moon  

[[a n h p]]
Filtered Qwen output: a n h p
trial 2 of 10...
trial 3 of 10...
trial 4 of 10...
trial 5 of 10...
trial 6 of 10...
trial 7 of 10...
trial 8 of 10...
trial 9 of 10...
trial 10 of 10...
Problem type: 2gen_split3 - 9/20
trial 1 of 10...

=== PROMPT ===

Use the following alphabet to guess the missing piece.

q b c d e f g o i j k l a n h p m r s t u v w x y z

Note that the alphabet may be in an unfamiliar order. Complete the pattern using this order.

[p m r v t] [p m r s t]
[s s r r m m o o h h] [ ? ]

First, describe 3 relevant exemplars that are distinct from this problem. Then give the final answer. Answer with only the examples and the final answer with no further explanation. Put your final answer between double brackets.


--- TARGET LETTERS ---

['s', 's', 'r', 'r', 'm', 'm', 'p', 'p', 'h', 'h']
Full Qwen output: 1. cat : dog :: bird : ?  
2. apple : fruit :: carrot : ?  
3. north : south :: east : ?  

[[s s r r m m o o p p]]
Filtered Qwen output: s s r r m m o o p p
trial 2 of 10...
trial 3 of 10...
trial 4 of 10...
trial 5 of 10...
trial 6 of 10...
trial 7 of 10...
trial 8 of 10...
trial 9 of 10...
trial 10 of 10...
Problem type: 2gen_split4 - 10/20
trial 1 of 10...

=== PROMPT ===

Use the following alphabet to guess the missing piece.

q b c d e f g o i j k l a n h p m r s t u v w x y z

Note that the alphabet may be in an unfamiliar order. Complete the pattern using this order.

[q b c d m] [q b c d e]
[e g i k a h m q u] [ ? ]

First, describe 3 relevant exemplars that are distinct from this problem. Then give the final answer. Answer with only the examples and the final answer with no further explanation. Put your final answer between double brackets.


--- TARGET LETTERS ---

['e', 'g', 'i', 'k', 'a', 'h', 'm', 's', 'u']
Full Qwen output: 1. [a b c d e] [a b c d e f]  
2. [x y z a b] [x y z a b c]  
3. [m n o p q] [m n o p q r]  

[[e g i k a h m q u w]]
Filtered Qwen output: e g i k a h m q u w
trial 2 of 10...
trial 3 of 10...
trial 4 of 10...
trial 5 of 10...
trial 6 of 10...
trial 7 of 10...
trial 8 of 10...
trial 9 of 10...
trial 10 of 10...
Problem type: 2gen_split5 - 11/20
trial 1 of 10...

=== PROMPT ===

Use the following alphabet to guess the missing piece.

q b c d e f g o i j k l a n h p m r s t u v w x y z

Note that the alphabet may be in an unfamiliar order. Complete the pattern using this order.

[i o j k l] [o i j k l]
[16 16 14 14 15 15 13 13 17 17] [ ? ]

First, describe 3 relevant exemplars that are distinct from this problem. Then give the final answer. Answer with only the examples and the final answer with no further explanation. Put your final answer between double brackets.


--- TARGET LETTERS ---

[np.int64(13), np.int64(13), np.int64(14), np.int64(14), np.int64(15), np.int64(15), np.int64(16), np.int64(16), np.int64(17), np.int64(17)]
Full Qwen output: Example 1: [a b c d] [b c d e]  
Example 2: [x y z a] [y z a b]  
Example 3: [m n o p] [n o p q]  

[[i o j k l] [o i j k l] [16 16 14 14 15 15 13 13 17 17] [16 14 15 13 17]]
Filtered Qwen output: i o j k l] [o i j k l] [16 16 14 14 15 15 13 13 17 17] [16 14 15 13 17
trial 2 of 10...
trial 3 of 10...
trial 4 of 10...
trial 5 of 10...
trial 6 of 10...
trial 7 of 10...
trial 8 of 10...
trial 9 of 10...
trial 10 of 10...
Problem type: 2gen_split6 - 12/20
trial 1 of 10...

=== PROMPT ===

Use the following alphabet to guess the missing piece.

q b c d e f g o i j k l a n h p m r s t u v w x y z

Note that the alphabet may be in an unfamiliar order. Complete the pattern using this order.

[g w x y z] [v w x y z]
[q x k x a x h x m x] [ ? ]

First, describe 3 relevant exemplars that are distinct from this problem. Then give the final answer. Answer with only the examples and the final answer with no further explanation. Put your final answer between double brackets.


--- TARGET LETTERS ---

['i', 'x', 'k', 'x', 'a', 'x', 'h', 'x', 'm', 'x']
Full Qwen output: 1. [a b c d e] [b c d e f]  
2. [x y z a b] [y z a b c]  
3. [m n o p q] [n o p q r]  

[[q x k x a x h x m x] [x x x x x x x x x]]
Filtered Qwen output: q x k x a x h x m x] [x x x x x x x x x
trial 2 of 10...
trial 3 of 10...
trial 4 of 10...
trial 5 of 10...
trial 6 of 10...
trial 7 of 10...
trial 8 of 10...
trial 9 of 10...
trial 10 of 10...
Problem type: 2gensplit7 - 13/20
trial 1 of 10...

=== PROMPT ===

Use the following alphabet to guess the missing piece.

q b c d e f g o i j k l a n h p m r s t u v w x y z

Note that the alphabet may be in an unfamiliar order. Complete the pattern using this order.

[o i a k l] [o i j k l]
[s m h z k] [ ? ]

First, describe 3 relevant exemplars that are distinct from this problem. Then give the final answer. Answer with only the examples and the final answer with no further explanation. Put your final answer between double brackets.


--- TARGET LETTERS ---

['s', 'm', 'h', 'a', 'k']
Full Qwen output: 1. [a b c d e] [a b c d f]  
2. [x y z a b] [x y z a c]  
3. [p q r s t] [p q r s u]  

[[s m h z j]]
Filtered Qwen output: s m h z j
trial 2 of 10...
trial 3 of 10...
trial 4 of 10...
trial 5 of 10...
trial 6 of 10...
trial 7 of 10...
trial 8 of 10...
trial 9 of 10...
trial 10 of 10...
Problem type: 3gen_split1 - 14/20
trial 1 of 10...

=== PROMPT ===

Use the following alphabet to guess the missing piece.

q b c d e f g o i j k l a n h p m r s t u v w x y z

Note that the alphabet may be in an unfamiliar order. Complete the pattern using this order.

[p m r s] [p m r s t]
[i x o x g x f x e x d x c x b x] [ ? ]

First, describe 3 relevant exemplars that are distinct from this problem. Then give the final answer. Answer with only the examples and the final answer with no further explanation. Put your final answer between double brackets.


--- TARGET LETTERS ---

['i', 'x', 'o', 'x', 'g', 'x', 'f', 'x', 'e', 'x', 'd', 'x', 'c', 'x', 'b', 'x', 'q', 'x']
Full Qwen output: 1. cat : dog :: bird : ?  
2. happy : joyful :: sad : ?  
3. square : rectangle :: circle : ?

[[i x o x g x f x e x d x c x b x a x n x h x]]
Filtered Qwen output: i x o x g x f x e x d x c x b x a x n x h x
trial 2 of 10...
trial 3 of 10...
trial 4 of 10...
trial 5 of 10...
trial 6 of 10...
trial 7 of 10...
trial 8 of 10...
trial 9 of 10...
trial 10 of 10...
Problem type: 3gen_split2 - 15/20
trial 1 of 10...

=== PROMPT ===

Use the following alphabet to guess the missing piece.

q b c d e f g o i j k l a n h p m r s t u v w x y z

Note that the alphabet may be in an unfamiliar order. Complete the pattern using this order.

[h p m r] [h p m s]
[18 18 17 17 16 16 15 15] [ ? ]

First, describe 3 relevant exemplars that are distinct from this problem. Then give the final answer. Answer with only the examples and the final answer with no further explanation. Put your final answer between double brackets.


--- TARGET LETTERS ---

[np.int64(18), np.int64(18), np.int64(17), np.int64(17), np.int64(16), np.int64(16), np.int64(14), np.int64(14)]
Full Qwen output: 1. cat : dog :: hat : ?
2. sun : moon :: star : ?
3. red : blue :: green : ?

[[h p m t]]
Filtered Qwen output: h p m t
trial 2 of 10...
trial 3 of 10...
trial 4 of 10...
trial 5 of 10...
trial 6 of 10...
trial 7 of 10...
trial 8 of 10...
trial 9 of 10...
trial 10 of 10...
Problem type: 3gen_split3 - 16/20
trial 1 of 10...

=== PROMPT ===

Use the following alphabet to guess the missing piece.

q b c d e f g o i j k l a n h p m r s t u v w x y z

Note that the alphabet may be in an unfamiliar order. Complete the pattern using this order.

[k l a n] [k l a h]
[17 17 19 19 21 21 23 23] [ ? ]

First, describe 3 relevant exemplars that are distinct from this problem. Then give the final answer. Answer with only the examples and the final answer with no further explanation. Put your final answer between double brackets.


--- TARGET LETTERS ---

[np.int64(17), np.int64(17), np.int64(19), np.int64(19), np.int64(21), np.int64(21), np.int64(25), np.int64(25)]
Full Qwen output: 1. cat : dog :: hat : ?
2. sun : moon :: star : ?
3. red : blue :: green : ?

[[k l a p]]
Filtered Qwen output: k l a p
trial 2 of 10...
trial 3 of 10...
trial 4 of 10...
trial 5 of 10...
trial 6 of 10...
trial 7 of 10...
trial 8 of 10...
trial 9 of 10...
trial 10 of 10...
Problem type: 3gen_split4 - 17/20
trial 1 of 10...

=== PROMPT ===

Use the following alphabet to guess the missing piece.

q b c d e f g o i j k l a n h p m r s t u v w x y z

Note that the alphabet may be in an unfamiliar order. Complete the pattern using this order.

[s t u v] [s t u v w]
[7 7 9 9 11 11 13 13] [ ? ]

First, describe 3 relevant exemplars that are distinct from this problem. Then give the final answer. Answer with only the examples and the final answer with no further explanation. Put your final answer between double brackets.


--- TARGET LETTERS ---

[np.int64(7), np.int64(7), np.int64(9), np.int64(9), np.int64(11), np.int64(11), np.int64(13), np.int64(13), np.int64(15), np.int64(15)]
Full Qwen output: Example 1: [a b c d] [a b c d e]  
Example 2: [x y z] [x y z a b]  
Example 3: [1 2 3 4] [1 2 3 4 5]  

[[s t u v w x]]
Filtered Qwen output: s t u v w x
trial 2 of 10...
trial 3 of 10...
trial 4 of 10...
trial 5 of 10...
trial 6 of 10...
trial 7 of 10...
trial 8 of 10...
trial 9 of 10...
trial 10 of 10...
Problem type: 3gen_split5 - 18/20
trial 1 of 10...

=== PROMPT ===

Use the following alphabet to guess the missing piece.

q b c d e f g o i j k l a n h p m r s t u v w x y z

Note that the alphabet may be in an unfamiliar order. Complete the pattern using this order.

[l k a n h] [k l a n h]
[5 7 9 11 13 17 15 19 21] [ ? ]

First, describe 3 relevant exemplars that are distinct from this problem. Then give the final answer. Answer with only the examples and the final answer with no further explanation. Put your final answer between double brackets.


--- TARGET LETTERS ---

[np.int64(5), np.int64(7), np.int64(9), np.int64(11), np.int64(13), np.int64(15), np.int64(17), np.int64(19), np.int64(21)]
Full Qwen output: 1. cat : dog :: bird : ?  
2. apple : fruit :: car : ?  
3. north : south :: east : ?  

[[11 13 9 11 13 17 15 19 21]]
Filtered Qwen output: 11 13 9 11 13 17 15 19 21
trial 2 of 10...
trial 3 of 10...
trial 4 of 10...
trial 5 of 10...
trial 6 of 10...
trial 7 of 10...
trial 8 of 10...
trial 9 of 10...
trial 10 of 10...
Problem type: 3gen_split6 - 19/20
trial 1 of 10...

=== PROMPT ===

Use the following alphabet to guess the missing piece.

q b c d e f g o i j k l a n h p m r s t u v w x y z

Note that the alphabet may be in an unfamiliar order. Complete the pattern using this order.

[g o i j] [g o i j k]
[15 15 16 16 17 17 18 18 19 19 20 20 21 21 22 22] [ ? ]

First, describe 3 relevant exemplars that are distinct from this problem. Then give the final answer. Answer with only the examples and the final answer with no further explanation. Put your final answer between double brackets.


--- TARGET LETTERS ---

[np.int64(15), np.int64(15), np.int64(16), np.int64(16), np.int64(17), np.int64(17), np.int64(18), np.int64(18), np.int64(19), np.int64(19), np.int64(20), np.int64(20), np.int64(21), np.int64(21), np.int64(22), np.int64(22), np.int64(23), np.int64(23)]
Full Qwen output: Example 1: [a b c d] [a b c d e]  
Example 2: [x y z a] [x y z a b]  
Example 3: [m n o p] [m n o p q]  

[[g o i j k l]]
Filtered Qwen output: g o i j k l
trial 2 of 10...
trial 3 of 10...
trial 4 of 10...
trial 5 of 10...
trial 6 of 10...
trial 7 of 10...
trial 8 of 10...
trial 9 of 10...
trial 10 of 10...
Problem type: 3gensplit7 - 20/20
trial 1 of 10...

=== PROMPT ===

Use the following alphabet to guess the missing piece.

q b c d e f g o i j k l a n h p m r s t u v w x y z

Note that the alphabet may be in an unfamiliar order. Complete the pattern using this order.

[h p m r l] [h p m r s]
[7 7 22 22 9 9 10 10 11 11 12 12 13 13 14 14 15 15] [ ? ]

First, describe 3 relevant exemplars that are distinct from this problem. Then give the final answer. Answer with only the examples and the final answer with no further explanation. Put your final answer between double brackets.


--- TARGET LETTERS ---

[np.int64(7), np.int64(7), np.int64(8), np.int64(8), np.int64(9), np.int64(9), np.int64(10), np.int64(10), np.int64(11), np.int64(11), np.int64(12), np.int64(12), np.int64(13), np.int64(13), np.int64(14), np.int64(14), np.int64(15), np.int64(15)]
Full Qwen output: 1. cat : dog :: bird : ?  
2. apple : fruit :: carrot : ?  
3. north : south :: east : ?  

[[h p m r s t]]
Filtered Qwen output: h p m r s t
trial 2 of 10...
trial 3 of 10...
trial 4 of 10...
trial 5 of 10...
trial 6 of 10...
trial 7 of 10...
trial 8 of 10...
trial 9 of 10...
trial 10 of 10...
alph_3
a g c d e f q h i j k l m z o p n r s t u v w x y b
Problem type: larger_int - 1/20
trial 1 of 10...

=== PROMPT ===

Use the following alphabet to guess the missing piece.

a g c d e f q h i j k l m z o p n r s t u v w x y b

Note that the alphabet may be in an unfamiliar order. Complete the pattern using this order.

[e f q q h i] [e f q h i]
[r t v x x b] [ ? ]

First, describe 3 relevant exemplars that are distinct from this problem. Then give the final answer. Answer with only the examples and the final answer with no further explanation. Put your final answer between double brackets.


--- TARGET LETTERS ---

['r', 't', 'v', 'x', 'b']
Full Qwen output: [e f q q h i] [e f q h i]  
[r t v x x b] [r t v x b]  

[[r t v x b]]
Filtered Qwen output: r t v x b
trial 2 of 10...
trial 3 of 10...
trial 4 of 10...
trial 5 of 10...
trial 6 of 10...
trial 7 of 10...
trial 8 of 10...
trial 9 of 10...
trial 10 of 10...
Problem type: longer_targ - 2/20
trial 1 of 10...

=== PROMPT ===

Use the following alphabet to guess the missing piece.

a g c d e f q h i j k l m z o p n r s t u v w x y b

Note that the alphabet may be in an unfamiliar order. Complete the pattern using this order.

[p s r n t] [p n r s t]
[j k l m z r p n o] [ ? ]

First, describe 3 relevant exemplars that are distinct from this problem. Then give the final answer. Answer with only the examples and the final answer with no further explanation. Put your final answer between double brackets.


--- TARGET LETTERS ---

['j', 'k', 'l', 'm', 'z', 'o', 'p', 'n', 'r']
Full Qwen output: Example 1: [a b c d e] [a c e b d]  
Example 2: [x y z a b] [z a b x y]  
Example 3: [m n o p q] [o q m n p]  

[[j k l m z r p n o] [z r p n o j k l m]]
Filtered Qwen output: j k l m z r p n o] [z r p n o j k l m
trial 2 of 10...
trial 3 of 10...
trial 4 of 10...
trial 5 of 10...
trial 6 of 10...
trial 7 of 10...
trial 8 of 10...
trial 9 of 10...
trial 10 of 10...
Problem type: group - 3/20
trial 1 of 10...

=== PROMPT ===

Use the following alphabet to guess the missing piece.

a g c d e f q h i j k l m z o p n r s t u v w x y b

Note that the alphabet may be in an unfamiliar order. Complete the pattern using this order.

[m z o p] [l z o p]
[u u v v w w x x] [ ? ]

First, describe 3 relevant exemplars that are distinct from this problem. Then give the final answer. Answer with only the examples and the final answer with no further explanation. Put your final answer between double brackets.


--- TARGET LETTERS ---

['t', 't', 'v', 'v', 'w', 'w', 'x', 'x']
Full Qwen output: 1. cat : dog :: hat : ?  
2. red : blue :: green : ?  
3. jump : leap :: run : ?  

[[y y z z]]
Filtered Qwen output: y y z z
trial 2 of 10...
trial 3 of 10...
trial 4 of 10...
trial 5 of 10...
trial 6 of 10...
trial 7 of 10...
trial 8 of 10...
trial 9 of 10...
trial 10 of 10...
Problem type: interleaved - 4/20
trial 1 of 10...

=== PROMPT ===

Use the following alphabet to guess the missing piece.

a g c d e f q h i j k l m z o p n r s t u v w x y b

Note that the alphabet may be in an unfamiliar order. Complete the pattern using this order.

[l m p o z] [l m z o p]
[g x a x c x d x e x] [ ? ]

First, describe 3 relevant exemplars that are distinct from this problem. Then give the final answer. Answer with only the examples and the final answer with no further explanation. Put your final answer between double brackets.


--- TARGET LETTERS ---

['a', 'x', 'g', 'x', 'c', 'x', 'd', 'x', 'e', 'x']
Full Qwen output: Example 1: [a b c d e] [e d c b a]  
Example 2: [x y z a b] [b a z y x]  
Example 3: [p q r s t] [t s r q p]  

[[g x a x c x d x e x] [x e d c a x x g]]
Filtered Qwen output: g x a x c x d x e x] [x e d c a x x g
trial 2 of 10...
trial 3 of 10...
trial 4 of 10...
trial 5 of 10...
trial 6 of 10...
trial 7 of 10...
trial 8 of 10...
trial 9 of 10...
trial 10 of 10...
Problem type: letter2num - 5/20
trial 1 of 10...

=== PROMPT ===

Use the following alphabet to guess the missing piece.

a g c d e f q h i j k l m z o p n r s t u v w x y b

Note that the alphabet may be in an unfamiliar order. Complete the pattern using this order.

[r s t u] [n s t u]
[2 3 4 5] [ ? ]

First, describe 3 relevant exemplars that are distinct from this problem. Then give the final answer. Answer with only the examples and the final answer with no further explanation. Put your final answer between double brackets.


--- TARGET LETTERS ---

[np.int64(1), np.int64(3), np.int64(4), np.int64(5)]
Full Qwen output: Examples:  
1. [a b c d] [e f g h]  
2. [x y z a] [b c d e]  
3. [m n o p] [q r s t]  

[[2 3 4 5] [6 7 8 9]]
Filtered Qwen output: 2 3 4 5] [6 7 8 9
trial 2 of 10...
trial 3 of 10...
trial 4 of 10...
trial 5 of 10...
trial 6 of 10...
trial 7 of 10...
trial 8 of 10...
trial 9 of 10...
trial 10 of 10...
Problem type: reverse - 6/20
trial 1 of 10...

=== PROMPT ===

Use the following alphabet to guess the missing piece.

a g c d e f q h i j k l m z o p n r s t u v w x y b

Note that the alphabet may be in an unfamiliar order. Complete the pattern using this order.

[s t w v u] [s t u v w]
[b w x y v] [ ? ]

First, describe 3 relevant exemplars that are distinct from this problem. Then give the final answer. Answer with only the examples and the final answer with no further explanation. Put your final answer between double brackets.


--- TARGET LETTERS ---

['b', 'y', 'x', 'w', 'v']
Full Qwen output: Example 1: [a b c d e] [e d c b a]  
Example 2: [x y z a b] [b a z y x]  
Example 3: [m n o p q] [q p o n m]  

[[b v y x w]]
Filtered Qwen output: b v y x w
trial 2 of 10...
trial 3 of 10...
trial 4 of 10...
trial 5 of 10...
trial 6 of 10...
trial 7 of 10...
trial 8 of 10...
trial 9 of 10...
trial 10 of 10...
Problem type: 2gen_split1 - 7/20
trial 1 of 10...

=== PROMPT ===

Use the following alphabet to guess the missing piece.

a g c d e f q h i j k l m z o p n r s t u v w x y b

Note that the alphabet may be in an unfamiliar order. Complete the pattern using this order.

[l m z o] [l m z p]
[o z m l k j i h] [ ? ]

First, describe 3 relevant exemplars that are distinct from this problem. Then give the final answer. Answer with only the examples and the final answer with no further explanation. Put your final answer between double brackets.


--- TARGET LETTERS ---

['o', 'z', 'm', 'l', 'k', 'j', 'i', 'q']
Full Qwen output: Example 1: [a b c d] [a b c e]  
Example 2: [x y z a] [x y z b]  
Example 3: [p q r s] [p q r t]  

[[o z m l k j i g]]
Filtered Qwen output: o z m l k j i g
trial 2 of 10...
trial 3 of 10...
trial 4 of 10...
trial 5 of 10...
trial 6 of 10...
trial 7 of 10...
trial 8 of 10...
trial 9 of 10...
trial 10 of 10...
Problem type: 2gen_split2 - 8/20
trial 1 of 10...

=== PROMPT ===

Use the following alphabet to guess the missing piece.

a g c d e f q h i j k l m z o p n r s t u v w x y b

Note that the alphabet may be in an unfamiliar order. Complete the pattern using this order.

[z o o p n r] [z o p n r]
[16 18 18 20 22 24] [ ? ]

First, describe 3 relevant exemplars that are distinct from this problem. Then give the final answer. Answer with only the examples and the final answer with no further explanation. Put your final answer between double brackets.


--- TARGET LETTERS ---

[np.int64(16), np.int64(18), np.int64(20), np.int64(22), np.int64(24)]
Full Qwen output: Example 1: [a b c d e f] [a b c d]  
Example 2: [x y z a b c] [x y z]  
Example 3: [m n o p q r] [m n o]  

[[16 18 18 20 22 24] [16 18 20 22]]
Filtered Qwen output: 16 18 18 20 22 24] [16 18 20 22
trial 2 of 10...
trial 3 of 10...
trial 4 of 10...
trial 5 of 10...
trial 6 of 10...
trial 7 of 10...
trial 8 of 10...
trial 9 of 10...
trial 10 of 10...
Problem type: 2gen_split3 - 9/20
trial 1 of 10...

=== PROMPT ===

Use the following alphabet to guess the missing piece.

a g c d e f q h i j k l m z o p n r s t u v w x y b

Note that the alphabet may be in an unfamiliar order. Complete the pattern using this order.

[q h i j] [q h i k]
[11 11 12 12 13 13 14 14] [ ? ]

First, describe 3 relevant exemplars that are distinct from this problem. Then give the final answer. Answer with only the examples and the final answer with no further explanation. Put your final answer between double brackets.


--- TARGET LETTERS ---

[np.int64(11), np.int64(11), np.int64(12), np.int64(12), np.int64(13), np.int64(13), np.int64(15), np.int64(15)]
Full Qwen output: Example 1: [a b c d] [a b c e]  
Example 2: [x y z a] [x y z b]  
Example 3: [m n o p] [m n o q]  

[[q h i l]]
Filtered Qwen output: q h i l
trial 2 of 10...
trial 3 of 10...
trial 4 of 10...
trial 5 of 10...
trial 6 of 10...
trial 7 of 10...
trial 8 of 10...
trial 9 of 10...
trial 10 of 10...
Problem type: 2gen_split4 - 10/20
trial 1 of 10...

=== PROMPT ===

Use the following alphabet to guess the missing piece.

a g c d e f q h i j k l m z o p n r s t u v w x y b

Note that the alphabet may be in an unfamiliar order. Complete the pattern using this order.

[e f q h] [e f q i]
[n n p p o o z z] [ ? ]

First, describe 3 relevant exemplars that are distinct from this problem. Then give the final answer. Answer with only the examples and the final answer with no further explanation. Put your final answer between double brackets.


--- TARGET LETTERS ---

['n', 'n', 'p', 'p', 'o', 'o', 'm', 'm']
Full Qwen output: 1. cat dog bird  
2. red blue green  
3. apple banana orange  

[[n n p p o o z y]]
Filtered Qwen output: n n p p o o z y
trial 2 of 10...
trial 3 of 10...
trial 4 of 10...
trial 5 of 10...
trial 6 of 10...
trial 7 of 10...
trial 8 of 10...
trial 9 of 10...
trial 10 of 10...
Problem type: 2gen_split5 - 11/20
trial 1 of 10...

=== PROMPT ===

Use the following alphabet to guess the missing piece.

a g c d e f q h i j k l m z o p n r s t u v w x y b

Note that the alphabet may be in an unfamiliar order. Complete the pattern using this order.

[o p n r] [z p n r]
[h h j j l l z z] [ ? ]

First, describe 3 relevant exemplars that are distinct from this problem. Then give the final answer. Answer with only the examples and the final answer with no further explanation. Put your final answer between double brackets.


--- TARGET LETTERS ---

['f', 'f', 'j', 'j', 'l', 'l', 'z', 'z']
Full Qwen output: 1. cat : dog :: bird : ?  
2. red : blue :: green : ?  
3. square : rectangle :: circle : ?

[[h h j j l l z z] [h h j j l l z z]]
Filtered Qwen output: h h j j l l z z] [h h j j l l z z
trial 2 of 10...
trial 3 of 10...
trial 4 of 10...
trial 5 of 10...
trial 6 of 10...
trial 7 of 10...
trial 8 of 10...
trial 9 of 10...
trial 10 of 10...
Problem type: 2gen_split6 - 12/20
trial 1 of 10...

=== PROMPT ===

Use the following alphabet to guess the missing piece.

a g c d e f q h i j k l m z o p n r s t u v w x y b

Note that the alphabet may be in an unfamiliar order. Complete the pattern using this order.

[i j k l l m] [i j k l m]
[5 0 6 0 7 0 8 0 9 0 9 0] [ ? ]

First, describe 3 relevant exemplars that are distinct from this problem. Then give the final answer. Answer with only the examples and the final answer with no further explanation. Put your final answer between double brackets.


--- TARGET LETTERS ---

[np.int64(5), '0', np.int64(6), '0', np.int64(7), '0', np.int64(8), '0', np.int64(9), '0']
Full Qwen output: Example 1: [a b c d e f] [a b c d e]  
Example 2: [x y z a b c] [x y z a b]  
Example 3: [1 2 3 4 5 6] [1 2 3 4 5]  

[[i j k l m n]]
Filtered Qwen output: i j k l m n
trial 2 of 10...
trial 3 of 10...
trial 4 of 10...
trial 5 of 10...
trial 6 of 10...
trial 7 of 10...
trial 8 of 10...
trial 9 of 10...
trial 10 of 10...
Problem type: 2gensplit7 - 13/20
trial 1 of 10...

=== PROMPT ===

Use the following alphabet to guess the missing piece.

a g c d e f q h i j k l m z o p n r s t u v w x y b

Note that the alphabet may be in an unfamiliar order. Complete the pattern using this order.

[m z o o p n] [m z o p n]
[a c e q i k m o o n] [ ? ]

First, describe 3 relevant exemplars that are distinct from this problem. Then give the final answer. Answer with only the examples and the final answer with no further explanation. Put your final answer between double brackets.


--- TARGET LETTERS ---

['a', 'c', 'e', 'q', 'i', 'k', 'm', 'o', 'n']
Full Qwen output: Example 1: [a b c d e f] [a b c d]  
Example 2: [x y z a b c] [x y z a]  
Example 3: [p q r s t u] [p q r s]  

[[a c e q i k m o o n] [a c e q i k m o]]
Filtered Qwen output: a c e q i k m o o n] [a c e q i k m o
trial 2 of 10...
trial 3 of 10...
trial 4 of 10...
trial 5 of 10...
trial 6 of 10...
trial 7 of 10...
trial 8 of 10...
trial 9 of 10...
trial 10 of 10...
Problem type: 3gen_split1 - 14/20
trial 1 of 10...

=== PROMPT ===

Use the following alphabet to guess the missing piece.

a g c d e f q h i j k l m z o p n r s t u v w x y b

Note that the alphabet may be in an unfamiliar order. Complete the pattern using this order.

[i j k l] [i j k l m]
[b x v t r p z l] [ ? ]

First, describe 3 relevant exemplars that are distinct from this problem. Then give the final answer. Answer with only the examples and the final answer with no further explanation. Put your final answer between double brackets.


--- TARGET LETTERS ---

['b', 'x', 'v', 't', 'r', 'p', 'z', 'l', 'j']
Full Qwen output: Example 1: [a b c d] [a b c d e]  
Example 2: [x y z a b] [x y z a b c]  
Example 3: [m n o p q] [m n o p q r]  

[[b x v t r p z l m]]
Filtered Qwen output: b x v t r p z l m
trial 2 of 10...
trial 3 of 10...
trial 4 of 10...
trial 5 of 10...
trial 6 of 10...
trial 7 of 10...
trial 8 of 10...
trial 9 of 10...
trial 10 of 10...
Problem type: 3gen_split2 - 15/20
trial 1 of 10...

=== PROMPT ===

Use the following alphabet to guess the missing piece.

a g c d e f q h i j k l m z o p n r s t u v w x y b

Note that the alphabet may be in an unfamiliar order. Complete the pattern using this order.

[n r e t u] [n r s t u]
[26 26 5 5 4 4 3 3 2 2] [ ? ]

First, describe 3 relevant exemplars that are distinct from this problem. Then give the final answer. Answer with only the examples and the final answer with no further explanation. Put your final answer between double brackets.


--- TARGET LETTERS ---

[np.int64(6), np.int64(6), np.int64(5), np.int64(5), np.int64(4), np.int64(4), np.int64(3), np.int64(3), np.int64(2), np.int64(2)]
Full Qwen output: Example 1: [a b c d e] [f g h i j]  
Example 2: [x y z a b] [c d e f g]  
Example 3: [m n o p q] [r s t u v]  

[[n r s t u]]
Filtered Qwen output: n r s t u
trial 2 of 10...
trial 3 of 10...
trial 4 of 10...
trial 5 of 10...
trial 6 of 10...
trial 7 of 10...
trial 8 of 10...
trial 9 of 10...
trial 10 of 10...
Problem type: 3gen_split3 - 16/20
trial 1 of 10...

=== PROMPT ===

Use the following alphabet to guess the missing piece.

a g c d e f q h i j k l m z o p n r s t u v w x y b

Note that the alphabet may be in an unfamiliar order. Complete the pattern using this order.

[j c l m z] [j k l m z]
[14 14 15 15 5 5 17 17 18 18 19 19 20 20 21 21 22 22] [ ? ]

First, describe 3 relevant exemplars that are distinct from this problem. Then give the final answer. Answer with only the examples and the final answer with no further explanation. Put your final answer between double brackets.


--- TARGET LETTERS ---

[np.int64(14), np.int64(14), np.int64(15), np.int64(15), np.int64(16), np.int64(16), np.int64(17), np.int64(17), np.int64(18), np.int64(18), np.int64(19), np.int64(19), np.int64(20), np.int64(20), np.int64(21), np.int64(21), np.int64(22), np.int64(22)]
Full Qwen output: Example 1: [a b c d e] [a b c d e]  
Example 2: [x y z a b] [x y z a b]  
Example 3: [m n o p q] [m n o p q]  

[[j k l m z]]
Filtered Qwen output: j k l m z
trial 2 of 10...
trial 3 of 10...
trial 4 of 10...
trial 5 of 10...
trial 6 of 10...
trial 7 of 10...
trial 8 of 10...
trial 9 of 10...
trial 10 of 10...
Problem type: 3gen_split4 - 17/20
trial 1 of 10...

=== PROMPT ===

Use the following alphabet to guess the missing piece.

a g c d e f q h i j k l m z o p n r s t u v w x y b

Note that the alphabet may be in an unfamiliar order. Complete the pattern using this order.

[d e f q h h] [d e f q h]
[26 0 25 0 24 0 24 0 23 0 22 0] [ ? ]

First, describe 3 relevant exemplars that are distinct from this problem. Then give the final answer. Answer with only the examples and the final answer with no further explanation. Put your final answer between double brackets.


--- TARGET LETTERS ---

[np.int64(26), '0', np.int64(25), '0', np.int64(24), '0', np.int64(23), '0', np.int64(22), '0']
Full Qwen output: Example 1: [a b c d e f] [a b c d]  
Example 2: [x y z a b c] [x y z]  
Example 3: [m n o p q r] [m n o]  

[[26 0 25 0 24 0 23 0 22 0]]
Filtered Qwen output: 26 0 25 0 24 0 23 0 22 0
trial 2 of 10...
trial 3 of 10...
trial 4 of 10...
trial 5 of 10...
trial 6 of 10...
trial 7 of 10...
trial 8 of 10...
trial 9 of 10...
trial 10 of 10...
Problem type: 3gen_split5 - 18/20
trial 1 of 10...

=== PROMPT ===

Use the following alphabet to guess the missing piece.

a g c d e f q h i j k l m z o p n r s t u v w x y b

Note that the alphabet may be in an unfamiliar order. Complete the pattern using this order.

[j k l m] [j k l z]
[e e x x d d x x c c x x g g x x] [ ? ]

First, describe 3 relevant exemplars that are distinct from this problem. Then give the final answer. Answer with only the examples and the final answer with no further explanation. Put your final answer between double brackets.


--- TARGET LETTERS ---

['e', 'e', 'x', 'x', 'd', 'd', 'x', 'x', 'c', 'c', 'x', 'x', 'a', 'a', 'x', 'x']
Full Qwen output: 1. [a b c d] [a b c e]  
2. [x y z a] [x y z b]  
3. [p q r s] [p q r t]  

[[e e x x d d x x c c x x g g x x] [e e x x d d x x c c x x g g x z]]
Filtered Qwen output: e e x x d d x x c c x x g g x x] [e e x x d d x x c c x x g g x z
trial 2 of 10...
trial 3 of 10...
trial 4 of 10...
trial 5 of 10...
trial 6 of 10...
trial 7 of 10...
trial 8 of 10...
trial 9 of 10...
trial 10 of 10...
Problem type: 3gen_split6 - 19/20
trial 1 of 10...

=== PROMPT ===

Use the following alphabet to guess the missing piece.

a g c d e f q h i j k l m z o p n r s t u v w x y b

Note that the alphabet may be in an unfamiliar order. Complete the pattern using this order.

[l m z o] [l m z o p]
[23 21 19 17] [ ? ]

First, describe 3 relevant exemplars that are distinct from this problem. Then give the final answer. Answer with only the examples and the final answer with no further explanation. Put your final answer between double brackets.


--- TARGET LETTERS ---

[np.int64(23), np.int64(21), np.int64(19), np.int64(17), np.int64(15)]
Full Qwen output: Example 1: [a b c d] [a b c d e]  
Example 2: [x y z a] [x y z a b]  
Example 3: [m n o p] [m n o p q]  

[[l m z o p n]]
Filtered Qwen output: l m z o p n
trial 2 of 10...
trial 3 of 10...
trial 4 of 10...
trial 5 of 10...
trial 6 of 10...
trial 7 of 10...
trial 8 of 10...
trial 9 of 10...
trial 10 of 10...
Problem type: 3gensplit7 - 20/20
trial 1 of 10...

=== PROMPT ===

Use the following alphabet to guess the missing piece.

a g c d e f q h i j k l m z o p n r s t u v w x y b

Note that the alphabet may be in an unfamiliar order. Complete the pattern using this order.

[r s t u] [n s t u]
[25 0 24 0 23 0 22 0] [ ? ]

First, describe 3 relevant exemplars that are distinct from this problem. Then give the final answer. Answer with only the examples and the final answer with no further explanation. Put your final answer between double brackets.


--- TARGET LETTERS ---

[np.int64(26), '0', np.int64(24), '0', np.int64(23), '0', np.int64(22), '0']
Full Qwen output: Example 1: [a b c d] [x y z a]  
Example 2: [p q r s] [m n o p]  
Example 3: [h i j k] [f g h i]  

[[m s t u]]
Filtered Qwen output: m s t u
trial 2 of 10...
trial 3 of 10...
trial 4 of 10...
trial 5 of 10...
trial 6 of 10...
trial 7 of 10...
trial 8 of 10...
trial 9 of 10...
trial 10 of 10...
alph_4
a b c d f k g h i j r l m n o e q p s t u v w x y z
Problem type: larger_int - 1/20
trial 1 of 10...

=== PROMPT ===

Use the following alphabet to guess the missing piece.

a b c d f k g h i j r l m n o e q p s t u v w x y z

Note that the alphabet may be in an unfamiliar order. Complete the pattern using this order.

[s t u v] [p t u v]
[f g i r] [ ? ]

First, describe 3 relevant exemplars that are distinct from this problem. Then give the final answer. Answer with only the examples and the final answer with no further explanation. Put your final answer between double brackets.


--- TARGET LETTERS ---

['c', 'g', 'i', 'r']
Full Qwen output: Example 1: [a b c d] [e f g h]  
Example 2: [x y z a] [b c d e]  
Example 3: [m n o p] [q r s t]  

[[f g i r] [h i j k]]
Filtered Qwen output: f g i r] [h i j k
trial 2 of 10...
trial 3 of 10...
trial 4 of 10...
trial 5 of 10...
trial 6 of 10...
trial 7 of 10...
trial 8 of 10...
trial 9 of 10...
trial 10 of 10...
Problem type: longer_targ - 2/20
trial 1 of 10...

=== PROMPT ===

Use the following alphabet to guess the missing piece.

a b c d f k g h i j r l m n o e q p s t u v w x y z

Note that the alphabet may be in an unfamiliar order. Complete the pattern using this order.

[a b c d] [a b c f]
[j r l m n o e q] [ ? ]

First, describe 3 relevant exemplars that are distinct from this problem. Then give the final answer. Answer with only the examples and the final answer with no further explanation. Put your final answer between double brackets.


--- TARGET LETTERS ---

['j', 'r', 'l', 'm', 'n', 'o', 'e', 'p']
Full Qwen output: Example 1: [a b c d] [a b c e]  
Example 2: [x y z a] [x y z b]  
Example 3: [p q r s] [p q r t]  

[[j r l m]]
Filtered Qwen output: j r l m
trial 2 of 10...
trial 3 of 10...
trial 4 of 10...
trial 5 of 10...
trial 6 of 10...
trial 7 of 10...
trial 8 of 10...
trial 9 of 10...
trial 10 of 10...
Problem type: group - 3/20
trial 1 of 10...

=== PROMPT ===

Use the following alphabet to guess the missing piece.

a b c d f k g h i j r l m n o e q p s t u v w x y z

Note that the alphabet may be in an unfamiliar order. Complete the pattern using this order.

[p u t s v] [p s t u v]
[d d k k f f g g h h] [ ? ]

First, describe 3 relevant exemplars that are distinct from this problem. Then give the final answer. Answer with only the examples and the final answer with no further explanation. Put your final answer between double brackets.


--- TARGET LETTERS ---

['d', 'd', 'f', 'f', 'k', 'k', 'g', 'g', 'h', 'h']
Full Qwen output: Example 1: [a b c d] [d c b a]  
Example 2: [x y z a] [a z y x]  
Example 3: [m n o p] [p o n m]  

[[d d k k f f g g h h] [h h g g f f k k d d]]
Filtered Qwen output: d d k k f f g g h h] [h h g g f f k k d d
trial 2 of 10...
trial 3 of 10...
trial 4 of 10...
trial 5 of 10...
trial 6 of 10...
trial 7 of 10...
trial 8 of 10...
trial 9 of 10...
trial 10 of 10...
Problem type: interleaved - 4/20
trial 1 of 10...

=== PROMPT ===

Use the following alphabet to guess the missing piece.

a b c d f k g h i j r l m n o e q p s t u v w x y z

Note that the alphabet may be in an unfamiliar order. Complete the pattern using this order.

[g h i j] [g h i j r]
[r x l x m x n x] [ ? ]

First, describe 3 relevant exemplars that are distinct from this problem. Then give the final answer. Answer with only the examples and the final answer with no further explanation. Put your final answer between double brackets.


--- TARGET LETTERS ---

['r', 'x', 'l', 'x', 'm', 'x', 'n', 'x', 'o', 'x']
Full Qwen output: Example 1: [a b c d] [a b c d e]  
Example 2: [x y z a] [x y z a b]  
Example 3: [m n o p] [m n o p q]  

[[r x l x m x n x o x]]
Filtered Qwen output: r x l x m x n x o x
trial 2 of 10...
trial 3 of 10...
trial 4 of 10...
trial 5 of 10...
trial 6 of 10...
trial 7 of 10...
trial 8 of 10...
trial 9 of 10...
trial 10 of 10...
Problem type: letter2num - 5/20
trial 1 of 10...

=== PROMPT ===

Use the following alphabet to guess the missing piece.

a b c d f k g h i j r l m n o e q p s t u v w x y z

Note that the alphabet may be in an unfamiliar order. Complete the pattern using this order.

[o e q p] [n e q p]
[20 21 22 23] [ ? ]

First, describe 3 relevant exemplars that are distinct from this problem. Then give the final answer. Answer with only the examples and the final answer with no further explanation. Put your final answer between double brackets.


--- TARGET LETTERS ---

[np.int64(19), np.int64(21), np.int64(22), np.int64(23)]
Full Qwen output: Example 1: [a b c d] [e f g h]  
Example 2: [x y z a] [b c d e]  
Example 3: [m n o p] [q r s t]  

[[m e q p]]
Filtered Qwen output: m e q p
trial 2 of 10...
trial 3 of 10...
trial 4 of 10...
trial 5 of 10...
trial 6 of 10...
trial 7 of 10...
trial 8 of 10...
trial 9 of 10...
trial 10 of 10...
Problem type: reverse - 6/20
trial 1 of 10...

=== PROMPT ===

Use the following alphabet to guess the missing piece.

a b c d f k g h i j r l m n o e q p s t u v w x y z

Note that the alphabet may be in an unfamiliar order. Complete the pattern using this order.

[q p s t] [q p s t u]
[f d c b] [ ? ]

First, describe 3 relevant exemplars that are distinct from this problem. Then give the final answer. Answer with only the examples and the final answer with no further explanation. Put your final answer between double brackets.


--- TARGET LETTERS ---

['f', 'd', 'c', 'b', 'a']
Full Qwen output: 1. [a b c d] [a b c d e]  
2. [x y z a] [x y z a b]  
3. [m n o p] [m n o p q]  

[[f d c b a]]
Filtered Qwen output: f d c b a
trial 2 of 10...
trial 3 of 10...
trial 4 of 10...
trial 5 of 10...
trial 6 of 10...
trial 7 of 10...
trial 8 of 10...
trial 9 of 10...
trial 10 of 10...
Problem type: 2gen_split1 - 7/20
trial 1 of 10...

=== PROMPT ===

Use the following alphabet to guess the missing piece.

a b c d f k g h i j r l m n o e q p s t u v w x y z

Note that the alphabet may be in an unfamiliar order. Complete the pattern using this order.

[f k g h] [f k g h i]
[22 22 23 23 24 24 25 25] [ ? ]

First, describe 3 relevant exemplars that are distinct from this problem. Then give the final answer. Answer with only the examples and the final answer with no further explanation. Put your final answer between double brackets.


--- TARGET LETTERS ---

[np.int64(22), np.int64(22), np.int64(23), np.int64(23), np.int64(24), np.int64(24), np.int64(25), np.int64(25), np.int64(26), np.int64(26)]
Full Qwen output: Example1: [a b c d] [a b c d e]  
Example2: [x y z a] [x y z a b]  
Example3: [m n o p] [m n o p q]  

[[f k g h i j r l m n o e q p s t u v w x y z]]
Filtered Qwen output: f k g h i j r l m n o e q p s t u v w x y z
trial 2 of 10...
trial 3 of 10...
trial 4 of 10...
trial 5 of 10...
trial 6 of 10...
trial 7 of 10...
trial 8 of 10...
trial 9 of 10...
trial 10 of 10...
Problem type: 2gen_split2 - 8/20
trial 1 of 10...

=== PROMPT ===

Use the following alphabet to guess the missing piece.

a b c d f k g h i j r l m n o e q p s t u v w x y z

Note that the alphabet may be in an unfamiliar order. Complete the pattern using this order.

[p s t t u v] [p s t u v]
[a a b b c c d d f f k k k k g g h h i i] [ ? ]

First, describe 3 relevant exemplars that are distinct from this problem. Then give the final answer. Answer with only the examples and the final answer with no further explanation. Put your final answer between double brackets.


--- TARGET LETTERS ---

['a', 'a', 'b', 'b', 'c', 'c', 'd', 'd', 'f', 'f', 'k', 'k', 'g', 'g', 'h', 'h', 'i', 'i']
Full Qwen output: 1. [a b c d e f] [a b c d e]  
2. [x y z a b c] [x y z a b]  
3. [m n o p q r] [m n o p q]  

[[a a b b c c d d f f k k k k g g h h i i] [a a b b c c d d f f k k k k g g h h i i j j]]
Filtered Qwen output: a a b b c c d d f f k k k k g g h h i i] [a a b b c c d d f f k k k k g g h h i i j j
trial 2 of 10...
trial 3 of 10...
trial 4 of 10...
trial 5 of 10...
trial 6 of 10...
trial 7 of 10...
trial 8 of 10...
trial 9 of 10...
trial 10 of 10...
Problem type: 2gen_split3 - 9/20
trial 1 of 10...

=== PROMPT ===

Use the following alphabet to guess the missing piece.

a b c d f k g h i j r l m n o e q p s t u v w x y z

Note that the alphabet may be in an unfamiliar order. Complete the pattern using this order.

[m n o e] [l n o e]
[j j i i h h g g] [ ? ]

First, describe 3 relevant exemplars that are distinct from this problem. Then give the final answer. Answer with only the examples and the final answer with no further explanation. Put your final answer between double brackets.


--- TARGET LETTERS ---

['r', 'r', 'i', 'i', 'h', 'h', 'g', 'g']
Full Qwen output: 1. [a b c d] [e f g h]  
2. [x y z a] [b c d e]  
3. [p q r s] [t u v w]  

[[i i h h]]
Filtered Qwen output: i i h h
trial 2 of 10...
trial 3 of 10...
trial 4 of 10...
trial 5 of 10...
trial 6 of 10...
trial 7 of 10...
trial 8 of 10...
trial 9 of 10...
trial 10 of 10...
Problem type: 2gen_split4 - 10/20
trial 1 of 10...

=== PROMPT ===

Use the following alphabet to guess the missing piece.

a b c d f k g h i j r l m n o e q p s t u v w x y z

Note that the alphabet may be in an unfamiliar order. Complete the pattern using this order.

[q p z t u] [q p s t u]
[j l n c p t v x z] [ ? ]

First, describe 3 relevant exemplars that are distinct from this problem. Then give the final answer. Answer with only the examples and the final answer with no further explanation. Put your final answer between double brackets.


--- TARGET LETTERS ---

['j', 'l', 'n', 'e', 'p', 't', 'v', 'x', 'z']
Full Qwen output: 1. [a b c d e] [a b c d]  
2. [x y z a b] [x y z a]  
3. [m n o p q] [m n o p]  

[[j l n c p t v x]]
Filtered Qwen output: j l n c p t v x
trial 2 of 10...
trial 3 of 10...
trial 4 of 10...
trial 5 of 10...
trial 6 of 10...
trial 7 of 10...
trial 8 of 10...
trial 9 of 10...
trial 10 of 10...
Problem type: 2gen_split5 - 11/20
trial 1 of 10...

=== PROMPT ===

Use the following alphabet to guess the missing piece.

a b c d f k g h i j r l m n o e q p s t u v w x y z

Note that the alphabet may be in an unfamiliar order. Complete the pattern using this order.

[d f k k g h] [d f k g h]
[17 17 18 18 19 19 19 19 20 20 21 21] [ ? ]

First, describe 3 relevant exemplars that are distinct from this problem. Then give the final answer. Answer with only the examples and the final answer with no further explanation. Put your final answer between double brackets.


--- TARGET LETTERS ---

[np.int64(17), np.int64(17), np.int64(18), np.int64(18), np.int64(19), np.int64(19), np.int64(20), np.int64(20), np.int64(21), np.int64(21)]
Full Qwen output: 1. cat : dog :: hat : ?
2. sun : moon :: star : ?
3. red : blue :: green : ?

[[17 17 18 18 19 19 19 19 20 20 21 21] [17 17 18 18 19 19]]
Filtered Qwen output: 17 17 18 18 19 19 19 19 20 20 21 21] [17 17 18 18 19 19
trial 2 of 10...
trial 3 of 10...
trial 4 of 10...
trial 5 of 10...
trial 6 of 10...
trial 7 of 10...
trial 8 of 10...
trial 9 of 10...
trial 10 of 10...
Problem type: 2gen_split6 - 12/20
trial 1 of 10...

=== PROMPT ===

Use the following alphabet to guess the missing piece.

a b c d f k g h i j r l m n o e q p s t u v w x y z

Note that the alphabet may be in an unfamiliar order. Complete the pattern using this order.

[f k g h] [f k g i]
[s x p x q x e x] [ ? ]

First, describe 3 relevant exemplars that are distinct from this problem. Then give the final answer. Answer with only the examples and the final answer with no further explanation. Put your final answer between double brackets.


--- TARGET LETTERS ---

['s', 'x', 'p', 'x', 'q', 'x', 'o', 'x']
Full Qwen output: Example 1: [a b c d] [a b c e]  
Example 2: [m n o p] [m n o q]  
Example 3: [t u v w] [t u v x]  

[[s x p x q x e y]]
Filtered Qwen output: s x p x q x e y
trial 2 of 10...
trial 3 of 10...
trial 4 of 10...
trial 5 of 10...
trial 6 of 10...
trial 7 of 10...
trial 8 of 10...
trial 9 of 10...
trial 10 of 10...
Problem type: 2gensplit7 - 13/20
trial 1 of 10...

=== PROMPT ===

Use the following alphabet to guess the missing piece.

a b c d f k g h i j r l m n o e q p s t u v w x y z

Note that the alphabet may be in an unfamiliar order. Complete the pattern using this order.

[u v w x] [u v w y]
[22 21 20 19] [ ? ]

First, describe 3 relevant exemplars that are distinct from this problem. Then give the final answer. Answer with only the examples and the final answer with no further explanation. Put your final answer between double brackets.


--- TARGET LETTERS ---

[np.int64(22), np.int64(21), np.int64(20), np.int64(18)]
Full Qwen output: 1. cat : dog :: hat : ?  
2. sun : moon :: star : ?  
3. red : blue :: green : ?  

[[22 21 20 18]]
Filtered Qwen output: 22 21 20 18
trial 2 of 10...
trial 3 of 10...
trial 4 of 10...
trial 5 of 10...
trial 6 of 10...
trial 7 of 10...
trial 8 of 10...
trial 9 of 10...
trial 10 of 10...
Problem type: 3gen_split1 - 14/20
trial 1 of 10...

=== PROMPT ===

Use the following alphabet to guess the missing piece.

a b c d f k g h i j r l m n o e q p s t u v w x y z

Note that the alphabet may be in an unfamiliar order. Complete the pattern using this order.

[j r l m t] [j r l m n]
[e x n x t x j x h x] [ ? ]

First, describe 3 relevant exemplars that are distinct from this problem. Then give the final answer. Answer with only the examples and the final answer with no further explanation. Put your final answer between double brackets.


--- TARGET LETTERS ---

['e', 'x', 'n', 'x', 'l', 'x', 'j', 'x', 'h', 'x']
Full Qwen output: 1. cat : dog :: bird : ?  
2. apple : fruit :: carrot : ?  
3. north : south :: east : ?  

[[e x n x t x j x h x l]]
Filtered Qwen output: e x n x t x j x h x l
trial 2 of 10...
trial 3 of 10...
trial 4 of 10...
trial 5 of 10...
trial 6 of 10...
trial 7 of 10...
trial 8 of 10...
trial 9 of 10...
trial 10 of 10...
Problem type: 3gen_split2 - 15/20
trial 1 of 10...

=== PROMPT ===

Use the following alphabet to guess the missing piece.

a b c d f k g h i j r l m n o e q p s t u v w x y z

Note that the alphabet may be in an unfamiliar order. Complete the pattern using this order.

[p s t u j] [p s t u v]
[p p e e n n u u j j] [ ? ]

First, describe 3 relevant exemplars that are distinct from this problem. Then give the final answer. Answer with only the examples and the final answer with no further explanation. Put your final answer between double brackets.


--- TARGET LETTERS ---

['p', 'p', 'e', 'e', 'n', 'n', 'l', 'l', 'j', 'j']
Full Qwen output: Example 1: [a b c d] [a b c d e]  
Example 2: [x y z a] [x y z a b]  
Example 3: [m n o p] [m n o p q]  

[[p p e e n n u u v v j j]]
Filtered Qwen output: p p e e n n u u v v j j
trial 2 of 10...
trial 3 of 10...
trial 4 of 10...
trial 5 of 10...
trial 6 of 10...
trial 7 of 10...
trial 8 of 10...
trial 9 of 10...
trial 10 of 10...
Problem type: 3gen_split3 - 16/20
trial 1 of 10...

=== PROMPT ===

Use the following alphabet to guess the missing piece.

a b c d f k g h i j r l m n o e q p s t u v w x y z

Note that the alphabet may be in an unfamiliar order. Complete the pattern using this order.

[l i n o e] [l m n o e]
[17 0 7 0 9 0 11 0 13 0] [ ? ]

First, describe 3 relevant exemplars that are distinct from this problem. Then give the final answer. Answer with only the examples and the final answer with no further explanation. Put your final answer between double brackets.


--- TARGET LETTERS ---

[np.int64(5), '0', np.int64(7), '0', np.int64(9), '0', np.int64(11), '0', np.int64(13), '0']
Full Qwen output: Example 1: [a b c d] [e f g h]  
Example 2: [x y z a] [b c d e]  
Example 3: [m n o p] [q r s t]  

[[l m n o e]]
Filtered Qwen output: l m n o e
trial 2 of 10...
trial 3 of 10...
trial 4 of 10...
trial 5 of 10...
trial 6 of 10...
trial 7 of 10...
trial 8 of 10...
trial 9 of 10...
trial 10 of 10...
Problem type: 3gen_split4 - 17/20
trial 1 of 10...

=== PROMPT ===

Use the following alphabet to guess the missing piece.

a b c d f k g h i j r l m n o e q p s t u v w x y z

Note that the alphabet may be in an unfamiliar order. Complete the pattern using this order.

[e q p s] [e q p t]
[l l x x m m x x n n x x o o x x e e x x q q x x p p x x s s x x] [ ? ]

First, describe 3 relevant exemplars that are distinct from this problem. Then give the final answer. Answer with only the examples and the final answer with no further explanation. Put your final answer between double brackets.


--- TARGET LETTERS ---

['l', 'l', 'x', 'x', 'm', 'm', 'x', 'x', 'n', 'n', 'x', 'x', 'o', 'o', 'x', 'x', 'e', 'e', 'x', 'x', 'q', 'q', 'x', 'x', 'p', 'p', 'x', 'x', 't', 't', 'x', 'x']
Full Qwen output: Example1: [a b c d] [a b c e]  
Example2: [x y z a] [x y z b]  
Example3: [m n o p] [m n o q]  

[[l l x x m m x x n n x x o o x x e e x x q q x x p p x x s s x x t t x x]]
Filtered Qwen output: l l x x m m x x n n x x o o x x e e x x q q x x p p x x s s x x t t x x
trial 2 of 10...
trial 3 of 10...
trial 4 of 10...
trial 5 of 10...
trial 6 of 10...
trial 7 of 10...
trial 8 of 10...
trial 9 of 10...
trial 10 of 10...
Problem type: 3gen_split5 - 18/20
trial 1 of 10...

=== PROMPT ===

Use the following alphabet to guess the missing piece.

a b c d f k g h i j r l m n o e q p s t u v w x y z

Note that the alphabet may be in an unfamiliar order. Complete the pattern using this order.

[n o o e q p] [n o e q p]
[v t p e n l j j h k] [ ? ]

First, describe 3 relevant exemplars that are distinct from this problem. Then give the final answer. Answer with only the examples and the final answer with no further explanation. Put your final answer between double brackets.


--- TARGET LETTERS ---

['v', 't', 'p', 'e', 'n', 'l', 'j', 'h', 'k']
Full Qwen output: 1. cat : dog :: bird : ?  
2. apple : fruit :: carrot : ?  
3. north : south :: east : ?  

[[v t p e n l j j h k] [v t p e n l j j h k]]
Filtered Qwen output: v t p e n l j j h k] [v t p e n l j j h k
trial 2 of 10...
trial 3 of 10...
trial 4 of 10...
trial 5 of 10...
trial 6 of 10...
trial 7 of 10...
trial 8 of 10...
trial 9 of 10...
trial 10 of 10...
Problem type: 3gen_split6 - 19/20
trial 1 of 10...

=== PROMPT ===

Use the following alphabet to guess the missing piece.

a b c d f k g h i j r l m n o e q p s t u v w x y z

Note that the alphabet may be in an unfamiliar order. Complete the pattern using this order.

[f k g h] [d k g h]
[19 19 0 0 20 20 0 0 21 21 0 0 22 22 0 0] [ ? ]

First, describe 3 relevant exemplars that are distinct from this problem. Then give the final answer. Answer with only the examples and the final answer with no further explanation. Put your final answer between double brackets.


--- TARGET LETTERS ---

[np.int64(18), np.int64(18), '0', '0', np.int64(20), np.int64(20), '0', '0', np.int64(21), np.int64(21), '0', '0', np.int64(22), np.int64(22), '0', '0']
Full Qwen output: Example1: [a b c d] [x y z a]  
Example2: [m n o p] [q r s t]  
Example3: [g h i j] [k l m n]  

[[d k g h]]
Filtered Qwen output: d k g h
trial 2 of 10...
trial 3 of 10...
trial 4 of 10...
trial 5 of 10...
trial 6 of 10...
trial 7 of 10...
trial 8 of 10...
trial 9 of 10...
trial 10 of 10...
Problem type: 3gensplit7 - 20/20
trial 1 of 10...

=== PROMPT ===

Use the following alphabet to guess the missing piece.

a b c d f k g h i j r l m n o e q p s t u v w x y z

Note that the alphabet may be in an unfamiliar order. Complete the pattern using this order.

[a b c d] [a b c f]
[j j l l n n e e p p t t v v x x] [ ? ]

First, describe 3 relevant exemplars that are distinct from this problem. Then give the final answer. Answer with only the examples and the final answer with no further explanation. Put your final answer between double brackets.


--- TARGET LETTERS ---

['j', 'j', 'l', 'l', 'n', 'n', 'e', 'e', 'p', 'p', 't', 't', 'v', 'v', 'z', 'z']
Full Qwen output: Example 1: [a b c d] [a b c e]  
Example 2: [x y z a] [x y z b]  
Example 3: [m n o p] [m n o q]  

[[j j l l n n e e p p t t v v x x] [j j l l n n e e p p t t v v x x]]
Filtered Qwen output: j j l l n n e e p p t t v v x x] [j j l l n n e e p p t t v v x x
trial 2 of 10...
trial 3 of 10...
trial 4 of 10...
trial 5 of 10...
trial 6 of 10...
trial 7 of 10...
trial 8 of 10...
trial 9 of 10...
trial 10 of 10...
alph_5
a b c d e f g h k j z l m n o p q r s t u y w x v i
Problem type: larger_int - 1/20
trial 1 of 10...

=== PROMPT ===

Use the following alphabet to guess the missing piece.

a b c d e f g h k j z l m n o p q r s t u y w x v i

Note that the alphabet may be in an unfamiliar order. Complete the pattern using this order.

[m m n o p q] [m n o p q]
[r r t y x i] [ ? ]

First, describe 3 relevant exemplars that are distinct from this problem. Then give the final answer. Answer with only the examples and the final answer with no further explanation. Put your final answer between double brackets.


--- TARGET LETTERS ---

['r', 't', 'y', 'x', 'i']
Full Qwen output: Example 1: [a a b c d] [a b c d]  
Example 2: [x x y z a] [x y z a]  
Example 3: [p p q r s] [p q r s]  

[[r t y x i]]
Filtered Qwen output: r t y x i
trial 2 of 10...
trial 3 of 10...
trial 4 of 10...
trial 5 of 10...
trial 6 of 10...
trial 7 of 10...
trial 8 of 10...
trial 9 of 10...
trial 10 of 10...
Problem type: longer_targ - 2/20
trial 1 of 10...

=== PROMPT ===

Use the following alphabet to guess the missing piece.

a b c d e f g h k j z l m n o p q r s t u y w x v i

Note that the alphabet may be in an unfamiliar order. Complete the pattern using this order.

[o p q r] [o p q s]
[r s t u y w x v] [ ? ]

First, describe 3 relevant exemplars that are distinct from this problem. Then give the final answer. Answer with only the examples and the final answer with no further explanation. Put your final answer between double brackets.


--- TARGET LETTERS ---

['r', 's', 't', 'u', 'y', 'w', 'x', 'i']
Full Qwen output: Example 1: [a b c d] [a b c e]  
Example 2: [x y z a] [x y z b]  
Example 3: [m n o p] [m n o q]  

[[r s t u y w x v] [r s t u y w x w]]
Filtered Qwen output: r s t u y w x v] [r s t u y w x w
trial 2 of 10...
trial 3 of 10...
trial 4 of 10...
trial 5 of 10...
trial 6 of 10...
trial 7 of 10...
trial 8 of 10...
trial 9 of 10...
trial 10 of 10...
Problem type: group - 3/20
trial 1 of 10...

=== PROMPT ===

Use the following alphabet to guess the missing piece.

a b c d e f g h k j z l m n o p q r s t u y w x v i

Note that the alphabet may be in an unfamiliar order. Complete the pattern using this order.

[b l m n o] [z l m n o]
[m m n n o o p p j j] [ ? ]

First, describe 3 relevant exemplars that are distinct from this problem. Then give the final answer. Answer with only the examples and the final answer with no further explanation. Put your final answer between double brackets.


--- TARGET LETTERS ---

['m', 'm', 'n', 'n', 'o', 'o', 'p', 'p', 'q', 'q']
Full Qwen output: Example 1: [a b c d e] [f g h i j]  
Example 2: [x y z a b] [c d e f g]  
Example 3: [p q r s t] [u v w x y]  

[[m m n n o o p p j j] [m m n n o o p p j j]]
Filtered Qwen output: m m n n o o p p j j] [m m n n o o p p j j
trial 2 of 10...
trial 3 of 10...
trial 4 of 10...
trial 5 of 10...
trial 6 of 10...
trial 7 of 10...
trial 8 of 10...
trial 9 of 10...
trial 10 of 10...
Problem type: interleaved - 4/20
trial 1 of 10...

=== PROMPT ===

Use the following alphabet to guess the missing piece.

a b c d e f g h k j z l m n o p q r s t u y w x v i

Note that the alphabet may be in an unfamiliar order. Complete the pattern using this order.

[t u y w] [t u y w x]
[h x k x j x z x] [ ? ]

First, describe 3 relevant exemplars that are distinct from this problem. Then give the final answer. Answer with only the examples and the final answer with no further explanation. Put your final answer between double brackets.


--- TARGET LETTERS ---

['h', 'x', 'k', 'x', 'j', 'x', 'z', 'x', 'l', 'x']
Full Qwen output: 1. [a b c d] [a b c d e]  
2. [p q r s] [p q r s t]  
3. [m n o p] [m n o p q]  

[[h x k x j x z x] [h x k x j x z x v]]
Filtered Qwen output: h x k x j x z x] [h x k x j x z x v
trial 2 of 10...
trial 3 of 10...
trial 4 of 10...
trial 5 of 10...
trial 6 of 10...
trial 7 of 10...
trial 8 of 10...
trial 9 of 10...
trial 10 of 10...
Problem type: letter2num - 5/20
trial 1 of 10...

=== PROMPT ===

Use the following alphabet to guess the missing piece.

a b c d e f g h k j z l m n o p q r s t u y w x v i

Note that the alphabet may be in an unfamiliar order. Complete the pattern using this order.

[y w x v] [y w x v i]
[10 11 12 13] [ ? ]

First, describe 3 relevant exemplars that are distinct from this problem. Then give the final answer. Answer with only the examples and the final answer with no further explanation. Put your final answer between double brackets.


--- TARGET LETTERS ---

[np.int64(10), np.int64(11), np.int64(12), np.int64(13), np.int64(14)]
Full Qwen output: 1. cat : dog :: bird : ?  
2. red : blue :: green : ?  
3. square : rectangle :: circle : ?

[[14]]
Filtered Qwen output: 14
trial 2 of 10...
trial 3 of 10...
trial 4 of 10...
trial 5 of 10...
trial 6 of 10...
trial 7 of 10...
trial 8 of 10...
trial 9 of 10...
trial 10 of 10...
Problem type: reverse - 6/20
trial 1 of 10...

=== PROMPT ===

Use the following alphabet to guess the missing piece.

a b c d e f g h k j z l m n o p q r s t u y w x v i

Note that the alphabet may be in an unfamiliar order. Complete the pattern using this order.

[c d d e f g] [c d e f g]
[z j k k h g] [ ? ]

First, describe 3 relevant exemplars that are distinct from this problem. Then give the final answer. Answer with only the examples and the final answer with no further explanation. Put your final answer between double brackets.


--- TARGET LETTERS ---

['z', 'j', 'k', 'h', 'g']
Full Qwen output: Example 1: [a b c d e] [a b c d]  
Example 2: [x y z a b] [x y a b]  
Example 3: [m n o p q] [m n o p]  

[[z j k h g]]
Filtered Qwen output: z j k h g
trial 2 of 10...
trial 3 of 10...
trial 4 of 10...
trial 5 of 10...
trial 6 of 10...
trial 7 of 10...
trial 8 of 10...
trial 9 of 10...
trial 10 of 10...
Problem type: 2gen_split1 - 7/20
trial 1 of 10...

=== PROMPT ===

Use the following alphabet to guess the missing piece.

a b c d e f g h k j z l m n o p q r s t u y w x v i

Note that the alphabet may be in an unfamiliar order. Complete the pattern using this order.

[y w x v] [y w x v i]
[l l m m n n o o p p q q r r s s] [ ? ]

First, describe 3 relevant exemplars that are distinct from this problem. Then give the final answer. Answer with only the examples and the final answer with no further explanation. Put your final answer between double brackets.


--- TARGET LETTERS ---

['l', 'l', 'm', 'm', 'n', 'n', 'o', 'o', 'p', 'p', 'q', 'q', 'r', 'r', 's', 's', 't', 't']
Full Qwen output: 1. cat : dog :: bird : ?  
2. red : blue :: green : ?  
3. square : rectangle :: circle : ?

[[l l m m n n o o p p q q r r s s t t]]
Filtered Qwen output: l l m m n n o o p p q q r r s s t t
trial 2 of 10...
trial 3 of 10...
trial 4 of 10...
trial 5 of 10...
trial 6 of 10...
trial 7 of 10...
trial 8 of 10...
trial 9 of 10...
trial 10 of 10...
Problem type: 2gen_split2 - 8/20
trial 1 of 10...

=== PROMPT ===

Use the following alphabet to guess the missing piece.

a b c d e f g h k j z l m n o p q r s t u y w x v i

Note that the alphabet may be in an unfamiliar order. Complete the pattern using this order.

[e f g h] [e f g k]
[n n m m l l z z] [ ? ]

First, describe 3 relevant exemplars that are distinct from this problem. Then give the final answer. Answer with only the examples and the final answer with no further explanation. Put your final answer between double brackets.


--- TARGET LETTERS ---

['n', 'n', 'm', 'm', 'l', 'l', 'j', 'j']
Full Qwen output: [e f g h] [e f g k]  
[n n m m l l z z] [l l z z m m n n]  

[[e f g h] [e f g k]]  
[[n n m m l l z z] [l l z z m m n n]]  
[[a b c d] [a b c j]]  

[[l l z z m m n n]]
Filtered Qwen output: e f g h] [e f g k
trial 2 of 10...
trial 3 of 10...
trial 4 of 10...
trial 5 of 10...
trial 6 of 10...
trial 7 of 10...
trial 8 of 10...
trial 9 of 10...
trial 10 of 10...
Problem type: 2gen_split3 - 9/20
trial 1 of 10...

=== PROMPT ===

Use the following alphabet to guess the missing piece.

a b c d e f g h k j z l m n o p q r s t u y w x v i

Note that the alphabet may be in an unfamiliar order. Complete the pattern using this order.

[g h k z j] [g h k j z]
[w x s x u x q x v x] [ ? ]

First, describe 3 relevant exemplars that are distinct from this problem. Then give the final answer. Answer with only the examples and the final answer with no further explanation. Put your final answer between double brackets.


--- TARGET LETTERS ---

['q', 'x', 's', 'x', 'u', 'x', 'w', 'x', 'v', 'x']
Full Qwen output: Example 1: [a b c d e] [a b c d]  
Example 2: [p q r s t] [p q r s]  
Example 3: [m n o p q] [m n o p]  

[[w x s x u x q x v x] [w x s x u x q x v]]
Filtered Qwen output: w x s x u x q x v x] [w x s x u x q x v
trial 2 of 10...
trial 3 of 10...
trial 4 of 10...
trial 5 of 10...
trial 6 of 10...
trial 7 of 10...
trial 8 of 10...
trial 9 of 10...
trial 10 of 10...
Problem type: 2gen_split4 - 10/20
trial 1 of 10...

=== PROMPT ===

Use the following alphabet to guess the missing piece.

a b c d e f g h k j z l m n o p q r s t u y w x v i

Note that the alphabet may be in an unfamiliar order. Complete the pattern using this order.

[e f g h] [e f g k]
[25 24 23 22] [ ? ]

First, describe 3 relevant exemplars that are distinct from this problem. Then give the final answer. Answer with only the examples and the final answer with no further explanation. Put your final answer between double brackets.


--- TARGET LETTERS ---

[np.int64(25), np.int64(24), np.int64(23), np.int64(21)]
Full Qwen output: Example 1: [a b c d] [a b c e]  
Example 2: [x y z a] [x y z b]  
Example 3: [m n o p] [m n o q]  

[[e f g j]]
Filtered Qwen output: e f g j
trial 2 of 10...
trial 3 of 10...
trial 4 of 10...
trial 5 of 10...
trial 6 of 10...
trial 7 of 10...
trial 8 of 10...
trial 9 of 10...
trial 10 of 10...
Problem type: 2gen_split5 - 11/20
trial 1 of 10...

=== PROMPT ===

Use the following alphabet to guess the missing piece.

a b c d e f g h k j z l m n o p q r s t u y w x v i

Note that the alphabet may be in an unfamiliar order. Complete the pattern using this order.

[g h k j] [g h k z]
[q q p p o o n n] [ ? ]

First, describe 3 relevant exemplars that are distinct from this problem. Then give the final answer. Answer with only the examples and the final answer with no further explanation. Put your final answer between double brackets.


--- TARGET LETTERS ---

['q', 'q', 'p', 'p', 'o', 'o', 'm', 'm']
Full Qwen output: 1. [a b c d] [a b c e]  
2. [x y z w] [x y z v]  
3. [m n o p] [m n o q]  

[[q q p p o o n m]]
Filtered Qwen output: q q p p o o n m
trial 2 of 10...
trial 3 of 10...
trial 4 of 10...
trial 5 of 10...
trial 6 of 10...
trial 7 of 10...
trial 8 of 10...
trial 9 of 10...
trial 10 of 10...
Problem type: 2gen_split6 - 12/20
trial 1 of 10...

=== PROMPT ===

Use the following alphabet to guess the missing piece.

a b c d e f g h k j z l m n o p q r s t u y w x v i

Note that the alphabet may be in an unfamiliar order. Complete the pattern using this order.

[l z j m n] [j z l m n]
[18 21 20 19 22 23 24 25 26] [ ? ]

First, describe 3 relevant exemplars that are distinct from this problem. Then give the final answer. Answer with only the examples and the final answer with no further explanation. Put your final answer between double brackets.


--- TARGET LETTERS ---

[np.int64(18), np.int64(19), np.int64(20), np.int64(21), np.int64(22), np.int64(23), np.int64(24), np.int64(25), np.int64(26)]
Full Qwen output: Example 1: [a b c d] [b c d e]  
Example 2: [x y z a] [y z a b]  
Example 3: [p q r s] [q r s t]  

[[z l m n]]
Filtered Qwen output: z l m n
trial 2 of 10...
trial 3 of 10...
trial 4 of 10...
trial 5 of 10...
trial 6 of 10...
trial 7 of 10...
trial 8 of 10...
trial 9 of 10...
trial 10 of 10...
Problem type: 2gensplit7 - 13/20
trial 1 of 10...

=== PROMPT ===

Use the following alphabet to guess the missing piece.

a b c d e f g h k j z l m n o p q r s t u y w x v i

Note that the alphabet may be in an unfamiliar order. Complete the pattern using this order.

[u y w x] [t y w x]
[t x y x x x i x] [ ? ]

First, describe 3 relevant exemplars that are distinct from this problem. Then give the final answer. Answer with only the examples and the final answer with no further explanation. Put your final answer between double brackets.


--- TARGET LETTERS ---

['r', 'x', 'y', 'x', 'x', 'x', 'i', 'x']
Full Qwen output: 1. [a b c d] [e f g h]  
2. [p q r s] [t u v w]  
3. [m n o p] [q r s t]  

[[t x y x x x i x] [u x y x x x i x]]
Filtered Qwen output: t x y x x x i x] [u x y x x x i x
trial 2 of 10...
trial 3 of 10...
trial 4 of 10...
trial 5 of 10...
trial 6 of 10...
trial 7 of 10...
trial 8 of 10...
trial 9 of 10...
trial 10 of 10...
Problem type: 3gen_split1 - 14/20
trial 1 of 10...

=== PROMPT ===

Use the following alphabet to guess the missing piece.

a b c d e f g h k j z l m n o p q r s t u y w x v i

Note that the alphabet may be in an unfamiliar order. Complete the pattern using this order.

[h k j z] [h k j l]
[i i x x y y t t] [ ? ]

First, describe 3 relevant exemplars that are distinct from this problem. Then give the final answer. Answer with only the examples and the final answer with no further explanation. Put your final answer between double brackets.


--- TARGET LETTERS ---

['i', 'i', 'x', 'x', 'y', 'y', 'r', 'r']
Full Qwen output: Example 1: [a b c d] [a b c e]  
Example 2: [p q r s] [p q r t]  
Example 3: [m n o p] [m n o q]  

[[i i x x y y t t] [i i x x y y t v]]
Filtered Qwen output: i i x x y y t t] [i i x x y y t v
trial 2 of 10...
trial 3 of 10...
trial 4 of 10...
trial 5 of 10...
trial 6 of 10...
trial 7 of 10...
trial 8 of 10...
trial 9 of 10...
trial 10 of 10...
Problem type: 3gen_split2 - 15/20
trial 1 of 10...

=== PROMPT ===

Use the following alphabet to guess the missing piece.

a b c d e f g h k j z l m n o p q r s t u y w x v i

Note that the alphabet may be in an unfamiliar order. Complete the pattern using this order.

[q r s t] [p r s t]
[15 14 13 12 11 10 9 8] [ ? ]

First, describe 3 relevant exemplars that are distinct from this problem. Then give the final answer. Answer with only the examples and the final answer with no further explanation. Put your final answer between double brackets.


--- TARGET LETTERS ---

[np.int64(16), np.int64(14), np.int64(13), np.int64(12), np.int64(11), np.int64(10), np.int64(9), np.int64(8)]
Full Qwen output: 1. [a b c d] [z a b c]  
2. [x y z a] [w x y z]  
3. [m n o p] [l m n o]  

[[16 15 14 13]]
Filtered Qwen output: 16 15 14 13
trial 2 of 10...
trial 3 of 10...
trial 4 of 10...
trial 5 of 10...
trial 6 of 10...
trial 7 of 10...
trial 8 of 10...
trial 9 of 10...
trial 10 of 10...
Problem type: 3gen_split3 - 16/20
trial 1 of 10...

=== PROMPT ===

Use the following alphabet to guess the missing piece.

a b c d e f g h k j z l m n o p q r s t u y w x v i

Note that the alphabet may be in an unfamiliar order. Complete the pattern using this order.

[k j z l] [k j z m]
[u s q o m z k g] [ ? ]

First, describe 3 relevant exemplars that are distinct from this problem. Then give the final answer. Answer with only the examples and the final answer with no further explanation. Put your final answer between double brackets.


--- TARGET LETTERS ---

['u', 's', 'q', 'o', 'm', 'z', 'k', 'e']
Full Qwen output: 1. [a b c d] [a b c e]  
2. [x y z a] [x y z b]  
3. [p q r s] [p q r t]  

[[u s q o m z k h]]
Filtered Qwen output: u s q o m z k h
trial 2 of 10...
trial 3 of 10...
trial 4 of 10...
trial 5 of 10...
trial 6 of 10...
trial 7 of 10...
trial 8 of 10...
trial 9 of 10...
trial 10 of 10...
Problem type: 3gen_split4 - 17/20
trial 1 of 10...

=== PROMPT ===

Use the following alphabet to guess the missing piece.

a b c d e f g h k j z l m n o p q r s t u y w x v i

Note that the alphabet may be in an unfamiliar order. Complete the pattern using this order.

[r f g h k] [e f g h k]
[26 25 17 23 22 21 20 19 18] [ ? ]

First, describe 3 relevant exemplars that are distinct from this problem. Then give the final answer. Answer with only the examples and the final answer with no further explanation. Put your final answer between double brackets.


--- TARGET LETTERS ---

[np.int64(26), np.int64(25), np.int64(24), np.int64(23), np.int64(22), np.int64(21), np.int64(20), np.int64(19), np.int64(18)]
Full Qwen output: Example 1: [a b c d e] [x y z a b]  
Example 2: [m n o p q] [r s t u v]  
Example 3: [g h i j k] [l m n o p]  

[[24 23 22 21 20]]
Filtered Qwen output: 24 23 22 21 20
trial 2 of 10...
trial 3 of 10...
trial 4 of 10...
trial 5 of 10...
trial 6 of 10...
trial 7 of 10...
trial 8 of 10...
trial 9 of 10...
trial 10 of 10...
Problem type: 3gen_split5 - 18/20
trial 1 of 10...

=== PROMPT ===

Use the following alphabet to guess the missing piece.

a b c d e f g h k j z l m n o p q r s t u y w x v i

Note that the alphabet may be in an unfamiliar order. Complete the pattern using this order.

[h k j z l l] [h k j z l]
[i i x x i i x x v v x x x x x x w w x x y y x x] [ ? ]

First, describe 3 relevant exemplars that are distinct from this problem. Then give the final answer. Answer with only the examples and the final answer with no further explanation. Put your final answer between double brackets.


--- TARGET LETTERS ---

['i', 'i', 'x', 'x', 'v', 'v', 'x', 'x', 'x', 'x', 'x', 'x', 'w', 'w', 'x', 'x', 'y', 'y', 'x', 'x']
Full Qwen output: Example 1: [a b c d e] [a b c d]  
Example 2: [x y z x y z] [x y z]  
Example 3: [m n o p q r] [m n o]  

[[i i x x i i x x v v x x x x x x w w x x y y x x] [i i x x i i x x v v x x x x x x w w x x y y x x i i x x i i x x v v x x x x x x w w x x y y x
trial 2 of 10...
trial 3 of 10...
trial 4 of 10...
trial 5 of 10...
trial 6 of 10...
trial 7 of 10...
trial 8 of 10...
trial 9 of 10...
trial 10 of 10...
Problem type: 3gen_split6 - 19/20
trial 1 of 10...

=== PROMPT ===

Use the following alphabet to guess the missing piece.

a b c d e f g h k j z l m n o p q r s t u y w x v i

Note that the alphabet may be in an unfamiliar order. Complete the pattern using this order.

[y w x v] [y w x v i]
[r r x x s s x x t t x x u u x x y y x x w w x x x x x x v v x x] [ ? ]

First, describe 3 relevant exemplars that are distinct from this problem. Then give the final answer. Answer with only the examples and the final answer with no further explanation. Put your final answer between double brackets.


--- TARGET LETTERS ---

['r', 'r', 'x', 'x', 's', 's', 'x', 'x', 't', 't', 'x', 'x', 'u', 'u', 'x', 'x', 'y', 'y', 'x', 'x', 'w', 'w', 'x', 'x', 'x', 'x', 'x', 'x', 'v', 'v', 'x', 'x', 'i', 'i', 'x', 'x']
Full Qwen output: 1. cat : dog :: bird : ?  
2. apple : fruit :: carrot : ?  
3. north : south :: east : ?  

[[i i v v]]
Filtered Qwen output: i i v v
trial 2 of 10...
trial 3 of 10...
trial 4 of 10...
trial 5 of 10...
trial 6 of 10...
trial 7 of 10...
trial 8 of 10...
trial 9 of 10...
trial 10 of 10...
Problem type: 3gensplit7 - 20/20
trial 1 of 10...

=== PROMPT ===

Use the following alphabet to guess the missing piece.

a b c d e f g h k j z l m n o p q r s t u y w x v i

Note that the alphabet may be in an unfamiliar order. Complete the pattern using this order.

[y w x v] [y w x i]
[p p x x o o x x n n x x m m x x] [ ? ]

First, describe 3 relevant exemplars that are distinct from this problem. Then give the final answer. Answer with only the examples and the final answer with no further explanation. Put your final answer between double brackets.


--- TARGET LETTERS ---

['p', 'p', 'x', 'x', 'o', 'o', 'x', 'x', 'n', 'n', 'x', 'x', 'l', 'l', 'x', 'x']
Full Qwen output: 1. cat : dog :: bird : ?  
2. red : blue :: green : ?  
3. square : rectangle :: circle : ?

[[p p x x o o x x n n x x m m x x l l x x k k x x j j x x]]
Filtered Qwen output: p p x x o o x x n n x x m m x x l l x x k k x x j j x x
trial 2 of 10...
trial 3 of 10...
trial 4 of 10...
trial 5 of 10...
trial 6 of 10...
trial 7 of 10...
trial 8 of 10...
trial 9 of 10...
trial 10 of 10...
alph_6
n b c d e f g h i j r l m a k p q o s t u v w x y z
Problem type: larger_int - 1/20
trial 1 of 10...

=== PROMPT ===

Use the following alphabet to guess the missing piece.

n b c d e f g h i j r l m a k p q o s t u v w x y z

Note that the alphabet may be in an unfamiliar order. Complete the pattern using this order.

[l m a k] [l m a p]
[a p o t] [ ? ]

First, describe 3 relevant exemplars that are distinct from this problem. Then give the final answer. Answer with only the examples and the final answer with no further explanation. Put your final answer between double brackets.


--- TARGET LETTERS ---

['a', 'p', 'o', 'v']
Full Qwen output: Example 1: [a b c d] [a b c e]  
Example 2: [x y z a] [x y z b]  
Example 3: [p q r s] [p q r t]  

[[a p o q]]
Filtered Qwen output: a p o q
trial 2 of 10...
trial 3 of 10...
trial 4 of 10...
trial 5 of 10...
trial 6 of 10...
trial 7 of 10...
trial 8 of 10...
trial 9 of 10...
trial 10 of 10...
Problem type: longer_targ - 2/20
trial 1 of 10...

=== PROMPT ===

Use the following alphabet to guess the missing piece.

n b c d e f g h i j r l m a k p q o s t u v w x y z

Note that the alphabet may be in an unfamiliar order. Complete the pattern using this order.

[r l l m a k] [r l m a k]
[c d e f g h h i j r] [ ? ]

First, describe 3 relevant exemplars that are distinct from this problem. Then give the final answer. Answer with only the examples and the final answer with no further explanation. Put your final answer between double brackets.


--- TARGET LETTERS ---

['c', 'd', 'e', 'f', 'g', 'h', 'i', 'j', 'r']
Full Qwen output: Example 1: [a b c d e f] [b c d e f g]  
Example 2: [x y z a b c] [y z a b c d]  
Example 3: [p q r s t u] [q r s t u v]  

[[c d e f g h i j r l]]
Filtered Qwen output: c d e f g h i j r l
trial 2 of 10...
trial 3 of 10...
trial 4 of 10...
trial 5 of 10...
trial 6 of 10...
trial 7 of 10...
trial 8 of 10...
trial 9 of 10...
trial 10 of 10...
Problem type: group - 3/20
trial 1 of 10...

=== PROMPT ===

Use the following alphabet to guess the missing piece.

n b c d e f g h i j r l m a k p q o s t u v w x y z

Note that the alphabet may be in an unfamiliar order. Complete the pattern using this order.

[d e f g] [d e f h]
[h h i i j j r r] [ ? ]

First, describe 3 relevant exemplars that are distinct from this problem. Then give the final answer. Answer with only the examples and the final answer with no further explanation. Put your final answer between double brackets.


--- TARGET LETTERS ---

['h', 'h', 'i', 'i', 'j', 'j', 'l', 'l']
Full Qwen output: 1. [a b c d] [a b c e]  
2. [x y z a] [x y z b]  
3. [m n o p] [m n o q]  

[[h h i i j j r r] [h h i i j j r s]]
Filtered Qwen output: h h i i j j r r] [h h i i j j r s
trial 2 of 10...
trial 3 of 10...
trial 4 of 10...
trial 5 of 10...
trial 6 of 10...
trial 7 of 10...
trial 8 of 10...
trial 9 of 10...
trial 10 of 10...
Problem type: interleaved - 4/20
trial 1 of 10...

=== PROMPT ===

Use the following alphabet to guess the missing piece.

n b c d e f g h i j r l m a k p q o s t u v w x y z

Note that the alphabet may be in an unfamiliar order. Complete the pattern using this order.

[n b c y e] [n b c d e]
[i x j x r x a x m x] [ ? ]

First, describe 3 relevant exemplars that are distinct from this problem. Then give the final answer. Answer with only the examples and the final answer with no further explanation. Put your final answer between double brackets.


--- TARGET LETTERS ---

['i', 'x', 'j', 'x', 'r', 'x', 'l', 'x', 'm', 'x']
Full Qwen output: Example 1: [a b c d e] [a b c d e]  
Example 2: [x y z a b] [x y z a b]  
Example 3: [p q r s t] [p q r s t]  

[[i x j x r x a x m x] [i x j x r x a x m x]]
Filtered Qwen output: i x j x r x a x m x] [i x j x r x a x m x
trial 2 of 10...
trial 3 of 10...
trial 4 of 10...
trial 5 of 10...
trial 6 of 10...
trial 7 of 10...
trial 8 of 10...
trial 9 of 10...
trial 10 of 10...
Problem type: letter2num - 5/20
trial 1 of 10...

=== PROMPT ===

Use the following alphabet to guess the missing piece.

n b c d e f g h i j r l m a k p q o s t u v w x y z

Note that the alphabet may be in an unfamiliar order. Complete the pattern using this order.

[q o s t] [q o s t u]
[7 8 9 10] [ ? ]

First, describe 3 relevant exemplars that are distinct from this problem. Then give the final answer. Answer with only the examples and the final answer with no further explanation. Put your final answer between double brackets.


--- TARGET LETTERS ---

[np.int64(7), np.int64(8), np.int64(9), np.int64(10), np.int64(11)]
Full Qwen output: 1. [a b c d] [a b c d e]  
2. [x y z a] [x y z a b]  
3. [m n o p] [m n o p q]  

[[7 8 9 10 11]]
Filtered Qwen output: 7 8 9 10 11
trial 2 of 10...
trial 3 of 10...
trial 4 of 10...
trial 5 of 10...
trial 6 of 10...
trial 7 of 10...
trial 8 of 10...
trial 9 of 10...
trial 10 of 10...
Problem type: reverse - 6/20
trial 1 of 10...

=== PROMPT ===

Use the following alphabet to guess the missing piece.

n b c d e f g h i j r l m a k p q o s t u v w x y z

Note that the alphabet may be in an unfamiliar order. Complete the pattern using this order.

[j r l m] [j r l a]
[e d c b] [ ? ]

First, describe 3 relevant exemplars that are distinct from this problem. Then give the final answer. Answer with only the examples and the final answer with no further explanation. Put your final answer between double brackets.


--- TARGET LETTERS ---

['e', 'd', 'c', 'n']
Full Qwen output: 1. [a b c d] [a b c e]  
2. [x y z a] [x y z b]  
3. [p q r s] [p q r t]  

[[e d c k]]
Filtered Qwen output: e d c k
trial 2 of 10...
trial 3 of 10...
trial 4 of 10...
trial 5 of 10...
trial 6 of 10...
trial 7 of 10...
trial 8 of 10...
trial 9 of 10...
trial 10 of 10...
Problem type: 2gen_split1 - 7/20
trial 1 of 10...

=== PROMPT ===

Use the following alphabet to guess the missing piece.

n b c d e f g h i j r l m a k p q o s t u v w x y z

Note that the alphabet may be in an unfamiliar order. Complete the pattern using this order.

[g l i j r] [g h i j r]
[p x j x a x m x l x] [ ? ]

First, describe 3 relevant exemplars that are distinct from this problem. Then give the final answer. Answer with only the examples and the final answer with no further explanation. Put your final answer between double brackets.


--- TARGET LETTERS ---

['p', 'x', 'k', 'x', 'a', 'x', 'm', 'x', 'l', 'x']
Full Qwen output: Example 1: [a b c d e] [a b c d e]  
Example 2: [z y x w v] [z y x w v]  
Example 3: [m n o p q] [m n o p q]  

[[p x j x a x m x l x] [p x j x a x m x l x]]
Filtered Qwen output: p x j x a x m x l x] [p x j x a x m x l x
trial 2 of 10...
trial 3 of 10...
trial 4 of 10...
trial 5 of 10...
trial 6 of 10...
trial 7 of 10...
trial 8 of 10...
trial 9 of 10...
trial 10 of 10...
Problem type: 2gen_split2 - 8/20
trial 1 of 10...

=== PROMPT ===

Use the following alphabet to guess the missing piece.

n b c d e f g h i j r l m a k p q o s t u v w x y z

Note that the alphabet may be in an unfamiliar order. Complete the pattern using this order.

[t u v w] [t u v x]
[15 15 16 16 17 17 18 18] [ ? ]

First, describe 3 relevant exemplars that are distinct from this problem. Then give the final answer. Answer with only the examples and the final answer with no further explanation. Put your final answer between double brackets.


--- TARGET LETTERS ---

[np.int64(15), np.int64(15), np.int64(16), np.int64(16), np.int64(17), np.int64(17), np.int64(19), np.int64(19)]
Full Qwen output: Example 1: [a b c d] [a b c e]  
Example 2: [x y z a] [x y z b]  
Example 3: [m n o p] [m n o q]  

[[t u v w] [t u v x]]  
[[15 15 16 16 17 17 18 18] [15 15 16 16 17 17 18 19]]  

Final answer: [[15 15 16
Filtered Qwen output: t u v w] [t u v x
trial 2 of 10...
trial 3 of 10...
trial 4 of 10...
trial 5 of 10...
trial 6 of 10...
trial 7 of 10...
trial 8 of 10...
trial 9 of 10...
trial 10 of 10...
Problem type: 2gen_split3 - 9/20
trial 1 of 10...

=== PROMPT ===

Use the following alphabet to guess the missing piece.

n b c d e f g h i j r l m a k p q o s t u v w x y z

Note that the alphabet may be in an unfamiliar order. Complete the pattern using this order.

[q o s t] [p o s t]
[k x q x s x u x] [ ? ]

First, describe 3 relevant exemplars that are distinct from this problem. Then give the final answer. Answer with only the examples and the final answer with no further explanation. Put your final answer between double brackets.


--- TARGET LETTERS ---

['m', 'x', 'q', 'x', 's', 'x', 'u', 'x']
Full Qwen output: 1. [a b c d] [e f g h]  
2. [x y z a] [b c d e]  
3. [m n o p] [q r s t]  

[[k x q x s x u x] [l x r x t x v x]]
Filtered Qwen output: k x q x s x u x] [l x r x t x v x
trial 2 of 10...
trial 3 of 10...
trial 4 of 10...
trial 5 of 10...
trial 6 of 10...
trial 7 of 10...
trial 8 of 10...
trial 9 of 10...
trial 10 of 10...
Problem type: 2gen_split4 - 10/20
trial 1 of 10...

=== PROMPT ===

Use the following alphabet to guess the missing piece.

n b c d e f g h i j r l m a k p q o s t u v w x y z

Note that the alphabet may be in an unfamiliar order. Complete the pattern using this order.

[a k p q] [m k p q]
[h x i x j x r x l x m x a x k x] [ ? ]

First, describe 3 relevant exemplars that are distinct from this problem. Then give the final answer. Answer with only the examples and the final answer with no further explanation. Put your final answer between double brackets.


--- TARGET LETTERS ---

['g', 'x', 'i', 'x', 'j', 'x', 'r', 'x', 'l', 'x', 'm', 'x', 'a', 'x', 'k', 'x']
Full Qwen output: 1. cat : dog :: bird : ?  
2. red : blue :: green : ?  
3. square : rectangle :: circle : ?

[[h x i x j x r x l x m x a x k x h x i x j x r x l x m x a x k x]]
Filtered Qwen output: h x i x j x r x l x m x a x k x h x i x j x r x l x m x a x k x
trial 2 of 10...
trial 3 of 10...
trial 4 of 10...
trial 5 of 10...
trial 6 of 10...
trial 7 of 10...
trial 8 of 10...
trial 9 of 10...
trial 10 of 10...
Problem type: 2gen_split5 - 11/20
trial 1 of 10...

=== PROMPT ===

Use the following alphabet to guess the missing piece.

n b c d e f g h i j r l m a k p q o s t u v w x y z

Note that the alphabet may be in an unfamiliar order. Complete the pattern using this order.

[j r l m] [j r l a]
[11 0 12 0 13 0 14 0] [ ? ]

First, describe 3 relevant exemplars that are distinct from this problem. Then give the final answer. Answer with only the examples and the final answer with no further explanation. Put your final answer between double brackets.


--- TARGET LETTERS ---

[np.int64(11), '0', np.int64(12), '0', np.int64(13), '0', np.int64(15), '0']
Full Qwen output: 1. cat : dog :: hat : ?  
2. sun : moon :: star : ?  
3. red : blue :: green : ?  

[[j r l k]]
Filtered Qwen output: j r l k
trial 2 of 10...
trial 3 of 10...
trial 4 of 10...
trial 5 of 10...
trial 6 of 10...
trial 7 of 10...
trial 8 of 10...
trial 9 of 10...
trial 10 of 10...
Problem type: 2gen_split6 - 12/20
trial 1 of 10...

=== PROMPT ===

Use the following alphabet to guess the missing piece.

n b c d e f g h i j r l m a k p q o s t u v w x y z

Note that the alphabet may be in an unfamiliar order. Complete the pattern using this order.

[l m a k] [l m a p]
[c c d d e e f f g g h h i i j j] [ ? ]

First, describe 3 relevant exemplars that are distinct from this problem. Then give the final answer. Answer with only the examples and the final answer with no further explanation. Put your final answer between double brackets.


--- TARGET LETTERS ---

['c', 'c', 'd', 'd', 'e', 'e', 'f', 'f', 'g', 'g', 'h', 'h', 'i', 'i', 'r', 'r']
Full Qwen output: 1. [a b c d] [e f g h]  
2. [x y z a] [b c d e]  
3. [p q r s] [t u v w]  

[[c c d d e e f f g g h h i i j j k k]]
Filtered Qwen output: c c d d e e f f g g h h i i j j k k
trial 2 of 10...
trial 3 of 10...
trial 4 of 10...
trial 5 of 10...
trial 6 of 10...
trial 7 of 10...
trial 8 of 10...
trial 9 of 10...
trial 10 of 10...
Problem type: 2gensplit7 - 13/20
trial 1 of 10...

=== PROMPT ===

Use the following alphabet to guess the missing piece.

n b c d e f g h i j r l m a k p q o s t u v w x y z

Note that the alphabet may be in an unfamiliar order. Complete the pattern using this order.

[q o s t] [q o s u]
[4 5 6 7 8 9 10 11] [ ? ]

First, describe 3 relevant exemplars that are distinct from this problem. Then give the final answer. Answer with only the examples and the final answer with no further explanation. Put your final answer between double brackets.


--- TARGET LETTERS ---

[np.int64(4), np.int64(5), np.int64(6), np.int64(7), np.int64(8), np.int64(9), np.int64(10), np.int64(12)]
Full Qwen output: 1. cat : dog :: bird : ?  
2. apple : fruit :: car : ?  
3. north : south :: east : ?  

[[q o s v]]
Filtered Qwen output: q o s v
trial 2 of 10...
trial 3 of 10...
trial 4 of 10...
trial 5 of 10...
trial 6 of 10...
trial 7 of 10...
trial 8 of 10...
trial 9 of 10...
trial 10 of 10...
Problem type: 3gen_split1 - 14/20
trial 1 of 10...

=== PROMPT ===

Use the following alphabet to guess the missing piece.

n b c d e f g h i j r l m a k p q o s t u v w x y z

Note that the alphabet may be in an unfamiliar order. Complete the pattern using this order.

[l m a k] [r m a k]
[20 19 18 17 16 15 14 13] [ ? ]

First, describe 3 relevant exemplars that are distinct from this problem. Then give the final answer. Answer with only the examples and the final answer with no further explanation. Put your final answer between double brackets.


--- TARGET LETTERS ---

[np.int64(21), np.int64(19), np.int64(18), np.int64(17), np.int64(16), np.int64(15), np.int64(14), np.int64(13)]
Full Qwen output: Example 1: [a b c d] [e f g h]  
Example 2: [x y z a] [b c d e]  
Example 3: [p q r s] [t u v w]  

[[r m a k]]
Filtered Qwen output: r m a k
trial 2 of 10...
trial 3 of 10...
trial 4 of 10...
trial 5 of 10...
trial 6 of 10...
trial 7 of 10...
trial 8 of 10...
trial 9 of 10...
trial 10 of 10...
Problem type: 3gen_split2 - 15/20
trial 1 of 10...

=== PROMPT ===

Use the following alphabet to guess the missing piece.

n b c d e f g h i j r l m a k p q o s t u v w x y z

Note that the alphabet may be in an unfamiliar order. Complete the pattern using this order.

[o s t g v] [o s t u v]
[15 15 0 0 16 16 0 0 17 17 0 0 6 6 0 0 19 19 0 0] [ ? ]

First, describe 3 relevant exemplars that are distinct from this problem. Then give the final answer. Answer with only the examples and the final answer with no further explanation. Put your final answer between double brackets.


--- TARGET LETTERS ---

[np.int64(15), np.int64(15), '0', '0', np.int64(16), np.int64(16), '0', '0', np.int64(17), np.int64(17), '0', '0', np.int64(18), np.int64(18), '0', '0', np.int64(19), np.int64(19), '0', '0']
Full Qwen output: Example1: [a b c] [a b c d]  
Example2: [x y z] [x y z a]  
Example3: [m n o] [m n o p]  

[[o s t u v w x y z]]
Filtered Qwen output: o s t u v w x y z
trial 2 of 10...
trial 3 of 10...
trial 4 of 10...
trial 5 of 10...
trial 6 of 10...
trial 7 of 10...
trial 8 of 10...
trial 9 of 10...
trial 10 of 10...
Problem type: 3gen_split3 - 16/20
trial 1 of 10...

=== PROMPT ===

Use the following alphabet to guess the missing piece.

n b c d e f g h i j r l m a k p q o s t u v w x y z

Note that the alphabet may be in an unfamiliar order. Complete the pattern using this order.

[a k p y o] [a k p q o]
[p p k k o o m m l l r r j j i i h h] [ ? ]

First, describe 3 relevant exemplars that are distinct from this problem. Then give the final answer. Answer with only the examples and the final answer with no further explanation. Put your final answer between double brackets.


--- TARGET LETTERS ---

['p', 'p', 'k', 'k', 'a', 'a', 'm', 'm', 'l', 'l', 'r', 'r', 'j', 'j', 'i', 'i', 'h', 'h']
Full Qwen output: 1. cat : dog :: bird : ?  
2. red : blue :: green : ?  
3. happy : sad :: hot : ?  

[[p p k k o o m m l l r r j j i i h h]]
Filtered Qwen output: p p k k o o m m l l r r j j i i h h
trial 2 of 10...
trial 3 of 10...
trial 4 of 10...
trial 5 of 10...
trial 6 of 10...
trial 7 of 10...
trial 8 of 10...
trial 9 of 10...
trial 10 of 10...
Problem type: 3gen_split4 - 17/20
trial 1 of 10...

=== PROMPT ===

Use the following alphabet to guess the missing piece.

n b c d e f g h i j r l m a k p q o s t u v w x y z

Note that the alphabet may be in an unfamiliar order. Complete the pattern using this order.

[s t u v] [s t u w]
[12 12 14 14 16 16 18 18] [ ? ]

First, describe 3 relevant exemplars that are distinct from this problem. Then give the final answer. Answer with only the examples and the final answer with no further explanation. Put your final answer between double brackets.


--- TARGET LETTERS ---

[np.int64(12), np.int64(12), np.int64(14), np.int64(14), np.int64(16), np.int64(16), np.int64(20), np.int64(20)]
Full Qwen output: Example 1: [a b c d] [a b c e]  
Example 2: [x y z a] [x y z b]  
Example 3: [m n o p] [m n o q]  

[[s t u x]]
Filtered Qwen output: s t u x
trial 2 of 10...
trial 3 of 10...
trial 4 of 10...
trial 5 of 10...
trial 6 of 10...
trial 7 of 10...
trial 8 of 10...
trial 9 of 10...
trial 10 of 10...
Problem type: 3gen_split5 - 18/20
trial 1 of 10...

=== PROMPT ===

Use the following alphabet to guess the missing piece.

n b c d e f g h i j r l m a k p q o s t u v w x y z

Note that the alphabet may be in an unfamiliar order. Complete the pattern using this order.

[i j r l] [i j r m]
[m m r r i i g g] [ ? ]

First, describe 3 relevant exemplars that are distinct from this problem. Then give the final answer. Answer with only the examples and the final answer with no further explanation. Put your final answer between double brackets.


--- TARGET LETTERS ---

['m', 'm', 'r', 'r', 'i', 'i', 'e', 'e']
Full Qwen output: Example 1: [a b c d] [a b c e]  
Example 2: [x y z a] [x y z b]  
Example 3: [p q r s] [p q r t]  

[[m m r r i i g h]]
Filtered Qwen output: m m r r i i g h
trial 2 of 10...
trial 3 of 10...
trial 4 of 10...
trial 5 of 10...
trial 6 of 10...
trial 7 of 10...
trial 8 of 10...
trial 9 of 10...
trial 10 of 10...
Problem type: 3gen_split6 - 19/20
trial 1 of 10...

=== PROMPT ===

Use the following alphabet to guess the missing piece.

n b c d e f g h i j r l m a k p q o s t u v w x y z

Note that the alphabet may be in an unfamiliar order. Complete the pattern using this order.

[k p q o] [k p q s]
[8 10 12 14 16 18 20 22] [ ? ]

First, describe 3 relevant exemplars that are distinct from this problem. Then give the final answer. Answer with only the examples and the final answer with no further explanation. Put your final answer between double brackets.


--- TARGET LETTERS ---

[np.int64(8), np.int64(10), np.int64(12), np.int64(14), np.int64(16), np.int64(18), np.int64(20), np.int64(24)]
Full Qwen output: 1. A B C D E F G H I J K L M N O P Q R S T U V W X Y Z  
2. Z Y X W V U T S R Q P O N M L K J I H G F E D C B A  
3. A C E G I K M O Q S U W Y Z X V T R P N L J H F D B  

[[k p q s]]
Filtered Qwen output: k p q s
trial 2 of 10...
trial 3 of 10...
trial 4 of 10...
trial 5 of 10...
trial 6 of 10...
trial 7 of 10...
trial 8 of 10...
trial 9 of 10...
trial 10 of 10...
Problem type: 3gensplit7 - 20/20
trial 1 of 10...

=== PROMPT ===

Use the following alphabet to guess the missing piece.

n b c d e f g h i j r l m a k p q o s t u v w x y z

Note that the alphabet may be in an unfamiliar order. Complete the pattern using this order.

[d e b g h] [d e f g h]
[9 0 10 0 11 0 12 0 13 0 1 0 15 0 16 0 17 0] [ ? ]

First, describe 3 relevant exemplars that are distinct from this problem. Then give the final answer. Answer with only the examples and the final answer with no further explanation. Put your final answer between double brackets.


--- TARGET LETTERS ---

[np.int64(9), '0', np.int64(10), '0', np.int64(11), '0', np.int64(12), '0', np.int64(13), '0', np.int64(14), '0', np.int64(15), '0', np.int64(16), '0', np.int64(17), '0']
Full Qwen output: Example 1: [a b c d e] [a b c d e]  
Example 2: [x y z a b] [x y z a b]  
Example 3: [m n o p q] [m n o p q]  

[[d e f g h]]
Filtered Qwen output: d e f g h
trial 2 of 10...
trial 3 of 10...
trial 4 of 10...
trial 5 of 10...
trial 6 of 10...
trial 7 of 10...
trial 8 of 10...
trial 9 of 10...
trial 10 of 10...
Saved ./Qwen_Qwen3-14B_prob_predictions_multi_alph/gen/Qwen_Qwen3-14B_letterstring_results_5_multi_alph_gptprobs_analogical.npz
Total time: 3795.153819322586 seconds.
Loading model Qwen/Qwen3-14B...
GPU memory available: 39.49 GB
`torch_dtype` is deprecated! Use `dtype` instead!
Flash Attention 2 not available (FlashAttention2 has been toggled on, but it cannot be used due to the following error: the package flash_attn seems to be not installed. Please refer to the documentation of https://huggingface.co/docs/transformers/perf_infer_gpu_one#flashattention-2 to install Flash Attention 2.), using default attention
Loading checkpoint shards:   0%|          | 0/8 [00:00<?, ?it/s]Loading checkpoint shards:  12%|█▎        | 1/8 [00:01<00:11,  1.71s/it]Loading checkpoint shards:  25%|██▌       | 2/8 [00:03<00:10,  1.72s/it]Loading checkpoint shards:  38%|███▊      | 3/8 [00:05<00:08,  1.72s/it]Loading checkpoint shards:  50%|█████     | 4/8 [00:06<00:06,  1.71s/it]Loading checkpoint shards:  62%|██████▎   | 5/8 [00:08<00:05,  1.70s/it]Loading checkpoint shards:  75%|███████▌  | 6/8 [00:10<00:03,  1.69s/it]Loading checkpoint shards:  88%|████████▊ | 7/8 [00:11<00:01,  1.69s/it]Loading checkpoint shards: 100%|██████████| 8/8 [00:12<00:00,  1.41s/it]Loading checkpoint shards: 100%|██████████| 8/8 [00:12<00:00,  1.59s/it]
Model loaded with default attention
Model device: cuda:0
GPU memory allocated: 27.51 GB, reserved: 27.51 GB
Model loaded. Loading tokenizer...
Model Qwen/Qwen3-14B and tokenizer loaded.
alph_0
a q c d e o g h i n k l m u f p y r s t w v b x z j
Problem type: larger_int - 1/20
trial 1 of 10...

=== PROMPT ===

Use the following alphabet to guess the missing piece.

a q c d e o g h i n k l m u f p y r s t w v b x z j

Note that the alphabet may be in an unfamiliar order. Complete the pattern using this order.

[g h i n] [o h i n]
[o h n l] [ ? ]

First, describe 3 relevant exemplars that are distinct from this problem. Then give the final answer. Answer with only the examples and the final answer with no further explanation. Put your final answer between double brackets.


--- TARGET LETTERS ---

['d', 'h', 'n', 'l']
The following generation flags are not valid and may be ignored: ['temperature', 'top_k']. Set `TRANSFORMERS_VERBOSITY=info` for more details.
Full Qwen output: Example 1: [a b c d] [e f g h]  
Example 2: [x y z a] [b c d e]  
Example 3: [m n o p] [q r s t]  

[[g h n l]]
Filtered Qwen output: g h n l
trial 2 of 10...
trial 3 of 10...
trial 4 of 10...
trial 5 of 10...
trial 6 of 10...
trial 7 of 10...
trial 8 of 10...
trial 9 of 10...
trial 10 of 10...
Problem type: longer_targ - 2/20
trial 1 of 10...

=== PROMPT ===

Use the following alphabet to guess the missing piece.

a q c d e o g h i n k l m u f p y r s t w v b x z j

Note that the alphabet may be in an unfamiliar order. Complete the pattern using this order.

[n k l m u u] [n k l m u]
[r s t w v v b x z j] [ ? ]

First, describe 3 relevant exemplars that are distinct from this problem. Then give the final answer. Answer with only the examples and the final answer with no further explanation. Put your final answer between double brackets.


--- TARGET LETTERS ---

['r', 's', 't', 'w', 'v', 'b', 'x', 'z', 'j']
Full Qwen output: 1. cat : dog :: hat : ?  
2. sun : moon :: star : ?  
3. red : blue :: green : ?

[[n k l m u]]
Filtered Qwen output: n k l m u
trial 2 of 10...
trial 3 of 10...
trial 4 of 10...
trial 5 of 10...
trial 6 of 10...
trial 7 of 10...
trial 8 of 10...
trial 9 of 10...
trial 10 of 10...
Problem type: group - 3/20
trial 1 of 10...

=== PROMPT ===

Use the following alphabet to guess the missing piece.

a q c d e o g h i n k l m u f p y r s t w v b x z j

Note that the alphabet may be in an unfamiliar order. Complete the pattern using this order.

[t w v b] [s w v b]
[y y r r s s t t] [ ? ]

First, describe 3 relevant exemplars that are distinct from this problem. Then give the final answer. Answer with only the examples and the final answer with no further explanation. Put your final answer between double brackets.


--- TARGET LETTERS ---

['p', 'p', 'r', 'r', 's', 's', 't', 't']
Full Qwen output: 1. [a b c d] [e f g h]  
2. [x y z a] [b c d e]  
3. [m n o p] [q r s t]  

[[y y r r s s t t] [y y r r s s t t]]
Filtered Qwen output: y y r r s s t t] [y y r r s s t t
trial 2 of 10...
trial 3 of 10...
trial 4 of 10...
trial 5 of 10...
trial 6 of 10...
trial 7 of 10...
trial 8 of 10...
trial 9 of 10...
trial 10 of 10...
Problem type: interleaved - 4/20
trial 1 of 10...

=== PROMPT ===

Use the following alphabet to guess the missing piece.

a q c d e o g h i n k l m u f p y r s t w v b x z j

Note that the alphabet may be in an unfamiliar order. Complete the pattern using this order.

[r z t w v] [r s t w v]
[d x f x p x y x r x] [ ? ]

First, describe 3 relevant exemplars that are distinct from this problem. Then give the final answer. Answer with only the examples and the final answer with no further explanation. Put your final answer between double brackets.


--- TARGET LETTERS ---

['u', 'x', 'f', 'x', 'p', 'x', 'y', 'x', 'r', 'x']
Full Qwen output: Example 1: [a b c d e] [a c e]  
Example 2: [m n o p q] [o q]  
Example 3: [x y z a b] [z a b]  

[[d x f x p x y x r x] [x y r]]
Filtered Qwen output: d x f x p x y x r x] [x y r
trial 2 of 10...
trial 3 of 10...
trial 4 of 10...
trial 5 of 10...
trial 6 of 10...
trial 7 of 10...
trial 8 of 10...
trial 9 of 10...
trial 10 of 10...
Problem type: letter2num - 5/20
trial 1 of 10...

=== PROMPT ===

Use the following alphabet to guess the missing piece.

a q c d e o g h i n k l m u f p y r s t w v b x z j

Note that the alphabet may be in an unfamiliar order. Complete the pattern using this order.

[k l m u] [k l m f]
[1 2 3 4] [ ? ]

First, describe 3 relevant exemplars that are distinct from this problem. Then give the final answer. Answer with only the examples and the final answer with no further explanation. Put your final answer between double brackets.


--- TARGET LETTERS ---

[np.int64(1), np.int64(2), np.int64(3), np.int64(5)]
Full Qwen output: 1. [a b c d] [a b c e]  
2. [x y z a] [x y z b]  
3. [p q r s] [p q r t]  

[[k l m f]]
Filtered Qwen output: k l m f
trial 2 of 10...
trial 3 of 10...
trial 4 of 10...
trial 5 of 10...
trial 6 of 10...
trial 7 of 10...
trial 8 of 10...
trial 9 of 10...
trial 10 of 10...
Problem type: reverse - 6/20
trial 1 of 10...

=== PROMPT ===

Use the following alphabet to guess the missing piece.

a q c d e o g h i n k l m u f p y r s t w v b x z j

Note that the alphabet may be in an unfamiliar order. Complete the pattern using this order.

[q c d e e o] [q c d e o]
[j j z x b v] [ ? ]

First, describe 3 relevant exemplars that are distinct from this problem. Then give the final answer. Answer with only the examples and the final answer with no further explanation. Put your final answer between double brackets.


--- TARGET LETTERS ---

['j', 'z', 'x', 'b', 'v']
Full Qwen output: 1. cat -> dog  
2. red -> blue  
3. hot -> cold  

[[j j z x b u]]
Filtered Qwen output: j j z x b u
trial 2 of 10...
trial 3 of 10...
trial 4 of 10...
trial 5 of 10...
trial 6 of 10...
trial 7 of 10...
trial 8 of 10...
trial 9 of 10...
trial 10 of 10...
Problem type: 2gen_split1 - 7/20
trial 1 of 10...

=== PROMPT ===

Use the following alphabet to guess the missing piece.

a q c d e o g h i n k l m u f p y r s t w v b x z j

Note that the alphabet may be in an unfamiliar order. Complete the pattern using this order.

[k l m f u] [k l m u f]
[b b s s w w y y z z] [ ? ]

First, describe 3 relevant exemplars that are distinct from this problem. Then give the final answer. Answer with only the examples and the final answer with no further explanation. Put your final answer between double brackets.


--- TARGET LETTERS ---

['y', 'y', 's', 's', 'w', 'w', 'b', 'b', 'z', 'z']
Full Qwen output: 1. [a b c d e] [a b c e d]  
2. [x y z a b] [x y a b z]  
3. [p q r s t] [p q s t r]  

[[b b s s w w y y z z] [b b s s y y w w z z]]
Filtered Qwen output: b b s s w w y y z z] [b b s s y y w w z z
trial 2 of 10...
trial 3 of 10...
trial 4 of 10...
trial 5 of 10...
trial 6 of 10...
trial 7 of 10...
trial 8 of 10...
trial 9 of 10...
trial 10 of 10...
Problem type: 2gen_split2 - 8/20
trial 1 of 10...

=== PROMPT ===

Use the following alphabet to guess the missing piece.

a q c d e o g h i n k l m u f p y r s t w v b x z j

Note that the alphabet may be in an unfamiliar order. Complete the pattern using this order.

[k l o u f] [k l m u f]
[l x u x p x r x h x] [ ? ]

First, describe 3 relevant exemplars that are distinct from this problem. Then give the final answer. Answer with only the examples and the final answer with no further explanation. Put your final answer between double brackets.


--- TARGET LETTERS ---

['l', 'x', 'u', 'x', 'p', 'x', 'r', 'x', 't', 'x']
Full Qwen output: 1. [a b c d e] [f g h i j]  
2. [x y z a b] [c d e f g]  
3. [m n o p q] [r s t u v]  

[[l x u x p x r x h x] [l x u x p x r x h x]]
Filtered Qwen output: l x u x p x r x h x] [l x u x p x r x h x
trial 2 of 10...
trial 3 of 10...
trial 4 of 10...
trial 5 of 10...
trial 6 of 10...
trial 7 of 10...
trial 8 of 10...
trial 9 of 10...
trial 10 of 10...
Problem type: 2gen_split3 - 9/20
trial 1 of 10...

=== PROMPT ===

Use the following alphabet to guess the missing piece.

a q c d e o g h i n k l m u f p y r s t w v b x z j

Note that the alphabet may be in an unfamiliar order. Complete the pattern using this order.

[y r s t] [y r s t w]
[o x g x h x i x n x k x l x m x] [ ? ]

First, describe 3 relevant exemplars that are distinct from this problem. Then give the final answer. Answer with only the examples and the final answer with no further explanation. Put your final answer between double brackets.


--- TARGET LETTERS ---

['o', 'x', 'g', 'x', 'h', 'x', 'i', 'x', 'n', 'x', 'k', 'x', 'l', 'x', 'm', 'x', 'u', 'x']
Full Qwen output: 1. [a b c d] [a b c d e]  
2. [p q r s] [p q r s t]  
3. [m n o p] [m n o p q]  

[[o x g x h x i x n x k x l x m x w]]
Filtered Qwen output: o x g x h x i x n x k x l x m x w
trial 2 of 10...
trial 3 of 10...
trial 4 of 10...
trial 5 of 10...
trial 6 of 10...
trial 7 of 10...
trial 8 of 10...
trial 9 of 10...
trial 10 of 10...
Problem type: 2gen_split4 - 10/20
trial 1 of 10...

=== PROMPT ===

Use the following alphabet to guess the missing piece.

a q c d e o g h i n k l m u f p y r s t w v b x z j

Note that the alphabet may be in an unfamiliar order. Complete the pattern using this order.

[i n k l] [i n k m]
[k k x x l l x x m m x x u u x x] [ ? ]

First, describe 3 relevant exemplars that are distinct from this problem. Then give the final answer. Answer with only the examples and the final answer with no further explanation. Put your final answer between double brackets.


--- TARGET LETTERS ---

['k', 'k', 'x', 'x', 'l', 'l', 'x', 'x', 'm', 'm', 'x', 'x', 'f', 'f', 'x', 'x']
Full Qwen output: [i n k l] [i n k m]  
[a q c d] [a q c e]  
[g h i n] [g h i o]  
[k l m u] [k l m f]  

[[k k x x l l x x m m x x u u x x] [k k x x l l x x m m x x u u x x f f]]
Filtered Qwen output: k k x x l l x x m m x x u u x x] [k k x x l l x x m m x x u u x x f f
trial 2 of 10...
trial 3 of 10...
trial 4 of 10...
trial 5 of 10...
trial 6 of 10...
trial 7 of 10...
trial 8 of 10...
trial 9 of 10...
trial 10 of 10...
Problem type: 2gen_split5 - 11/20
trial 1 of 10...

=== PROMPT ===

Use the following alphabet to guess the missing piece.

a q c d e o g h i n k l m u f p y r s t w v b x z j

Note that the alphabet may be in an unfamiliar order. Complete the pattern using this order.

[s t w v o] [s t w v b]
[e e d d c c q q u u] [ ? ]

First, describe 3 relevant exemplars that are distinct from this problem. Then give the final answer. Answer with only the examples and the final answer with no further explanation. Put your final answer between double brackets.


--- TARGET LETTERS ---

['e', 'e', 'd', 'd', 'c', 'c', 'q', 'q', 'a', 'a']
Full Qwen output: Example 1: [a b c d e] [f g h i j]  
Example 2: [x y z a b] [c d e f g]  
Example 3: [m n o p q] [r s t u v]  

[[e e d d c c q q u u] [e e d d c c q q x x]]
Filtered Qwen output: e e d d c c q q u u] [e e d d c c q q x x
trial 2 of 10...
trial 3 of 10...
trial 4 of 10...
trial 5 of 10...
trial 6 of 10...
trial 7 of 10...
trial 8 of 10...
trial 9 of 10...
trial 10 of 10...
Problem type: 2gen_split6 - 12/20
trial 1 of 10...

=== PROMPT ===

Use the following alphabet to guess the missing piece.

a q c d e o g h i n k l m u f p y r s t w v b x z j

Note that the alphabet may be in an unfamiliar order. Complete the pattern using this order.

[e d o g h] [d e o g h]
[6 10 8 12 14] [ ? ]

First, describe 3 relevant exemplars that are distinct from this problem. Then give the final answer. Answer with only the examples and the final answer with no further explanation. Put your final answer between double brackets.


--- TARGET LETTERS ---

[np.int64(6), np.int64(8), np.int64(10), np.int64(12), np.int64(14)]
Full Qwen output: Example 1: [a b c d e] [b c d e f]  
Example 2: [x y z a b] [y z a b c]  
Example 3: [m n o p q] [n o p q r]  

[[10 8 12 14 16]]
Filtered Qwen output: 10 8 12 14 16
trial 2 of 10...
trial 3 of 10...
trial 4 of 10...
trial 5 of 10...
trial 6 of 10...
trial 7 of 10...
trial 8 of 10...
trial 9 of 10...
trial 10 of 10...
Problem type: 2gensplit7 - 13/20
trial 1 of 10...

=== PROMPT ===

Use the following alphabet to guess the missing piece.

a q c d e o g h i n k l m u f p y r s t w v b x z j

Note that the alphabet may be in an unfamiliar order. Complete the pattern using this order.

[t w v b] [t w v x]
[12 14 16 18] [ ? ]

First, describe 3 relevant exemplars that are distinct from this problem. Then give the final answer. Answer with only the examples and the final answer with no further explanation. Put your final answer between double brackets.


--- TARGET LETTERS ---

[np.int64(12), np.int64(14), np.int64(16), np.int64(20)]
Full Qwen output: Example 1: [a b c d] [a b c e]  
Example 2: [x y z a] [x y z b]  
Example 3: [m n o p] [m n o q]  

[[t w v y]]
Filtered Qwen output: t w v y
trial 2 of 10...
trial 3 of 10...
trial 4 of 10...
trial 5 of 10...
trial 6 of 10...
trial 7 of 10...
trial 8 of 10...
trial 9 of 10...
trial 10 of 10...
Problem type: 3gen_split1 - 14/20
trial 1 of 10...

=== PROMPT ===

Use the following alphabet to guess the missing piece.

a q c d e o g h i n k l m u f p y r s t w v b x z j

Note that the alphabet may be in an unfamiliar order. Complete the pattern using this order.

[m u f p] [m u f y]
[19 0 18 0 17 0 16 0] [ ? ]

First, describe 3 relevant exemplars that are distinct from this problem. Then give the final answer. Answer with only the examples and the final answer with no further explanation. Put your final answer between double brackets.


--- TARGET LETTERS ---

[np.int64(19), '0', np.int64(18), '0', np.int64(17), '0', np.int64(15), '0']
Full Qwen output: Example 1: [a b c d] [a b c e]  
Example 2: [x y z a] [x y z b]  
Example 3: [p q r s] [p q r t]  

[[m u f p] [m u f y]]  
[[19 0 18 0 17 0 16 0] [19 0 18 0 17 0 16 24]]
Filtered Qwen output: m u f p] [m u f y
trial 2 of 10...
trial 3 of 10...
trial 4 of 10...
trial 5 of 10...
trial 6 of 10...
trial 7 of 10...
trial 8 of 10...
trial 9 of 10...
trial 10 of 10...
Problem type: 3gen_split2 - 15/20
trial 1 of 10...

=== PROMPT ===

Use the following alphabet to guess the missing piece.

a q c d e o g h i n k l m u f p y r s t w v b x z j

Note that the alphabet may be in an unfamiliar order. Complete the pattern using this order.

[h i n k] [h i n k l]
[d d x x e e x x o o x x g g x x h h x x i i x x n n x x k k x x] [ ? ]

First, describe 3 relevant exemplars that are distinct from this problem. Then give the final answer. Answer with only the examples and the final answer with no further explanation. Put your final answer between double brackets.


--- TARGET LETTERS ---

['d', 'd', 'x', 'x', 'e', 'e', 'x', 'x', 'o', 'o', 'x', 'x', 'g', 'g', 'x', 'x', 'h', 'h', 'x', 'x', 'i', 'i', 'x', 'x', 'n', 'n', 'x', 'x', 'k', 'k', 'x', 'x', 'l', 'l', 'x', 'x']
Full Qwen output: Example1: [a b c] [a b c d]  
Example2: [x y z] [x y z a]  
Example3: [m n o] [m n o p]  

[[d d x x e e x x o o x x g g x x h h x x i i x x n n x x k k x x l l x x]]
Filtered Qwen output: d d x x e e x x o o x x g g x x h h x x i i x x n n x x k k x x l l x x
trial 2 of 10...
trial 3 of 10...
trial 4 of 10...
trial 5 of 10...
trial 6 of 10...
trial 7 of 10...
trial 8 of 10...
trial 9 of 10...
trial 10 of 10...
Problem type: 3gen_split3 - 16/20
trial 1 of 10...

=== PROMPT ===

Use the following alphabet to guess the missing piece.

a q c d e o g h i n k l m u f p y r s t w v b x z j

Note that the alphabet may be in an unfamiliar order. Complete the pattern using this order.

[p y b s t] [p y r s t]
[1 3 5 26 9 11 13 15 17] [ ? ]

First, describe 3 relevant exemplars that are distinct from this problem. Then give the final answer. Answer with only the examples and the final answer with no further explanation. Put your final answer between double brackets.


--- TARGET LETTERS ---

[np.int64(1), np.int64(3), np.int64(5), np.int64(7), np.int64(9), np.int64(11), np.int64(13), np.int64(15), np.int64(17)]
Full Qwen output: Example 1: [a b c d e] [a b c d e f]  
Example 2: [x y z a b] [x y z a b c]  
Example 3: [m n o p q] [m n o p q r]  

[[p y r s t w]]
Filtered Qwen output: p y r s t w
trial 2 of 10...
trial 3 of 10...
trial 4 of 10...
trial 5 of 10...
trial 6 of 10...
trial 7 of 10...
trial 8 of 10...
trial 9 of 10...
trial 10 of 10...
Problem type: 3gen_split4 - 17/20
trial 1 of 10...

=== PROMPT ===

Use the following alphabet to guess the missing piece.

a q c d e o g h i n k l m u f p y r s t w v b x z j

Note that the alphabet may be in an unfamiliar order. Complete the pattern using this order.

[o g h i] [o g h n]
[26 25 24 23 22 21 20 19] [ ? ]

First, describe 3 relevant exemplars that are distinct from this problem. Then give the final answer. Answer with only the examples and the final answer with no further explanation. Put your final answer between double brackets.


--- TARGET LETTERS ---

[np.int64(26), np.int64(25), np.int64(24), np.int64(23), np.int64(22), np.int64(21), np.int64(20), np.int64(18)]
Full Qwen output: Example 1: [a b c d] [a b c e]  
Example 2: [x y z a] [x y z b]  
Example 3: [m n o p] [m n o q]  

[[o g h i] [o g h n]]  
[[26 25 24 23 22 21 20 19] [26 25 24 21]]  

Final answer: [[26 25 24 21]]  
((26 25 2
Filtered Qwen output: o g h i] [o g h n
trial 2 of 10...
trial 3 of 10...
trial 4 of 10...
trial 5 of 10...
trial 6 of 10...
trial 7 of 10...
trial 8 of 10...
trial 9 of 10...
trial 10 of 10...
Problem type: 3gen_split5 - 18/20
trial 1 of 10...

=== PROMPT ===

Use the following alphabet to guess the missing piece.

a q c d e o g h i n k l m u f p y r s t w v b x z j

Note that the alphabet may be in an unfamiliar order. Complete the pattern using this order.

[x b v z j] [v b x z j]
[1 0 8 0 3 0 4 0 5 0 6 0 7 0 2 0 9 0] [ ? ]

First, describe 3 relevant exemplars that are distinct from this problem. Then give the final answer. Answer with only the examples and the final answer with no further explanation. Put your final answer between double brackets.


--- TARGET LETTERS ---

[np.int64(1), '0', np.int64(2), '0', np.int64(3), '0', np.int64(4), '0', np.int64(5), '0', np.int64(6), '0', np.int64(7), '0', np.int64(8), '0', np.int64(9), '0']
Full Qwen output: 1. cat : dog :: hat : ?  
2. sun : moon :: star : ?  
3. red : blue :: green : ?  

[[n]]
Filtered Qwen output: n
trial 2 of 10...
trial 3 of 10...
trial 4 of 10...
trial 5 of 10...
trial 6 of 10...
trial 7 of 10...
trial 8 of 10...
trial 9 of 10...
trial 10 of 10...
Problem type: 3gen_split6 - 19/20
trial 1 of 10...

=== PROMPT ===

Use the following alphabet to guess the missing piece.

a q c d e o g h i n k l m u f p y r s t w v b x z j

Note that the alphabet may be in an unfamiliar order. Complete the pattern using this order.

[m u f p] [m u f y]
[r x p x u x l x] [ ? ]

First, describe 3 relevant exemplars that are distinct from this problem. Then give the final answer. Answer with only the examples and the final answer with no further explanation. Put your final answer between double brackets.


--- TARGET LETTERS ---

['r', 'x', 'p', 'x', 'u', 'x', 'n', 'x']
Full Qwen output: 1. cat : dog :: bird : ?  
2. apple : fruit :: car : ?  
3. north : south :: east : ?  

[[r x p x u x l x z]]
Filtered Qwen output: r x p x u x l x z
trial 2 of 10...
trial 3 of 10...
trial 4 of 10...
trial 5 of 10...
trial 6 of 10...
trial 7 of 10...
trial 8 of 10...
trial 9 of 10...
trial 10 of 10...
Problem type: 3gensplit7 - 20/20
trial 1 of 10...

=== PROMPT ===

Use the following alphabet to guess the missing piece.

a q c d e o g h i n k l m u f p y r s t w v b x z j

Note that the alphabet may be in an unfamiliar order. Complete the pattern using this order.

[g h i n n k] [g h i n k]
[11 9 7 5 3 3] [ ? ]

First, describe 3 relevant exemplars that are distinct from this problem. Then give the final answer. Answer with only the examples and the final answer with no further explanation. Put your final answer between double brackets.


--- TARGET LETTERS ---

[np.int64(11), np.int64(9), np.int64(7), np.int64(5), np.int64(3)]
Full Qwen output: Example 1: [a b c d e f] [a b c d e]  
Example 2: [x y z a b c] [x y z a b]  
Example 3: [m n o p q r] [m n o p q]  

[[g h i n k l]]
Filtered Qwen output: g h i n k l
trial 2 of 10...
trial 3 of 10...
trial 4 of 10...
trial 5 of 10...
trial 6 of 10...
trial 7 of 10...
trial 8 of 10...
trial 9 of 10...
trial 10 of 10...
alph_1
a b c q e f g y i o k l t n x p h r s u d v w m j z
Problem type: larger_int - 1/20
trial 1 of 10...

=== PROMPT ===

Use the following alphabet to guess the missing piece.

a b c q e f g y i o k l t n x p h r s u d v w m j z

Note that the alphabet may be in an unfamiliar order. Complete the pattern using this order.

[u d v m w] [u d v w m]
[r u m v z] [ ? ]

First, describe 3 relevant exemplars that are distinct from this problem. Then give the final answer. Answer with only the examples and the final answer with no further explanation. Put your final answer between double brackets.


--- TARGET LETTERS ---

['r', 'u', 'v', 'm', 'z']
Full Qwen output: 1. [a b c d e] [a b c e d]  
2. [x y z a b] [x y a b z]  
3. [p q r s t] [p q s t r]  

[[r u m v z] [r u v z m]]
Filtered Qwen output: r u m v z] [r u v z m
trial 2 of 10...
trial 3 of 10...
trial 4 of 10...
trial 5 of 10...
trial 6 of 10...
trial 7 of 10...
trial 8 of 10...
trial 9 of 10...
trial 10 of 10...
Problem type: longer_targ - 2/20
trial 1 of 10...

=== PROMPT ===

Use the following alphabet to guess the missing piece.

a b c q e f g y i o k l t n x p h r s u d v w m j z

Note that the alphabet may be in an unfamiliar order. Complete the pattern using this order.

[u d v m w] [u d v w m]
[h r s u d j w m v] [ ? ]

First, describe 3 relevant exemplars that are distinct from this problem. Then give the final answer. Answer with only the examples and the final answer with no further explanation. Put your final answer between double brackets.


--- TARGET LETTERS ---

['h', 'r', 's', 'u', 'd', 'v', 'w', 'm', 'j']
Full Qwen output: 1. [a b c d e] [a b c d e f]  
2. [x y z a b] [x y z a b c]  
3. [p q r s t] [p q r s t u]  

[[h r s u d j w m v] [h r s u d j w m v x]]
Filtered Qwen output: h r s u d j w m v] [h r s u d j w m v x
trial 2 of 10...
trial 3 of 10...
trial 4 of 10...
trial 5 of 10...
trial 6 of 10...
trial 7 of 10...
trial 8 of 10...
trial 9 of 10...
trial 10 of 10...
Problem type: group - 3/20
trial 1 of 10...

=== PROMPT ===

Use the following alphabet to guess the missing piece.

a b c q e f g y i o k l t n x p h r s u d v w m j z

Note that the alphabet may be in an unfamiliar order. Complete the pattern using this order.

[g y i o] [g y i k]
[v v w w m m j j] [ ? ]

First, describe 3 relevant exemplars that are distinct from this problem. Then give the final answer. Answer with only the examples and the final answer with no further explanation. Put your final answer between double brackets.


--- TARGET LETTERS ---

['v', 'v', 'w', 'w', 'm', 'm', 'z', 'z']
Full Qwen output: Example 1: [a b c d] [a b c e]  
Example 2: [x y z a] [x y z b]  
Example 3: [m n o p] [m n o q]  

[[v v w w m m j j] [v v w w m m j j]]
Filtered Qwen output: v v w w m m j j] [v v w w m m j j
trial 2 of 10...
trial 3 of 10...
trial 4 of 10...
trial 5 of 10...
trial 6 of 10...
trial 7 of 10...
trial 8 of 10...
trial 9 of 10...
trial 10 of 10...
Problem type: interleaved - 4/20
trial 1 of 10...

=== PROMPT ===

Use the following alphabet to guess the missing piece.

a b c q e f g y i o k l t n x p h r s u d v w m j z

Note that the alphabet may be in an unfamiliar order. Complete the pattern using this order.

[g y i o] [g y i o k]
[x x p x h x r x] [ ? ]

First, describe 3 relevant exemplars that are distinct from this problem. Then give the final answer. Answer with only the examples and the final answer with no further explanation. Put your final answer between double brackets.


--- TARGET LETTERS ---

['x', 'x', 'p', 'x', 'h', 'x', 'r', 'x', 's', 'x']
Full Qwen output: Example 1: [a b c d] [a b c d e]  
Example 2: [m n o p] [m n o p q]  
Example 3: [z y x w] [z y x w v]  

[[x x p x h x r x s]]
Filtered Qwen output: x x p x h x r x s
trial 2 of 10...
trial 3 of 10...
trial 4 of 10...
trial 5 of 10...
trial 6 of 10...
trial 7 of 10...
trial 8 of 10...
trial 9 of 10...
trial 10 of 10...
Problem type: letter2num - 5/20
trial 1 of 10...

=== PROMPT ===

Use the following alphabet to guess the missing piece.

a b c q e f g y i o k l t n x p h r s u d v w m j z

Note that the alphabet may be in an unfamiliar order. Complete the pattern using this order.

[k o i l t] [i o k l t]
[17 18 20 19 21] [ ? ]

First, describe 3 relevant exemplars that are distinct from this problem. Then give the final answer. Answer with only the examples and the final answer with no further explanation. Put your final answer between double brackets.


--- TARGET LETTERS ---

[np.int64(17), np.int64(18), np.int64(19), np.int64(20), np.int64(21)]
Full Qwen output: 1. cat : dog :: hat : ?
2. sun : moon :: star : ?
3. red : blue :: green : ?

[[17 18 20 19 21] [18 19 17 20 21]]
Filtered Qwen output: 17 18 20 19 21] [18 19 17 20 21
trial 2 of 10...
trial 3 of 10...
trial 4 of 10...
trial 5 of 10...
trial 6 of 10...
trial 7 of 10...
trial 8 of 10...
trial 9 of 10...
trial 10 of 10...
Problem type: reverse - 6/20
trial 1 of 10...

=== PROMPT ===

Use the following alphabet to guess the missing piece.

a b c q e f g y i o k l t n x p h r s u d v w m j z

Note that the alphabet may be in an unfamiliar order. Complete the pattern using this order.

[d v w m] [u v w m]
[j m w v] [ ? ]

First, describe 3 relevant exemplars that are distinct from this problem. Then give the final answer. Answer with only the examples and the final answer with no further explanation. Put your final answer between double brackets.


--- TARGET LETTERS ---

['z', 'm', 'w', 'v']
Full Qwen output: 1. [a b c d] [e f g h]  
2. [x y z a] [b c d e]  
3. [p q r s] [t u v w]  

[[j m w v] [k m w v]]
Filtered Qwen output: j m w v] [k m w v
trial 2 of 10...
trial 3 of 10...
trial 4 of 10...
trial 5 of 10...
trial 6 of 10...
trial 7 of 10...
trial 8 of 10...
trial 9 of 10...
trial 10 of 10...
Problem type: 2gen_split1 - 7/20
trial 1 of 10...

=== PROMPT ===

Use the following alphabet to guess the missing piece.

a b c q e f g y i o k l t n x p h r s u d v w m j z

Note that the alphabet may be in an unfamiliar order. Complete the pattern using this order.

[a b c q] [a b c q e]
[15 17 19 21] [ ? ]

First, describe 3 relevant exemplars that are distinct from this problem. Then give the final answer. Answer with only the examples and the final answer with no further explanation. Put your final answer between double brackets.


--- TARGET LETTERS ---

[np.int64(15), np.int64(17), np.int64(19), np.int64(21), np.int64(23)]
Full Qwen output: Example 1: [a b c d] [a b c d e]  
Example 2: [x y z] [x y z a]  
Example 3: [1 2 3] [1 2 3 4]  

[[15 17 19 21 23]]
Filtered Qwen output: 15 17 19 21 23
trial 2 of 10...
trial 3 of 10...
trial 4 of 10...
trial 5 of 10...
trial 6 of 10...
trial 7 of 10...
trial 8 of 10...
trial 9 of 10...
trial 10 of 10...
Problem type: 2gen_split2 - 8/20
trial 1 of 10...

=== PROMPT ===

Use the following alphabet to guess the missing piece.

a b c q e f g y i o k l t n x p h r s u d v w m j z

Note that the alphabet may be in an unfamiliar order. Complete the pattern using this order.

[f g o i y] [f g y i o]
[b x c x i x e x f x g x y x q x o x] [ ? ]

First, describe 3 relevant exemplars that are distinct from this problem. Then give the final answer. Answer with only the examples and the final answer with no further explanation. Put your final answer between double brackets.


--- TARGET LETTERS ---

['b', 'x', 'c', 'x', 'q', 'x', 'e', 'x', 'f', 'x', 'g', 'x', 'y', 'x', 'i', 'x', 'o', 'x']
Full Qwen output: Example 1: [a b c d e] [e d c b a]  
Example 2: [x y z a b] [b a z y x]  
Example 3: [m n o p q] [q p o n m]  

[[b x c x i x e x f x g x y x q x o x] [x o q y g f e i x c x b x]]
Filtered Qwen output: b x c x i x e x f x g x y x q x o x] [x o q y g f e i x c x b x
trial 2 of 10...
trial 3 of 10...
trial 4 of 10...
trial 5 of 10...
trial 6 of 10...
trial 7 of 10...
trial 8 of 10...
trial 9 of 10...
trial 10 of 10...
Problem type: 2gen_split3 - 9/20
trial 1 of 10...

=== PROMPT ===

Use the following alphabet to guess the missing piece.

a b c q e f g y i o k l t n x p h r s u d v w m j z

Note that the alphabet may be in an unfamiliar order. Complete the pattern using this order.

[u d v w] [s d v w]
[o o x x k k x x l l x x t t x x] [ ? ]

First, describe 3 relevant exemplars that are distinct from this problem. Then give the final answer. Answer with only the examples and the final answer with no further explanation. Put your final answer between double brackets.


--- TARGET LETTERS ---

['i', 'i', 'x', 'x', 'k', 'k', 'x', 'x', 'l', 'l', 'x', 'x', 't', 't', 'x', 'x']
Full Qwen output: 1. [a b c d] [e f g h]  
2. [x y z a] [b c d e]  
3. [m n o p] [q r s t]  

[[o o x x k k x x l l x x t t x x] [o o x x k k x x l l x x t t x x]]
Filtered Qwen output: o o x x k k x x l l x x t t x x] [o o x x k k x x l l x x t t x x
trial 2 of 10...
trial 3 of 10...
trial 4 of 10...
trial 5 of 10...
trial 6 of 10...
trial 7 of 10...
trial 8 of 10...
trial 9 of 10...
trial 10 of 10...
Problem type: 2gen_split4 - 10/20
trial 1 of 10...

=== PROMPT ===

Use the following alphabet to guess the missing piece.

a b c q e f g y i o k l t n x p h r s u d v w m j z

Note that the alphabet may be in an unfamiliar order. Complete the pattern using this order.

[v w d j z] [v w m j z]
[d d s s r r h h p p] [ ? ]

First, describe 3 relevant exemplars that are distinct from this problem. Then give the final answer. Answer with only the examples and the final answer with no further explanation. Put your final answer between double brackets.


--- TARGET LETTERS ---

['u', 'u', 's', 's', 'r', 'r', 'h', 'h', 'p', 'p']
Full Qwen output: Example 1: [a b c] [a b d]  
Example 2: [x y z] [x y m]  
Example 3: [p q r] [p q t]  

[[d d s s r r h h p p] [d d s s r r h h p p]]
Filtered Qwen output: d d s s r r h h p p] [d d s s r r h h p p
trial 2 of 10...
trial 3 of 10...
trial 4 of 10...
trial 5 of 10...
trial 6 of 10...
trial 7 of 10...
trial 8 of 10...
trial 9 of 10...
trial 10 of 10...
Problem type: 2gen_split5 - 11/20
trial 1 of 10...

=== PROMPT ===

Use the following alphabet to guess the missing piece.

a b c q e f g y i o k l t n x p h r s u d v w m j z

Note that the alphabet may be in an unfamiliar order. Complete the pattern using this order.

[i o k l] [i o k l t]
[j x m x w x v x] [ ? ]

First, describe 3 relevant exemplars that are distinct from this problem. Then give the final answer. Answer with only the examples and the final answer with no further explanation. Put your final answer between double brackets.


--- TARGET LETTERS ---

['j', 'x', 'm', 'x', 'w', 'x', 'v', 'x', 'd', 'x']
Full Qwen output: Example 1: [a b c] [a b c d]  
Example 2: [x y z] [x y z a]  
Example 3: [m n o] [m n o p]  

[[j x m x w x v x] [j x m x w x v x z]]
Filtered Qwen output: j x m x w x v x] [j x m x w x v x z
trial 2 of 10...
trial 3 of 10...
trial 4 of 10...
trial 5 of 10...
trial 6 of 10...
trial 7 of 10...
trial 8 of 10...
trial 9 of 10...
trial 10 of 10...
Problem type: 2gen_split6 - 12/20
trial 1 of 10...

=== PROMPT ===

Use the following alphabet to guess the missing piece.

a b c q e f g y i o k l t n x p h r s u d v w m j z

Note that the alphabet may be in an unfamiliar order. Complete the pattern using this order.

[h r s u] [p r s u]
[s s u u d d v v w w m m j j z z] [ ? ]

First, describe 3 relevant exemplars that are distinct from this problem. Then give the final answer. Answer with only the examples and the final answer with no further explanation. Put your final answer between double brackets.


--- TARGET LETTERS ---

['r', 'r', 'u', 'u', 'd', 'd', 'v', 'v', 'w', 'w', 'm', 'm', 'j', 'j', 'z', 'z']
Full Qwen output: Example 1: [a b c d] [e f g h]  
Example 2: [x y z a] [b c d e]  
Example 3: [m n o p] [q r s t]  

[[s s u u d d v v w w m m j j z z] [s s u u d d v v w w m m j j z z]]
Filtered Qwen output: s s u u d d v v w w m m j j z z] [s s u u d d v v w w m m j j z z
trial 2 of 10...
trial 3 of 10...
trial 4 of 10...
trial 5 of 10...
trial 6 of 10...
trial 7 of 10...
trial 8 of 10...
trial 9 of 10...
trial 10 of 10...
Problem type: 2gensplit7 - 13/20
trial 1 of 10...

=== PROMPT ===

Use the following alphabet to guess the missing piece.

a b c q e f g y i o k l t n x p h r s u d v w m j z

Note that the alphabet may be in an unfamiliar order. Complete the pattern using this order.

[s u d v] [s u d w]
[3 0 4 0 5 0 6 0] [ ? ]

First, describe 3 relevant exemplars that are distinct from this problem. Then give the final answer. Answer with only the examples and the final answer with no further explanation. Put your final answer between double brackets.


--- TARGET LETTERS ---

[np.int64(3), '0', np.int64(4), '0', np.int64(5), '0', np.int64(7), '0']
Full Qwen output: Example 1: [a b c d] [a b c e]  
Example 2: [x y z a] [x y z b]  
Example 3: [m n o p] [m n o q]  

[[s u d x]]
Filtered Qwen output: s u d x
trial 2 of 10...
trial 3 of 10...
trial 4 of 10...
trial 5 of 10...
trial 6 of 10...
trial 7 of 10...
trial 8 of 10...
trial 9 of 10...
trial 10 of 10...
Problem type: 3gen_split1 - 14/20
trial 1 of 10...

=== PROMPT ===

Use the following alphabet to guess the missing piece.

a b c q e f g y i o k l t n x p h r s u d v w m j z

Note that the alphabet may be in an unfamiliar order. Complete the pattern using this order.

[l t n x] [l t n p]
[y x o x l x n x p x r x u x v x] [ ? ]

First, describe 3 relevant exemplars that are distinct from this problem. Then give the final answer. Answer with only the examples and the final answer with no further explanation. Put your final answer between double brackets.


--- TARGET LETTERS ---

['y', 'x', 'o', 'x', 'l', 'x', 'n', 'x', 'p', 'x', 'r', 'x', 'u', 'x', 'm', 'x']
Full Qwen output: 1. cat : dog :: bird : ?  
2. red : blue :: green : ?  
3. square : rectangle :: circle : ?

[[y x o x l x n x p x r x u x v x s]]
Filtered Qwen output: y x o x l x n x p x r x u x v x s
trial 2 of 10...
trial 3 of 10...
trial 4 of 10...
trial 5 of 10...
trial 6 of 10...
trial 7 of 10...
trial 8 of 10...
trial 9 of 10...
trial 10 of 10...
Problem type: 3gen_split2 - 15/20
trial 1 of 10...

=== PROMPT ===

Use the following alphabet to guess the missing piece.

a b c q e f g y i o k l t n x p h r s u d v w m j z

Note that the alphabet may be in an unfamiliar order. Complete the pattern using this order.

[v w m j] [v w m j z]
[17 0 19 0 21 0 23 0] [ ? ]

First, describe 3 relevant exemplars that are distinct from this problem. Then give the final answer. Answer with only the examples and the final answer with no further explanation. Put your final answer between double brackets.


--- TARGET LETTERS ---

[np.int64(17), '0', np.int64(19), '0', np.int64(21), '0', np.int64(23), '0', np.int64(25), '0']
Full Qwen output: Example 1: [a b c d] [a b c d e]  
Example 2: [x y z] [x y z a]  
Example 3: [1 2 3] [1 2 3 4]  

[[v w m j z]]
Filtered Qwen output: v w m j z
trial 2 of 10...
trial 3 of 10...
trial 4 of 10...
trial 5 of 10...
trial 6 of 10...
trial 7 of 10...
trial 8 of 10...
trial 9 of 10...
trial 10 of 10...
Problem type: 3gen_split3 - 16/20
trial 1 of 10...

=== PROMPT ===

Use the following alphabet to guess the missing piece.

a b c q e f g y i o k l t n x p h r s u d v w m j z

Note that the alphabet may be in an unfamiliar order. Complete the pattern using this order.

[g y i o] [g y i o k]
[r r x x h h x x p p x x x x x x] [ ? ]

First, describe 3 relevant exemplars that are distinct from this problem. Then give the final answer. Answer with only the examples and the final answer with no further explanation. Put your final answer between double brackets.


--- TARGET LETTERS ---

['r', 'r', 'x', 'x', 'h', 'h', 'x', 'x', 'p', 'p', 'x', 'x', 'x', 'x', 'x', 'x', 'n', 'n', 'x', 'x']
Full Qwen output: Example 1: [a b c] [a b c d]  
Example 2: [x y z] [x y z a b]  
Example 3: [m n o p] [m n o p q r]  

[[r r x x h h x x p p x x x x x x] [r r x x h h x x p p x x x x x x k]]
Filtered Qwen output: r r x x h h x x p p x x x x x x] [r r x x h h x x p p x x x x x x k
trial 2 of 10...
trial 3 of 10...
trial 4 of 10...
trial 5 of 10...
trial 6 of 10...
trial 7 of 10...
trial 8 of 10...
trial 9 of 10...
trial 10 of 10...
Problem type: 3gen_split4 - 17/20
trial 1 of 10...

=== PROMPT ===

Use the following alphabet to guess the missing piece.

a b c q e f g y i o k l t n x p h r s u d v w m j z

Note that the alphabet may be in an unfamiliar order. Complete the pattern using this order.

[y i t k l] [y i o k l]
[6 0 5 0 4 0 3 0 1 0] [ ? ]

First, describe 3 relevant exemplars that are distinct from this problem. Then give the final answer. Answer with only the examples and the final answer with no further explanation. Put your final answer between double brackets.


--- TARGET LETTERS ---

[np.int64(6), '0', np.int64(5), '0', np.int64(4), '0', np.int64(3), '0', np.int64(2), '0']
Full Qwen output: Example 1: [a b c d e] [a b c d e f]  
Example 2: [x y z a b] [x y z a b c]  
Example 3: [m n o p q] [m n o p q r]  

[[y i o k l t]]
Filtered Qwen output: y i o k l t
trial 2 of 10...
trial 3 of 10...
trial 4 of 10...
trial 5 of 10...
trial 6 of 10...
trial 7 of 10...
trial 8 of 10...
trial 9 of 10...
trial 10 of 10...
Problem type: 3gen_split5 - 18/20
trial 1 of 10...

=== PROMPT ===

Use the following alphabet to guess the missing piece.

a b c q e f g y i o k l t n x p h r s u d v w m j z

Note that the alphabet may be in an unfamiliar order. Complete the pattern using this order.

[n x p h] [n x p r]
[n n l l o o y y] [ ? ]

First, describe 3 relevant exemplars that are distinct from this problem. Then give the final answer. Answer with only the examples and the final answer with no further explanation. Put your final answer between double brackets.


--- TARGET LETTERS ---

['n', 'n', 'l', 'l', 'o', 'o', 'f', 'f']
Full Qwen output: 1. cat dog  
2. red blue  
3. apple banana  

[[n n l l o o y y] [n n l l o o y y]]
Filtered Qwen output: n n l l o o y y] [n n l l o o y y
trial 2 of 10...
trial 3 of 10...
trial 4 of 10...
trial 5 of 10...
trial 6 of 10...
trial 7 of 10...
trial 8 of 10...
trial 9 of 10...
trial 10 of 10...
Problem type: 3gen_split6 - 19/20
trial 1 of 10...

=== PROMPT ===

Use the following alphabet to guess the missing piece.

a b c q e f g y i o k l t n x p h r s u d v w m j z

Note that the alphabet may be in an unfamiliar order. Complete the pattern using this order.

[b c q e] [a c q e]
[e e g g i i k k t t x x h h s s] [ ? ]

First, describe 3 relevant exemplars that are distinct from this problem. Then give the final answer. Answer with only the examples and the final answer with no further explanation. Put your final answer between double brackets.


--- TARGET LETTERS ---

['c', 'c', 'g', 'g', 'i', 'i', 'k', 'k', 't', 't', 'x', 'x', 'h', 'h', 's', 's']
Full Qwen output: 1. [a b c d] [d c b a]  
2. [x y z a] [a z y x]  
3. [p q r s] [s r q p]  

[[e e g g i i k k t t x x h h s s] [s s h h x x t t k k i i g g e e]]
Filtered Qwen output: e e g g i i k k t t x x h h s s] [s s h h x x t t k k i i g g e e
trial 2 of 10...
trial 3 of 10...
trial 4 of 10...
trial 5 of 10...
trial 6 of 10...
trial 7 of 10...
trial 8 of 10...
trial 9 of 10...
trial 10 of 10...
Problem type: 3gensplit7 - 20/20
trial 1 of 10...

=== PROMPT ===

Use the following alphabet to guess the missing piece.

a b c q e f g y i o k l t n x p h r s u d v w m j z

Note that the alphabet may be in an unfamiliar order. Complete the pattern using this order.

[n x p h] [t x p h]
[23 23 0 0 24 24 0 0 25 25 0 0 26 26 0 0] [ ? ]

First, describe 3 relevant exemplars that are distinct from this problem. Then give the final answer. Answer with only the examples and the final answer with no further explanation. Put your final answer between double brackets.


--- TARGET LETTERS ---

[np.int64(22), np.int64(22), '0', '0', np.int64(24), np.int64(24), '0', '0', np.int64(25), np.int64(25), '0', '0', np.int64(26), np.int64(26), '0', '0']
Full Qwen output: Example 1: [a b c d] [e f g h]  
Example 2: [1 2 3 4] [5 6 7 8]  
Example 3: [x y z a] [b c d e]  

[[r s u d]]
Filtered Qwen output: r s u d
trial 2 of 10...
trial 3 of 10...
trial 4 of 10...
trial 5 of 10...
trial 6 of 10...
trial 7 of 10...
trial 8 of 10...
trial 9 of 10...
trial 10 of 10...
alph_2
c b v h e f g d r j k l m n o p q y s t u x a w i z
Problem type: larger_int - 1/20
trial 1 of 10...

=== PROMPT ===

Use the following alphabet to guess the missing piece.

c b v h e f g d r j k l m n o p q y s t u x a w i z

Note that the alphabet may be in an unfamiliar order. Complete the pattern using this order.

[b v h e] [b v h e f]
[d j l n] [ ? ]

First, describe 3 relevant exemplars that are distinct from this problem. Then give the final answer. Answer with only the examples and the final answer with no further explanation. Put your final answer between double brackets.


--- TARGET LETTERS ---

['d', 'j', 'l', 'n', 'p']
Full Qwen output: Example 1: [a b c d] [a b c d e]  
Example 2: [x y z a] [x y z a b]  
Example 3: [m n o p] [m n o p q]  

[[d j l n o]]
Filtered Qwen output: d j l n o
trial 2 of 10...
trial 3 of 10...
trial 4 of 10...
trial 5 of 10...
trial 6 of 10...
trial 7 of 10...
trial 8 of 10...
trial 9 of 10...
trial 10 of 10...
Problem type: longer_targ - 2/20
trial 1 of 10...

=== PROMPT ===

Use the following alphabet to guess the missing piece.

c b v h e f g d r j k l m n o p q y s t u x a w i z

Note that the alphabet may be in an unfamiliar order. Complete the pattern using this order.

[o p q y] [o p q s]
[q y s t u x a w] [ ? ]

First, describe 3 relevant exemplars that are distinct from this problem. Then give the final answer. Answer with only the examples and the final answer with no further explanation. Put your final answer between double brackets.


--- TARGET LETTERS ---

['q', 'y', 's', 't', 'u', 'x', 'a', 'i']
Full Qwen output: 1. cat dog bird  
2. red blue green  
3. apple banana orange  

[[q y s t u x a w i z]]
Filtered Qwen output: q y s t u x a w i z
trial 2 of 10...
trial 3 of 10...
trial 4 of 10...
trial 5 of 10...
trial 6 of 10...
trial 7 of 10...
trial 8 of 10...
trial 9 of 10...
trial 10 of 10...
Problem type: group - 3/20
trial 1 of 10...

=== PROMPT ===

Use the following alphabet to guess the missing piece.

c b v h e f g d r j k l m n o p q y s t u x a w i z

Note that the alphabet may be in an unfamiliar order. Complete the pattern using this order.

[e f g d] [e f g d r]
[x x a a w w i i] [ ? ]

First, describe 3 relevant exemplars that are distinct from this problem. Then give the final answer. Answer with only the examples and the final answer with no further explanation. Put your final answer between double brackets.


--- TARGET LETTERS ---

['x', 'x', 'a', 'a', 'w', 'w', 'i', 'i', 'z', 'z']
Full Qwen output: 1. [a b c d] [a b c d e]  
2. [p q r s] [p q r s t]  
3. [m n o p] [m n o p q]  

[[x x a a w w i i z]]
Filtered Qwen output: x x a a w w i i z
trial 2 of 10...
trial 3 of 10...
trial 4 of 10...
trial 5 of 10...
trial 6 of 10...
trial 7 of 10...
trial 8 of 10...
trial 9 of 10...
trial 10 of 10...
Problem type: interleaved - 4/20
trial 1 of 10...

=== PROMPT ===

Use the following alphabet to guess the missing piece.

c b v h e f g d r j k l m n o p q y s t u x a w i z

Note that the alphabet may be in an unfamiliar order. Complete the pattern using this order.

[f g d l j] [f g d r j]
[x x a x w x i x h x] [ ? ]

First, describe 3 relevant exemplars that are distinct from this problem. Then give the final answer. Answer with only the examples and the final answer with no further explanation. Put your final answer between double brackets.


--- TARGET LETTERS ---

['x', 'x', 'a', 'x', 'w', 'x', 'i', 'x', 'z', 'x']
Full Qwen output: 1. cat dog bird  
2. red blue green  
3. apple banana orange  

[[x x a x w x i x h x] [x x a x w x i x h x]]
Filtered Qwen output: x x a x w x i x h x] [x x a x w x i x h x
trial 2 of 10...
trial 3 of 10...
trial 4 of 10...
trial 5 of 10...
trial 6 of 10...
trial 7 of 10...
trial 8 of 10...
trial 9 of 10...
trial 10 of 10...
Problem type: letter2num - 5/20
trial 1 of 10...

=== PROMPT ===

Use the following alphabet to guess the missing piece.

c b v h e f g d r j k l m n o p q y s t u x a w i z

Note that the alphabet may be in an unfamiliar order. Complete the pattern using this order.

[x a w i] [x a w z]
[8 9 10 11] [ ? ]

First, describe 3 relevant exemplars that are distinct from this problem. Then give the final answer. Answer with only the examples and the final answer with no further explanation. Put your final answer between double brackets.


--- TARGET LETTERS ---

[np.int64(8), np.int64(9), np.int64(10), np.int64(12)]
Full Qwen output: 1. cat dog bird  
2. red blue green  
3. apple banana orange  

[[12]]
Filtered Qwen output: 12
trial 2 of 10...
trial 3 of 10...
trial 4 of 10...
trial 5 of 10...
trial 6 of 10...
trial 7 of 10...
trial 8 of 10...
trial 9 of 10...
trial 10 of 10...
Problem type: reverse - 6/20
trial 1 of 10...

=== PROMPT ===

Use the following alphabet to guess the missing piece.

c b v h e f g d r j k l m n o p q y s t u x a w i z

Note that the alphabet may be in an unfamiliar order. Complete the pattern using this order.

[n o o p q y] [n o p q y]
[w a x x u t] [ ? ]

First, describe 3 relevant exemplars that are distinct from this problem. Then give the final answer. Answer with only the examples and the final answer with no further explanation. Put your final answer between double brackets.


--- TARGET LETTERS ---

['w', 'a', 'x', 'u', 't']
Full Qwen output: 1. cat dog bird  
2. red blue green  
3. apple banana orange  

[[s t u]]
Filtered Qwen output: s t u
trial 2 of 10...
trial 3 of 10...
trial 4 of 10...
trial 5 of 10...
trial 6 of 10...
trial 7 of 10...
trial 8 of 10...
trial 9 of 10...
trial 10 of 10...
Problem type: 2gen_split1 - 7/20
trial 1 of 10...

=== PROMPT ===

Use the following alphabet to guess the missing piece.

c b v h e f g d r j k l m n o p q y s t u x a w i z

Note that the alphabet may be in an unfamiliar order. Complete the pattern using this order.

[c b v h w] [c b v h e]
[u u y y t t x x w w] [ ? ]

First, describe 3 relevant exemplars that are distinct from this problem. Then give the final answer. Answer with only the examples and the final answer with no further explanation. Put your final answer between double brackets.


--- TARGET LETTERS ---

['p', 'p', 'y', 'y', 't', 't', 'x', 'x', 'w', 'w']
Full Qwen output: 1. cat dog bird  
2. red blue green  
3. apple banana orange  

[[u u y y t t x x w w] [u u y y t t x x w w]]
Filtered Qwen output: u u y y t t x x w w] [u u y y t t x x w w
trial 2 of 10...
trial 3 of 10...
trial 4 of 10...
trial 5 of 10...
trial 6 of 10...
trial 7 of 10...
trial 8 of 10...
trial 9 of 10...
trial 10 of 10...
Problem type: 2gen_split2 - 8/20
trial 1 of 10...

=== PROMPT ===

Use the following alphabet to guess the missing piece.

c b v h e f g d r j k l m n o p q y s t u x a w i z

Note that the alphabet may be in an unfamiliar order. Complete the pattern using this order.

[x a m i z] [x a w i z]
[i i w w a a q q u u] [ ? ]

First, describe 3 relevant exemplars that are distinct from this problem. Then give the final answer. Answer with only the examples and the final answer with no further explanation. Put your final answer between double brackets.


--- TARGET LETTERS ---

['i', 'i', 'w', 'w', 'a', 'a', 'x', 'x', 'u', 'u']
Full Qwen output: 1. [d o g] [c a t]  
2. [s u n] [m o o n]  
3. [b o o k] [p a g e]  

[[i i w w a a q q u u] [i i w w a a q q u u]]
Filtered Qwen output: i i w w a a q q u u] [i i w w a a q q u u
trial 2 of 10...
trial 3 of 10...
trial 4 of 10...
trial 5 of 10...
trial 6 of 10...
trial 7 of 10...
trial 8 of 10...
trial 9 of 10...
trial 10 of 10...
Problem type: 2gen_split3 - 9/20
trial 1 of 10...

=== PROMPT ===

Use the following alphabet to guess the missing piece.

c b v h e f g d r j k l m n o p q y s t u x a w i z

Note that the alphabet may be in an unfamiliar order. Complete the pattern using this order.

[r j k l] [r j k m]
[c x b x v x h x e x f x g x d x] [ ? ]

First, describe 3 relevant exemplars that are distinct from this problem. Then give the final answer. Answer with only the examples and the final answer with no further explanation. Put your final answer between double brackets.


--- TARGET LETTERS ---

['c', 'x', 'b', 'x', 'v', 'x', 'h', 'x', 'e', 'x', 'f', 'x', 'g', 'x', 'r', 'x']
Full Qwen output: 1. cat : dog :: bird : ?  
2. happy : joyful :: sad : ?  
3. square : rectangle :: circle : ?

[[c x b x v x h x e x f x g x d x] [c x b x v x h x e x f x g x d x]]
Filtered Qwen output: c x b x v x h x e x f x g x d x] [c x b x v x h x e x f x g x d x
trial 2 of 10...
trial 3 of 10...
trial 4 of 10...
trial 5 of 10...
trial 6 of 10...
trial 7 of 10...
trial 8 of 10...
trial 9 of 10...
trial 10 of 10...
Problem type: 2gen_split4 - 10/20
trial 1 of 10...

=== PROMPT ===

Use the following alphabet to guess the missing piece.

c b v h e f g d r j k l m n o p q y s t u x a w i z

Note that the alphabet may be in an unfamiliar order. Complete the pattern using this order.

[u x a w i i] [u x a w i]
[j x k x l x m x n x n x o x p x q x y x] [ ? ]

First, describe 3 relevant exemplars that are distinct from this problem. Then give the final answer. Answer with only the examples and the final answer with no further explanation. Put your final answer between double brackets.


--- TARGET LETTERS ---

['j', 'x', 'k', 'x', 'l', 'x', 'm', 'x', 'n', 'x', 'o', 'x', 'p', 'x', 'q', 'x', 'y', 'x']
Full Qwen output: 1. cat : dog :: bird : ?  
2. apple : fruit :: car : ?  
3. north : south :: east : ?  

[[j x k x l x m x n x n x o x p x q x y x]]
Filtered Qwen output: j x k x l x m x n x n x o x p x q x y x
trial 2 of 10...
trial 3 of 10...
trial 4 of 10...
trial 5 of 10...
trial 6 of 10...
trial 7 of 10...
trial 8 of 10...
trial 9 of 10...
trial 10 of 10...
Problem type: 2gen_split5 - 11/20
trial 1 of 10...

=== PROMPT ===

Use the following alphabet to guess the missing piece.

c b v h e f g d r j k l m n o p q y s t u x a w i z

Note that the alphabet may be in an unfamiliar order. Complete the pattern using this order.

[c b v h h e] [c b v h e]
[21 21 22 22 22 22 23 23 24 24 25 25] [ ? ]

First, describe 3 relevant exemplars that are distinct from this problem. Then give the final answer. Answer with only the examples and the final answer with no further explanation. Put your final answer between double brackets.


--- TARGET LETTERS ---

[np.int64(21), np.int64(21), np.int64(22), np.int64(22), np.int64(23), np.int64(23), np.int64(24), np.int64(24), np.int64(25), np.int64(25)]
Full Qwen output: Example 1: [a b c d e f] [a b c d e]  
Example 2: [x y z a b c] [x y z a b]  
Example 3: [m n o p q r] [m n o p q]  

[[c b v h e f]]
Filtered Qwen output: c b v h e f
trial 2 of 10...
trial 3 of 10...
trial 4 of 10...
trial 5 of 10...
trial 6 of 10...
trial 7 of 10...
trial 8 of 10...
trial 9 of 10...
trial 10 of 10...
Problem type: 2gen_split6 - 12/20
trial 1 of 10...

=== PROMPT ===

Use the following alphabet to guess the missing piece.

c b v h e f g d r j k l m n o p q y s t u x a w i z

Note that the alphabet may be in an unfamiliar order. Complete the pattern using this order.

[b v h e] [c v h e]
[g r k m o q s u] [ ? ]

First, describe 3 relevant exemplars that are distinct from this problem. Then give the final answer. Answer with only the examples and the final answer with no further explanation. Put your final answer between double brackets.


--- TARGET LETTERS ---

['e', 'r', 'k', 'm', 'o', 'q', 's', 'u']
Full Qwen output: Example 1: [a b c d] [e f g h]  
Example 2: [x y z a] [b c d e]  
Example 3: [p q r s] [t u v w]  

[[g r k m o q s u] [h r l n p r t v]]
Filtered Qwen output: g r k m o q s u] [h r l n p r t v
trial 2 of 10...
trial 3 of 10...
trial 4 of 10...
trial 5 of 10...
trial 6 of 10...
trial 7 of 10...
trial 8 of 10...
trial 9 of 10...
trial 10 of 10...
Problem type: 2gensplit7 - 13/20
trial 1 of 10...

=== PROMPT ===

Use the following alphabet to guess the missing piece.

c b v h e f g d r j k l m n o p q y s t u x a w i z

Note that the alphabet may be in an unfamiliar order. Complete the pattern using this order.

[t a x u w] [t u x a w]
[j l n w y t x p z] [ ? ]

First, describe 3 relevant exemplars that are distinct from this problem. Then give the final answer. Answer with only the examples and the final answer with no further explanation. Put your final answer between double brackets.


--- TARGET LETTERS ---

['j', 'l', 'n', 'p', 'y', 't', 'x', 'w', 'z']
Full Qwen output: 1. [a b c d e] [e d c b a]  
2. [x y z a b] [b a z y x]  
3. [p q r s t] [t s r q p]  

[[j l n w y t x p z] [z p x t y w n l j]]
Filtered Qwen output: j l n w y t x p z] [z p x t y w n l j
trial 2 of 10...
trial 3 of 10...
trial 4 of 10...
trial 5 of 10...
trial 6 of 10...
trial 7 of 10...
trial 8 of 10...
trial 9 of 10...
trial 10 of 10...
Problem type: 3gen_split1 - 14/20
trial 1 of 10...

=== PROMPT ===

Use the following alphabet to guess the missing piece.

c b v h e f g d r j k l m n o p q y s t u x a w i z

Note that the alphabet may be in an unfamiliar order. Complete the pattern using this order.

[c b v h] [c b v e]
[16 16 15 15 14 14 13 13] [ ? ]

First, describe 3 relevant exemplars that are distinct from this problem. Then give the final answer. Answer with only the examples and the final answer with no further explanation. Put your final answer between double brackets.


--- TARGET LETTERS ---

[np.int64(16), np.int64(16), np.int64(15), np.int64(15), np.int64(14), np.int64(14), np.int64(12), np.int64(12)]
Full Qwen output: Example 1: [a b c d] [a b c e]  
Example 2: [x y z a] [x y z b]  
Example 3: [p q r s] [p q r t]  

[[c b v h] [c b v e]  
[16 16 15 15 14 14 13 13] [16 16 15 15 14 14 13 12]]
Filtered Qwen output: c b v h] [c b v e]  
[16 16 15 15 14 14 13 13] [16 16 15 15 14 14 13 12
trial 2 of 10...
trial 3 of 10...
trial 4 of 10...
trial 5 of 10...
trial 6 of 10...
trial 7 of 10...
trial 8 of 10...
trial 9 of 10...
trial 10 of 10...
Problem type: 3gen_split2 - 15/20
trial 1 of 10...

=== PROMPT ===

Use the following alphabet to guess the missing piece.

c b v h e f g d r j k l m n o p q y s t u x a w i z

Note that the alphabet may be in an unfamiliar order. Complete the pattern using this order.

[x a w i] [x a w i z]
[i x a x u x] [ ? ]

First, describe 3 relevant exemplars that are distinct from this problem. Then give the final answer. Answer with only the examples and the final answer with no further explanation. Put your final answer between double brackets.


--- TARGET LETTERS ---

['i', 'x', 'a', 'x', 'u', 'x', 's', 'x']
Full Qwen output: 1. cat dog bird  
2. red blue green  
3. apple banana orange  

[[i x a x u x z]]
Filtered Qwen output: i x a x u x z
trial 2 of 10...
trial 3 of 10...
trial 4 of 10...
trial 5 of 10...
trial 6 of 10...
trial 7 of 10...
trial 8 of 10...
trial 9 of 10...
trial 10 of 10...
Problem type: 3gen_split3 - 16/20
trial 1 of 10...

=== PROMPT ===

Use the following alphabet to guess the missing piece.

c b v h e f g d r j k l m n o p q y s t u x a w i z

Note that the alphabet may be in an unfamiliar order. Complete the pattern using this order.

[d r j l k] [d r j k l]
[9 0 13 0 11 0 15 0 17 0] [ ? ]

First, describe 3 relevant exemplars that are distinct from this problem. Then give the final answer. Answer with only the examples and the final answer with no further explanation. Put your final answer between double brackets.


--- TARGET LETTERS ---

[np.int64(9), '0', np.int64(11), '0', np.int64(13), '0', np.int64(15), '0', np.int64(17), '0']
Full Qwen output: Example 1: [a b c d e] [a b c d]  
Example 2: [x y z a b] [x y z]  
Example 3: [m n o p q] [m n o p]  

[[d r j k]]
Filtered Qwen output: d r j k
trial 2 of 10...
trial 3 of 10...
trial 4 of 10...
trial 5 of 10...
trial 6 of 10...
trial 7 of 10...
trial 8 of 10...
trial 9 of 10...
trial 10 of 10...
Problem type: 3gen_split4 - 17/20
trial 1 of 10...

=== PROMPT ===

Use the following alphabet to guess the missing piece.

c b v h e f g d r j k l m n o p q y s t u x a w i z

Note that the alphabet may be in an unfamiliar order. Complete the pattern using this order.

[b v h e] [c v h e]
[18 18 0 0 19 19 0 0 20 20 0 0 21 21 0 0] [ ? ]

First, describe 3 relevant exemplars that are distinct from this problem. Then give the final answer. Answer with only the examples and the final answer with no further explanation. Put your final answer between double brackets.


--- TARGET LETTERS ---

[np.int64(17), np.int64(17), '0', '0', np.int64(19), np.int64(19), '0', '0', np.int64(20), np.int64(20), '0', '0', np.int64(21), np.int64(21), '0', '0']
Full Qwen output: Example 1: [a b c d] [e f g h]  
Example 2: [x y z a] [b c d e]  
Example 3: [m n o p] [q r s t]  

[[d v h e]]
Filtered Qwen output: d v h e
trial 2 of 10...
trial 3 of 10...
trial 4 of 10...
trial 5 of 10...
trial 6 of 10...
trial 7 of 10...
trial 8 of 10...
trial 9 of 10...
trial 10 of 10...
Problem type: 3gen_split5 - 18/20
trial 1 of 10...

=== PROMPT ===

Use the following alphabet to guess the missing piece.

c b v h e f g d r j k l m n o p q y s t u x a w i z

Note that the alphabet may be in an unfamiliar order. Complete the pattern using this order.

[y s t u] [q s t u]
[t t y y p p n n] [ ? ]

First, describe 3 relevant exemplars that are distinct from this problem. Then give the final answer. Answer with only the examples and the final answer with no further explanation. Put your final answer between double brackets.


--- TARGET LETTERS ---

['x', 'x', 'y', 'y', 'p', 'p', 'n', 'n']
Full Qwen output: 1. [a b c d] [e f g h]  
2. [x y z a] [b c d e]  
3. [m n o p] [q r s t]  

[[t t y y p p n n] [y y t t p p n n]]
Filtered Qwen output: t t y y p p n n] [y y t t p p n n
trial 2 of 10...
trial 3 of 10...
trial 4 of 10...
trial 5 of 10...
trial 6 of 10...
trial 7 of 10...
trial 8 of 10...
trial 9 of 10...
trial 10 of 10...
Problem type: 3gen_split6 - 19/20
trial 1 of 10...

=== PROMPT ===

Use the following alphabet to guess the missing piece.

c b v h e f g d r j k l m n o p q y s t u x a w i z

Note that the alphabet may be in an unfamiliar order. Complete the pattern using this order.

[r j f l m] [r j k l m]
[n n x x p p x x a a x x t t x x x x x x] [ ? ]

First, describe 3 relevant exemplars that are distinct from this problem. Then give the final answer. Answer with only the examples and the final answer with no further explanation. Put your final answer between double brackets.


--- TARGET LETTERS ---

['n', 'n', 'x', 'x', 'p', 'p', 'x', 'x', 'y', 'y', 'x', 'x', 't', 't', 'x', 'x', 'x', 'x', 'x', 'x']
Full Qwen output: 1. cat : dog :: bird : ?  
2. apple : fruit :: car : ?  
3. north : south :: east : ?  

[[n n x x p p x x a a x x t t x x x x x x] [n n x x p p x x a a x x t t x x x x x x]]
Filtered Qwen output: n n x x p p x x a a x x t t x x x x x x] [n n x x p p x x a a x x t t x x x x x x
trial 2 of 10...
trial 3 of 10...
trial 4 of 10...
trial 5 of 10...
trial 6 of 10...
trial 7 of 10...
trial 8 of 10...
trial 9 of 10...
trial 10 of 10...
Problem type: 3gensplit7 - 20/20
trial 1 of 10...

=== PROMPT ===

Use the following alphabet to guess the missing piece.

c b v h e f g d r j k l m n o p q y s t u x a w i z

Note that the alphabet may be in an unfamiliar order. Complete the pattern using this order.

[b v h e] [c v h e]
[n n x x p p x x y y x x t t x x] [ ? ]

First, describe 3 relevant exemplars that are distinct from this problem. Then give the final answer. Answer with only the examples and the final answer with no further explanation. Put your final answer between double brackets.


--- TARGET LETTERS ---

['l', 'l', 'x', 'x', 'p', 'p', 'x', 'x', 'y', 'y', 'x', 'x', 't', 't', 'x', 'x']
Full Qwen output: 1. cat dog bird  
2. red blue green  
3. apple banana orange  

[[n n x x p p x x y y x x t t x x] [n n x x p p x x y y x x t t x x]]
Filtered Qwen output: n n x x p p x x y y x x t t x x] [n n x x p p x x y y x x t t x x
trial 2 of 10...
trial 3 of 10...
trial 4 of 10...
trial 5 of 10...
trial 6 of 10...
trial 7 of 10...
trial 8 of 10...
trial 9 of 10...
trial 10 of 10...
alph_3
a m c p z f g h i b d k j n o l q r s t u v w x e y
Problem type: larger_int - 1/20
trial 1 of 10...

=== PROMPT ===

Use the following alphabet to guess the missing piece.

a m c p z f g h i b d k j n o l q r s t u v w x e y

Note that the alphabet may be in an unfamiliar order. Complete the pattern using this order.

[z f g h] [z f g i]
[s u w] [ ? ]

First, describe 3 relevant exemplars that are distinct from this problem. Then give the final answer. Answer with only the examples and the final answer with no further explanation. Put your final answer between double brackets.


--- TARGET LETTERS ---

['s', 'u', 'e']
Full Qwen output: Example 1: [a b c] [a b d]  
Example 2: [x y z] [x y a]  
Example 3: [p q r] [p q s]  

[[s u x]]
Filtered Qwen output: s u x
trial 2 of 10...
trial 3 of 10...
trial 4 of 10...
trial 5 of 10...
trial 6 of 10...
trial 7 of 10...
trial 8 of 10...
trial 9 of 10...
trial 10 of 10...
Problem type: longer_targ - 2/20
trial 1 of 10...

=== PROMPT ===

Use the following alphabet to guess the missing piece.

a m c p z f g h i b d k j n o l q r s t u v w x e y

Note that the alphabet may be in an unfamiliar order. Complete the pattern using this order.

[s l q r o] [o l q r s]
[f m c p z a g h i] [ ? ]

First, describe 3 relevant exemplars that are distinct from this problem. Then give the final answer. Answer with only the examples and the final answer with no further explanation. Put your final answer between double brackets.


--- TARGET LETTERS ---

['a', 'm', 'c', 'p', 'z', 'f', 'g', 'h', 'i']
Full Qwen output: Example 1: [a b c d e] [e d c b a]  
Example 2: [x y z a b] [b a z y x]  
Example 3: [p q r s t] [t s r q p]  

[[a g h i f]]
Filtered Qwen output: a g h i f
trial 2 of 10...
trial 3 of 10...
trial 4 of 10...
trial 5 of 10...
trial 6 of 10...
trial 7 of 10...
trial 8 of 10...
trial 9 of 10...
trial 10 of 10...
Problem type: group - 3/20
trial 1 of 10...

=== PROMPT ===

Use the following alphabet to guess the missing piece.

a m c p z f g h i b d k j n o l q r s t u v w x e y

Note that the alphabet may be in an unfamiliar order. Complete the pattern using this order.

[j n o l] [j n o l q]
[b b d d k k j j] [ ? ]

First, describe 3 relevant exemplars that are distinct from this problem. Then give the final answer. Answer with only the examples and the final answer with no further explanation. Put your final answer between double brackets.


--- TARGET LETTERS ---

['b', 'b', 'd', 'd', 'k', 'k', 'j', 'j', 'n', 'n']
Full Qwen output: 1. cat : dog :: bird : ?  
2. red : blue :: green : ?  
3. square : rectangle :: circle : ?

[[b b d d k k j j q q]]
Filtered Qwen output: b b d d k k j j q q
trial 2 of 10...
trial 3 of 10...
trial 4 of 10...
trial 5 of 10...
trial 6 of 10...
trial 7 of 10...
trial 8 of 10...
trial 9 of 10...
trial 10 of 10...
Problem type: interleaved - 4/20
trial 1 of 10...

=== PROMPT ===

Use the following alphabet to guess the missing piece.

a m c p z f g h i b d k j n o l q r s t u v w x e y

Note that the alphabet may be in an unfamiliar order. Complete the pattern using this order.

[b d k j] [b d k n]
[c x p x z x f x] [ ? ]

First, describe 3 relevant exemplars that are distinct from this problem. Then give the final answer. Answer with only the examples and the final answer with no further explanation. Put your final answer between double brackets.


--- TARGET LETTERS ---

['c', 'x', 'p', 'x', 'z', 'x', 'g', 'x']
Full Qwen output: Example 1: [a b c d] [a b c e]  
Example 2: [x y z a] [x y z b]  
Example 3: [m n o p] [m n o q]  

[[c x p x z x f x] [c x p x z x f x]]
Filtered Qwen output: c x p x z x f x] [c x p x z x f x
trial 2 of 10...
trial 3 of 10...
trial 4 of 10...
trial 5 of 10...
trial 6 of 10...
trial 7 of 10...
trial 8 of 10...
trial 9 of 10...
trial 10 of 10...
Problem type: letter2num - 5/20
trial 1 of 10...

=== PROMPT ===

Use the following alphabet to guess the missing piece.

a m c p z f g h i b d k j n o l q r s t u v w x e y

Note that the alphabet may be in an unfamiliar order. Complete the pattern using this order.

[v w x e] [v w x e y]
[14 15 16 17] [ ? ]

First, describe 3 relevant exemplars that are distinct from this problem. Then give the final answer. Answer with only the examples and the final answer with no further explanation. Put your final answer between double brackets.


--- TARGET LETTERS ---

[np.int64(14), np.int64(15), np.int64(16), np.int64(17), np.int64(18)]
Full Qwen output: Example 1: [a b c d] [a b c d e]  
Example 2: [p q r s] [p q r s t]  
Example 3: [z f g h] [z f g h i]  

[[v w x e y]]
Filtered Qwen output: v w x e y
trial 2 of 10...
trial 3 of 10...
trial 4 of 10...
trial 5 of 10...
trial 6 of 10...
trial 7 of 10...
trial 8 of 10...
trial 9 of 10...
trial 10 of 10...
Problem type: reverse - 6/20
trial 1 of 10...

=== PROMPT ===

Use the following alphabet to guess the missing piece.

a m c p z f g h i b d k j n o l q r s t u v w x e y

Note that the alphabet may be in an unfamiliar order. Complete the pattern using this order.

[v w x z y] [v w x e y]
[i h g f r] [ ? ]

First, describe 3 relevant exemplars that are distinct from this problem. Then give the final answer. Answer with only the examples and the final answer with no further explanation. Put your final answer between double brackets.


--- TARGET LETTERS ---

['i', 'h', 'g', 'f', 'z']
Full Qwen output: 1. [a b c d e] [f g h i j]  
2. [x y z a b] [c d e f g]  
3. [p q r s t] [u v w x y]  

[[i h g f s]]
Filtered Qwen output: i h g f s
trial 2 of 10...
trial 3 of 10...
trial 4 of 10...
trial 5 of 10...
trial 6 of 10...
trial 7 of 10...
trial 8 of 10...
trial 9 of 10...
trial 10 of 10...
Problem type: 2gen_split1 - 7/20
trial 1 of 10...

=== PROMPT ===

Use the following alphabet to guess the missing piece.

a m c p z f g h i b d k j n o l q r s t u v w x e y

Note that the alphabet may be in an unfamiliar order. Complete the pattern using this order.

[s t q v w] [s t u v w]
[m x p x f x o x b x] [ ? ]

First, describe 3 relevant exemplars that are distinct from this problem. Then give the final answer. Answer with only the examples and the final answer with no further explanation. Put your final answer between double brackets.


--- TARGET LETTERS ---

['m', 'x', 'p', 'x', 'f', 'x', 'h', 'x', 'b', 'x']
Full Qwen output: Example 1: [a b c d e] [a b c d e f]  
Example 2: [x y z a b] [x y z a b c]  
Example 3: [p q r s t] [p q r s t u]  

[[m x p x f x o x b x] [m x p x f x o x b x l]]
Filtered Qwen output: m x p x f x o x b x] [m x p x f x o x b x l
trial 2 of 10...
trial 3 of 10...
trial 4 of 10...
trial 5 of 10...
trial 6 of 10...
trial 7 of 10...
trial 8 of 10...
trial 9 of 10...
trial 10 of 10...
Problem type: 2gen_split2 - 8/20
trial 1 of 10...

=== PROMPT ===

Use the following alphabet to guess the missing piece.

a m c p z f g h i b d k j n o l q r s t u v w x e y

Note that the alphabet may be in an unfamiliar order. Complete the pattern using this order.

[n n o l q r] [n o l q r]
[r x s x t x t x u x v x w x x x e x y x] [ ? ]

First, describe 3 relevant exemplars that are distinct from this problem. Then give the final answer. Answer with only the examples and the final answer with no further explanation. Put your final answer between double brackets.


--- TARGET LETTERS ---

['r', 'x', 's', 'x', 't', 'x', 'u', 'x', 'v', 'x', 'w', 'x', 'x', 'x', 'e', 'x', 'y', 'x']
Full Qwen output: 1. cat : dog :: bird : ?  
2. apple : fruit :: car : ?  
3. north : south :: east : ?  

[[n o l q r s t u v w x e y]]
Filtered Qwen output: n o l q r s t u v w x e y
trial 2 of 10...
trial 3 of 10...
trial 4 of 10...
trial 5 of 10...
trial 6 of 10...
trial 7 of 10...
trial 8 of 10...
trial 9 of 10...
trial 10 of 10...
Problem type: 2gen_split3 - 9/20
trial 1 of 10...

=== PROMPT ===

Use the following alphabet to guess the missing piece.

a m c p z f g h i b d k j n o l q r s t u v w x e y

Note that the alphabet may be in an unfamiliar order. Complete the pattern using this order.

[f f g h i b] [f g h i b]
[d x k x j x n x o x l x q x r x s x s x] [ ? ]

First, describe 3 relevant exemplars that are distinct from this problem. Then give the final answer. Answer with only the examples and the final answer with no further explanation. Put your final answer between double brackets.


--- TARGET LETTERS ---

['d', 'x', 'k', 'x', 'j', 'x', 'n', 'x', 'o', 'x', 'l', 'x', 'q', 'x', 'r', 'x', 's', 'x']
Full Qwen output: Example1: [a b c d e] [b c d e f]  
Example2: [x y z a b] [y z a b c]  
Example3: [p q r s t] [q r s t u]  

[[d x k x j x n x o x l x q x r x s x s x] [x k x j x n x o x l x q x r x s x s x]]
Filtered Qwen output: d x k x j x n x o x l x q x r x s x s x] [x k x j x n x o x l x q x r x s x s x
trial 2 of 10...
trial 3 of 10...
trial 4 of 10...
trial 5 of 10...
trial 6 of 10...
trial 7 of 10...
trial 8 of 10...
trial 9 of 10...
trial 10 of 10...
Problem type: 2gen_split4 - 10/20
trial 1 of 10...

=== PROMPT ===

Use the following alphabet to guess the missing piece.

a m c p z f g h i b d k j n o l q r s t u v w x e y

Note that the alphabet may be in an unfamiliar order. Complete the pattern using this order.

[l q r s] [l q r t]
[q l o n j k d b] [ ? ]

First, describe 3 relevant exemplars that are distinct from this problem. Then give the final answer. Answer with only the examples and the final answer with no further explanation. Put your final answer between double brackets.


--- TARGET LETTERS ---

['q', 'l', 'o', 'n', 'j', 'k', 'd', 'i']
Full Qwen output: Example 1: [a b c d] [a b c e]  
Example 2: [x y z a] [x y z b]  
Example 3: [p q r s] [p q r t]  

[[q l o n j k d c]]
Filtered Qwen output: q l o n j k d c
trial 2 of 10...
trial 3 of 10...
trial 4 of 10...
trial 5 of 10...
trial 6 of 10...
trial 7 of 10...
trial 8 of 10...
trial 9 of 10...
trial 10 of 10...
Problem type: 2gen_split5 - 11/20
trial 1 of 10...

=== PROMPT ===

Use the following alphabet to guess the missing piece.

a m c p z f g h i b d k j n o l q r s t u v w x e y

Note that the alphabet may be in an unfamiliar order. Complete the pattern using this order.

[b d k j n n] [b d k j n]
[q q r r r r s s t t u u v v w w x x e e] [ ? ]

First, describe 3 relevant exemplars that are distinct from this problem. Then give the final answer. Answer with only the examples and the final answer with no further explanation. Put your final answer between double brackets.


--- TARGET LETTERS ---

['q', 'q', 'r', 'r', 's', 's', 't', 't', 'u', 'u', 'v', 'v', 'w', 'w', 'x', 'x', 'e', 'e']
Full Qwen output: Example1: [a b c d e] [a b c d]  
Example2: [x y z a b] [x y z]  
Example3: [p q r s t] [p q r]  

[[q q r r r r s s t t u u v v w w x x e e] [q q r r r r s s t t u u v v w w x x e]]
Filtered Qwen output: q q r r r r s s t t u u v v w w x x e e] [q q r r r r s s t t u u v v w w x x e
trial 2 of 10...
trial 3 of 10...
trial 4 of 10...
trial 5 of 10...
trial 6 of 10...
trial 7 of 10...
trial 8 of 10...
trial 9 of 10...
trial 10 of 10...
Problem type: 2gen_split6 - 12/20
trial 1 of 10...

=== PROMPT ===

Use the following alphabet to guess the missing piece.

a m c p z f g h i b d k j n o l q r s t u v w x e y

Note that the alphabet may be in an unfamiliar order. Complete the pattern using this order.

[n o l q] [j o l q]
[u x w x e x] [ ? ]

First, describe 3 relevant exemplars that are distinct from this problem. Then give the final answer. Answer with only the examples and the final answer with no further explanation. Put your final answer between double brackets.


--- TARGET LETTERS ---

['s', 'x', 'w', 'x', 'e', 'x']
Full Qwen output: 1. cat -> dog  
2. red -> blue  
3. hot -> cold  

[[u x w x e x] [v x w x e x]]
Filtered Qwen output: u x w x e x] [v x w x e x
trial 2 of 10...
trial 3 of 10...
trial 4 of 10...
trial 5 of 10...
trial 6 of 10...
trial 7 of 10...
trial 8 of 10...
trial 9 of 10...
trial 10 of 10...
Problem type: 2gensplit7 - 13/20
trial 1 of 10...

=== PROMPT ===

Use the following alphabet to guess the missing piece.

a m c p z f g h i b d k j n o l q r s t u v w x e y

Note that the alphabet may be in an unfamiliar order. Complete the pattern using this order.

[r s t u v v] [r s t u v]
[4 4 5 5 6 6 7 7 8 8 8 8] [ ? ]

First, describe 3 relevant exemplars that are distinct from this problem. Then give the final answer. Answer with only the examples and the final answer with no further explanation. Put your final answer between double brackets.


--- TARGET LETTERS ---

[np.int64(4), np.int64(4), np.int64(5), np.int64(5), np.int64(6), np.int64(6), np.int64(7), np.int64(7), np.int64(8), np.int64(8)]
Full Qwen output: 1. cat : dog :: hat : ?  
2. apple : fruit :: carrot : ?  
3. north : direction :: east : ?  

[[w]]
Filtered Qwen output: w
trial 2 of 10...
trial 3 of 10...
trial 4 of 10...
trial 5 of 10...
trial 6 of 10...
trial 7 of 10...
trial 8 of 10...
trial 9 of 10...
trial 10 of 10...
Problem type: 3gen_split1 - 14/20
trial 1 of 10...

=== PROMPT ===

Use the following alphabet to guess the missing piece.

a m c p z f g h i b d k j n o l q r s t u v w x e y

Note that the alphabet may be in an unfamiliar order. Complete the pattern using this order.

[k j n o] [k j n l]
[8 8 9 9 10 10 11 11 12 12 13 13 14 14 15 15] [ ? ]

First, describe 3 relevant exemplars that are distinct from this problem. Then give the final answer. Answer with only the examples and the final answer with no further explanation. Put your final answer between double brackets.


--- TARGET LETTERS ---

[np.int64(8), np.int64(8), np.int64(9), np.int64(9), np.int64(10), np.int64(10), np.int64(11), np.int64(11), np.int64(12), np.int64(12), np.int64(13), np.int64(13), np.int64(14), np.int64(14), np.int64(16), np.int64(16)]
Full Qwen output: 1. cat : dog :: hat : ?  
2. red : blue :: green : ?  
3. square : rectangle :: circle : ?  

[[k j n o]]
Filtered Qwen output: k j n o
trial 2 of 10...
trial 3 of 10...
trial 4 of 10...
trial 5 of 10...
trial 6 of 10...
trial 7 of 10...
trial 8 of 10...
trial 9 of 10...
trial 10 of 10...
Problem type: 3gen_split2 - 15/20
trial 1 of 10...

=== PROMPT ===

Use the following alphabet to guess the missing piece.

a m c p z f g h i b d k j n o l q r s t u v w x e y

Note that the alphabet may be in an unfamiliar order. Complete the pattern using this order.

[b d k j] [b d k n]
[u s q o j d i g] [ ? ]

First, describe 3 relevant exemplars that are distinct from this problem. Then give the final answer. Answer with only the examples and the final answer with no further explanation. Put your final answer between double brackets.


--- TARGET LETTERS ---

['u', 's', 'q', 'o', 'j', 'd', 'i', 'z']
Full Qwen output: 1. [a c e g] [a c e i]  
2. [x y z a] [x y z b]  
3. [p r t v] [p r t w]  

[[u s q o j d i h]]
Filtered Qwen output: u s q o j d i h
trial 2 of 10...
trial 3 of 10...
trial 4 of 10...
trial 5 of 10...
trial 6 of 10...
trial 7 of 10...
trial 8 of 10...
trial 9 of 10...
trial 10 of 10...
Problem type: 3gen_split3 - 16/20
trial 1 of 10...

=== PROMPT ===

Use the following alphabet to guess the missing piece.

a m c p z f g h i b d k j n o l q r s t u v w x e y

Note that the alphabet may be in an unfamiliar order. Complete the pattern using this order.

[t u v w] [t u v x]
[12 0 13 0 14 0 15 0 16 0 17 0 18 0 19 0] [ ? ]

First, describe 3 relevant exemplars that are distinct from this problem. Then give the final answer. Answer with only the examples and the final answer with no further explanation. Put your final answer between double brackets.


--- TARGET LETTERS ---

[np.int64(12), '0', np.int64(13), '0', np.int64(14), '0', np.int64(15), '0', np.int64(16), '0', np.int64(17), '0', np.int64(18), '0', np.int64(20), '0']
Full Qwen output: 1. cat : dog :: hat : ?
2. sun : moon :: star : ?
3. red : blue :: green : ?

[[t u v x]]
Filtered Qwen output: t u v x
trial 2 of 10...
trial 3 of 10...
trial 4 of 10...
trial 5 of 10...
trial 6 of 10...
trial 7 of 10...
trial 8 of 10...
trial 9 of 10...
trial 10 of 10...
Problem type: 3gen_split4 - 17/20
trial 1 of 10...

=== PROMPT ===

Use the following alphabet to guess the missing piece.

a m c p z f g h i b d k j n o l q r s t u v w x e y

Note that the alphabet may be in an unfamiliar order. Complete the pattern using this order.

[j d k b n] [b d k j n]
[s q o j d i g c z] [ ? ]

First, describe 3 relevant exemplars that are distinct from this problem. Then give the final answer. Answer with only the examples and the final answer with no further explanation. Put your final answer between double brackets.


--- TARGET LETTERS ---

['s', 'q', 'o', 'j', 'd', 'i', 'g', 'z', 'c']
Full Qwen output: 1. [a b c d e] [e d c b a]  
2. [x y z a b] [b a z y x]  
3. [m n o p q] [q p o n m]  

[[s q o j d i g c z] [z c g i d j o q s]]
Filtered Qwen output: s q o j d i g c z] [z c g i d j o q s
trial 2 of 10...
trial 3 of 10...
trial 4 of 10...
trial 5 of 10...
trial 6 of 10...
trial 7 of 10...
trial 8 of 10...
trial 9 of 10...
trial 10 of 10...
Problem type: 3gen_split5 - 18/20
trial 1 of 10...

=== PROMPT ===

Use the following alphabet to guess the missing piece.

a m c p z f g h i b d k j n o l q r s t u v w x e y

Note that the alphabet may be in an unfamiliar order. Complete the pattern using this order.

[d k j n] [b k j n]
[e e x x x x x x w w x x v v x x] [ ? ]

First, describe 3 relevant exemplars that are distinct from this problem. Then give the final answer. Answer with only the examples and the final answer with no further explanation. Put your final answer between double brackets.


--- TARGET LETTERS ---

['y', 'y', 'x', 'x', 'x', 'x', 'x', 'x', 'w', 'w', 'x', 'x', 'v', 'v', 'x', 'x']
Full Qwen output: 1. cat : dog :: bird : ?  
2. red : blue :: green : ?  
3. square : rectangle :: circle : ?

[[e e x x x x x x w w x x v v x x] [e e x x x x x x w w x x v v x x]]
Filtered Qwen output: e e x x x x x x w w x x v v x x] [e e x x x x x x w w x x v v x x
trial 2 of 10...
trial 3 of 10...
trial 4 of 10...
trial 5 of 10...
trial 6 of 10...
trial 7 of 10...
trial 8 of 10...
trial 9 of 10...
trial 10 of 10...
Problem type: 3gen_split6 - 19/20
trial 1 of 10...

=== PROMPT ===

Use the following alphabet to guess the missing piece.

a m c p z f g h i b d k j n o l q r s t u v w x e y

Note that the alphabet may be in an unfamiliar order. Complete the pattern using this order.

[o l q r] [n l q r]
[h h g g f f z z p p c c m m a a] [ ? ]

First, describe 3 relevant exemplars that are distinct from this problem. Then give the final answer. Answer with only the examples and the final answer with no further explanation. Put your final answer between double brackets.


--- TARGET LETTERS ---

['i', 'i', 'g', 'g', 'f', 'f', 'z', 'z', 'p', 'p', 'c', 'c', 'm', 'm', 'a', 'a']
Full Qwen output: 1. cat : dog :: bird : ?  
2. red : blue :: green : ?  
3. square : rectangle :: circle : ?

[[h h g g f f z z p p c c m m a a] [h h g g f f z z p p c c m m a a]]
Filtered Qwen output: h h g g f f z z p p c c m m a a] [h h g g f f z z p p c c m m a a
trial 2 of 10...
trial 3 of 10...
trial 4 of 10...
trial 5 of 10...
trial 6 of 10...
trial 7 of 10...
trial 8 of 10...
trial 9 of 10...
trial 10 of 10...
Problem type: 3gensplit7 - 20/20
trial 1 of 10...

=== PROMPT ===

Use the following alphabet to guess the missing piece.

a m c p z f g h i b d k j n o l q r s t u v w x e y

Note that the alphabet may be in an unfamiliar order. Complete the pattern using this order.

[s t u v] [r t u v]
[n n x x o o x x l l x x q q x x r r x x s s x x t t x x u u x x] [ ? ]

First, describe 3 relevant exemplars that are distinct from this problem. Then give the final answer. Answer with only the examples and the final answer with no further explanation. Put your final answer between double brackets.


--- TARGET LETTERS ---

['j', 'j', 'x', 'x', 'o', 'o', 'x', 'x', 'l', 'l', 'x', 'x', 'q', 'q', 'x', 'x', 'r', 'r', 'x', 'x', 's', 's', 'x', 'x', 't', 't', 'x', 'x', 'u', 'u', 'x', 'x']
Full Qwen output: Example 1: [a b c d] [b c d e]  
Example 2: [x y z a] [y z a b]  
Example 3: [p q r s] [q r s t]  

[[n n x x o o x x l l x x q q x x r r x x s s x x t t x x u u x x] [o o x x l l x x q q x x r r x x s s x x t t x x v v x x]]
Filtered Qwen output: n n x x o o x x l l x x q q x x r r x x s s x x t t x x u u x x] [o o x x l l x x q q x x r r x x s s x x t t x x v v x x
trial 2 of 10...
trial 3 of 10...
trial 4 of 10...
trial 5 of 10...
trial 6 of 10...
trial 7 of 10...
trial 8 of 10...
trial 9 of 10...
trial 10 of 10...
alph_4
g b c d e f a q i t k z m l o p h n s j u v w x y r
Problem type: larger_int - 1/20
trial 1 of 10...

=== PROMPT ===

Use the following alphabet to guess the missing piece.

g b c d e f a q i t k z m l o p h n s j u v w x y r

Note that the alphabet may be in an unfamiliar order. Complete the pattern using this order.

[t k z m m l] [t k z m l]
[k m o o h s] [ ? ]

First, describe 3 relevant exemplars that are distinct from this problem. Then give the final answer. Answer with only the examples and the final answer with no further explanation. Put your final answer between double brackets.


--- TARGET LETTERS ---

['k', 'm', 'o', 'h', 's']
Full Qwen output: 1. [a b c d e f g] [a b c d e f]  
2. [x y z a b c d] [x y z a b c]  
3. [p q r s t u v] [p q r s t u]  

[[k m o h s]]
Filtered Qwen output: k m o h s
trial 2 of 10...
trial 3 of 10...
trial 4 of 10...
trial 5 of 10...
trial 6 of 10...
trial 7 of 10...
trial 8 of 10...
trial 9 of 10...
trial 10 of 10...
Problem type: longer_targ - 2/20
trial 1 of 10...

=== PROMPT ===

Use the following alphabet to guess the missing piece.

g b c d e f a q i t k z m l o p h n s j u v w x y r

Note that the alphabet may be in an unfamiliar order. Complete the pattern using this order.

[e f a q] [e f a i]
[p h n s j u v w] [ ? ]

First, describe 3 relevant exemplars that are distinct from this problem. Then give the final answer. Answer with only the examples and the final answer with no further explanation. Put your final answer between double brackets.


--- TARGET LETTERS ---

['p', 'h', 'n', 's', 'j', 'u', 'v', 'x']
Full Qwen output: 1. [a b c d] [a b c e]  
2. [x y z a] [x y z b]  
3. [m n o p] [m n o q]  

[[p h n s j u v x]]
Filtered Qwen output: p h n s j u v x
trial 2 of 10...
trial 3 of 10...
trial 4 of 10...
trial 5 of 10...
trial 6 of 10...
trial 7 of 10...
trial 8 of 10...
trial 9 of 10...
trial 10 of 10...
Problem type: group - 3/20
trial 1 of 10...

=== PROMPT ===

Use the following alphabet to guess the missing piece.

g b c d e f a q i t k z m l o p h n s j u v w x y r

Note that the alphabet may be in an unfamiliar order. Complete the pattern using this order.

[i t k z] [i t k m]
[f f a a q q i i] [ ? ]

First, describe 3 relevant exemplars that are distinct from this problem. Then give the final answer. Answer with only the examples and the final answer with no further explanation. Put your final answer between double brackets.


--- TARGET LETTERS ---

['f', 'f', 'a', 'a', 'q', 'q', 't', 't']
Full Qwen output: 1. [a b c d] [a b c e]  
2. [x y z a] [x y z b]  
3. [p q r s] [p q r t]  

[[f f a a q q i i] [f f a a q q i m]]
Filtered Qwen output: f f a a q q i i] [f f a a q q i m
trial 2 of 10...
trial 3 of 10...
trial 4 of 10...
trial 5 of 10...
trial 6 of 10...
trial 7 of 10...
trial 8 of 10...
trial 9 of 10...
trial 10 of 10...
Problem type: interleaved - 4/20
trial 1 of 10...

=== PROMPT ===

Use the following alphabet to guess the missing piece.

g b c d e f a q i t k z m l o p h n s j u v w x y r

Note that the alphabet may be in an unfamiliar order. Complete the pattern using this order.

[k z m l] [k z m o]
[f x a x q x i x] [ ? ]

First, describe 3 relevant exemplars that are distinct from this problem. Then give the final answer. Answer with only the examples and the final answer with no further explanation. Put your final answer between double brackets.


--- TARGET LETTERS ---

['f', 'x', 'a', 'x', 'q', 'x', 't', 'x']
Full Qwen output: 1. [a b c d] [a b c e]  
2. [x y z a] [x y z b]  
3. [p q r s] [p q r t]  

[[f x a x q x i x] [f x a x q x i x]]
Filtered Qwen output: f x a x q x i x] [f x a x q x i x
trial 2 of 10...
trial 3 of 10...
trial 4 of 10...
trial 5 of 10...
trial 6 of 10...
trial 7 of 10...
trial 8 of 10...
trial 9 of 10...
trial 10 of 10...
Problem type: letter2num - 5/20
trial 1 of 10...

=== PROMPT ===

Use the following alphabet to guess the missing piece.

g b c d e f a q i t k z m l o p h n s j u v w x y r

Note that the alphabet may be in an unfamiliar order. Complete the pattern using this order.

[g b c d] [g b c e]
[13 14 15 16] [ ? ]

First, describe 3 relevant exemplars that are distinct from this problem. Then give the final answer. Answer with only the examples and the final answer with no further explanation. Put your final answer between double brackets.


--- TARGET LETTERS ---

[np.int64(13), np.int64(14), np.int64(15), np.int64(17)]
Full Qwen output: Example 1: [a b c d] [a b c e]  
Example 2: [x y z a] [x y z b]  
Example 3: [m n o p] [m n o q]  

[[g b c f]]
Filtered Qwen output: g b c f
trial 2 of 10...
trial 3 of 10...
trial 4 of 10...
trial 5 of 10...
trial 6 of 10...
trial 7 of 10...
trial 8 of 10...
trial 9 of 10...
trial 10 of 10...
Problem type: reverse - 6/20
trial 1 of 10...

=== PROMPT ===

Use the following alphabet to guess the missing piece.

g b c d e f a q i t k z m l o p h n s j u v w x y r

Note that the alphabet may be in an unfamiliar order. Complete the pattern using this order.

[q o t k z] [q i t k z]
[r z x w v] [ ? ]

First, describe 3 relevant exemplars that are distinct from this problem. Then give the final answer. Answer with only the examples and the final answer with no further explanation. Put your final answer between double brackets.


--- TARGET LETTERS ---

['r', 'y', 'x', 'w', 'v']
Full Qwen output: 1. [a b c d e] [a c e g i]  
2. [x y z a b] [z a b c d]  
3. [m n o p q] [o q m n p]  

[[r z x w v] [r x v z w]]
Filtered Qwen output: r z x w v] [r x v z w
trial 2 of 10...
trial 3 of 10...
trial 4 of 10...
trial 5 of 10...
trial 6 of 10...
trial 7 of 10...
trial 8 of 10...
trial 9 of 10...
trial 10 of 10...
Problem type: 2gen_split1 - 7/20
trial 1 of 10...

=== PROMPT ===

Use the following alphabet to guess the missing piece.

g b c d e f a q i t k z m l o p h n s j u v w x y r

Note that the alphabet may be in an unfamiliar order. Complete the pattern using this order.

[s j i v w] [s j u v w]
[1 1 2 2 3 3 26 26 5 5] [ ? ]

First, describe 3 relevant exemplars that are distinct from this problem. Then give the final answer. Answer with only the examples and the final answer with no further explanation. Put your final answer between double brackets.


--- TARGET LETTERS ---

[np.int64(1), np.int64(1), np.int64(2), np.int64(2), np.int64(3), np.int64(3), np.int64(4), np.int64(4), np.int64(5), np.int64(5)]
Full Qwen output: Example 1: [a b c d e] [a b c d e f]  
Example 2: [x y z a b] [x y z a b c]  
Example 3: [m n o p q] [m n o p q r]  

[[s j u v w x]]
Filtered Qwen output: s j u v w x
trial 2 of 10...
trial 3 of 10...
trial 4 of 10...
trial 5 of 10...
trial 6 of 10...
trial 7 of 10...
trial 8 of 10...
trial 9 of 10...
trial 10 of 10...
Problem type: 2gen_split2 - 8/20
trial 1 of 10...

=== PROMPT ===

Use the following alphabet to guess the missing piece.

g b c d e f a q i t k z m l o p h n s j u v w x y r

Note that the alphabet may be in an unfamiliar order. Complete the pattern using this order.

[n u j s v] [n s j u v]
[11 12 13 10 9] [ ? ]

First, describe 3 relevant exemplars that are distinct from this problem. Then give the final answer. Answer with only the examples and the final answer with no further explanation. Put your final answer between double brackets.


--- TARGET LETTERS ---

[np.int64(13), np.int64(12), np.int64(11), np.int64(10), np.int64(9)]
Full Qwen output: 1. [a b c d e] [c d e a b]  
2. [x y z a b] [z a b x y]  
3. [p q r s t] [r s t p q]  

[[12 10 13 11 12]]
Filtered Qwen output: 12 10 13 11 12
trial 2 of 10...
trial 3 of 10...
trial 4 of 10...
trial 5 of 10...
trial 6 of 10...
trial 7 of 10...
trial 8 of 10...
trial 9 of 10...
trial 10 of 10...
Problem type: 2gen_split3 - 9/20
trial 1 of 10...

=== PROMPT ===

Use the following alphabet to guess the missing piece.

g b c d e f a q i t k z m l o p h n s j u v w x y r

Note that the alphabet may be in an unfamiliar order. Complete the pattern using this order.

[l o p h] [l o p n]
[c x e x a x i x] [ ? ]

First, describe 3 relevant exemplars that are distinct from this problem. Then give the final answer. Answer with only the examples and the final answer with no further explanation. Put your final answer between double brackets.


--- TARGET LETTERS ---

['c', 'x', 'e', 'x', 'a', 'x', 'k', 'x']
Full Qwen output: 1. [a b c d e f g] [a b c d e f h]  
2. [x y z a b c d] [x y z a b c e]  
3. [m n o p q r s] [m n o p q r t]  

[[c x e x a x i x y]]
Filtered Qwen output: c x e x a x i x y
trial 2 of 10...
trial 3 of 10...
trial 4 of 10...
trial 5 of 10...
trial 6 of 10...
trial 7 of 10...
trial 8 of 10...
trial 9 of 10...
trial 10 of 10...
Problem type: 2gen_split4 - 10/20
trial 1 of 10...

=== PROMPT ===

Use the following alphabet to guess the missing piece.

g b c d e f a q i t k z m l o p h n s j u v w x y r

Note that the alphabet may be in an unfamiliar order. Complete the pattern using this order.

[v w x y o] [v w x y r]
[10 11 12 13 14 6 16 17 18] [ ? ]

First, describe 3 relevant exemplars that are distinct from this problem. Then give the final answer. Answer with only the examples and the final answer with no further explanation. Put your final answer between double brackets.


--- TARGET LETTERS ---

[np.int64(10), np.int64(11), np.int64(12), np.int64(13), np.int64(14), np.int64(15), np.int64(16), np.int64(17), np.int64(18)]
Full Qwen output: 1. [a b c d e] [a b c d f]  
2. [x y z a b] [x y z a c]  
3. [m n o p q] [m n o p r]  

[[v w x y r]]
Filtered Qwen output: v w x y r
trial 2 of 10...
trial 3 of 10...
trial 4 of 10...
trial 5 of 10...
trial 6 of 10...
trial 7 of 10...
trial 8 of 10...
trial 9 of 10...
trial 10 of 10...
Problem type: 2gen_split5 - 11/20
trial 1 of 10...

=== PROMPT ===

Use the following alphabet to guess the missing piece.

g b c d e f a q i t k z m l o p h n s j u v w x y r

Note that the alphabet may be in an unfamiliar order. Complete the pattern using this order.

[a q i k t] [a q i t k]
[h h m m o o l l p p] [ ? ]

First, describe 3 relevant exemplars that are distinct from this problem. Then give the final answer. Answer with only the examples and the final answer with no further explanation. Put your final answer between double brackets.


--- TARGET LETTERS ---

['h', 'h', 'p', 'p', 'o', 'o', 'l', 'l', 'm', 'm']
Full Qwen output: 1. cat dog bird  
2. red blue green  
3. apple banana orange  

[[h h m m o o l l p p] [h h m m o o l l p p]]
Filtered Qwen output: h h m m o o l l p p] [h h m m o o l l p p
trial 2 of 10...
trial 3 of 10...
trial 4 of 10...
trial 5 of 10...
trial 6 of 10...
trial 7 of 10...
trial 8 of 10...
trial 9 of 10...
trial 10 of 10...
Problem type: 2gen_split6 - 12/20
trial 1 of 10...

=== PROMPT ===

Use the following alphabet to guess the missing piece.

g b c d e f a q i t k z m l o p h n s j u v w x y r

Note that the alphabet may be in an unfamiliar order. Complete the pattern using this order.

[t k z m] [t k z m l]
[f x q x t x z x] [ ? ]

First, describe 3 relevant exemplars that are distinct from this problem. Then give the final answer. Answer with only the examples and the final answer with no further explanation. Put your final answer between double brackets.


--- TARGET LETTERS ---

['f', 'x', 'q', 'x', 't', 'x', 'z', 'x', 'l', 'x']
Full Qwen output: 1. cat dog bird  
2. red blue green  
3. apple banana orange  

[[f x q x t x z x l]]
Filtered Qwen output: f x q x t x z x l
trial 2 of 10...
trial 3 of 10...
trial 4 of 10...
trial 5 of 10...
trial 6 of 10...
trial 7 of 10...
trial 8 of 10...
trial 9 of 10...
trial 10 of 10...
Problem type: 2gensplit7 - 13/20
trial 1 of 10...

=== PROMPT ===

Use the following alphabet to guess the missing piece.

g b c d e f a q i t k z m l o p h n s j u v w x y r

Note that the alphabet may be in an unfamiliar order. Complete the pattern using this order.

[p h n s] [p h n s j]
[f f x x a a x x q q x x i i x x] [ ? ]

First, describe 3 relevant exemplars that are distinct from this problem. Then give the final answer. Answer with only the examples and the final answer with no further explanation. Put your final answer between double brackets.


--- TARGET LETTERS ---

['f', 'f', 'x', 'x', 'a', 'a', 'x', 'x', 'q', 'q', 'x', 'x', 'i', 'i', 'x', 'x', 't', 't', 'x', 'x']
Full Qwen output: 1. cat : dog :: bird : ?  
2. red : blue :: green : ?  
3. square : rectangle :: circle : ?

[[f f x x a a x x q q x x i i x x j j]]
Filtered Qwen output: f f x x a a x x q q x x i i x x j j
trial 2 of 10...
trial 3 of 10...
trial 4 of 10...
trial 5 of 10...
trial 6 of 10...
trial 7 of 10...
trial 8 of 10...
trial 9 of 10...
trial 10 of 10...
Problem type: 3gen_split1 - 14/20
trial 1 of 10...

=== PROMPT ===

Use the following alphabet to guess the missing piece.

g b c d e f a q i t k z m l o p h n s j u v w x y r

Note that the alphabet may be in an unfamiliar order. Complete the pattern using this order.

[h n m j u] [h n s j u]
[t x i x a x e x c x] [ ? ]

First, describe 3 relevant exemplars that are distinct from this problem. Then give the final answer. Answer with only the examples and the final answer with no further explanation. Put your final answer between double brackets.


--- TARGET LETTERS ---

['k', 'x', 'i', 'x', 'a', 'x', 'e', 'x', 'c', 'x']
Full Qwen output: 1. [a b c d e] [a b f d e]  
2. [p q r s t] [p q u s t]  
3. [m n o p q] [m n r p q]  

[[t x i x a x e x c x] [t x i x a x e x h x]]
Filtered Qwen output: t x i x a x e x c x] [t x i x a x e x h x
trial 2 of 10...
trial 3 of 10...
trial 4 of 10...
trial 5 of 10...
trial 6 of 10...
trial 7 of 10...
trial 8 of 10...
trial 9 of 10...
trial 10 of 10...
Problem type: 3gen_split2 - 15/20
trial 1 of 10...

=== PROMPT ===

Use the following alphabet to guess the missing piece.

g b c d e f a q i t k z m l o p h n s j u v w x y r

Note that the alphabet may be in an unfamiliar order. Complete the pattern using this order.

[g b r d e] [g b c d e]
[y y w w u u n n] [ ? ]

First, describe 3 relevant exemplars that are distinct from this problem. Then give the final answer. Answer with only the examples and the final answer with no further explanation. Put your final answer between double brackets.


--- TARGET LETTERS ---

['y', 'y', 'w', 'w', 'u', 'u', 's', 's']
Full Qwen output: 1. [a b c d e] [a b c d e]  
2. [x y z a b] [x y z a b]  
3. [m n o p q] [m n o p q]  

[[y y w w u u n n] [y y w w u u n n]]
Filtered Qwen output: y y w w u u n n] [y y w w u u n n
trial 2 of 10...
trial 3 of 10...
trial 4 of 10...
trial 5 of 10...
trial 6 of 10...
trial 7 of 10...
trial 8 of 10...
trial 9 of 10...
trial 10 of 10...
Problem type: 3gen_split3 - 16/20
trial 1 of 10...

=== PROMPT ===

Use the following alphabet to guess the missing piece.

g b c d e f a q i t k z m l o p h n s j u v w x y r

Note that the alphabet may be in an unfamiliar order. Complete the pattern using this order.

[d e t a q] [d e f a q]
[5 0 7 0 1 0 11 0 13 0] [ ? ]

First, describe 3 relevant exemplars that are distinct from this problem. Then give the final answer. Answer with only the examples and the final answer with no further explanation. Put your final answer between double brackets.


--- TARGET LETTERS ---

[np.int64(5), '0', np.int64(7), '0', np.int64(9), '0', np.int64(11), '0', np.int64(13), '0']
Full Qwen output: Example 1: [a b c d e] [a b c d e f]  
Example 2: [x y z a b] [x y z a b c]  
Example 3: [m n o p q] [m n o p q r]  

[[d e f a q r]]
Filtered Qwen output: d e f a q r
trial 2 of 10...
trial 3 of 10...
trial 4 of 10...
trial 5 of 10...
trial 6 of 10...
trial 7 of 10...
trial 8 of 10...
trial 9 of 10...
trial 10 of 10...
Problem type: 3gen_split4 - 17/20
trial 1 of 10...

=== PROMPT ===

Use the following alphabet to guess the missing piece.

g b c d e f a q i t k z m l o p h n s j u v w x y r

Note that the alphabet may be in an unfamiliar order. Complete the pattern using this order.

[t k z m] [t k z m l]
[g g x x b b x x c c x x d d x x e e x x f f x x a a x x q q x x] [ ? ]

First, describe 3 relevant exemplars that are distinct from this problem. Then give the final answer. Answer with only the examples and the final answer with no further explanation. Put your final answer between double brackets.


--- TARGET LETTERS ---

['g', 'g', 'x', 'x', 'b', 'b', 'x', 'x', 'c', 'c', 'x', 'x', 'd', 'd', 'x', 'x', 'e', 'e', 'x', 'x', 'f', 'f', 'x', 'x', 'a', 'a', 'x', 'x', 'q', 'q', 'x', 'x', 'i', 'i', 'x', 'x']
Full Qwen output: 1. cat : dog :: bird : ?  
2. happy : joyful :: sad : ?  
3. square : rectangle :: circle : ?

[[t k z m l o p]]
Filtered Qwen output: t k z m l o p
trial 2 of 10...
trial 3 of 10...
trial 4 of 10...
trial 5 of 10...
trial 6 of 10...
trial 7 of 10...
trial 8 of 10...
trial 9 of 10...
trial 10 of 10...
Problem type: 3gen_split5 - 18/20
trial 1 of 10...

=== PROMPT ===

Use the following alphabet to guess the missing piece.

g b c d e f a q i t k z m l o p h n s j u v w x y r

Note that the alphabet may be in an unfamiliar order. Complete the pattern using this order.

[s j v u w] [s j u v w]
[w u s h o m i k a] [ ? ]

First, describe 3 relevant exemplars that are distinct from this problem. Then give the final answer. Answer with only the examples and the final answer with no further explanation. Put your final answer between double brackets.


--- TARGET LETTERS ---

['w', 'u', 's', 'h', 'o', 'm', 'k', 'i', 'a']
Full Qwen output: Example 1: [a b c d e] [a b d c e]  
Example 2: [x y z a b] [x z y a b]  
Example 3: [p q r s t] [p r q s t]  

[[w u s h o m i k a] [w u h s o m i k a]]
Filtered Qwen output: w u s h o m i k a] [w u h s o m i k a
trial 2 of 10...
trial 3 of 10...
trial 4 of 10...
trial 5 of 10...
trial 6 of 10...
trial 7 of 10...
trial 8 of 10...
trial 9 of 10...
trial 10 of 10...
Problem type: 3gen_split6 - 19/20
trial 1 of 10...

=== PROMPT ===

Use the following alphabet to guess the missing piece.

g b c d e f a q i t k z m l o p h n s j u v w x y r

Note that the alphabet may be in an unfamiliar order. Complete the pattern using this order.

[f f a q i t] [f a q i t]
[4 4 0 0 5 5 0 0 6 6 0 0 7 7 0 0 8 8 0 0 8 8 0 0] [ ? ]

First, describe 3 relevant exemplars that are distinct from this problem. Then give the final answer. Answer with only the examples and the final answer with no further explanation. Put your final answer between double brackets.


--- TARGET LETTERS ---

[np.int64(4), np.int64(4), '0', '0', np.int64(5), np.int64(5), '0', '0', np.int64(6), np.int64(6), '0', '0', np.int64(7), np.int64(7), '0', '0', np.int64(8), np.int64(8), '0', '0']
Full Qwen output: 1. [a b c d e f g] [b c d e f g h]  
2. [x y z a b c d] [y z a b c d e]  
3. [1 2 3 4 5 6 7] [2 3 4 5 6 7 8]  

[[f a q i t]]
Filtered Qwen output: f a q i t
trial 2 of 10...
trial 3 of 10...
trial 4 of 10...
trial 5 of 10...
trial 6 of 10...
trial 7 of 10...
trial 8 of 10...
trial 9 of 10...
trial 10 of 10...
Problem type: 3gensplit7 - 20/20
trial 1 of 10...

=== PROMPT ===

Use the following alphabet to guess the missing piece.

g b c d e f a q i t k z m l o p h n s j u v w x y r

Note that the alphabet may be in an unfamiliar order. Complete the pattern using this order.

[e f a q] [e f a q i]
[d d f f q q t t z z l l p p n n] [ ? ]

First, describe 3 relevant exemplars that are distinct from this problem. Then give the final answer. Answer with only the examples and the final answer with no further explanation. Put your final answer between double brackets.


--- TARGET LETTERS ---

['d', 'd', 'f', 'f', 'q', 'q', 't', 't', 'z', 'z', 'l', 'l', 'p', 'p', 'n', 'n', 'j', 'j']
Full Qwen output: 1. [a b c d e] [a b c d e f]  
2. [x y z a b] [x y z a b c]  
3. [m n o p q] [m n o p q r]  

[[d d f f q q t t z z l l p p n n s s]]
Filtered Qwen output: d d f f q q t t z z l l p p n n s s
trial 2 of 10...
trial 3 of 10...
trial 4 of 10...
trial 5 of 10...
trial 6 of 10...
trial 7 of 10...
trial 8 of 10...
trial 9 of 10...
trial 10 of 10...
alph_5
e a c d b f g r i j k w m p n h q l s t u v o x y z
Problem type: larger_int - 1/20
trial 1 of 10...

=== PROMPT ===

Use the following alphabet to guess the missing piece.

e a c d b f g r i j k w m p n h q l s t u v o x y z

Note that the alphabet may be in an unfamiliar order. Complete the pattern using this order.

[g r i k j] [g r i j k]
[q s u y o] [ ? ]

First, describe 3 relevant exemplars that are distinct from this problem. Then give the final answer. Answer with only the examples and the final answer with no further explanation. Put your final answer between double brackets.


--- TARGET LETTERS ---

['q', 's', 'u', 'o', 'y']
Full Qwen output: Example 1: [a b c d e] [a b c d]  
Example 2: [x y z a b] [x y z a]  
Example 3: [m n o p q] [m n o p]  

[[q s u y]]
Filtered Qwen output: q s u y
trial 2 of 10...
trial 3 of 10...
trial 4 of 10...
trial 5 of 10...
trial 6 of 10...
trial 7 of 10...
trial 8 of 10...
trial 9 of 10...
trial 10 of 10...
Problem type: longer_targ - 2/20
trial 1 of 10...

=== PROMPT ===

Use the following alphabet to guess the missing piece.

e a c d b f g r i j k w m p n h q l s t u v o x y z

Note that the alphabet may be in an unfamiliar order. Complete the pattern using this order.

[p n h q] [p n h q l]
[g r i j k w m p] [ ? ]

First, describe 3 relevant exemplars that are distinct from this problem. Then give the final answer. Answer with only the examples and the final answer with no further explanation. Put your final answer between double brackets.


--- TARGET LETTERS ---

['g', 'r', 'i', 'j', 'k', 'w', 'm', 'p', 'n']
Full Qwen output: Example 1: [a b c d] [a b c d e]  
Example 2: [x y z a] [x y z a b]  
Example 3: [m n o p] [m n o p q]  

[[g r i j k w m p n h q]]
Filtered Qwen output: g r i j k w m p n h q
trial 2 of 10...
trial 3 of 10...
trial 4 of 10...
trial 5 of 10...
trial 6 of 10...
trial 7 of 10...
trial 8 of 10...
trial 9 of 10...
trial 10 of 10...
Problem type: group - 3/20
trial 1 of 10...

=== PROMPT ===

Use the following alphabet to guess the missing piece.

e a c d b f g r i j k w m p n h q l s t u v o x y z

Note that the alphabet may be in an unfamiliar order. Complete the pattern using this order.

[s p u v o] [s t u v o]
[o o w w m m p p n n] [ ? ]

First, describe 3 relevant exemplars that are distinct from this problem. Then give the final answer. Answer with only the examples and the final answer with no further explanation. Put your final answer between double brackets.


--- TARGET LETTERS ---

['k', 'k', 'w', 'w', 'm', 'm', 'p', 'p', 'n', 'n']
Full Qwen output: Example 1: [a b c d e] [f g h i j]  
Example 2: [x y z a b] [c d e f g]  
Example 3: [m n o p q] [r s t u v]  

[[o o w w m m p p n n] [o o w w m m p p n n]]
Filtered Qwen output: o o w w m m p p n n] [o o w w m m p p n n
trial 2 of 10...
trial 3 of 10...
trial 4 of 10...
trial 5 of 10...
trial 6 of 10...
trial 7 of 10...
trial 8 of 10...
trial 9 of 10...
trial 10 of 10...
Problem type: interleaved - 4/20
trial 1 of 10...

=== PROMPT ===

Use the following alphabet to guess the missing piece.

e a c d b f g r i j k w m p n h q l s t u v o x y z

Note that the alphabet may be in an unfamiliar order. Complete the pattern using this order.

[l s t u] [l s t v]
[a x c x d x b x] [ ? ]

First, describe 3 relevant exemplars that are distinct from this problem. Then give the final answer. Answer with only the examples and the final answer with no further explanation. Put your final answer between double brackets.


--- TARGET LETTERS ---

['a', 'x', 'c', 'x', 'd', 'x', 'f', 'x']
Full Qwen output: Example 1: [a b c d] [a b c e]  
Example 2: [p q r s] [p q r t]  
Example 3: [m n o p] [m n o q]  

[[a x c x d x b x] [a x c x d x b x f x]]
Filtered Qwen output: a x c x d x b x] [a x c x d x b x f x
trial 2 of 10...
trial 3 of 10...
trial 4 of 10...
trial 5 of 10...
trial 6 of 10...
trial 7 of 10...
trial 8 of 10...
trial 9 of 10...
trial 10 of 10...
Problem type: letter2num - 5/20
trial 1 of 10...

=== PROMPT ===

Use the following alphabet to guess the missing piece.

e a c d b f g r i j k w m p n h q l s t u v o x y z

Note that the alphabet may be in an unfamiliar order. Complete the pattern using this order.

[n h q l] [n h q s]
[19 20 21 22] [ ? ]

First, describe 3 relevant exemplars that are distinct from this problem. Then give the final answer. Answer with only the examples and the final answer with no further explanation. Put your final answer between double brackets.


--- TARGET LETTERS ---

[np.int64(19), np.int64(20), np.int64(21), np.int64(23)]
Full Qwen output: Example 1: [a b c d] [a b c e]  
Example 2: [x y z a] [x y z b]  
Example 3: [m n o p] [m n o q]  

[[n h q t]]
Filtered Qwen output: n h q t
trial 2 of 10...
trial 3 of 10...
trial 4 of 10...
trial 5 of 10...
trial 6 of 10...
trial 7 of 10...
trial 8 of 10...
trial 9 of 10...
trial 10 of 10...
Problem type: reverse - 6/20
trial 1 of 10...

=== PROMPT ===

Use the following alphabet to guess the missing piece.

e a c d b f g r i j k w m p n h q l s t u v o x y z

Note that the alphabet may be in an unfamiliar order. Complete the pattern using this order.

[k i j r w] [r i j k w]
[h n w m p] [ ? ]

First, describe 3 relevant exemplars that are distinct from this problem. Then give the final answer. Answer with only the examples and the final answer with no further explanation. Put your final answer between double brackets.


--- TARGET LETTERS ---

['h', 'n', 'p', 'm', 'w']
Full Qwen output: 1. [a b c d e] [f g h i j]  
2. [x y z a b] [c d e f g]  
3. [m n o p q] [r s t u v]  

[[n h w m p]]
Filtered Qwen output: n h w m p
trial 2 of 10...
trial 3 of 10...
trial 4 of 10...
trial 5 of 10...
trial 6 of 10...
trial 7 of 10...
trial 8 of 10...
trial 9 of 10...
trial 10 of 10...
Problem type: 2gen_split1 - 7/20
trial 1 of 10...

=== PROMPT ===

Use the following alphabet to guess the missing piece.

e a c d b f g r i j k w m p n h q l s t u v o x y z

Note that the alphabet may be in an unfamiliar order. Complete the pattern using this order.

[u v o x] [u v o y]
[i i j j k k w w m m p p n n h h] [ ? ]

First, describe 3 relevant exemplars that are distinct from this problem. Then give the final answer. Answer with only the examples and the final answer with no further explanation. Put your final answer between double brackets.


--- TARGET LETTERS ---

['i', 'i', 'j', 'j', 'k', 'k', 'w', 'w', 'm', 'm', 'p', 'p', 'n', 'n', 'q', 'q']
Full Qwen output: 1. [a b c d] [a b c e]  
2. [x y z a] [x y z b]  
3. [p q r s] [p q r t]  

[[i i j j k k w w m m p p n n h h q q]]
Filtered Qwen output: i i j j k k w w m m p p n n h h q q
trial 2 of 10...
trial 3 of 10...
trial 4 of 10...
trial 5 of 10...
trial 6 of 10...
trial 7 of 10...
trial 8 of 10...
trial 9 of 10...
trial 10 of 10...
Problem type: 2gen_split2 - 8/20
trial 1 of 10...

=== PROMPT ===

Use the following alphabet to guess the missing piece.

e a c d b f g r i j k w m p n h q l s t u v o x y z

Note that the alphabet may be in an unfamiliar order. Complete the pattern using this order.

[w m p n] [w m p n h]
[t t s s l l q q] [ ? ]

First, describe 3 relevant exemplars that are distinct from this problem. Then give the final answer. Answer with only the examples and the final answer with no further explanation. Put your final answer between double brackets.


--- TARGET LETTERS ---

['t', 't', 's', 's', 'l', 'l', 'q', 'q', 'h', 'h']
Full Qwen output: 1. cat -> dog  
2. red -> blue  
3. hot -> cold  

[[t t s s l l q q h h]]
Filtered Qwen output: t t s s l l q q h h
trial 2 of 10...
trial 3 of 10...
trial 4 of 10...
trial 5 of 10...
trial 6 of 10...
trial 7 of 10...
trial 8 of 10...
trial 9 of 10...
trial 10 of 10...
Problem type: 2gen_split3 - 9/20
trial 1 of 10...

=== PROMPT ===

Use the following alphabet to guess the missing piece.

e a c d b f g r i j k w m p n h q l s t u v o x y z

Note that the alphabet may be in an unfamiliar order. Complete the pattern using this order.

[e a c d] [e a c b]
[j x w x p x h x] [ ? ]

First, describe 3 relevant exemplars that are distinct from this problem. Then give the final answer. Answer with only the examples and the final answer with no further explanation. Put your final answer between double brackets.


--- TARGET LETTERS ---

['j', 'x', 'w', 'x', 'p', 'x', 'l', 'x']
Full Qwen output: [e a c d] [e a c b]  
[e a c d] [e a c b]  
[e a c d] [e a c b]  

[[j x w x p x h x] [j x w x p x h x]]
Filtered Qwen output: j x w x p x h x] [j x w x p x h x
trial 2 of 10...
trial 3 of 10...
trial 4 of 10...
trial 5 of 10...
trial 6 of 10...
trial 7 of 10...
trial 8 of 10...
trial 9 of 10...
trial 10 of 10...
Problem type: 2gen_split4 - 10/20
trial 1 of 10...

=== PROMPT ===

Use the following alphabet to guess the missing piece.

e a c d b f g r i j k w m p n h q l s t u v o x y z

Note that the alphabet may be in an unfamiliar order. Complete the pattern using this order.

[i j k w] [i j k w m]
[25 24 23 22] [ ? ]

First, describe 3 relevant exemplars that are distinct from this problem. Then give the final answer. Answer with only the examples and the final answer with no further explanation. Put your final answer between double brackets.


--- TARGET LETTERS ---

[np.int64(25), np.int64(24), np.int64(23), np.int64(22), np.int64(21)]
Full Qwen output: Example 1: [a b c d] [a b c d e]  
Example 2: [x y z a] [x y z a b]  
Example 3: [m n o p] [m n o p q]  

[[i j k w m p]]
Filtered Qwen output: i j k w m p
trial 2 of 10...
trial 3 of 10...
trial 4 of 10...
trial 5 of 10...
trial 6 of 10...
trial 7 of 10...
trial 8 of 10...
trial 9 of 10...
trial 10 of 10...
Problem type: 2gen_split5 - 11/20
trial 1 of 10...

=== PROMPT ===

Use the following alphabet to guess the missing piece.

e a c d b f g r i j k w m p n h q l s t u v o x y z

Note that the alphabet may be in an unfamiliar order. Complete the pattern using this order.

[t u v o] [t u v o x]
[n n p p m m w w] [ ? ]

First, describe 3 relevant exemplars that are distinct from this problem. Then give the final answer. Answer with only the examples and the final answer with no further explanation. Put your final answer between double brackets.


--- TARGET LETTERS ---

['n', 'n', 'p', 'p', 'm', 'm', 'w', 'w', 'k', 'k']
Full Qwen output: 1. [a b c d] [a b c d e]  
2. [x y z a] [x y z a b]  
3. [p q r s] [p q r s t]  

[[n n p p m m w w x x]]
Filtered Qwen output: n n p p m m w w x x
trial 2 of 10...
trial 3 of 10...
trial 4 of 10...
trial 5 of 10...
trial 6 of 10...
trial 7 of 10...
trial 8 of 10...
trial 9 of 10...
trial 10 of 10...
Problem type: 2gen_split6 - 12/20
trial 1 of 10...

=== PROMPT ===

Use the following alphabet to guess the missing piece.

e a c d b f g r i j k w m p n h q l s t u v o x y z

Note that the alphabet may be in an unfamiliar order. Complete the pattern using this order.

[b f g r] [b f g i]
[9 10 11 12 13 14 15 16] [ ? ]

First, describe 3 relevant exemplars that are distinct from this problem. Then give the final answer. Answer with only the examples and the final answer with no further explanation. Put your final answer between double brackets.


--- TARGET LETTERS ---

[np.int64(9), np.int64(10), np.int64(11), np.int64(12), np.int64(13), np.int64(14), np.int64(15), np.int64(17)]
Full Qwen output: Example 1: [a b c d] [a b c e]  
Example 2: [x y z a] [x y z b]  
Example 3: [m n o p] [m n o q]  

[[b f g j]]
Filtered Qwen output: b f g j
trial 2 of 10...
trial 3 of 10...
trial 4 of 10...
trial 5 of 10...
trial 6 of 10...
trial 7 of 10...
trial 8 of 10...
trial 9 of 10...
trial 10 of 10...
Problem type: 2gensplit7 - 13/20
trial 1 of 10...

=== PROMPT ===

Use the following alphabet to guess the missing piece.

e a c d b f g r i j k w m p n h q l s t u v o x y z

Note that the alphabet may be in an unfamiliar order. Complete the pattern using this order.

[m p p n h q] [m p n h q]
[r x j x w x w x p x h x] [ ? ]

First, describe 3 relevant exemplars that are distinct from this problem. Then give the final answer. Answer with only the examples and the final answer with no further explanation. Put your final answer between double brackets.


--- TARGET LETTERS ---

['r', 'x', 'j', 'x', 'w', 'x', 'p', 'x', 'h', 'x']
Full Qwen output: 1. cat -> dog  
2. red -> blue  
3. hot -> cold  

[[r x j x w x w x p x h x] [r x j x w x w x p x h x]]
Filtered Qwen output: r x j x w x w x p x h x] [r x j x w x w x p x h x
trial 2 of 10...
trial 3 of 10...
trial 4 of 10...
trial 5 of 10...
trial 6 of 10...
trial 7 of 10...
trial 8 of 10...
trial 9 of 10...
trial 10 of 10...
Problem type: 3gen_split1 - 14/20
trial 1 of 10...

=== PROMPT ===

Use the following alphabet to guess the missing piece.

e a c d b f g r i j k w m p n h q l s t u v o x y z

Note that the alphabet may be in an unfamiliar order. Complete the pattern using this order.

[w m p n] [w m p n h]
[m m k k i i g g] [ ? ]

First, describe 3 relevant exemplars that are distinct from this problem. Then give the final answer. Answer with only the examples and the final answer with no further explanation. Put your final answer between double brackets.


--- TARGET LETTERS ---

['m', 'm', 'k', 'k', 'i', 'i', 'g', 'g', 'b', 'b']
Full Qwen output: 1. cat -> dog  
2. red -> blue  
3. hot -> cold  

[[m m k k i i g g h h]]
Filtered Qwen output: m m k k i i g g h h
trial 2 of 10...
trial 3 of 10...
trial 4 of 10...
trial 5 of 10...
trial 6 of 10...
trial 7 of 10...
trial 8 of 10...
trial 9 of 10...
trial 10 of 10...
Problem type: 3gen_split2 - 15/20
trial 1 of 10...

=== PROMPT ===

Use the following alphabet to guess the missing piece.

e a c d b f g r i j k w m p n h q l s t u v o x y z

Note that the alphabet may be in an unfamiliar order. Complete the pattern using this order.

[u v o x x y] [u v o x y]
[26 25 24 23 22 21 21 20 19 18] [ ? ]

First, describe 3 relevant exemplars that are distinct from this problem. Then give the final answer. Answer with only the examples and the final answer with no further explanation. Put your final answer between double brackets.


--- TARGET LETTERS ---

[np.int64(26), np.int64(25), np.int64(24), np.int64(23), np.int64(22), np.int64(21), np.int64(20), np.int64(19), np.int64(18)]
Full Qwen output: Example1: [a b c d e f] [a b c d e]  
Example2: [z y x w v u] [z y x w v]  
Example3: [m n o p q r] [m n o p q]  

[[u v o x y]]
Filtered Qwen output: u v o x y
trial 2 of 10...
trial 3 of 10...
trial 4 of 10...
trial 5 of 10...
trial 6 of 10...
trial 7 of 10...
trial 8 of 10...
trial 9 of 10...
trial 10 of 10...
Problem type: 3gen_split3 - 16/20
trial 1 of 10...

=== PROMPT ===

Use the following alphabet to guess the missing piece.

e a c d b f g r i j k w m p n h q l s t u v o x y z

Note that the alphabet may be in an unfamiliar order. Complete the pattern using this order.

[a c d b] [a c d b f]
[y o u s q n m k] [ ? ]

First, describe 3 relevant exemplars that are distinct from this problem. Then give the final answer. Answer with only the examples and the final answer with no further explanation. Put your final answer between double brackets.


--- TARGET LETTERS ---

['y', 'o', 'u', 's', 'q', 'n', 'm', 'k', 'i']
Full Qwen output: 1. [a b c d] [a b c d e]  
2. [x y z a] [x y z a b]  
3. [p q r s] [p q r s t]  

[[y o u s q n m k w]]
Filtered Qwen output: y o u s q n m k w
trial 2 of 10...
trial 3 of 10...
trial 4 of 10...
trial 5 of 10...
trial 6 of 10...
trial 7 of 10...
trial 8 of 10...
trial 9 of 10...
trial 10 of 10...
Problem type: 3gen_split4 - 17/20
trial 1 of 10...

=== PROMPT ===

Use the following alphabet to guess the missing piece.

e a c d b f g r i j k w m p n h q l s t u v o x y z

Note that the alphabet may be in an unfamiliar order. Complete the pattern using this order.

[u v o x r] [u v o x y]
[20 19 22 17 16 15 14 13 12] [ ? ]

First, describe 3 relevant exemplars that are distinct from this problem. Then give the final answer. Answer with only the examples and the final answer with no further explanation. Put your final answer between double brackets.


--- TARGET LETTERS ---

[np.int64(20), np.int64(19), np.int64(18), np.int64(17), np.int64(16), np.int64(15), np.int64(14), np.int64(13), np.int64(12)]
Full Qwen output: Example 1: [a b c d] [e f g h]  
Example 2: [x y z a] [b c d e]  
Example 3: [m n o p] [q r s t]  

[[u v o x y z]]
Filtered Qwen output: u v o x y z
trial 2 of 10...
trial 3 of 10...
trial 4 of 10...
trial 5 of 10...
trial 6 of 10...
trial 7 of 10...
trial 8 of 10...
trial 9 of 10...
trial 10 of 10...
Problem type: 3gen_split5 - 18/20
trial 1 of 10...

=== PROMPT ===

Use the following alphabet to guess the missing piece.

e a c d b f g r i j k w m p n h q l s t u v o x y z

Note that the alphabet may be in an unfamiliar order. Complete the pattern using this order.

[n w m p k] [k w m p n]
[p p x x h h x x n n x x q q x x m m x x] [ ? ]

First, describe 3 relevant exemplars that are distinct from this problem. Then give the final answer. Answer with only the examples and the final answer with no further explanation. Put your final answer between double brackets.


--- TARGET LETTERS ---

['q', 'q', 'x', 'x', 'h', 'h', 'x', 'x', 'n', 'n', 'x', 'x', 'p', 'p', 'x', 'x', 'm', 'm', 'x', 'x']
Full Qwen output: 1. [a b c d e] [e d c b a]  
2. [x y z a b] [b a z y x]  
3. [1 2 3 4 5] [5 4 3 2 1]  

[[n n x x k k x x m m x x p p x x w w x x]]
Filtered Qwen output: n n x x k k x x m m x x p p x x w w x x
trial 2 of 10...
trial 3 of 10...
trial 4 of 10...
trial 5 of 10...
trial 6 of 10...
trial 7 of 10...
trial 8 of 10...
trial 9 of 10...
trial 10 of 10...
Problem type: 3gen_split6 - 19/20
trial 1 of 10...

=== PROMPT ===

Use the following alphabet to guess the missing piece.

e a c d b f g r i j k w m p n h q l s t u v o x y z

Note that the alphabet may be in an unfamiliar order. Complete the pattern using this order.

[e a c d] [e a c b]
[j j x x k k x x w w x x m m x x p p x x n n x x h h x x q q x x] [ ? ]

First, describe 3 relevant exemplars that are distinct from this problem. Then give the final answer. Answer with only the examples and the final answer with no further explanation. Put your final answer between double brackets.


--- TARGET LETTERS ---

['j', 'j', 'x', 'x', 'k', 'k', 'x', 'x', 'w', 'w', 'x', 'x', 'm', 'm', 'x', 'x', 'p', 'p', 'x', 'x', 'n', 'n', 'x', 'x', 'h', 'h', 'x', 'x', 'l', 'l', 'x', 'x']
Full Qwen output: Example 1: [a b c d] [a b c a]  
Example 2: [x y z w] [x y z x]  
Example 3: [m n o p] [m n o m]  

[[e a c d] [e a c b] [j j x x k k x x w w x x m m x x p p x x n n x x h h x x q q x x] [e a c b]]
Filtered Qwen output: e a c d] [e a c b] [j j x x k k x x w w x x m m x x p p x x n n x x h h x x q q x x] [e a c b
trial 2 of 10...
trial 3 of 10...
trial 4 of 10...
trial 5 of 10...
trial 6 of 10...
trial 7 of 10...
trial 8 of 10...
trial 9 of 10...
trial 10 of 10...
Problem type: 3gensplit7 - 20/20
trial 1 of 10...

=== PROMPT ===

Use the following alphabet to guess the missing piece.

e a c d b f g r i j k w m p n h q l s t u v o x y z

Note that the alphabet may be in an unfamiliar order. Complete the pattern using this order.

[p n h q] [m n h q]
[o o x x v v x x u u x x t t x x] [ ? ]

First, describe 3 relevant exemplars that are distinct from this problem. Then give the final answer. Answer with only the examples and the final answer with no further explanation. Put your final answer between double brackets.


--- TARGET LETTERS ---

['x', 'x', 'x', 'x', 'v', 'v', 'x', 'x', 'u', 'u', 'x', 'x', 't', 't', 'x', 'x']
Full Qwen output: 1. cat : dog :: hat : ?  
2. sun : moon :: star : ?  
3. red : blue :: green : ?  

[[l o x x v v x x u u x x s s x x]]
Filtered Qwen output: l o x x v v x x u u x x s s x x
trial 2 of 10...
trial 3 of 10...
trial 4 of 10...
trial 5 of 10...
trial 6 of 10...
trial 7 of 10...
trial 8 of 10...
trial 9 of 10...
trial 10 of 10...
alph_6
a b s d e f g o i j k c x n h p q t y r u v w l m z
Problem type: larger_int - 1/20
trial 1 of 10...

=== PROMPT ===

Use the following alphabet to guess the missing piece.

a b s d e f g o i j k c x n h p q t y r u v w l m z

Note that the alphabet may be in an unfamiliar order. Complete the pattern using this order.

[d e f g] [d e f g o]
[s e g i] [ ? ]

First, describe 3 relevant exemplars that are distinct from this problem. Then give the final answer. Answer with only the examples and the final answer with no further explanation. Put your final answer between double brackets.


--- TARGET LETTERS ---

['s', 'e', 'g', 'i', 'k']
Full Qwen output: Example 1: [a b c d] [a b c d e]  
Example 2: [x y z a] [x y z a b]  
Example 3: [m n o p] [m n o p q]  

[[s e g i o]]
Filtered Qwen output: s e g i o
trial 2 of 10...
trial 3 of 10...
trial 4 of 10...
trial 5 of 10...
trial 6 of 10...
trial 7 of 10...
trial 8 of 10...
trial 9 of 10...
trial 10 of 10...
Problem type: longer_targ - 2/20
trial 1 of 10...

=== PROMPT ===

Use the following alphabet to guess the missing piece.

a b s d e f g o i j k c x n h p q t y r u v w l m z

Note that the alphabet may be in an unfamiliar order. Complete the pattern using this order.

[p q r y t] [p q t y r]
[h i j k c x n o p] [ ? ]

First, describe 3 relevant exemplars that are distinct from this problem. Then give the final answer. Answer with only the examples and the final answer with no further explanation. Put your final answer between double brackets.


--- TARGET LETTERS ---

['o', 'i', 'j', 'k', 'c', 'x', 'n', 'h', 'p']
Full Qwen output: Example 1: [a b c d e] [c d e a b]  
Example 2: [x y z a b] [z a b x y]  
Example 3: [m n o p q] [o p q m n]  

[[i j k c x n o p]]
Filtered Qwen output: i j k c x n o p
trial 2 of 10...
trial 3 of 10...
trial 4 of 10...
trial 5 of 10...
trial 6 of 10...
trial 7 of 10...
trial 8 of 10...
trial 9 of 10...
trial 10 of 10...
Problem type: group - 3/20
trial 1 of 10...

=== PROMPT ===

Use the following alphabet to guess the missing piece.

a b s d e f g o i j k c x n h p q t y r u v w l m z

Note that the alphabet may be in an unfamiliar order. Complete the pattern using this order.

[d e f g] [s e f g]
[g g o o i i j j] [ ? ]

First, describe 3 relevant exemplars that are distinct from this problem. Then give the final answer. Answer with only the examples and the final answer with no further explanation. Put your final answer between double brackets.


--- TARGET LETTERS ---

['f', 'f', 'o', 'o', 'i', 'i', 'j', 'j']
Full Qwen output: Example 1: [a b c d] [b c d e]  
Example 2: [x y z a] [y z a b]  
Example 3: [m n o p] [n o p q]  

[[g o i j]]
Filtered Qwen output: g o i j
trial 2 of 10...
trial 3 of 10...
trial 4 of 10...
trial 5 of 10...
trial 6 of 10...
trial 7 of 10...
trial 8 of 10...
trial 9 of 10...
trial 10 of 10...
Problem type: interleaved - 4/20
trial 1 of 10...

=== PROMPT ===

Use the following alphabet to guess the missing piece.

a b s d e f g o i j k c x n h p q t y r u v w l m z

Note that the alphabet may be in an unfamiliar order. Complete the pattern using this order.

[c x n u p] [c x n h p]
[m x c x x x n x h x] [ ? ]

First, describe 3 relevant exemplars that are distinct from this problem. Then give the final answer. Answer with only the examples and the final answer with no further explanation. Put your final answer between double brackets.


--- TARGET LETTERS ---

['k', 'x', 'c', 'x', 'x', 'x', 'n', 'x', 'h', 'x']
Full Qwen output: Example1: [a b c] [a b d]  
Example2: [p q r] [p q s]  
Example3: [x y z] [x y a]  

[[m x c x x x n x h x] [m x c x x x n x h p]]
Filtered Qwen output: m x c x x x n x h x] [m x c x x x n x h p
trial 2 of 10...
trial 3 of 10...
trial 4 of 10...
trial 5 of 10...
trial 6 of 10...
trial 7 of 10...
trial 8 of 10...
trial 9 of 10...
trial 10 of 10...
Problem type: letter2num - 5/20
trial 1 of 10...

=== PROMPT ===

Use the following alphabet to guess the missing piece.

a b s d e f g o i j k c x n h p q t y r u v w l m z

Note that the alphabet may be in an unfamiliar order. Complete the pattern using this order.

[g o i j] [g o i k]
[22 23 24 25] [ ? ]

First, describe 3 relevant exemplars that are distinct from this problem. Then give the final answer. Answer with only the examples and the final answer with no further explanation. Put your final answer between double brackets.


--- TARGET LETTERS ---

[np.int64(22), np.int64(23), np.int64(24), np.int64(26)]
Full Qwen output: Example 1: [a b c d] [a b c e]  
Example 2: [x y z a] [x y z b]  
Example 3: [m n o p] [m n o q]  

[[g o i j] [g o i k]  
[22 23 24 25] [22 23 24 26]]
Filtered Qwen output: g o i j] [g o i k]  
[22 23 24 25] [22 23 24 26
trial 2 of 10...
trial 3 of 10...
trial 4 of 10...
trial 5 of 10...
trial 6 of 10...
trial 7 of 10...
trial 8 of 10...
trial 9 of 10...
trial 10 of 10...
Problem type: reverse - 6/20
trial 1 of 10...

=== PROMPT ===

Use the following alphabet to guess the missing piece.

a b s d e f g o i j k c x n h p q t y r u v w l m z

Note that the alphabet may be in an unfamiliar order. Complete the pattern using this order.

[y r u v] [t r u v]
[f e d s] [ ? ]

First, describe 3 relevant exemplars that are distinct from this problem. Then give the final answer. Answer with only the examples and the final answer with no further explanation. Put your final answer between double brackets.


--- TARGET LETTERS ---

['g', 'e', 'd', 's']
Full Qwen output: 1. [a b c d] [e f g h]  
2. [x y z a] [b c d e]  
3. [m n o p] [q r s t]  

[[c d e f]]
Filtered Qwen output: c d e f
trial 2 of 10...
trial 3 of 10...
trial 4 of 10...
trial 5 of 10...
trial 6 of 10...
trial 7 of 10...
trial 8 of 10...
trial 9 of 10...
trial 10 of 10...
Problem type: 2gen_split1 - 7/20
trial 1 of 10...

=== PROMPT ===

Use the following alphabet to guess the missing piece.

a b s d e f g o i j k c x n h p q t y r u v w l m z

Note that the alphabet may be in an unfamiliar order. Complete the pattern using this order.

[h j q t y] [h p q t y]
[l x y x t x q x p x] [ ? ]

First, describe 3 relevant exemplars that are distinct from this problem. Then give the final answer. Answer with only the examples and the final answer with no further explanation. Put your final answer between double brackets.


--- TARGET LETTERS ---

['r', 'x', 'y', 'x', 't', 'x', 'q', 'x', 'p', 'x']
Full Qwen output: Example 1: [a c e g i] [a e i o u]  
Example 2: [m o q s u] [m q s u o]  
Example 3: [d f h j l] [d h j l f]  

[[l x y x t x q x p x] [l x y x t x q x p x]]
Filtered Qwen output: l x y x t x q x p x] [l x y x t x q x p x
trial 2 of 10...
trial 3 of 10...
trial 4 of 10...
trial 5 of 10...
trial 6 of 10...
trial 7 of 10...
trial 8 of 10...
trial 9 of 10...
trial 10 of 10...
Problem type: 2gen_split2 - 8/20
trial 1 of 10...

=== PROMPT ===

Use the following alphabet to guess the missing piece.

a b s d e f g o i j k c x n h p q t y r u v w l m z

Note that the alphabet may be in an unfamiliar order. Complete the pattern using this order.

[s d e f] [b d e f]
[23 23 24 24 25 25 26 26] [ ? ]

First, describe 3 relevant exemplars that are distinct from this problem. Then give the final answer. Answer with only the examples and the final answer with no further explanation. Put your final answer between double brackets.


--- TARGET LETTERS ---

[np.int64(22), np.int64(22), np.int64(24), np.int64(24), np.int64(25), np.int64(25), np.int64(26), np.int64(26)]
Full Qwen output: Example 1: [a b c d] [x y z a]  
Example 2: [m n o p] [q r s t]  
Example 3: [g h i j] [k l m n]  

[[c d e f]]
Filtered Qwen output: c d e f
trial 2 of 10...
trial 3 of 10...
trial 4 of 10...
trial 5 of 10...
trial 6 of 10...
trial 7 of 10...
trial 8 of 10...
trial 9 of 10...
trial 10 of 10...
Problem type: 2gen_split3 - 9/20
trial 1 of 10...

=== PROMPT ===

Use the following alphabet to guess the missing piece.

a b s d e f g o i j k c x n h p q t y r u v w l m z

Note that the alphabet may be in an unfamiliar order. Complete the pattern using this order.

[h p q t t y] [h p q t y]
[j x c x c x n x p x t x] [ ? ]

First, describe 3 relevant exemplars that are distinct from this problem. Then give the final answer. Answer with only the examples and the final answer with no further explanation. Put your final answer between double brackets.


--- TARGET LETTERS ---

['j', 'x', 'c', 'x', 'n', 'x', 'p', 'x', 't', 'x']
Full Qwen output: 1. [a b c d e f] [a b c d e]  
2. [x y z a b c] [x y z a b]  
3. [m n o p q r] [m n o p q]  

[[j x c x c x n x p x t x] [j x c x c x n x p x t]]
Filtered Qwen output: j x c x c x n x p x t x] [j x c x c x n x p x t
trial 2 of 10...
trial 3 of 10...
trial 4 of 10...
trial 5 of 10...
trial 6 of 10...
trial 7 of 10...
trial 8 of 10...
trial 9 of 10...
trial 10 of 10...
Problem type: 2gen_split4 - 10/20
trial 1 of 10...

=== PROMPT ===

Use the following alphabet to guess the missing piece.

a b s d e f g o i j k c x n h p q t y r u v w l m z

Note that the alphabet may be in an unfamiliar order. Complete the pattern using this order.

[o i j k c c] [o i j k c]
[a x b x s x d x e x e x f x g x o x i x] [ ? ]

First, describe 3 relevant exemplars that are distinct from this problem. Then give the final answer. Answer with only the examples and the final answer with no further explanation. Put your final answer between double brackets.


--- TARGET LETTERS ---

['a', 'x', 'b', 'x', 's', 'x', 'd', 'x', 'e', 'x', 'f', 'x', 'g', 'x', 'o', 'x', 'i', 'x']
Full Qwen output: Example1: [a b c d e f] [a b c d]  
Example2: [x y z x y z] [x y z]  
Example3: [1 2 3 4 5 6] [1 2 3 4]  

[[a x b x s x d x e x e x f x g x o x i x] [a x b x s x d x e x e x f x g x o x i x]]
Filtered Qwen output: a x b x s x d x e x e x f x g x o x i x] [a x b x s x d x e x e x f x g x o x i x
trial 2 of 10...
trial 3 of 10...
trial 4 of 10...
trial 5 of 10...
trial 6 of 10...
trial 7 of 10...
trial 8 of 10...
trial 9 of 10...
trial 10 of 10...
Problem type: 2gen_split5 - 11/20
trial 1 of 10...

=== PROMPT ===

Use the following alphabet to guess the missing piece.

a b s d e f g o i j k c x n h p q t y r u v w l m z

Note that the alphabet may be in an unfamiliar order. Complete the pattern using this order.

[y r u v] [t r u v]
[12 0 13 0 14 0 15 0] [ ? ]

First, describe 3 relevant exemplars that are distinct from this problem. Then give the final answer. Answer with only the examples and the final answer with no further explanation. Put your final answer between double brackets.


--- TARGET LETTERS ---

[np.int64(11), '0', np.int64(13), '0', np.int64(14), '0', np.int64(15), '0']
Full Qwen output: Example1: [a b c d] [e f g h]  
Example2: [x y z a] [b c d e]  
Example3: [m n o p] [q r s t]  

[[10 0 11 0 12 0 13 0]]
Filtered Qwen output: 10 0 11 0 12 0 13 0
trial 2 of 10...
trial 3 of 10...
trial 4 of 10...
trial 5 of 10...
trial 6 of 10...
trial 7 of 10...
trial 8 of 10...
trial 9 of 10...
trial 10 of 10...
Problem type: 2gen_split6 - 12/20
trial 1 of 10...

=== PROMPT ===

Use the following alphabet to guess the missing piece.

a b s d e f g o i j k c x n h p q t y r u v w l m z

Note that the alphabet may be in an unfamiliar order. Complete the pattern using this order.

[b s d e] [b s d e f]
[h h p p q q t t y y r r u u v v] [ ? ]

First, describe 3 relevant exemplars that are distinct from this problem. Then give the final answer. Answer with only the examples and the final answer with no further explanation. Put your final answer between double brackets.


--- TARGET LETTERS ---

['h', 'h', 'p', 'p', 'q', 'q', 't', 't', 'y', 'y', 'r', 'r', 'u', 'u', 'v', 'v', 'w', 'w']
Full Qwen output: Example 1: [a b c] [a b c d]  
Example 2: [x y z] [x y z a]  
Example 3: [m n o] [m n o p]  

[[h h p p q q t t y y r r u u v v w w l l m m z z]]
Filtered Qwen output: h h p p q q t t y y r r u u v v w w l l m m z z
trial 2 of 10...
trial 3 of 10...
trial 4 of 10...
trial 5 of 10...
trial 6 of 10...
trial 7 of 10...
trial 8 of 10...
trial 9 of 10...
trial 10 of 10...
Problem type: 2gensplit7 - 13/20
trial 1 of 10...

=== PROMPT ===

Use the following alphabet to guess the missing piece.

a b s d e f g o i j k c x n h p q t y r u v w l m z

Note that the alphabet may be in an unfamiliar order. Complete the pattern using this order.

[j k c x] [j k c x n]
[18 19 20 21 22 23 24 25] [ ? ]

First, describe 3 relevant exemplars that are distinct from this problem. Then give the final answer. Answer with only the examples and the final answer with no further explanation. Put your final answer between double brackets.


--- TARGET LETTERS ---

[np.int64(18), np.int64(19), np.int64(20), np.int64(21), np.int64(22), np.int64(23), np.int64(24), np.int64(25), np.int64(26)]
Full Qwen output: Example 1: [a b c d] [a b c d e]  
Example 2: [x y z a] [x y z a b]  
Example 3: [m n o p] [m n o p q]  

[[j k c x n h]]
Filtered Qwen output: j k c x n h
trial 2 of 10...
trial 3 of 10...
trial 4 of 10...
trial 5 of 10...
trial 6 of 10...
trial 7 of 10...
trial 8 of 10...
trial 9 of 10...
trial 10 of 10...
Problem type: 3gen_split1 - 14/20
trial 1 of 10...

=== PROMPT ===

Use the following alphabet to guess the missing piece.

a b s d e f g o i j k c x n h p q t y r u v w l m z

Note that the alphabet may be in an unfamiliar order. Complete the pattern using this order.

[j k c x n n] [j k c x n]
[22 21 20 19 18 17 16 15 14 14] [ ? ]

First, describe 3 relevant exemplars that are distinct from this problem. Then give the final answer. Answer with only the examples and the final answer with no further explanation. Put your final answer between double brackets.


--- TARGET LETTERS ---

[np.int64(22), np.int64(21), np.int64(20), np.int64(19), np.int64(18), np.int64(17), np.int64(16), np.int64(15), np.int64(14)]
Full Qwen output: 1. cat : dog :: bird : ?  
2. apple : fruit :: carrot : ?  
3. night : dark :: day : ?  

[[15]]
Filtered Qwen output: 15
trial 2 of 10...
trial 3 of 10...
trial 4 of 10...
trial 5 of 10...
trial 6 of 10...
trial 7 of 10...
trial 8 of 10...
trial 9 of 10...
trial 10 of 10...
Problem type: 3gen_split2 - 15/20
trial 1 of 10...

=== PROMPT ===

Use the following alphabet to guess the missing piece.

a b s d e f g o i j k c x n h p q t y r u v w l m z

Note that the alphabet may be in an unfamiliar order. Complete the pattern using this order.

[b s r e f] [b s d e f]
[15 15 0 0 17 17 0 0 18 18 0 0 19 19 0 0 20 20 0 0] [ ? ]

First, describe 3 relevant exemplars that are distinct from this problem. Then give the final answer. Answer with only the examples and the final answer with no further explanation. Put your final answer between double brackets.


--- TARGET LETTERS ---

[np.int64(16), np.int64(16), '0', '0', np.int64(17), np.int64(17), '0', '0', np.int64(18), np.int64(18), '0', '0', np.int64(19), np.int64(19), '0', '0', np.int64(20), np.int64(20), '0', '0']
Full Qwen output: Example 1: [a b c d e] [a b c d e]  
Example 2: [x y z a b] [x y z a b]  
Example 3: [m n o p q] [m n o p q]  

[[b s e e f]]
Filtered Qwen output: b s e e f
trial 2 of 10...
trial 3 of 10...
trial 4 of 10...
trial 5 of 10...
trial 6 of 10...
trial 7 of 10...
trial 8 of 10...
trial 9 of 10...
trial 10 of 10...
Problem type: 3gen_split3 - 16/20
trial 1 of 10...

=== PROMPT ===

Use the following alphabet to guess the missing piece.

a b s d e f g o i j k c x n h p q t y r u v w l m z

Note that the alphabet may be in an unfamiliar order. Complete the pattern using this order.

[a n s d e] [a b s d e]
[n n x x c c k k j j i i u u g g f f] [ ? ]

First, describe 3 relevant exemplars that are distinct from this problem. Then give the final answer. Answer with only the examples and the final answer with no further explanation. Put your final answer between double brackets.


--- TARGET LETTERS ---

['n', 'n', 'x', 'x', 'c', 'c', 'k', 'k', 'j', 'j', 'i', 'i', 'o', 'o', 'g', 'g', 'f', 'f']
Full Qwen output: Example 1: [a b c d e] [a b c d e]  
Example 2: [x y z a b] [x y z a b]  
Example 3: [m n o p q] [m n o p q]  

[[a b s d e]]
Filtered Qwen output: a b s d e
trial 2 of 10...
trial 3 of 10...
trial 4 of 10...
trial 5 of 10...
trial 6 of 10...
trial 7 of 10...
trial 8 of 10...
trial 9 of 10...
trial 10 of 10...
Problem type: 3gen_split4 - 17/20
trial 1 of 10...

=== PROMPT ===

Use the following alphabet to guess the missing piece.

a b s d e f g o i j k c x n h p q t y r u v w l m z

Note that the alphabet may be in an unfamiliar order. Complete the pattern using this order.

[i j k c] [i j k c x]
[4 4 6 6 8 8 10 10] [ ? ]

First, describe 3 relevant exemplars that are distinct from this problem. Then give the final answer. Answer with only the examples and the final answer with no further explanation. Put your final answer between double brackets.


--- TARGET LETTERS ---

[np.int64(4), np.int64(4), np.int64(6), np.int64(6), np.int64(8), np.int64(8), np.int64(10), np.int64(10), np.int64(12), np.int64(12)]
Full Qwen output: Example 1: [a b c d] [a b c d e]  
Example 2: [1 2 3 4] [1 2 3 4 5]  
Example 3: [x y z] [x y z a]  

[[i j k c x n]]
Filtered Qwen output: i j k c x n
trial 2 of 10...
trial 3 of 10...
trial 4 of 10...
trial 5 of 10...
trial 6 of 10...
trial 7 of 10...
trial 8 of 10...
trial 9 of 10...
trial 10 of 10...
Problem type: 3gen_split5 - 18/20
trial 1 of 10...

=== PROMPT ===

Use the following alphabet to guess the missing piece.

a b s d e f g o i j k c x n h p q t y r u v w l m z

Note that the alphabet may be in an unfamiliar order. Complete the pattern using this order.

[x n h p] [x n h p q]
[p p n n c c j j] [ ? ]

First, describe 3 relevant exemplars that are distinct from this problem. Then give the final answer. Answer with only the examples and the final answer with no further explanation. Put your final answer between double brackets.


--- TARGET LETTERS ---

['p', 'p', 'n', 'n', 'c', 'c', 'j', 'j', 'o', 'o']
Full Qwen output: 1. cat dog bird  
2. red blue green  
3. apple banana orange  

[[p p n n c c j j k k]]
Filtered Qwen output: p p n n c c j j k k
trial 2 of 10...
trial 3 of 10...
trial 4 of 10...
trial 5 of 10...
trial 6 of 10...
trial 7 of 10...
trial 8 of 10...
trial 9 of 10...
trial 10 of 10...
Problem type: 3gen_split6 - 19/20
trial 1 of 10...

=== PROMPT ===

Use the following alphabet to guess the missing piece.

a b s d e f g o i j k c x n h p q t y r u v w l m z

Note that the alphabet may be in an unfamiliar order. Complete the pattern using this order.

[c x n h] [c x n h p]
[2 4 6 8 10 12 14 16] [ ? ]

First, describe 3 relevant exemplars that are distinct from this problem. Then give the final answer. Answer with only the examples and the final answer with no further explanation. Put your final answer between double brackets.


--- TARGET LETTERS ---

[np.int64(2), np.int64(4), np.int64(6), np.int64(8), np.int64(10), np.int64(12), np.int64(14), np.int64(16), np.int64(18)]
Full Qwen output: Example 1: [a b c d] [a b c d e]  
Example 2: [1 3 5 7] [1 3 5 7 9]  
Example 3: [m o p q] [m o p q r]  

[[c x n h p q]]
Filtered Qwen output: c x n h p q
trial 2 of 10...
trial 3 of 10...
trial 4 of 10...
trial 5 of 10...
trial 6 of 10...
trial 7 of 10...
trial 8 of 10...
trial 9 of 10...
trial 10 of 10...
Problem type: 3gensplit7 - 20/20
trial 1 of 10...

=== PROMPT ===

Use the following alphabet to guess the missing piece.

a b s d e f g o i j k c x n h p q t y r u v w l m z

Note that the alphabet may be in an unfamiliar order. Complete the pattern using this order.

[c x n h s] [c x n h p]
[4 0 5 0 6 0 16 0 8 0 9 0 10 0 11 0 12 0] [ ? ]

First, describe 3 relevant exemplars that are distinct from this problem. Then give the final answer. Answer with only the examples and the final answer with no further explanation. Put your final answer between double brackets.


--- TARGET LETTERS ---

[np.int64(4), '0', np.int64(5), '0', np.int64(6), '0', np.int64(7), '0', np.int64(8), '0', np.int64(9), '0', np.int64(10), '0', np.int64(11), '0', np.int64(12), '0']
Full Qwen output: Example1: [a b c d] [a b c e]  
Example2: [1 2 3 4] [1 2 3 5]  
Example3: [x y z a] [x y z b]  

[[c x n h p q]]
Filtered Qwen output: c x n h p q
trial 2 of 10...
trial 3 of 10...
trial 4 of 10...
trial 5 of 10...
trial 6 of 10...
trial 7 of 10...
trial 8 of 10...
trial 9 of 10...
trial 10 of 10...
Saved ./Qwen_Qwen3-14B_prob_predictions_multi_alph/gen/Qwen_Qwen3-14B_letterstring_results_10_multi_alph_gptprobs_analogical.npz
Total time: 3735.4886302948 seconds.
Loading model Qwen/Qwen3-14B...
GPU memory available: 39.49 GB
`torch_dtype` is deprecated! Use `dtype` instead!
Flash Attention 2 not available (FlashAttention2 has been toggled on, but it cannot be used due to the following error: the package flash_attn seems to be not installed. Please refer to the documentation of https://huggingface.co/docs/transformers/perf_infer_gpu_one#flashattention-2 to install Flash Attention 2.), using default attention
Loading checkpoint shards:   0%|          | 0/8 [00:00<?, ?it/s]Loading checkpoint shards:  12%|█▎        | 1/8 [00:01<00:11,  1.71s/it]Loading checkpoint shards:  25%|██▌       | 2/8 [00:03<00:10,  1.73s/it]Loading checkpoint shards:  38%|███▊      | 3/8 [00:05<00:08,  1.72s/it]Loading checkpoint shards:  50%|█████     | 4/8 [00:06<00:06,  1.72s/it]Loading checkpoint shards:  62%|██████▎   | 5/8 [00:08<00:05,  1.71s/it]Loading checkpoint shards:  75%|███████▌  | 6/8 [00:10<00:03,  1.70s/it]Loading checkpoint shards:  88%|████████▊ | 7/8 [00:11<00:01,  1.70s/it]Loading checkpoint shards: 100%|██████████| 8/8 [00:12<00:00,  1.42s/it]Loading checkpoint shards: 100%|██████████| 8/8 [00:12<00:00,  1.60s/it]
Model loaded with default attention
Model device: cuda:0
GPU memory allocated: 27.51 GB, reserved: 27.51 GB
Model loaded. Loading tokenizer...
Model Qwen/Qwen3-14B and tokenizer loaded.
alph_0
u n o y q l g f j d k h a z b p e r s t w m c i x v
Problem type: larger_int - 1/20
trial 1 of 10...

=== PROMPT ===

Use the following alphabet to guess the missing piece.

u n o y q l g f j d k h a z b p e r s t w m c i x v

Note that the alphabet may be in an unfamiliar order. Complete the pattern using this order.

[g f j d] [l f j d]
[g j k a] [ ? ]

First, describe 3 relevant exemplars that are distinct from this problem. Then give the final answer. Answer with only the examples and the final answer with no further explanation. Put your final answer between double brackets.


--- TARGET LETTERS ---

['q', 'j', 'k', 'a']
The following generation flags are not valid and may be ignored: ['temperature', 'top_k']. Set `TRANSFORMERS_VERBOSITY=info` for more details.
Full Qwen output: 1. [a b c d] [e f g h]  
2. [x y z a] [b c d e]  
3. [m n o p] [q r s t]  

[[g j k a] [l j k a]]
Filtered Qwen output: g j k a] [l j k a
trial 2 of 10...
trial 3 of 10...
trial 4 of 10...
trial 5 of 10...
trial 6 of 10...
trial 7 of 10...
trial 8 of 10...
trial 9 of 10...
trial 10 of 10...
Problem type: longer_targ - 2/20
trial 1 of 10...

=== PROMPT ===

Use the following alphabet to guess the missing piece.

u n o y q l g f j d k h a z b p e r s t w m c i x v

Note that the alphabet may be in an unfamiliar order. Complete the pattern using this order.

[g f j d k k] [g f j d k]
[u n o y q q l g f j] [ ? ]

First, describe 3 relevant exemplars that are distinct from this problem. Then give the final answer. Answer with only the examples and the final answer with no further explanation. Put your final answer between double brackets.


--- TARGET LETTERS ---

['u', 'n', 'o', 'y', 'q', 'l', 'g', 'f', 'j']
Full Qwen output: 1. cat dog bird  
2. red blue green  
3. apple banana orange  

[[u n o y q q l g f j d k]]
Filtered Qwen output: u n o y q q l g f j d k
trial 2 of 10...
trial 3 of 10...
trial 4 of 10...
trial 5 of 10...
trial 6 of 10...
trial 7 of 10...
trial 8 of 10...
trial 9 of 10...
trial 10 of 10...
Problem type: group - 3/20
trial 1 of 10...

=== PROMPT ===

Use the following alphabet to guess the missing piece.

u n o y q l g f j d k h a z b p e r s t w m c i x v

Note that the alphabet may be in an unfamiliar order. Complete the pattern using this order.

[c i x v] [m i x v]
[l l g g f f j j] [ ? ]

First, describe 3 relevant exemplars that are distinct from this problem. Then give the final answer. Answer with only the examples and the final answer with no further explanation. Put your final answer between double brackets.


--- TARGET LETTERS ---

['q', 'q', 'g', 'g', 'f', 'f', 'j', 'j']
Full Qwen output: Example 1: [a b c d] [e f g h]  
Example 2: [x y z a] [b c d e]  
Example 3: [p q r s] [t u v w]  

[[l l g g f f j j] [l l g g f f j j]]
Filtered Qwen output: l l g g f f j j] [l l g g f f j j
trial 2 of 10...
trial 3 of 10...
trial 4 of 10...
trial 5 of 10...
trial 6 of 10...
trial 7 of 10...
trial 8 of 10...
trial 9 of 10...
trial 10 of 10...
Problem type: interleaved - 4/20
trial 1 of 10...

=== PROMPT ===

Use the following alphabet to guess the missing piece.

u n o y q l g f j d k h a z b p e r s t w m c i x v

Note that the alphabet may be in an unfamiliar order. Complete the pattern using this order.

[p n o y q] [u n o y q]
[b x p x e x m x s x] [ ? ]

First, describe 3 relevant exemplars that are distinct from this problem. Then give the final answer. Answer with only the examples and the final answer with no further explanation. Put your final answer between double brackets.


--- TARGET LETTERS ---

['b', 'x', 'p', 'x', 'e', 'x', 'r', 'x', 's', 'x']
Full Qwen output: 1. cat dog bird  
2. red blue green  
3. apple banana orange  

[[b x p x e x m x s x] [b x p x e x m x s x]]
Filtered Qwen output: b x p x e x m x s x] [b x p x e x m x s x
trial 2 of 10...
trial 3 of 10...
trial 4 of 10...
trial 5 of 10...
trial 6 of 10...
trial 7 of 10...
trial 8 of 10...
trial 9 of 10...
trial 10 of 10...
Problem type: letter2num - 5/20
trial 1 of 10...

=== PROMPT ===

Use the following alphabet to guess the missing piece.

u n o y q l g f j d k h a z b p e r s t w m c i x v

Note that the alphabet may be in an unfamiliar order. Complete the pattern using this order.

[q l g f] [q l g j]
[20 21 22 23] [ ? ]

First, describe 3 relevant exemplars that are distinct from this problem. Then give the final answer. Answer with only the examples and the final answer with no further explanation. Put your final answer between double brackets.


--- TARGET LETTERS ---

[np.int64(20), np.int64(21), np.int64(22), np.int64(24)]
Full Qwen output: 1. cat : dog :: bird : ?  
2. apple : fruit :: carrot : ?  
3. north : south :: east : ?  

[[q l g f] [q l g j] [20 21 22 23] [20 21 22 24]]
Filtered Qwen output: q l g f] [q l g j] [20 21 22 23] [20 21 22 24
trial 2 of 10...
trial 3 of 10...
trial 4 of 10...
trial 5 of 10...
trial 6 of 10...
trial 7 of 10...
trial 8 of 10...
trial 9 of 10...
trial 10 of 10...
Problem type: reverse - 6/20
trial 1 of 10...

=== PROMPT ===

Use the following alphabet to guess the missing piece.

u n o y q l g f j d k h a z b p e r s t w m c i x v

Note that the alphabet may be in an unfamiliar order. Complete the pattern using this order.

[w m c i x x] [w m c i x]
[d j f g g l] [ ? ]

First, describe 3 relevant exemplars that are distinct from this problem. Then give the final answer. Answer with only the examples and the final answer with no further explanation. Put your final answer between double brackets.


--- TARGET LETTERS ---

['d', 'j', 'f', 'g', 'l']
Full Qwen output: 1. cat : dog :: bird : ?  
2. apple : fruit :: carrot : ?  
3. north : south :: east : ?  

[[d j f g g l] [d j f g g]]
Filtered Qwen output: d j f g g l] [d j f g g
trial 2 of 10...
trial 3 of 10...
trial 4 of 10...
trial 5 of 10...
trial 6 of 10...
trial 7 of 10...
trial 8 of 10...
trial 9 of 10...
trial 10 of 10...
Problem type: 2gen_split1 - 7/20
trial 1 of 10...

=== PROMPT ===

Use the following alphabet to guess the missing piece.

u n o y q l g f j d k h a z b p e r s t w m c i x v

Note that the alphabet may be in an unfamiliar order. Complete the pattern using this order.

[p a z b h] [h a z b p]
[u u q q o o g g j j] [ ? ]

First, describe 3 relevant exemplars that are distinct from this problem. Then give the final answer. Answer with only the examples and the final answer with no further explanation. Put your final answer between double brackets.


--- TARGET LETTERS ---

['u', 'u', 'o', 'o', 'q', 'q', 'g', 'g', 'j', 'j']
Full Qwen output: 1. [c a t d o g] [d o g c a t]  
2. [b e a r h u n t] [h u n t b e a r]  
3. [s u n m o o n] [m o o n s u n]  

[[u u q q o o g g j j] [q q o o g g j j u u]]
Filtered Qwen output: u u q q o o g g j j] [q q o o g g j j u u
trial 2 of 10...
trial 3 of 10...
trial 4 of 10...
trial 5 of 10...
trial 6 of 10...
trial 7 of 10...
trial 8 of 10...
trial 9 of 10...
trial 10 of 10...
Problem type: 2gen_split2 - 8/20
trial 1 of 10...

=== PROMPT ===

Use the following alphabet to guess the missing piece.

u n o y q l g f j d k h a z b p e r s t w m c i x v

Note that the alphabet may be in an unfamiliar order. Complete the pattern using this order.

[k h l z b] [k h a z b]
[r x t x m x i x f x] [ ? ]

First, describe 3 relevant exemplars that are distinct from this problem. Then give the final answer. Answer with only the examples and the final answer with no further explanation. Put your final answer between double brackets.


--- TARGET LETTERS ---

['r', 'x', 't', 'x', 'm', 'x', 'i', 'x', 'v', 'x']
Full Qwen output: 1. [a b c d e] [a b c d]  
2. [p q r s t] [p q r s]  
3. [m n o p q] [m n o p]  

[[r x t x m x i x f x] [r x t x m x i x f]]
Filtered Qwen output: r x t x m x i x f x] [r x t x m x i x f
trial 2 of 10...
trial 3 of 10...
trial 4 of 10...
trial 5 of 10...
trial 6 of 10...
trial 7 of 10...
trial 8 of 10...
trial 9 of 10...
trial 10 of 10...
Problem type: 2gen_split3 - 9/20
trial 1 of 10...

=== PROMPT ===

Use the following alphabet to guess the missing piece.

u n o y q l g f j d k h a z b p e r s t w m c i x v

Note that the alphabet may be in an unfamiliar order. Complete the pattern using this order.

[y q l g] [y q l g f]
[b x p x e x r x s x t x w x m x] [ ? ]

First, describe 3 relevant exemplars that are distinct from this problem. Then give the final answer. Answer with only the examples and the final answer with no further explanation. Put your final answer between double brackets.


--- TARGET LETTERS ---

['b', 'x', 'p', 'x', 'e', 'x', 'r', 'x', 's', 'x', 't', 'x', 'w', 'x', 'm', 'x', 'c', 'x']
Full Qwen output: 1. [a b c d e] [a b c d e f]  
2. [m o p q r] [m o p q r s]  
3. [x y z a b] [x y z a b c]  

[[b x p x e x r x s x t x w x m x c]]
Filtered Qwen output: b x p x e x r x s x t x w x m x c
trial 2 of 10...
trial 3 of 10...
trial 4 of 10...
trial 5 of 10...
trial 6 of 10...
trial 7 of 10...
trial 8 of 10...
trial 9 of 10...
trial 10 of 10...
Problem type: 2gen_split4 - 10/20
trial 1 of 10...

=== PROMPT ===

Use the following alphabet to guess the missing piece.

u n o y q l g f j d k h a z b p e r s t w m c i x v

Note that the alphabet may be in an unfamiliar order. Complete the pattern using this order.

[h a z b] [h a z p]
[d d x x k k x x h h x x a a x x] [ ? ]

First, describe 3 relevant exemplars that are distinct from this problem. Then give the final answer. Answer with only the examples and the final answer with no further explanation. Put your final answer between double brackets.


--- TARGET LETTERS ---

['d', 'd', 'x', 'x', 'k', 'k', 'x', 'x', 'h', 'h', 'x', 'x', 'z', 'z', 'x', 'x']
Full Qwen output: Example 1: [a b c d] [a b c e]  
Example 2: [x y z] [x y a]  
Example 3: [m n o p q] [m n o p r]  

[[d d x x k k x x h h x x a a x x] [d d x x k k x x h h x x a a x x p p]]
Filtered Qwen output: d d x x k k x x h h x x a a x x] [d d x x k k x x h h x x a a x x p p
trial 2 of 10...
trial 3 of 10...
trial 4 of 10...
trial 5 of 10...
trial 6 of 10...
trial 7 of 10...
trial 8 of 10...
trial 9 of 10...
trial 10 of 10...
Problem type: 2gen_split5 - 11/20
trial 1 of 10...

=== PROMPT ===

Use the following alphabet to guess the missing piece.

u n o y q l g f j d k h a z b p e r s t w m c i x v

Note that the alphabet may be in an unfamiliar order. Complete the pattern using this order.

[s t w m j] [s t w m c]
[a a h h k k d d z z] [ ? ]

First, describe 3 relevant exemplars that are distinct from this problem. Then give the final answer. Answer with only the examples and the final answer with no further explanation. Put your final answer between double brackets.


--- TARGET LETTERS ---

['a', 'a', 'h', 'h', 'k', 'k', 'd', 'd', 'j', 'j']
Full Qwen output: 1. cat dog bird  
2. red blue green  
3. apple banana orange  

[[a a h h k k d d z z] [a a h h k k d d z z]]
Filtered Qwen output: a a h h k k d d z z] [a a h h k k d d z z
trial 2 of 10...
trial 3 of 10...
trial 4 of 10...
trial 5 of 10...
trial 6 of 10...
trial 7 of 10...
trial 8 of 10...
trial 9 of 10...
trial 10 of 10...
Problem type: 2gen_split6 - 12/20
trial 1 of 10...

=== PROMPT ===

Use the following alphabet to guess the missing piece.

u n o y q l g f j d k h a z b p e r s t w m c i x v

Note that the alphabet may be in an unfamiliar order. Complete the pattern using this order.

[t c m w i] [t w m c i]
[4 10 8 6 12] [ ? ]

First, describe 3 relevant exemplars that are distinct from this problem. Then give the final answer. Answer with only the examples and the final answer with no further explanation. Put your final answer between double brackets.


--- TARGET LETTERS ---

[np.int64(4), np.int64(6), np.int64(8), np.int64(10), np.int64(12)]
Full Qwen output: 1. [a b c d e] [e d c b a]  
2. [x y z a b] [b a z y x]  
3. [p q r s t] [t s r q p]  

[[4 10 8 6 12] [12 6 8 10 4]]
Filtered Qwen output: 4 10 8 6 12] [12 6 8 10 4
trial 2 of 10...
trial 3 of 10...
trial 4 of 10...
trial 5 of 10...
trial 6 of 10...
trial 7 of 10...
trial 8 of 10...
trial 9 of 10...
trial 10 of 10...
Problem type: 2gensplit7 - 13/20
trial 1 of 10...

=== PROMPT ===

Use the following alphabet to guess the missing piece.

u n o y q l g f j d k h a z b p e r s t w m c i x v

Note that the alphabet may be in an unfamiliar order. Complete the pattern using this order.

[m c i x] [m c i v]
[2 4 6 8] [ ? ]

First, describe 3 relevant exemplars that are distinct from this problem. Then give the final answer. Answer with only the examples and the final answer with no further explanation. Put your final answer between double brackets.


--- TARGET LETTERS ---

[np.int64(2), np.int64(4), np.int64(6), np.int64(10)]
Full Qwen output: 1. cat dog bird  
2. red blue green  
3. apple banana orange  

[[2 4 6 9]]
Filtered Qwen output: 2 4 6 9
trial 2 of 10...
trial 3 of 10...
trial 4 of 10...
trial 5 of 10...
trial 6 of 10...
trial 7 of 10...
trial 8 of 10...
trial 9 of 10...
trial 10 of 10...
Problem type: 3gen_split1 - 14/20
trial 1 of 10...

=== PROMPT ===

Use the following alphabet to guess the missing piece.

u n o y q l g f j d k h a z b p e r s t w m c i x v

Note that the alphabet may be in an unfamiliar order. Complete the pattern using this order.

[o y q l] [o y q g]
[25 0 24 0 23 0 22 0] [ ? ]

First, describe 3 relevant exemplars that are distinct from this problem. Then give the final answer. Answer with only the examples and the final answer with no further explanation. Put your final answer between double brackets.


--- TARGET LETTERS ---

[np.int64(25), '0', np.int64(24), '0', np.int64(23), '0', np.int64(21), '0']
Full Qwen output: 1. cat : dog :: bird : ?  
2. happy : joyful :: sad : ?  
3. triangle : three sides :: square : ?  

[[o y q f]]
Filtered Qwen output: o y q f
trial 2 of 10...
trial 3 of 10...
trial 4 of 10...
trial 5 of 10...
trial 6 of 10...
trial 7 of 10...
trial 8 of 10...
trial 9 of 10...
trial 10 of 10...
Problem type: 3gen_split2 - 15/20
trial 1 of 10...

=== PROMPT ===

Use the following alphabet to guess the missing piece.

u n o y q l g f j d k h a z b p e r s t w m c i x v

Note that the alphabet may be in an unfamiliar order. Complete the pattern using this order.

[n o y q] [n o y q l]
[b b x x p p x x e e x x r r x x s s x x t t x x w w x x m m x x] [ ? ]

First, describe 3 relevant exemplars that are distinct from this problem. Then give the final answer. Answer with only the examples and the final answer with no further explanation. Put your final answer between double brackets.


--- TARGET LETTERS ---

['b', 'b', 'x', 'x', 'p', 'p', 'x', 'x', 'e', 'e', 'x', 'x', 'r', 'r', 'x', 'x', 's', 's', 'x', 'x', 't', 't', 'x', 'x', 'w', 'w', 'x', 'x', 'm', 'm', 'x', 'x', 'c', 'c', 'x', 'x']
Full Qwen output: Example 1: [a b c] [a b c d] [a b c d e]  
Example 2: [x y z] [x y z a] [x y z a b]  
Example 3: [p q r] [p q r s] [p q r s t]  

[[b b x x p p x x e e x x r r x x s s x x t t x x w w x x m m x x b b x x p p x x e e x x r r x x s s x x t t x x w w
trial 2 of 10...
trial 3 of 10...
trial 4 of 10...
trial 5 of 10...
trial 6 of 10...
trial 7 of 10...
trial 8 of 10...
trial 9 of 10...
trial 10 of 10...
Problem type: 3gen_split3 - 16/20
trial 1 of 10...

=== PROMPT ===

Use the following alphabet to guess the missing piece.

u n o y q l g f j d k h a z b p e r s t w m c i x v

Note that the alphabet may be in an unfamiliar order. Complete the pattern using this order.

[n o c q l] [n o y q l]
[1 3 5 26 9 11 13 15 17] [ ? ]

First, describe 3 relevant exemplars that are distinct from this problem. Then give the final answer. Answer with only the examples and the final answer with no further explanation. Put your final answer between double brackets.


--- TARGET LETTERS ---

[np.int64(1), np.int64(3), np.int64(5), np.int64(7), np.int64(9), np.int64(11), np.int64(13), np.int64(15), np.int64(17)]
Full Qwen output: Example 1: [a b c d e] [a b f d e]  
Example 2: [x y z a b] [x y c a b]  
Example 3: [p q r s t] [p q u s t]  

[[n o y q l]]
Filtered Qwen output: n o y q l
trial 2 of 10...
trial 3 of 10...
trial 4 of 10...
trial 5 of 10...
trial 6 of 10...
trial 7 of 10...
trial 8 of 10...
trial 9 of 10...
trial 10 of 10...
Problem type: 3gen_split4 - 17/20
trial 1 of 10...

=== PROMPT ===

Use the following alphabet to guess the missing piece.

u n o y q l g f j d k h a z b p e r s t w m c i x v

Note that the alphabet may be in an unfamiliar order. Complete the pattern using this order.

[l g f j] [l g f d]
[9 8 7 6 5 4 3 2] [ ? ]

First, describe 3 relevant exemplars that are distinct from this problem. Then give the final answer. Answer with only the examples and the final answer with no further explanation. Put your final answer between double brackets.


--- TARGET LETTERS ---

[np.int64(9), np.int64(8), np.int64(7), np.int64(6), np.int64(5), np.int64(4), np.int64(3), np.int64(1)]
Full Qwen output: 1. cat : dog :: bird : ?  
2. apple : fruit :: carrot : ?  
3. north : south :: east : ?  

[[k]]
Filtered Qwen output: k
trial 2 of 10...
trial 3 of 10...
trial 4 of 10...
trial 5 of 10...
trial 6 of 10...
trial 7 of 10...
trial 8 of 10...
trial 9 of 10...
trial 10 of 10...
Problem type: 3gen_split5 - 18/20
trial 1 of 10...

=== PROMPT ===

Use the following alphabet to guess the missing piece.

u n o y q l g f j d k h a z b p e r s t w m c i x v

Note that the alphabet may be in an unfamiliar order. Complete the pattern using this order.

[q n o y u] [u n o y q]
[7 0 8 0 9 0 13 0 11 0 12 0 10 0 14 0 15 0] [ ? ]

First, describe 3 relevant exemplars that are distinct from this problem. Then give the final answer. Answer with only the examples and the final answer with no further explanation. Put your final answer between double brackets.


--- TARGET LETTERS ---

[np.int64(7), '0', np.int64(8), '0', np.int64(9), '0', np.int64(10), '0', np.int64(11), '0', np.int64(12), '0', np.int64(13), '0', np.int64(14), '0', np.int64(15), '0']
Full Qwen output: Example 1: [a b c d e] [e d c b a]  
Example 2: [1 2 3 4 5] [5 4 3 2 1]  
Example 3: [x y z a b] [b a z y x]  

[[u n o y q]]
Filtered Qwen output: u n o y q
trial 2 of 10...
trial 3 of 10...
trial 4 of 10...
trial 5 of 10...
trial 6 of 10...
trial 7 of 10...
trial 8 of 10...
trial 9 of 10...
trial 10 of 10...
Problem type: 3gen_split6 - 19/20
trial 1 of 10...

=== PROMPT ===

Use the following alphabet to guess the missing piece.

u n o y q l g f j d k h a z b p e r s t w m c i x v

Note that the alphabet may be in an unfamiliar order. Complete the pattern using this order.

[k h a z] [k h a b]
[t x r x p x z x] [ ? ]

First, describe 3 relevant exemplars that are distinct from this problem. Then give the final answer. Answer with only the examples and the final answer with no further explanation. Put your final answer between double brackets.


--- TARGET LETTERS ---

['t', 'x', 'r', 'x', 'p', 'x', 'h', 'x']
Full Qwen output: 1. [a b c d] [a b c e]  
2. [p q r s] [p q r t]  
3. [m n o p] [m n o q]  

[[t x r x p x z x] [t x r x p x z b]]
Filtered Qwen output: t x r x p x z x] [t x r x p x z b
trial 2 of 10...
trial 3 of 10...
trial 4 of 10...
trial 5 of 10...
trial 6 of 10...
trial 7 of 10...
trial 8 of 10...
trial 9 of 10...
trial 10 of 10...
Problem type: 3gensplit7 - 20/20
trial 1 of 10...

=== PROMPT ===

Use the following alphabet to guess the missing piece.

u n o y q l g f j d k h a z b p e r s t w m c i x v

Note that the alphabet may be in an unfamiliar order. Complete the pattern using this order.

[u n n o y q] [u n o y q]
[19 17 17 15 13 11] [ ? ]

First, describe 3 relevant exemplars that are distinct from this problem. Then give the final answer. Answer with only the examples and the final answer with no further explanation. Put your final answer between double brackets.


--- TARGET LETTERS ---

[np.int64(19), np.int64(17), np.int64(15), np.int64(13), np.int64(11)]
Full Qwen output: Example 1: [a b c d e f] [a b c d]  
Example 2: [x y z a b c] [x y z]  
Example 3: [m n o p q r] [m n o]  

[[19 17 17 15 13 11] [19 17 15 13 11]]
Filtered Qwen output: 19 17 17 15 13 11] [19 17 15 13 11
trial 2 of 10...
trial 3 of 10...
trial 4 of 10...
trial 5 of 10...
trial 6 of 10...
trial 7 of 10...
trial 8 of 10...
trial 9 of 10...
trial 10 of 10...
alph_1
a b g z y w m h i r k d t s j e o f l u v p n x q c
Problem type: larger_int - 1/20
trial 1 of 10...

=== PROMPT ===

Use the following alphabet to guess the missing piece.

a b g z y w m h i r k d t s j e o f l u v p n x q c

Note that the alphabet may be in an unfamiliar order. Complete the pattern using this order.

[i h m r k] [m h i r k]
[j l o v n] [ ? ]

First, describe 3 relevant exemplars that are distinct from this problem. Then give the final answer. Answer with only the examples and the final answer with no further explanation. Put your final answer between double brackets.


--- TARGET LETTERS ---

['j', 'o', 'l', 'v', 'n']
Full Qwen output: Example 1: [a b c d e] [b c d e f]  
Example 2: [x y z a b] [y z a b c]  
Example 3: [p q r s t] [q r s t u]  

[[l o v n p]]
Filtered Qwen output: l o v n p
trial 2 of 10...
trial 3 of 10...
trial 4 of 10...
trial 5 of 10...
trial 6 of 10...
trial 7 of 10...
trial 8 of 10...
trial 9 of 10...
trial 10 of 10...
Problem type: longer_targ - 2/20
trial 1 of 10...

=== PROMPT ===

Use the following alphabet to guess the missing piece.

a b g z y w m h i r k d t s j e o f l u v p n x q c

Note that the alphabet may be in an unfamiliar order. Complete the pattern using this order.

[d t s e j] [d t s j e]
[f l u v p n q x c] [ ? ]

First, describe 3 relevant exemplars that are distinct from this problem. Then give the final answer. Answer with only the examples and the final answer with no further explanation. Put your final answer between double brackets.


--- TARGET LETTERS ---

['f', 'l', 'u', 'v', 'p', 'n', 'x', 'q', 'c']
Full Qwen output: Example 1: [a b c d e] [a b c e d]  
Example 2: [x y z a b] [x y z b a]  
Example 3: [m n o p q] [m n o q p]  

[[f l u v p n x c q]]
Filtered Qwen output: f l u v p n x c q
trial 2 of 10...
trial 3 of 10...
trial 4 of 10...
trial 5 of 10...
trial 6 of 10...
trial 7 of 10...
trial 8 of 10...
trial 9 of 10...
trial 10 of 10...
Problem type: group - 3/20
trial 1 of 10...

=== PROMPT ===

Use the following alphabet to guess the missing piece.

a b g z y w m h i r k d t s j e o f l u v p n x q c

Note that the alphabet may be in an unfamiliar order. Complete the pattern using this order.

[l u v p] [l u v n]
[m m h h i i r r] [ ? ]

First, describe 3 relevant exemplars that are distinct from this problem. Then give the final answer. Answer with only the examples and the final answer with no further explanation. Put your final answer between double brackets.


--- TARGET LETTERS ---

['m', 'm', 'h', 'h', 'i', 'i', 'k', 'k']
Full Qwen output: 1. cat dog bird  
2. red blue green  
3. apple banana orange  

[[m m h h i i q q]]
Filtered Qwen output: m m h h i i q q
trial 2 of 10...
trial 3 of 10...
trial 4 of 10...
trial 5 of 10...
trial 6 of 10...
trial 7 of 10...
trial 8 of 10...
trial 9 of 10...
trial 10 of 10...
Problem type: interleaved - 4/20
trial 1 of 10...

=== PROMPT ===

Use the following alphabet to guess the missing piece.

a b g z y w m h i r k d t s j e o f l u v p n x q c

Note that the alphabet may be in an unfamiliar order. Complete the pattern using this order.

[s j e o] [s j e o f]
[u x v x p x n x] [ ? ]

First, describe 3 relevant exemplars that are distinct from this problem. Then give the final answer. Answer with only the examples and the final answer with no further explanation. Put your final answer between double brackets.


--- TARGET LETTERS ---

['u', 'x', 'v', 'x', 'p', 'x', 'n', 'x', 'x', 'x']
Full Qwen output: Example 1: [a b c d] [a b c d e]  
Example 2: [x y z] [x y z a]  
Example 3: [m n o p q] [m n o p q r]  

[[u x v x p x n x] [u x v x p x n x q]]
Filtered Qwen output: u x v x p x n x] [u x v x p x n x q
trial 2 of 10...
trial 3 of 10...
trial 4 of 10...
trial 5 of 10...
trial 6 of 10...
trial 7 of 10...
trial 8 of 10...
trial 9 of 10...
trial 10 of 10...
Problem type: letter2num - 5/20
trial 1 of 10...

=== PROMPT ===

Use the following alphabet to guess the missing piece.

a b g z y w m h i r k d t s j e o f l u v p n x q c

Note that the alphabet may be in an unfamiliar order. Complete the pattern using this order.

[v u p n x] [u v p n x]
[9 10 11 13 12] [ ? ]

First, describe 3 relevant exemplars that are distinct from this problem. Then give the final answer. Answer with only the examples and the final answer with no further explanation. Put your final answer between double brackets.


--- TARGET LETTERS ---

[np.int64(9), np.int64(10), np.int64(11), np.int64(12), np.int64(13)]
Full Qwen output: 1. cat dog bird  
2. red blue green  
3. apple banana orange  

[[12 13 14 16 15]]
Filtered Qwen output: 12 13 14 16 15
trial 2 of 10...
trial 3 of 10...
trial 4 of 10...
trial 5 of 10...
trial 6 of 10...
trial 7 of 10...
trial 8 of 10...
trial 9 of 10...
trial 10 of 10...
Problem type: reverse - 6/20
trial 1 of 10...

=== PROMPT ===

Use the following alphabet to guess the missing piece.

a b g z y w m h i r k d t s j e o f l u v p n x q c

Note that the alphabet may be in an unfamiliar order. Complete the pattern using this order.

[y w m h] [z w m h]
[q x n p] [ ? ]

First, describe 3 relevant exemplars that are distinct from this problem. Then give the final answer. Answer with only the examples and the final answer with no further explanation. Put your final answer between double brackets.


--- TARGET LETTERS ---

['c', 'x', 'n', 'p']
Full Qwen output: 1. cat dog bird  
2. red blue green  
3. apple banana orange  

[[q x n p] [q x n p]]
Filtered Qwen output: q x n p] [q x n p
trial 2 of 10...
trial 3 of 10...
trial 4 of 10...
trial 5 of 10...
trial 6 of 10...
trial 7 of 10...
trial 8 of 10...
trial 9 of 10...
trial 10 of 10...
Problem type: 2gen_split1 - 7/20
trial 1 of 10...

=== PROMPT ===

Use the following alphabet to guess the missing piece.

a b g z y w m h i r k d t s j e o f l u v p n x q c

Note that the alphabet may be in an unfamiliar order. Complete the pattern using this order.

[y w m h] [y w m h i]
[13 15 17 19] [ ? ]

First, describe 3 relevant exemplars that are distinct from this problem. Then give the final answer. Answer with only the examples and the final answer with no further explanation. Put your final answer between double brackets.


--- TARGET LETTERS ---

[np.int64(13), np.int64(15), np.int64(17), np.int64(19), np.int64(21)]
Full Qwen output: Example 1: [a b c d] [a b c d e]  
Example 2: [x y z a] [x y z a b]  
Example 3: [p q r s] [p q r s t]  

[[y w m h i r]]
Filtered Qwen output: y w m h i r
trial 2 of 10...
trial 3 of 10...
trial 4 of 10...
trial 5 of 10...
trial 6 of 10...
trial 7 of 10...
trial 8 of 10...
trial 9 of 10...
trial 10 of 10...
Problem type: 2gen_split2 - 8/20
trial 1 of 10...

=== PROMPT ===

Use the following alphabet to guess the missing piece.

a b g z y w m h i r k d t s j e o f l u v p n x q c

Note that the alphabet may be in an unfamiliar order. Complete the pattern using this order.

[y w h m i] [y w m h i]
[s x j x e x o x f x l x p x v x u x] [ ? ]

First, describe 3 relevant exemplars that are distinct from this problem. Then give the final answer. Answer with only the examples and the final answer with no further explanation. Put your final answer between double brackets.


--- TARGET LETTERS ---

['s', 'x', 'j', 'x', 'e', 'x', 'o', 'x', 'f', 'x', 'l', 'x', 'u', 'x', 'v', 'x', 'p', 'x']
Full Qwen output: Example1: [a b c d e] [a b c d e]  
Example2: [x y z a b] [x y z a b]  
Example3: [m n o p q] [m n o p q]  

[[s x j x e x o x f x l x p x v x u x] [s x j x e x o x f x l x p x v x u x]]
Filtered Qwen output: s x j x e x o x f x l x p x v x u x] [s x j x e x o x f x l x p x v x u x
trial 2 of 10...
trial 3 of 10...
trial 4 of 10...
trial 5 of 10...
trial 6 of 10...
trial 7 of 10...
trial 8 of 10...
trial 9 of 10...
trial 10 of 10...
Problem type: 2gen_split3 - 9/20
trial 1 of 10...

=== PROMPT ===

Use the following alphabet to guess the missing piece.

a b g z y w m h i r k d t s j e o f l u v p n x q c

Note that the alphabet may be in an unfamiliar order. Complete the pattern using this order.

[e o f l] [j o f l]
[o o x x f f x x l l x x u u x x] [ ? ]

First, describe 3 relevant exemplars that are distinct from this problem. Then give the final answer. Answer with only the examples and the final answer with no further explanation. Put your final answer between double brackets.


--- TARGET LETTERS ---

['e', 'e', 'x', 'x', 'f', 'f', 'x', 'x', 'l', 'l', 'x', 'x', 'u', 'u', 'x', 'x']
Full Qwen output: 1. cat : dog :: bird : ?  
2. apple : fruit :: car : ?  
3. north : south :: east : ?  

[[o o x x f f x x l l x x u u x x] [o o x x f f x x l l x x u u x x]]
Filtered Qwen output: o o x x f f x x l l x x u u x x] [o o x x f f x x l l x x u u x x
trial 2 of 10...
trial 3 of 10...
trial 4 of 10...
trial 5 of 10...
trial 6 of 10...
trial 7 of 10...
trial 8 of 10...
trial 9 of 10...
trial 10 of 10...
Problem type: 2gen_split4 - 10/20
trial 1 of 10...

=== PROMPT ===

Use the following alphabet to guess the missing piece.

a b g z y w m h i r k d t s j e o f l u v p n x q c

Note that the alphabet may be in an unfamiliar order. Complete the pattern using this order.

[u v p f x] [u v p n x]
[q q r r i i h h m m] [ ? ]

First, describe 3 relevant exemplars that are distinct from this problem. Then give the final answer. Answer with only the examples and the final answer with no further explanation. Put your final answer between double brackets.


--- TARGET LETTERS ---

['k', 'k', 'r', 'r', 'i', 'i', 'h', 'h', 'm', 'm']
Full Qwen output: 1. cat dog bird  
2. red blue green  
3. apple banana orange  

[[q q r r e e h h m m]]
Filtered Qwen output: q q r r e e h h m m
trial 2 of 10...
trial 3 of 10...
trial 4 of 10...
trial 5 of 10...
trial 6 of 10...
trial 7 of 10...
trial 8 of 10...
trial 9 of 10...
trial 10 of 10...
Problem type: 2gen_split5 - 11/20
trial 1 of 10...

=== PROMPT ===

Use the following alphabet to guess the missing piece.

a b g z y w m h i r k d t s j e o f l u v p n x q c

Note that the alphabet may be in an unfamiliar order. Complete the pattern using this order.

[v p n x] [v p n x q]
[x x n x p x v x] [ ? ]

First, describe 3 relevant exemplars that are distinct from this problem. Then give the final answer. Answer with only the examples and the final answer with no further explanation. Put your final answer between double brackets.


--- TARGET LETTERS ---

['x', 'x', 'n', 'x', 'p', 'x', 'v', 'x', 'u', 'x']
Full Qwen output: 1. cat dog bird  
2. red blue green  
3. apple banana orange  

[[x x n x p x v x q]]
Filtered Qwen output: x x n x p x v x q
trial 2 of 10...
trial 3 of 10...
trial 4 of 10...
trial 5 of 10...
trial 6 of 10...
trial 7 of 10...
trial 8 of 10...
trial 9 of 10...
trial 10 of 10...
Problem type: 2gen_split6 - 12/20
trial 1 of 10...

=== PROMPT ===

Use the following alphabet to guess the missing piece.

a b g z y w m h i r k d t s j e o f l u v p n x q c

Note that the alphabet may be in an unfamiliar order. Complete the pattern using this order.

[s j e o] [t j e o]
[w w m m h h i i r r k k d d t t] [ ? ]

First, describe 3 relevant exemplars that are distinct from this problem. Then give the final answer. Answer with only the examples and the final answer with no further explanation. Put your final answer between double brackets.


--- TARGET LETTERS ---

['y', 'y', 'm', 'm', 'h', 'h', 'i', 'i', 'r', 'r', 'k', 'k', 'd', 'd', 't', 't']
Full Qwen output: 1. cat dog bird  
2. red blue green  
3. apple banana orange  

[[w w m m h h i i r r k k d d t t s s j j e e o o]]
Filtered Qwen output: w w m m h h i i r r k k d d t t s s j j e e o o
trial 2 of 10...
trial 3 of 10...
trial 4 of 10...
trial 5 of 10...
trial 6 of 10...
trial 7 of 10...
trial 8 of 10...
trial 9 of 10...
trial 10 of 10...
Problem type: 2gensplit7 - 13/20
trial 1 of 10...

=== PROMPT ===

Use the following alphabet to guess the missing piece.

a b g z y w m h i r k d t s j e o f l u v p n x q c

Note that the alphabet may be in an unfamiliar order. Complete the pattern using this order.

[y w m h] [y w m i]
[21 0 22 0 23 0 24 0] [ ? ]

First, describe 3 relevant exemplars that are distinct from this problem. Then give the final answer. Answer with only the examples and the final answer with no further explanation. Put your final answer between double brackets.


--- TARGET LETTERS ---

[np.int64(21), '0', np.int64(22), '0', np.int64(23), '0', np.int64(25), '0']
Full Qwen output: Example 1: [a b c d] [a b c e]  
Example 2: [x y z a] [x y z b]  
Example 3: [p q r s] [p q r t]  

[[y w m h] [y w m i] [21 0 22 0 23 0 24 0] [21 0 22 0 23 0 25 0]]
Filtered Qwen output: y w m h] [y w m i] [21 0 22 0 23 0 24 0] [21 0 22 0 23 0 25 0
trial 2 of 10...
trial 3 of 10...
trial 4 of 10...
trial 5 of 10...
trial 6 of 10...
trial 7 of 10...
trial 8 of 10...
trial 9 of 10...
trial 10 of 10...
Problem type: 3gen_split1 - 14/20
trial 1 of 10...

=== PROMPT ===

Use the following alphabet to guess the missing piece.

a b g z y w m h i r k d t s j e o f l u v p n x q c

Note that the alphabet may be in an unfamiliar order. Complete the pattern using this order.

[d t s j] [d t s e]
[r x d x s x e x f x u x p x x x] [ ? ]

First, describe 3 relevant exemplars that are distinct from this problem. Then give the final answer. Answer with only the examples and the final answer with no further explanation. Put your final answer between double brackets.


--- TARGET LETTERS ---

['r', 'x', 'd', 'x', 's', 'x', 'e', 'x', 'f', 'x', 'u', 'x', 'p', 'x', 'c', 'x']
Full Qwen output: Example1: [a b c d] [a b c e]  
Example2: [x y z a] [x y z b]  
Example3: [m n o p] [m n o q]  

[[r x d x s x e x f x u x p x x x] [r x d x s x e x f x u x p x x x x]]
Filtered Qwen output: r x d x s x e x f x u x p x x x] [r x d x s x e x f x u x p x x x x
trial 2 of 10...
trial 3 of 10...
trial 4 of 10...
trial 5 of 10...
trial 6 of 10...
trial 7 of 10...
trial 8 of 10...
trial 9 of 10...
trial 10 of 10...
Problem type: 3gen_split2 - 15/20
trial 1 of 10...

=== PROMPT ===

Use the following alphabet to guess the missing piece.

a b g z y w m h i r k d t s j e o f l u v p n x q c

Note that the alphabet may be in an unfamiliar order. Complete the pattern using this order.

[k d t s] [k d t s j]
[4 0 6 0 8 0 10 0] [ ? ]

First, describe 3 relevant exemplars that are distinct from this problem. Then give the final answer. Answer with only the examples and the final answer with no further explanation. Put your final answer between double brackets.


--- TARGET LETTERS ---

[np.int64(4), '0', np.int64(6), '0', np.int64(8), '0', np.int64(10), '0', np.int64(12), '0']
Full Qwen output: 1. cat : dog :: bird : ?  
2. apple : fruit :: car : ?  
3. north : south :: east : ?  

[[k d t s j e]]
Filtered Qwen output: k d t s j e
trial 2 of 10...
trial 3 of 10...
trial 4 of 10...
trial 5 of 10...
trial 6 of 10...
trial 7 of 10...
trial 8 of 10...
trial 9 of 10...
trial 10 of 10...
Problem type: 3gen_split3 - 16/20
trial 1 of 10...

=== PROMPT ===

Use the following alphabet to guess the missing piece.

a b g z y w m h i r k d t s j e o f l u v p n x q c

Note that the alphabet may be in an unfamiliar order. Complete the pattern using this order.

[k d t s] [k d t s j]
[r r x x i i x x h h x x m m x x] [ ? ]

First, describe 3 relevant exemplars that are distinct from this problem. Then give the final answer. Answer with only the examples and the final answer with no further explanation. Put your final answer between double brackets.


--- TARGET LETTERS ---

['r', 'r', 'x', 'x', 'i', 'i', 'x', 'x', 'h', 'h', 'x', 'x', 'm', 'm', 'x', 'x', 'w', 'w', 'x', 'x']
Full Qwen output: 1. cat : dog :: bird : ?  
2. apple : fruit :: car : ?  
3. north : south :: east : ?  

[[r r x x i i x x h h x x m m x x j j x x k k x x d d x x t t x x s s x x]]
Filtered Qwen output: r r x x i i x x h h x x m m x x j j x x k k x x d d x x t t x x s s x x
trial 2 of 10...
trial 3 of 10...
trial 4 of 10...
trial 5 of 10...
trial 6 of 10...
trial 7 of 10...
trial 8 of 10...
trial 9 of 10...
trial 10 of 10...
Problem type: 3gen_split4 - 17/20
trial 1 of 10...

=== PROMPT ===

Use the following alphabet to guess the missing piece.

a b g z y w m h i r k d t s j e o f l u v p n x q c

Note that the alphabet may be in an unfamiliar order. Complete the pattern using this order.

[o x l u v] [o f l u v]
[8 0 7 0 6 0 14 0 4 0] [ ? ]

First, describe 3 relevant exemplars that are distinct from this problem. Then give the final answer. Answer with only the examples and the final answer with no further explanation. Put your final answer between double brackets.


--- TARGET LETTERS ---

[np.int64(8), '0', np.int64(7), '0', np.int64(6), '0', np.int64(5), '0', np.int64(4), '0']
Full Qwen output: Example 1: [a b c d e] [a c e g i]  
Example 2: [1 2 3 4 5] [1 3 5 7 9]  
Example 3: [m o n d a y] [t u e s d a y]  

[[o f l u v]]
Filtered Qwen output: o f l u v
trial 2 of 10...
trial 3 of 10...
trial 4 of 10...
trial 5 of 10...
trial 6 of 10...
trial 7 of 10...
trial 8 of 10...
trial 9 of 10...
trial 10 of 10...
Problem type: 3gen_split5 - 18/20
trial 1 of 10...

=== PROMPT ===

Use the following alphabet to guess the missing piece.

a b g z y w m h i r k d t s j e o f l u v p n x q c

Note that the alphabet may be in an unfamiliar order. Complete the pattern using this order.

[h i r k] [h i r d]
[u u f f e e s s] [ ? ]

First, describe 3 relevant exemplars that are distinct from this problem. Then give the final answer. Answer with only the examples and the final answer with no further explanation. Put your final answer between double brackets.


--- TARGET LETTERS ---

['u', 'u', 'f', 'f', 'e', 'e', 'd', 'd']
Full Qwen output: Example 1: [a b c d] [a b c e]  
Example 2: [x y z a] [x y z b]  
Example 3: [p q r s] [p q r t]  

[[u u f f e e s s] [u u f f e e s d]]
Filtered Qwen output: u u f f e e s s] [u u f f e e s d
trial 2 of 10...
trial 3 of 10...
trial 4 of 10...
trial 5 of 10...
trial 6 of 10...
trial 7 of 10...
trial 8 of 10...
trial 9 of 10...
trial 10 of 10...
Problem type: 3gen_split6 - 19/20
trial 1 of 10...

=== PROMPT ===

Use the following alphabet to guess the missing piece.

a b g z y w m h i r k d t s j e o f l u v p n x q c

Note that the alphabet may be in an unfamiliar order. Complete the pattern using this order.

[j e o f] [s e o f]
[k k t t j j o o l l v v n n q q] [ ? ]

First, describe 3 relevant exemplars that are distinct from this problem. Then give the final answer. Answer with only the examples and the final answer with no further explanation. Put your final answer between double brackets.


--- TARGET LETTERS ---

['i', 'i', 't', 't', 'j', 'j', 'o', 'o', 'l', 'l', 'v', 'v', 'n', 'n', 'q', 'q']
Full Qwen output: 1. cat dog bird  
2. red blue green  
3. apple banana orange  

[[k k t t j j o o l l v v n n q q] [k k t t j j o o l l v v n n q q]]
Filtered Qwen output: k k t t j j o o l l v v n n q q] [k k t t j j o o l l v v n n q q
trial 2 of 10...
trial 3 of 10...
trial 4 of 10...
trial 5 of 10...
trial 6 of 10...
trial 7 of 10...
trial 8 of 10...
trial 9 of 10...
trial 10 of 10...
Problem type: 3gensplit7 - 20/20
trial 1 of 10...

=== PROMPT ===

Use the following alphabet to guess the missing piece.

a b g z y w m h i r k d t s j e o f l u v p n x q c

Note that the alphabet may be in an unfamiliar order. Complete the pattern using this order.

[s j e o] [t j e o]
[23 23 0 0 24 24 0 0 25 25 0 0 26 26 0 0] [ ? ]

First, describe 3 relevant exemplars that are distinct from this problem. Then give the final answer. Answer with only the examples and the final answer with no further explanation. Put your final answer between double brackets.


--- TARGET LETTERS ---

[np.int64(22), np.int64(22), '0', '0', np.int64(24), np.int64(24), '0', '0', np.int64(25), np.int64(25), '0', '0', np.int64(26), np.int64(26), '0', '0']
Full Qwen output: Example 1: [a b c d] [e f g h]  
Example 2: [x y z a] [b c d e]  
Example 3: [m n o p] [q r s t]  

[[s j e o] [t j e o]]  
[[23 23 0 0 24 24 0 0 25 25 0 0 26 26 0 0] [27 27 0 0]]
Filtered Qwen output: s j e o] [t j e o
trial 2 of 10...
trial 3 of 10...
trial 4 of 10...
trial 5 of 10...
trial 6 of 10...
trial 7 of 10...
trial 8 of 10...
trial 9 of 10...
trial 10 of 10...
alph_2
b n f m p g h w i q e d l y s o c k a t u v r x j z
Problem type: larger_int - 1/20
trial 1 of 10...

=== PROMPT ===

Use the following alphabet to guess the missing piece.

b n f m p g h w i q e d l y s o c k a t u v r x j z

Note that the alphabet may be in an unfamiliar order. Complete the pattern using this order.

[n f m p] [n f m p g]
[q d y o] [ ? ]

First, describe 3 relevant exemplars that are distinct from this problem. Then give the final answer. Answer with only the examples and the final answer with no further explanation. Put your final answer between double brackets.


--- TARGET LETTERS ---

['q', 'd', 'y', 'o', 'k']
Full Qwen output: 1. cat dog bird  
2. red blue green  
3. apple banana orange  

[[q d y o c]]
Filtered Qwen output: q d y o c
trial 2 of 10...
trial 3 of 10...
trial 4 of 10...
trial 5 of 10...
trial 6 of 10...
trial 7 of 10...
trial 8 of 10...
trial 9 of 10...
trial 10 of 10...
Problem type: longer_targ - 2/20
trial 1 of 10...

=== PROMPT ===

Use the following alphabet to guess the missing piece.

b n f m p g h w i q e d l y s o c k a t u v r x j z

Note that the alphabet may be in an unfamiliar order. Complete the pattern using this order.

[l y s o] [l y s c]
[c k a t u v r x] [ ? ]

First, describe 3 relevant exemplars that are distinct from this problem. Then give the final answer. Answer with only the examples and the final answer with no further explanation. Put your final answer between double brackets.


--- TARGET LETTERS ---

['c', 'k', 'a', 't', 'u', 'v', 'r', 'j']
Full Qwen output: Example 1: [a b c d] [a b c e]  
Example 2: [x y z a] [x y z b]  
Example 3: [p q r s] [p q r t]  

[[c k a t u v r x] [c k a t u v r y]]
Filtered Qwen output: c k a t u v r x] [c k a t u v r y
trial 2 of 10...
trial 3 of 10...
trial 4 of 10...
trial 5 of 10...
trial 6 of 10...
trial 7 of 10...
trial 8 of 10...
trial 9 of 10...
trial 10 of 10...
Problem type: group - 3/20
trial 1 of 10...

=== PROMPT ===

Use the following alphabet to guess the missing piece.

b n f m p g h w i q e d l y s o c k a t u v r x j z

Note that the alphabet may be in an unfamiliar order. Complete the pattern using this order.

[m p g h] [m p g h w]
[t t u u v v r r] [ ? ]

First, describe 3 relevant exemplars that are distinct from this problem. Then give the final answer. Answer with only the examples and the final answer with no further explanation. Put your final answer between double brackets.


--- TARGET LETTERS ---

['t', 't', 'u', 'u', 'v', 'v', 'r', 'r', 'x', 'x']
Full Qwen output: 1. cat dog bird  
2. red blue green  
3. apple banana orange  

[[t t u u v v r r x x y y z z]]
Filtered Qwen output: t t u u v v r r x x y y z z
trial 2 of 10...
trial 3 of 10...
trial 4 of 10...
trial 5 of 10...
trial 6 of 10...
trial 7 of 10...
trial 8 of 10...
trial 9 of 10...
trial 10 of 10...
Problem type: interleaved - 4/20
trial 1 of 10...

=== PROMPT ===

Use the following alphabet to guess the missing piece.

b n f m p g h w i q e d l y s o c k a t u v r x j z

Note that the alphabet may be in an unfamiliar order. Complete the pattern using this order.

[i q e h l] [i q e d l]
[u x v x r x x x m x] [ ? ]

First, describe 3 relevant exemplars that are distinct from this problem. Then give the final answer. Answer with only the examples and the final answer with no further explanation. Put your final answer between double brackets.


--- TARGET LETTERS ---

['u', 'x', 'v', 'x', 'r', 'x', 'x', 'x', 'j', 'x']
Full Qwen output: Example 1: [a b c d e] [a b c d f]  
Example 2: [p q r s t] [p q r s u]  
Example 3: [m n o p q] [m n o p r]  

[[u x v x r x x x m x] [u x v x r x x x m y]]
Filtered Qwen output: u x v x r x x x m x] [u x v x r x x x m y
trial 2 of 10...
trial 3 of 10...
trial 4 of 10...
trial 5 of 10...
trial 6 of 10...
trial 7 of 10...
trial 8 of 10...
trial 9 of 10...
trial 10 of 10...
Problem type: letter2num - 5/20
trial 1 of 10...

=== PROMPT ===

Use the following alphabet to guess the missing piece.

b n f m p g h w i q e d l y s o c k a t u v r x j z

Note that the alphabet may be in an unfamiliar order. Complete the pattern using this order.

[e d l y] [e d l s]
[1 2 3 4] [ ? ]

First, describe 3 relevant exemplars that are distinct from this problem. Then give the final answer. Answer with only the examples and the final answer with no further explanation. Put your final answer between double brackets.


--- TARGET LETTERS ---

[np.int64(1), np.int64(2), np.int64(3), np.int64(5)]
Full Qwen output: 1. cat dog bird  
2. red blue green  
3. apple banana orange  

[[e d l o]]
Filtered Qwen output: e d l o
trial 2 of 10...
trial 3 of 10...
trial 4 of 10...
trial 5 of 10...
trial 6 of 10...
trial 7 of 10...
trial 8 of 10...
trial 9 of 10...
trial 10 of 10...
Problem type: reverse - 6/20
trial 1 of 10...

=== PROMPT ===

Use the following alphabet to guess the missing piece.

b n f m p g h w i q e d l y s o c k a t u v r x j z

Note that the alphabet may be in an unfamiliar order. Complete the pattern using this order.

[s o o c k a] [s o c k a]
[i w h g p p] [ ? ]

First, describe 3 relevant exemplars that are distinct from this problem. Then give the final answer. Answer with only the examples and the final answer with no further explanation. Put your final answer between double brackets.


--- TARGET LETTERS ---

['i', 'w', 'h', 'g', 'p']
Full Qwen output: 1. [h e l l o] [h e l o]  
2. [b a t m a n] [b a n]  
3. [c a t s] [c a s]  

[[i w h g p]]
Filtered Qwen output: i w h g p
trial 2 of 10...
trial 3 of 10...
trial 4 of 10...
trial 5 of 10...
trial 6 of 10...
trial 7 of 10...
trial 8 of 10...
trial 9 of 10...
trial 10 of 10...
Problem type: 2gen_split1 - 7/20
trial 1 of 10...

=== PROMPT ===

Use the following alphabet to guess the missing piece.

b n f m p g h w i q e d l y s o c k a t u v r x j z

Note that the alphabet may be in an unfamiliar order. Complete the pattern using this order.

[g h w b q] [g h w i q]
[i i e e l l o o c c] [ ? ]

First, describe 3 relevant exemplars that are distinct from this problem. Then give the final answer. Answer with only the examples and the final answer with no further explanation. Put your final answer between double brackets.


--- TARGET LETTERS ---

['i', 'i', 'e', 'e', 'l', 'l', 's', 's', 'c', 'c']
Full Qwen output: 1. cat dog bird  
2. red blue green  
3. apple banana orange  

[[i i e e l l o o c c] [i i e e l l o o c c]]
Filtered Qwen output: i i e e l l o o c c] [i i e e l l o o c c
trial 2 of 10...
trial 3 of 10...
trial 4 of 10...
trial 5 of 10...
trial 6 of 10...
trial 7 of 10...
trial 8 of 10...
trial 9 of 10...
trial 10 of 10...
Problem type: 2gen_split2 - 8/20
trial 1 of 10...

=== PROMPT ===

Use the following alphabet to guess the missing piece.

b n f m p g h w i q e d l y s o c k a t u v r x j z

Note that the alphabet may be in an unfamiliar order. Complete the pattern using this order.

[g n f m p] [b n f m p]
[g g p p m m y y n n] [ ? ]

First, describe 3 relevant exemplars that are distinct from this problem. Then give the final answer. Answer with only the examples and the final answer with no further explanation. Put your final answer between double brackets.


--- TARGET LETTERS ---

['g', 'g', 'p', 'p', 'm', 'm', 'f', 'f', 'n', 'n']
Full Qwen output: 1. cat dog bird  
2. red blue green  
3. apple banana orange  

[[g g p p m m y y n n] [g g p p m m y y n n]]
Filtered Qwen output: g g p p m m y y n n] [g g p p m m y y n n
trial 2 of 10...
trial 3 of 10...
trial 4 of 10...
trial 5 of 10...
trial 6 of 10...
trial 7 of 10...
trial 8 of 10...
trial 9 of 10...
trial 10 of 10...
Problem type: 2gen_split3 - 9/20
trial 1 of 10...

=== PROMPT ===

Use the following alphabet to guess the missing piece.

b n f m p g h w i q e d l y s o c k a t u v r x j z

Note that the alphabet may be in an unfamiliar order. Complete the pattern using this order.

[b n f m] [b n f p]
[d x l x y x s x o x c x k x a x] [ ? ]

First, describe 3 relevant exemplars that are distinct from this problem. Then give the final answer. Answer with only the examples and the final answer with no further explanation. Put your final answer between double brackets.


--- TARGET LETTERS ---

['d', 'x', 'l', 'x', 'y', 'x', 's', 'x', 'o', 'x', 'c', 'x', 'k', 'x', 't', 'x']
Full Qwen output: 1. cat dog bird  
2. red blue green  
3. apple banana orange  

[[d x l x y x s x o x c x k x a x x]]
Filtered Qwen output: d x l x y x s x o x c x k x a x x
trial 2 of 10...
trial 3 of 10...
trial 4 of 10...
trial 5 of 10...
trial 6 of 10...
trial 7 of 10...
trial 8 of 10...
trial 9 of 10...
trial 10 of 10...
Problem type: 2gen_split4 - 10/20
trial 1 of 10...

=== PROMPT ===

Use the following alphabet to guess the missing piece.

b n f m p g h w i q e d l y s o c k a t u v r x j z

Note that the alphabet may be in an unfamiliar order. Complete the pattern using this order.

[m p g g h w] [m p g h w]
[s x o x c x k x a x t x u x v x r x r x] [ ? ]

First, describe 3 relevant exemplars that are distinct from this problem. Then give the final answer. Answer with only the examples and the final answer with no further explanation. Put your final answer between double brackets.


--- TARGET LETTERS ---

['s', 'x', 'o', 'x', 'c', 'x', 'k', 'x', 'a', 'x', 't', 'x', 'u', 'x', 'v', 'x', 'r', 'x']
Full Qwen output: 1. cat : dog :: bird : ?  
2. apple : fruit :: carrot : ?  
3. north : south :: east : ?  

[[s x o x c x k x a x t x u x v x r x r x x]]
Filtered Qwen output: s x o x c x k x a x t x u x v x r x r x x
trial 2 of 10...
trial 3 of 10...
trial 4 of 10...
trial 5 of 10...
trial 6 of 10...
trial 7 of 10...
trial 8 of 10...
trial 9 of 10...
trial 10 of 10...
Problem type: 2gen_split5 - 11/20
trial 1 of 10...

=== PROMPT ===

Use the following alphabet to guess the missing piece.

b n f m p g h w i q e d l y s o c k a t u v r x j z

Note that the alphabet may be in an unfamiliar order. Complete the pattern using this order.

[y s o o c k] [y s o c k]
[7 7 8 8 9 9 10 10 11 11 11 11] [ ? ]

First, describe 3 relevant exemplars that are distinct from this problem. Then give the final answer. Answer with only the examples and the final answer with no further explanation. Put your final answer between double brackets.


--- TARGET LETTERS ---

[np.int64(7), np.int64(7), np.int64(8), np.int64(8), np.int64(9), np.int64(9), np.int64(10), np.int64(10), np.int64(11), np.int64(11)]
Full Qwen output: Example 1: [a b c d e f] [a b c d]  
Example 2: [1 2 3 4 5 6] [1 2 3]  
Example 3: [x y z x y z] [x y z]  

[[y s o c k]]
Filtered Qwen output: y s o c k
trial 2 of 10...
trial 3 of 10...
trial 4 of 10...
trial 5 of 10...
trial 6 of 10...
trial 7 of 10...
trial 8 of 10...
trial 9 of 10...
trial 10 of 10...
Problem type: 2gen_split6 - 12/20
trial 1 of 10...

=== PROMPT ===

Use the following alphabet to guess the missing piece.

b n f m p g h w i q e d l y s o c k a t u v r x j z

Note that the alphabet may be in an unfamiliar order. Complete the pattern using this order.

[i q e d] [w q e d]
[l s c a u r j] [ ? ]

First, describe 3 relevant exemplars that are distinct from this problem. Then give the final answer. Answer with only the examples and the final answer with no further explanation. Put your final answer between double brackets.


--- TARGET LETTERS ---

['e', 's', 'c', 'a', 'u', 'r', 'j']
Full Qwen output: Example 1: [a b c d] [e f g h]  
Example 2: [x y z a] [b c d e]  
Example 3: [m n o p] [q r s t]  

[[l s c a u r j] [l s c a u r j]]
Filtered Qwen output: l s c a u r j] [l s c a u r j
trial 2 of 10...
trial 3 of 10...
trial 4 of 10...
trial 5 of 10...
trial 6 of 10...
trial 7 of 10...
trial 8 of 10...
trial 9 of 10...
trial 10 of 10...
Problem type: 2gensplit7 - 13/20
trial 1 of 10...

=== PROMPT ===

Use the following alphabet to guess the missing piece.

b n f m p g h w i q e d l y s o c k a t u v r x j z

Note that the alphabet may be in an unfamiliar order. Complete the pattern using this order.

[n f g p m] [n f m p g]
[o d y q k t v x z] [ ? ]

First, describe 3 relevant exemplars that are distinct from this problem. Then give the final answer. Answer with only the examples and the final answer with no further explanation. Put your final answer between double brackets.


--- TARGET LETTERS ---

['q', 'd', 'y', 'o', 'k', 't', 'v', 'x', 'z']
Full Qwen output: 1. cat dog bird  
2. red blue green  
3. apple banana orange  

[[o d y q k t v x z] [o d y q k t v x z]]
Filtered Qwen output: o d y q k t v x z] [o d y q k t v x z
trial 2 of 10...
trial 3 of 10...
trial 4 of 10...
trial 5 of 10...
trial 6 of 10...
trial 7 of 10...
trial 8 of 10...
trial 9 of 10...
trial 10 of 10...
Problem type: 3gen_split1 - 14/20
trial 1 of 10...

=== PROMPT ===

Use the following alphabet to guess the missing piece.

b n f m p g h w i q e d l y s o c k a t u v r x j z

Note that the alphabet may be in an unfamiliar order. Complete the pattern using this order.

[t u v r] [t u v x]
[5 5 4 4 3 3 2 2] [ ? ]

First, describe 3 relevant exemplars that are distinct from this problem. Then give the final answer. Answer with only the examples and the final answer with no further explanation. Put your final answer between double brackets.


--- TARGET LETTERS ---

[np.int64(5), np.int64(5), np.int64(4), np.int64(4), np.int64(3), np.int64(3), np.int64(1), np.int64(1)]
Full Qwen output: 1. [a b c d] [a b c e]  
2. [1 2 3 4] [1 2 3 5]  
3. [x y z a] [x y z b]  

[[5 5 4 4 3 3 2 2] [5 5 4 4 3 3 2 3]]
Filtered Qwen output: 5 5 4 4 3 3 2 2] [5 5 4 4 3 3 2 3
trial 2 of 10...
trial 3 of 10...
trial 4 of 10...
trial 5 of 10...
trial 6 of 10...
trial 7 of 10...
trial 8 of 10...
trial 9 of 10...
trial 10 of 10...
Problem type: 3gen_split2 - 15/20
trial 1 of 10...

=== PROMPT ===

Use the following alphabet to guess the missing piece.

b n f m p g h w i q e d l y s o c k a t u v r x j z

Note that the alphabet may be in an unfamiliar order. Complete the pattern using this order.

[h w i q] [h w i q e]
[c x s x l x e x] [ ? ]

First, describe 3 relevant exemplars that are distinct from this problem. Then give the final answer. Answer with only the examples and the final answer with no further explanation. Put your final answer between double brackets.


--- TARGET LETTERS ---

['c', 'x', 's', 'x', 'l', 'x', 'e', 'x', 'i', 'x']
Full Qwen output: 1. [a b c d] [a b c d e]  
2. [x y z a] [x y z a b]  
3. [m n o p] [m n o p q]  

[[c x s x l x e x r]]
Filtered Qwen output: c x s x l x e x r
trial 2 of 10...
trial 3 of 10...
trial 4 of 10...
trial 5 of 10...
trial 6 of 10...
trial 7 of 10...
trial 8 of 10...
trial 9 of 10...
trial 10 of 10...
Problem type: 3gen_split3 - 16/20
trial 1 of 10...

=== PROMPT ===

Use the following alphabet to guess the missing piece.

b n f m p g h w i q e d l y s o c k a t u v r x j z

Note that the alphabet may be in an unfamiliar order. Complete the pattern using this order.

[c k u t a] [c k a t u]
[10 0 12 0 16 0 14 0 18 0] [ ? ]

First, describe 3 relevant exemplars that are distinct from this problem. Then give the final answer. Answer with only the examples and the final answer with no further explanation. Put your final answer between double brackets.


--- TARGET LETTERS ---

[np.int64(10), '0', np.int64(12), '0', np.int64(14), '0', np.int64(16), '0', np.int64(18), '0']
Full Qwen output: Example 1: [a b c d e] [e d c b a]  
Example 2: [x y z a b] [b a z y x]  
Example 3: [1 2 3 4 5] [5 4 3 2 1]  

[[c k a t u]]
Filtered Qwen output: c k a t u
trial 2 of 10...
trial 3 of 10...
trial 4 of 10...
trial 5 of 10...
trial 6 of 10...
trial 7 of 10...
trial 8 of 10...
trial 9 of 10...
trial 10 of 10...
Problem type: 3gen_split4 - 17/20
trial 1 of 10...

=== PROMPT ===

Use the following alphabet to guess the missing piece.

b n f m p g h w i q e d l y s o c k a t u v r x j z

Note that the alphabet may be in an unfamiliar order. Complete the pattern using this order.

[g h w i] [p h w i]
[11 11 0 0 12 12 0 0 13 13 0 0 14 14 0 0] [ ? ]

First, describe 3 relevant exemplars that are distinct from this problem. Then give the final answer. Answer with only the examples and the final answer with no further explanation. Put your final answer between double brackets.


--- TARGET LETTERS ---

[np.int64(10), np.int64(10), '0', '0', np.int64(12), np.int64(12), '0', '0', np.int64(13), np.int64(13), '0', '0', np.int64(14), np.int64(14), '0', '0']
Full Qwen output: Example 1: [a b c d] [e f g h]  
Example 2: [x y z a] [b c d e]  
Example 3: [m n o p] [q r s t]  

[[q h w i]]
Filtered Qwen output: q h w i
trial 2 of 10...
trial 3 of 10...
trial 4 of 10...
trial 5 of 10...
trial 6 of 10...
trial 7 of 10...
trial 8 of 10...
trial 9 of 10...
trial 10 of 10...
Problem type: 3gen_split5 - 18/20
trial 1 of 10...

=== PROMPT ===

Use the following alphabet to guess the missing piece.

b n f m p g h w i q e d l y s o c k a t u v r x j z

Note that the alphabet may be in an unfamiliar order. Complete the pattern using this order.

[r x j z] [v x j z]
[d d q q w w g g] [ ? ]

First, describe 3 relevant exemplars that are distinct from this problem. Then give the final answer. Answer with only the examples and the final answer with no further explanation. Put your final answer between double brackets.


--- TARGET LETTERS ---

['y', 'y', 'q', 'q', 'w', 'w', 'g', 'g']
Full Qwen output: 1. [a b c d] [e f g h]  
2. [x y z a] [b c d e]  
3. [m n o p] [q r s t]  

[[d d q q w w g g] [d d q q w w g g]]
Filtered Qwen output: d d q q w w g g] [d d q q w w g g
trial 2 of 10...
trial 3 of 10...
trial 4 of 10...
trial 5 of 10...
trial 6 of 10...
trial 7 of 10...
trial 8 of 10...
trial 9 of 10...
trial 10 of 10...
Problem type: 3gen_split6 - 19/20
trial 1 of 10...

=== PROMPT ===

Use the following alphabet to guess the missing piece.

b n f m p g h w i q e d l y s o c k a t u v r x j z

Note that the alphabet may be in an unfamiliar order. Complete the pattern using this order.

[a t g v r] [a t u v r]
[f f x x p p x x r r x x i i x x e e x x] [ ? ]

First, describe 3 relevant exemplars that are distinct from this problem. Then give the final answer. Answer with only the examples and the final answer with no further explanation. Put your final answer between double brackets.


--- TARGET LETTERS ---

['f', 'f', 'x', 'x', 'p', 'p', 'x', 'x', 'h', 'h', 'x', 'x', 'i', 'i', 'x', 'x', 'e', 'e', 'x', 'x']
Full Qwen output: 1. [a b c d e] [a b c d e]  
2. [x y z a b] [x y z a b]  
3. [m n o p q] [m n o p q]  

[[f f x x p p x x r r x x i i x x e e x x]]
Filtered Qwen output: f f x x p p x x r r x x i i x x e e x x
trial 2 of 10...
trial 3 of 10...
trial 4 of 10...
trial 5 of 10...
trial 6 of 10...
trial 7 of 10...
trial 8 of 10...
trial 9 of 10...
trial 10 of 10...
Problem type: 3gensplit7 - 20/20
trial 1 of 10...

=== PROMPT ===

Use the following alphabet to guess the missing piece.

b n f m p g h w i q e d l y s o c k a t u v r x j z

Note that the alphabet may be in an unfamiliar order. Complete the pattern using this order.

[r x j z] [v x j z]
[h h x x i i x x e e x x l l x x] [ ? ]

First, describe 3 relevant exemplars that are distinct from this problem. Then give the final answer. Answer with only the examples and the final answer with no further explanation. Put your final answer between double brackets.


--- TARGET LETTERS ---

['p', 'p', 'x', 'x', 'i', 'i', 'x', 'x', 'e', 'e', 'x', 'x', 'l', 'l', 'x', 'x']
Full Qwen output: 1. [a b c d] [e f g h]  
2. [x y z a] [b c d e]  
3. [m n o p] [q r s t]  

[[h h x x i i x x e e x x l l x x] [h h x x i i x x e e x x l l x x]]
Filtered Qwen output: h h x x i i x x e e x x l l x x] [h h x x i i x x e e x x l l x x
trial 2 of 10...
trial 3 of 10...
trial 4 of 10...
trial 5 of 10...
trial 6 of 10...
trial 7 of 10...
trial 8 of 10...
trial 9 of 10...
trial 10 of 10...
alph_3
i b s d f z v h t c r l o g e p w j m x u q n y a k
Problem type: larger_int - 1/20
trial 1 of 10...

=== PROMPT ===

Use the following alphabet to guess the missing piece.

i b s d f z v h t c r l o g e p w j m x u q n y a k

Note that the alphabet may be in an unfamiliar order. Complete the pattern using this order.

[j m x u] [j m x q]
[v t r o] [ ? ]

First, describe 3 relevant exemplars that are distinct from this problem. Then give the final answer. Answer with only the examples and the final answer with no further explanation. Put your final answer between double brackets.


--- TARGET LETTERS ---

['v', 't', 'r', 'e']
Full Qwen output: 1. [a b c d] [a b c e]  
2. [p q r s] [p q r t]  
3. [x y z a] [x y z b]  

[[v t r g]]
Filtered Qwen output: v t r g
trial 2 of 10...
trial 3 of 10...
trial 4 of 10...
trial 5 of 10...
trial 6 of 10...
trial 7 of 10...
trial 8 of 10...
trial 9 of 10...
trial 10 of 10...
Problem type: longer_targ - 2/20
trial 1 of 10...

=== PROMPT ===

Use the following alphabet to guess the missing piece.

i b s d f z v h t c r l o g e p w j m x u q n y a k

Note that the alphabet may be in an unfamiliar order. Complete the pattern using this order.

[p e g w j] [g e p w j]
[h b s d f z v i t] [ ? ]

First, describe 3 relevant exemplars that are distinct from this problem. Then give the final answer. Answer with only the examples and the final answer with no further explanation. Put your final answer between double brackets.


--- TARGET LETTERS ---

['i', 'b', 's', 'd', 'f', 'z', 'v', 'h', 't']
Full Qwen output: 1. [a b c d e] [b c d e f]  
2. [x y z a b] [y z a b c]  
3. [m n o p q] [n o p q r]  

[[b s d f z]]
Filtered Qwen output: b s d f z
trial 2 of 10...
trial 3 of 10...
trial 4 of 10...
trial 5 of 10...
trial 6 of 10...
trial 7 of 10...
trial 8 of 10...
trial 9 of 10...
trial 10 of 10...
Problem type: group - 3/20
trial 1 of 10...

=== PROMPT ===

Use the following alphabet to guess the missing piece.

i b s d f z v h t c r l o g e p w j m x u q n y a k

Note that the alphabet may be in an unfamiliar order. Complete the pattern using this order.

[q n y a] [q n y a k]
[o o g g e e p p] [ ? ]

First, describe 3 relevant exemplars that are distinct from this problem. Then give the final answer. Answer with only the examples and the final answer with no further explanation. Put your final answer between double brackets.


--- TARGET LETTERS ---

['o', 'o', 'g', 'g', 'e', 'e', 'p', 'p', 'w', 'w']
Full Qwen output: 1. [a b c d] [a b c d e]  
2. [x y z] [x y z a b]  
3. [m n o p] [m n o p q]  

[[o o g g e e p p w w j j m m x x u u q q n n y y a a k k]]
Filtered Qwen output: o o g g e e p p w w j j m m x x u u q q n n y y a a k k
trial 2 of 10...
trial 3 of 10...
trial 4 of 10...
trial 5 of 10...
trial 6 of 10...
trial 7 of 10...
trial 8 of 10...
trial 9 of 10...
trial 10 of 10...
Problem type: interleaved - 4/20
trial 1 of 10...

=== PROMPT ===

Use the following alphabet to guess the missing piece.

i b s d f z v h t c r l o g e p w j m x u q n y a k

Note that the alphabet may be in an unfamiliar order. Complete the pattern using this order.

[q n y a] [q n y k]
[i x b x s x d x] [ ? ]

First, describe 3 relevant exemplars that are distinct from this problem. Then give the final answer. Answer with only the examples and the final answer with no further explanation. Put your final answer between double brackets.


--- TARGET LETTERS ---

['i', 'x', 'b', 'x', 's', 'x', 'f', 'x']
Full Qwen output: 1. [a b c d] [a b c e]  
2. [x y z a] [x y z b]  
3. [p q r s] [p q r t]  

[[i x b x s x d x] [i x b x s x d x k]]
Filtered Qwen output: i x b x s x d x] [i x b x s x d x k
trial 2 of 10...
trial 3 of 10...
trial 4 of 10...
trial 5 of 10...
trial 6 of 10...
trial 7 of 10...
trial 8 of 10...
trial 9 of 10...
trial 10 of 10...
Problem type: letter2num - 5/20
trial 1 of 10...

=== PROMPT ===

Use the following alphabet to guess the missing piece.

i b s d f z v h t c r l o g e p w j m x u q n y a k

Note that the alphabet may be in an unfamiliar order. Complete the pattern using this order.

[u q n y] [u q n y a]
[1 2 3 4] [ ? ]

First, describe 3 relevant exemplars that are distinct from this problem. Then give the final answer. Answer with only the examples and the final answer with no further explanation. Put your final answer between double brackets.


--- TARGET LETTERS ---

[np.int64(1), np.int64(2), np.int64(3), np.int64(4), np.int64(5)]
Full Qwen output: 1. cat dog bird  
2. red blue green  
3. apple banana orange  

[[a k]]
Filtered Qwen output: a k
trial 2 of 10...
trial 3 of 10...
trial 4 of 10...
trial 5 of 10...
trial 6 of 10...
trial 7 of 10...
trial 8 of 10...
trial 9 of 10...
trial 10 of 10...
Problem type: reverse - 6/20
trial 1 of 10...

=== PROMPT ===

Use the following alphabet to guess the missing piece.

i b s d f z v h t c r l o g e p w j m x u q n y a k

Note that the alphabet may be in an unfamiliar order. Complete the pattern using this order.

[i b s c f] [i b s d f]
[t h v z j] [ ? ]

First, describe 3 relevant exemplars that are distinct from this problem. Then give the final answer. Answer with only the examples and the final answer with no further explanation. Put your final answer between double brackets.


--- TARGET LETTERS ---

['t', 'h', 'v', 'z', 'f']
Full Qwen output: 1. [a b c d e] [a b c d f]  
2. [x y z a b] [x y z a c]  
3. [p q r s t] [p q r s u]  

[[t h v z k]]
Filtered Qwen output: t h v z k
trial 2 of 10...
trial 3 of 10...
trial 4 of 10...
trial 5 of 10...
trial 6 of 10...
trial 7 of 10...
trial 8 of 10...
trial 9 of 10...
trial 10 of 10...
Problem type: 2gen_split1 - 7/20
trial 1 of 10...

=== PROMPT ===

Use the following alphabet to guess the missing piece.

i b s d f z v h t c r l o g e p w j m x u q n y a k

Note that the alphabet may be in an unfamiliar order. Complete the pattern using this order.

[i b s d v] [i b s d f]
[v x t x d x o x e x] [ ? ]

First, describe 3 relevant exemplars that are distinct from this problem. Then give the final answer. Answer with only the examples and the final answer with no further explanation. Put your final answer between double brackets.


--- TARGET LETTERS ---

['v', 'x', 't', 'x', 'r', 'x', 'o', 'x', 'e', 'x']
Full Qwen output: Example 1: [a b c d e] [a b c d f]  
Example 2: [x y z a b] [x y z a c]  
Example 3: [m n o p q] [m n o p r]  

[[v x t x d x o x e x] [v x t x d x o x e x f]]
Filtered Qwen output: v x t x d x o x e x] [v x t x d x o x e x f
trial 2 of 10...
trial 3 of 10...
trial 4 of 10...
trial 5 of 10...
trial 6 of 10...
trial 7 of 10...
trial 8 of 10...
trial 9 of 10...
trial 10 of 10...
Problem type: 2gen_split2 - 8/20
trial 1 of 10...

=== PROMPT ===

Use the following alphabet to guess the missing piece.

i b s d f z v h t c r l o g e p w j m x u q n y a k

Note that the alphabet may be in an unfamiliar order. Complete the pattern using this order.

[h h t c r l] [h t c r l]
[e x p x w x j x j x m x x x u x q x n x] [ ? ]

First, describe 3 relevant exemplars that are distinct from this problem. Then give the final answer. Answer with only the examples and the final answer with no further explanation. Put your final answer between double brackets.


--- TARGET LETTERS ---

['e', 'x', 'p', 'x', 'w', 'x', 'j', 'x', 'm', 'x', 'x', 'x', 'u', 'x', 'q', 'x', 'n', 'x']
Full Qwen output: 1. cat : dog :: bird : ?  
2. apple : fruit :: carrot : ?  
3. north : south :: east : ?  

[[h t c r l]]
Filtered Qwen output: h t c r l
trial 2 of 10...
trial 3 of 10...
trial 4 of 10...
trial 5 of 10...
trial 6 of 10...
trial 7 of 10...
trial 8 of 10...
trial 9 of 10...
trial 10 of 10...
Problem type: 2gen_split3 - 9/20
trial 1 of 10...

=== PROMPT ===

Use the following alphabet to guess the missing piece.

i b s d f z v h t c r l o g e p w j m x u q n y a k

Note that the alphabet may be in an unfamiliar order. Complete the pattern using this order.

[b s d f z z] [b s d f z]
[i x i x b x s x d x f x z x v x h x t x] [ ? ]

First, describe 3 relevant exemplars that are distinct from this problem. Then give the final answer. Answer with only the examples and the final answer with no further explanation. Put your final answer between double brackets.


--- TARGET LETTERS ---

['i', 'x', 'b', 'x', 's', 'x', 'd', 'x', 'f', 'x', 'z', 'x', 'v', 'x', 'h', 'x', 't', 'x']
Full Qwen output: Example1: cat dog rat  
Example2: red blue green  
Example3: apple banana cherry  

[[i x i x b x s x d x f x z x v x h x t x]]
Filtered Qwen output: i x i x b x s x d x f x z x v x h x t x
trial 2 of 10...
trial 3 of 10...
trial 4 of 10...
trial 5 of 10...
trial 6 of 10...
trial 7 of 10...
trial 8 of 10...
trial 9 of 10...
trial 10 of 10...
Problem type: 2gen_split4 - 10/20
trial 1 of 10...

=== PROMPT ===

Use the following alphabet to guess the missing piece.

i b s d f z v h t c r l o g e p w j m x u q n y a k

Note that the alphabet may be in an unfamiliar order. Complete the pattern using this order.

[p w j m] [p w j x]
[e g o l r c t h] [ ? ]

First, describe 3 relevant exemplars that are distinct from this problem. Then give the final answer. Answer with only the examples and the final answer with no further explanation. Put your final answer between double brackets.


--- TARGET LETTERS ---

['e', 'g', 'o', 'l', 'r', 'c', 't', 'v']
Full Qwen output: 1. cat dog bird  
2. red blue green  
3. apple banana orange  

[[e g o l r c t x]]
Filtered Qwen output: e g o l r c t x
trial 2 of 10...
trial 3 of 10...
trial 4 of 10...
trial 5 of 10...
trial 6 of 10...
trial 7 of 10...
trial 8 of 10...
trial 9 of 10...
trial 10 of 10...
Problem type: 2gen_split5 - 11/20
trial 1 of 10...

=== PROMPT ===

Use the following alphabet to guess the missing piece.

i b s d f z v h t c r l o g e p w j m x u q n y a k

Note that the alphabet may be in an unfamiliar order. Complete the pattern using this order.

[z v h t c c] [z v h t c]
[w w j j j j m m x x u u q q n n y y a a] [ ? ]

First, describe 3 relevant exemplars that are distinct from this problem. Then give the final answer. Answer with only the examples and the final answer with no further explanation. Put your final answer between double brackets.


--- TARGET LETTERS ---

['w', 'w', 'j', 'j', 'm', 'm', 'x', 'x', 'u', 'u', 'q', 'q', 'n', 'n', 'y', 'y', 'a', 'a']
Full Qwen output: 1. cat : dog :: bird : ?  
2. apple : fruit :: carrot : ?  
3. north : south :: east : ?  

[[w w j j j j m m x x u u q q n n y y a a]]
Filtered Qwen output: w w j j j j m m x x u u q q n n y y a a
trial 2 of 10...
trial 3 of 10...
trial 4 of 10...
trial 5 of 10...
trial 6 of 10...
trial 7 of 10...
trial 8 of 10...
trial 9 of 10...
trial 10 of 10...
Problem type: 2gen_split6 - 12/20
trial 1 of 10...

=== PROMPT ===

Use the following alphabet to guess the missing piece.

i b s d f z v h t c r l o g e p w j m x u q n y a k

Note that the alphabet may be in an unfamiliar order. Complete the pattern using this order.

[e p w j] [g p w j]
[x x q x y x k x] [ ? ]

First, describe 3 relevant exemplars that are distinct from this problem. Then give the final answer. Answer with only the examples and the final answer with no further explanation. Put your final answer between double brackets.


--- TARGET LETTERS ---

['j', 'x', 'q', 'x', 'y', 'x', 'k', 'x']
Full Qwen output: 1. [a b c d] [e f g h]  
2. [m n o p] [q r s t]  
3. [z y x w] [v u t s]  

[[x x q x y x k x] [x x q x y x k x]]
Filtered Qwen output: x x q x y x k x] [x x q x y x k x
trial 2 of 10...
trial 3 of 10...
trial 4 of 10...
trial 5 of 10...
trial 6 of 10...
trial 7 of 10...
trial 8 of 10...
trial 9 of 10...
trial 10 of 10...
Problem type: 2gensplit7 - 13/20
trial 1 of 10...

=== PROMPT ===

Use the following alphabet to guess the missing piece.

i b s d f z v h t c r l o g e p w j m x u q n y a k

Note that the alphabet may be in an unfamiliar order. Complete the pattern using this order.

[r l o o g e] [r l o g e]
[18 18 19 19 19 19 20 20 21 21 22 22] [ ? ]

First, describe 3 relevant exemplars that are distinct from this problem. Then give the final answer. Answer with only the examples and the final answer with no further explanation. Put your final answer between double brackets.


--- TARGET LETTERS ---

[np.int64(18), np.int64(18), np.int64(19), np.int64(19), np.int64(20), np.int64(20), np.int64(21), np.int64(21), np.int64(22), np.int64(22)]
Full Qwen output: 1. cat dog bird  
2. red blue green  
3. apple banana orange  

[[18 18 19 19 19 19 20 20 21 21 22 22 22 22]]
Filtered Qwen output: 18 18 19 19 19 19 20 20 21 21 22 22 22 22
trial 2 of 10...
trial 3 of 10...
trial 4 of 10...
trial 5 of 10...
trial 6 of 10...
trial 7 of 10...
trial 8 of 10...
trial 9 of 10...
trial 10 of 10...
Problem type: 3gen_split1 - 14/20
trial 1 of 10...

=== PROMPT ===

Use the following alphabet to guess the missing piece.

i b s d f z v h t c r l o g e p w j m x u q n y a k

Note that the alphabet may be in an unfamiliar order. Complete the pattern using this order.

[w j m x] [w j m u]
[12 12 13 13 14 14 15 15 16 16 17 17 18 18 19 19] [ ? ]

First, describe 3 relevant exemplars that are distinct from this problem. Then give the final answer. Answer with only the examples and the final answer with no further explanation. Put your final answer between double brackets.


--- TARGET LETTERS ---

[np.int64(12), np.int64(12), np.int64(13), np.int64(13), np.int64(14), np.int64(14), np.int64(15), np.int64(15), np.int64(16), np.int64(16), np.int64(17), np.int64(17), np.int64(18), np.int64(18), np.int64(20), np.int64(20)]
Full Qwen output: Example 1: [a b c d] [a b c e]  
Example 2: [p q r s] [p q r t]  
Example 3: [m n o p] [m n o q]  

[[w j m x] [w j m u]]  
[[12 12 13 13 14 14 15 15 16 16 17 17 18 18 19 19] [12 12 13 13 14
Filtered Qwen output: w j m x] [w j m u
trial 2 of 10...
trial 3 of 10...
trial 4 of 10...
trial 5 of 10...
trial 6 of 10...
trial 7 of 10...
trial 8 of 10...
trial 9 of 10...
trial 10 of 10...
Problem type: 3gen_split2 - 15/20
trial 1 of 10...

=== PROMPT ===

Use the following alphabet to guess the missing piece.

i b s d f z v h t c r l o g e p w j m x u q n y a k

Note that the alphabet may be in an unfamiliar order. Complete the pattern using this order.

[c r l o] [c r l g]
[w e o r t v f s] [ ? ]

First, describe 3 relevant exemplars that are distinct from this problem. Then give the final answer. Answer with only the examples and the final answer with no further explanation. Put your final answer between double brackets.


--- TARGET LETTERS ---

['w', 'e', 'o', 'r', 't', 'v', 'f', 'i']
Full Qwen output: 1. cat dog bird  
2. red blue green  
3. apple banana orange  

[[w e o r t v f g]]
Filtered Qwen output: w e o r t v f g
trial 2 of 10...
trial 3 of 10...
trial 4 of 10...
trial 5 of 10...
trial 6 of 10...
trial 7 of 10...
trial 8 of 10...
trial 9 of 10...
trial 10 of 10...
Problem type: 3gen_split3 - 16/20
trial 1 of 10...

=== PROMPT ===

Use the following alphabet to guess the missing piece.

i b s d f z v h t c r l o g e p w j m x u q n y a k

Note that the alphabet may be in an unfamiliar order. Complete the pattern using this order.

[r l o g] [r l o e]
[8 0 9 0 10 0 11 0 12 0 13 0 14 0 15 0] [ ? ]

First, describe 3 relevant exemplars that are distinct from this problem. Then give the final answer. Answer with only the examples and the final answer with no further explanation. Put your final answer between double brackets.


--- TARGET LETTERS ---

[np.int64(8), '0', np.int64(9), '0', np.int64(10), '0', np.int64(11), '0', np.int64(12), '0', np.int64(13), '0', np.int64(14), '0', np.int64(16), '0']
Full Qwen output: 1. cat : dog :: bird : ?  
2. apple : fruit :: carrot : ?  
3. north : south :: east : ?  

[[r l o g] [r l o e] [8 0 9 0 10 0 11 0 12 0 13 0 14 0 15 0] [r l o g]]
Filtered Qwen output: r l o g] [r l o e] [8 0 9 0 10 0 11 0 12 0 13 0 14 0 15 0] [r l o g
trial 2 of 10...
trial 3 of 10...
trial 4 of 10...
trial 5 of 10...
trial 6 of 10...
trial 7 of 10...
trial 8 of 10...
trial 9 of 10...
trial 10 of 10...
Problem type: 3gen_split4 - 17/20
trial 1 of 10...

=== PROMPT ===

Use the following alphabet to guess the missing piece.

i b s d f z v h t c r l o g e p w j m x u q n y a k

Note that the alphabet may be in an unfamiliar order. Complete the pattern using this order.

[e p m j w] [e p w j m]
[u m e w o r t v f] [ ? ]

First, describe 3 relevant exemplars that are distinct from this problem. Then give the final answer. Answer with only the examples and the final answer with no further explanation. Put your final answer between double brackets.


--- TARGET LETTERS ---

['u', 'm', 'w', 'e', 'o', 'r', 't', 'v', 'f']
Full Qwen output: 1. [a b c d e] [e d c b a]  
2. [x y z a b] [b a z y x]  
3. [p q r s t] [t s r q p]  

[[u o r t v f m e w]]
Filtered Qwen output: u o r t v f m e w
trial 2 of 10...
trial 3 of 10...
trial 4 of 10...
trial 5 of 10...
trial 6 of 10...
trial 7 of 10...
trial 8 of 10...
trial 9 of 10...
trial 10 of 10...
Problem type: 3gen_split5 - 18/20
trial 1 of 10...

=== PROMPT ===

Use the following alphabet to guess the missing piece.

i b s d f z v h t c r l o g e p w j m x u q n y a k

Note that the alphabet may be in an unfamiliar order. Complete the pattern using this order.

[o g e p] [l g e p]
[a a x x y y x x n n x x q q x x] [ ? ]

First, describe 3 relevant exemplars that are distinct from this problem. Then give the final answer. Answer with only the examples and the final answer with no further explanation. Put your final answer between double brackets.


--- TARGET LETTERS ---

['k', 'k', 'x', 'x', 'y', 'y', 'x', 'x', 'n', 'n', 'x', 'x', 'q', 'q', 'x', 'x']
Full Qwen output: 1. cat : dog :: bird : ?  
2. apple : fruit :: carrot : ?  
3. north : south :: east : ?  

[[c a x x y y x x n n x x q q x x]]
Filtered Qwen output: c a x x y y x x n n x x q q x x
trial 2 of 10...
trial 3 of 10...
trial 4 of 10...
trial 5 of 10...
trial 6 of 10...
trial 7 of 10...
trial 8 of 10...
trial 9 of 10...
trial 10 of 10...
Problem type: 3gen_split6 - 19/20
trial 1 of 10...

=== PROMPT ===

Use the following alphabet to guess the missing piece.

i b s d f z v h t c r l o g e p w j m x u q n y a k

Note that the alphabet may be in an unfamiliar order. Complete the pattern using this order.

[f z v h] [d z v h]
[g g o o l l r r c c t t h h v v] [ ? ]

First, describe 3 relevant exemplars that are distinct from this problem. Then give the final answer. Answer with only the examples and the final answer with no further explanation. Put your final answer between double brackets.


--- TARGET LETTERS ---

['e', 'e', 'o', 'o', 'l', 'l', 'r', 'r', 'c', 'c', 't', 't', 'h', 'h', 'v', 'v']
Full Qwen output: 1. cat : dog :: bird : ?  
2. apple : fruit :: carrot : ?  
3. run : jog :: swim : ?  

[[g g o o l l r r c c t t h h v v] [g g o o l l r r c c t t h h v v]]
Filtered Qwen output: g g o o l l r r c c t t h h v v] [g g o o l l r r c c t t h h v v
trial 2 of 10...
trial 3 of 10...
trial 4 of 10...
trial 5 of 10...
trial 6 of 10...
trial 7 of 10...
trial 8 of 10...
trial 9 of 10...
trial 10 of 10...
Problem type: 3gensplit7 - 20/20
trial 1 of 10...

=== PROMPT ===

Use the following alphabet to guess the missing piece.

i b s d f z v h t c r l o g e p w j m x u q n y a k

Note that the alphabet may be in an unfamiliar order. Complete the pattern using this order.

[b s d f] [i s d f]
[v v x x h h x x t t x x c c x x r r x x l l x x o o x x g g x x] [ ? ]

First, describe 3 relevant exemplars that are distinct from this problem. Then give the final answer. Answer with only the examples and the final answer with no further explanation. Put your final answer between double brackets.


--- TARGET LETTERS ---

['z', 'z', 'x', 'x', 'h', 'h', 'x', 'x', 't', 't', 'x', 'x', 'c', 'c', 'x', 'x', 'r', 'r', 'x', 'x', 'l', 'l', 'x', 'x', 'o', 'o', 'x', 'x', 'g', 'g', 'x', 'x']
Full Qwen output: Example 1: [a b c d] [e f g h]  
Example 2: [x y z a] [b c d e]  
Example 3: [m n o p] [q r s t]  

[[e e p p w w j j m m x x u u q q n n y y a a k k]]
Filtered Qwen output: e e p p w w j j m m x x u u q q n n y y a a k k
trial 2 of 10...
trial 3 of 10...
trial 4 of 10...
trial 5 of 10...
trial 6 of 10...
trial 7 of 10...
trial 8 of 10...
trial 9 of 10...
trial 10 of 10...
alph_4
w p c d e z b h a s j g x o m n t k f i u v q y r l
Problem type: larger_int - 1/20
trial 1 of 10...

=== PROMPT ===

Use the following alphabet to guess the missing piece.

w p c d e z b h a s j g x o m n t k f i u v q y r l

Note that the alphabet may be in an unfamiliar order. Complete the pattern using this order.

[a s j g x x] [a s j g x]
[w c c e b a] [ ? ]

First, describe 3 relevant exemplars that are distinct from this problem. Then give the final answer. Answer with only the examples and the final answer with no further explanation. Put your final answer between double brackets.


--- TARGET LETTERS ---

['w', 'c', 'e', 'b', 'a']
Full Qwen output: 1. cat : dog :: bird : ?  
2. red : blue :: green : ?  
3. happy : sad :: hot : ?  

[[w c c e b a] [w c c e b a]]
Filtered Qwen output: w c c e b a] [w c c e b a
trial 2 of 10...
trial 3 of 10...
trial 4 of 10...
trial 5 of 10...
trial 6 of 10...
trial 7 of 10...
trial 8 of 10...
trial 9 of 10...
trial 10 of 10...
Problem type: longer_targ - 2/20
trial 1 of 10...

=== PROMPT ===

Use the following alphabet to guess the missing piece.

w p c d e z b h a s j g x o m n t k f i u v q y r l

Note that the alphabet may be in an unfamiliar order. Complete the pattern using this order.

[e z b u a] [e z b h a]
[z b h a s j g x w] [ ? ]

First, describe 3 relevant exemplars that are distinct from this problem. Then give the final answer. Answer with only the examples and the final answer with no further explanation. Put your final answer between double brackets.


--- TARGET LETTERS ---

['z', 'b', 'h', 'a', 's', 'j', 'g', 'x', 'o']
Full Qwen output: [e z b u a] [e z b h a]  
[e z b h a s j g x w] [e z b h a s j g x o]  

[[e z b h a s j g x o]]
Filtered Qwen output: e z b h a s j g x o
trial 2 of 10...
trial 3 of 10...
trial 4 of 10...
trial 5 of 10...
trial 6 of 10...
trial 7 of 10...
trial 8 of 10...
trial 9 of 10...
trial 10 of 10...
Problem type: group - 3/20
trial 1 of 10...

=== PROMPT ===

Use the following alphabet to guess the missing piece.

w p c d e z b h a s j g x o m n t k f i u v q y r l

Note that the alphabet may be in an unfamiliar order. Complete the pattern using this order.

[k f i u] [k f i v]
[c c d d e e z z] [ ? ]

First, describe 3 relevant exemplars that are distinct from this problem. Then give the final answer. Answer with only the examples and the final answer with no further explanation. Put your final answer between double brackets.


--- TARGET LETTERS ---

['c', 'c', 'd', 'd', 'e', 'e', 'b', 'b']
Full Qwen output: 1. [a b c d] [a b c e]  
2. [x y z a] [x y z b]  
3. [m n o p] [m n o q]  

[[c c d d e e z z] [c c d d e e z z y y]]
Filtered Qwen output: c c d d e e z z] [c c d d e e z z y y
trial 2 of 10...
trial 3 of 10...
trial 4 of 10...
trial 5 of 10...
trial 6 of 10...
trial 7 of 10...
trial 8 of 10...
trial 9 of 10...
trial 10 of 10...
Problem type: interleaved - 4/20
trial 1 of 10...

=== PROMPT ===

Use the following alphabet to guess the missing piece.

w p c d e z b h a s j g x o m n t k f i u v q y r l

Note that the alphabet may be in an unfamiliar order. Complete the pattern using this order.

[f i u v] [f i u q]
[u x v x q x y x] [ ? ]

First, describe 3 relevant exemplars that are distinct from this problem. Then give the final answer. Answer with only the examples and the final answer with no further explanation. Put your final answer between double brackets.


--- TARGET LETTERS ---

['u', 'x', 'v', 'x', 'q', 'x', 'r', 'x']
Full Qwen output: 1. [a b c d] [a b c e]  
2. [x y z a] [x y z b]  
3. [m n o p] [m n o q]  

[[u x v x q x y x] [u x v x q x y r]]
Filtered Qwen output: u x v x q x y x] [u x v x q x y r
trial 2 of 10...
trial 3 of 10...
trial 4 of 10...
trial 5 of 10...
trial 6 of 10...
trial 7 of 10...
trial 8 of 10...
trial 9 of 10...
trial 10 of 10...
Problem type: letter2num - 5/20
trial 1 of 10...

=== PROMPT ===

Use the following alphabet to guess the missing piece.

w p c d e z b h a s j g x o m n t k f i u v q y r l

Note that the alphabet may be in an unfamiliar order. Complete the pattern using this order.

[p c z e d] [p c d e z]
[13 14 15 17 16] [ ? ]

First, describe 3 relevant exemplars that are distinct from this problem. Then give the final answer. Answer with only the examples and the final answer with no further explanation. Put your final answer between double brackets.


--- TARGET LETTERS ---

[np.int64(13), np.int64(14), np.int64(15), np.int64(16), np.int64(17)]
Full Qwen output: 1. cat -> dog  
2. red -> blue  
3. hot -> cold  

[[13 14 15 17 16]]
Filtered Qwen output: 13 14 15 17 16
trial 2 of 10...
trial 3 of 10...
trial 4 of 10...
trial 5 of 10...
trial 6 of 10...
trial 7 of 10...
trial 8 of 10...
trial 9 of 10...
trial 10 of 10...
Problem type: reverse - 6/20
trial 1 of 10...

=== PROMPT ===

Use the following alphabet to guess the missing piece.

w p c d e z b h a s j g x o m n t k f i u v q y r l

Note that the alphabet may be in an unfamiliar order. Complete the pattern using this order.

[u v q y] [u v q r]
[k t n m] [ ? ]

First, describe 3 relevant exemplars that are distinct from this problem. Then give the final answer. Answer with only the examples and the final answer with no further explanation. Put your final answer between double brackets.


--- TARGET LETTERS ---

['k', 't', 'n', 'o']
Full Qwen output: 1. [a b c d] [a b c e]  
2. [x y z a] [x y z b]  
3. [m n o p] [m n o q]  

[[k t n l]]
Filtered Qwen output: k t n l
trial 2 of 10...
trial 3 of 10...
trial 4 of 10...
trial 5 of 10...
trial 6 of 10...
trial 7 of 10...
trial 8 of 10...
trial 9 of 10...
trial 10 of 10...
Problem type: 2gen_split1 - 7/20
trial 1 of 10...

=== PROMPT ===

Use the following alphabet to guess the missing piece.

w p c d e z b h a s j g x o m n t k f i u v q y r l

Note that the alphabet may be in an unfamiliar order. Complete the pattern using this order.

[e z b h] [e z b h a]
[o o x x g g j j] [ ? ]

First, describe 3 relevant exemplars that are distinct from this problem. Then give the final answer. Answer with only the examples and the final answer with no further explanation. Put your final answer between double brackets.


--- TARGET LETTERS ---

['o', 'o', 'x', 'x', 'g', 'g', 'j', 'j', 's', 's']
Full Qwen output: 1. [a b c d] [a b c d e]  
2. [x y z] [x y z a b]  
3. [m n o p] [m n o p q]  

[[o o x x g g j j] [o o x x g g j j k]]
Filtered Qwen output: o o x x g g j j] [o o x x g g j j k
trial 2 of 10...
trial 3 of 10...
trial 4 of 10...
trial 5 of 10...
trial 6 of 10...
trial 7 of 10...
trial 8 of 10...
trial 9 of 10...
trial 10 of 10...
Problem type: 2gen_split2 - 8/20
trial 1 of 10...

=== PROMPT ===

Use the following alphabet to guess the missing piece.

w p c d e z b h a s j g x o m n t k f i u v q y r l

Note that the alphabet may be in an unfamiliar order. Complete the pattern using this order.

[t k f i] [t k f i u]
[14 14 15 15 16 16 17 17] [ ? ]

First, describe 3 relevant exemplars that are distinct from this problem. Then give the final answer. Answer with only the examples and the final answer with no further explanation. Put your final answer between double brackets.


--- TARGET LETTERS ---

[np.int64(14), np.int64(14), np.int64(15), np.int64(15), np.int64(16), np.int64(16), np.int64(17), np.int64(17), np.int64(18), np.int64(18)]
Full Qwen output: Example 1: [a b c d] [a b c d e]  
Example 2: [x y z] [x y z a b]  
Example 3: [m n o p q] [m n o p q r]  

[[t k f i u v]]
Filtered Qwen output: t k f i u v
trial 2 of 10...
trial 3 of 10...
trial 4 of 10...
trial 5 of 10...
trial 6 of 10...
trial 7 of 10...
trial 8 of 10...
trial 9 of 10...
trial 10 of 10...
Problem type: 2gen_split3 - 9/20
trial 1 of 10...

=== PROMPT ===

Use the following alphabet to guess the missing piece.

w p c d e z b h a s j g x o m n t k f i u v q y r l

Note that the alphabet may be in an unfamiliar order. Complete the pattern using this order.

[x o m n] [x o m t]
[p x c x d x e x z x b x h x a x] [ ? ]

First, describe 3 relevant exemplars that are distinct from this problem. Then give the final answer. Answer with only the examples and the final answer with no further explanation. Put your final answer between double brackets.


--- TARGET LETTERS ---

['p', 'x', 'c', 'x', 'd', 'x', 'e', 'x', 'z', 'x', 'b', 'x', 'h', 'x', 's', 'x']
Full Qwen output: 1. cat : dog :: bird : ?  
2. red : blue :: green : ?  
3. jump : leap :: run : ?  

[[p x c x d x e x z x b x h x a x] [x o m n]]
Filtered Qwen output: p x c x d x e x z x b x h x a x] [x o m n
trial 2 of 10...
trial 3 of 10...
trial 4 of 10...
trial 5 of 10...
trial 6 of 10...
trial 7 of 10...
trial 8 of 10...
trial 9 of 10...
trial 10 of 10...
Problem type: 2gen_split4 - 10/20
trial 1 of 10...

=== PROMPT ===

Use the following alphabet to guess the missing piece.

w p c d e z b h a s j g x o m n t k f i u v q y r l

Note that the alphabet may be in an unfamiliar order. Complete the pattern using this order.

[v q y r] [u q y r]
[k k f f i i u u v v q q y y r r] [ ? ]

First, describe 3 relevant exemplars that are distinct from this problem. Then give the final answer. Answer with only the examples and the final answer with no further explanation. Put your final answer between double brackets.


--- TARGET LETTERS ---

['t', 't', 'f', 'f', 'i', 'i', 'u', 'u', 'v', 'v', 'q', 'q', 'y', 'y', 'r', 'r']
Full Qwen output: 1. [a b c d] [b c d e]  
2. [x y z a] [y z a b]  
3. [m n o p] [n o p q]  

[[l l k k f f i i u u v v q q y y r r]]
Filtered Qwen output: l l k k f f i i u u v v q q y y r r
trial 2 of 10...
trial 3 of 10...
trial 4 of 10...
trial 5 of 10...
trial 6 of 10...
trial 7 of 10...
trial 8 of 10...
trial 9 of 10...
trial 10 of 10...
Problem type: 2gen_split5 - 11/20
trial 1 of 10...

=== PROMPT ===

Use the following alphabet to guess the missing piece.

w p c d e z b h a s j g x o m n t k f i u v q y r l

Note that the alphabet may be in an unfamiliar order. Complete the pattern using this order.

[u k f i t] [t k f i u]
[m m t t f f q q u u] [ ? ]

First, describe 3 relevant exemplars that are distinct from this problem. Then give the final answer. Answer with only the examples and the final answer with no further explanation. Put your final answer between double brackets.


--- TARGET LETTERS ---

['m', 'm', 't', 't', 'f', 'f', 'u', 'u', 'q', 'q']
Full Qwen output: 1. [a b c d e] [e d c b a]  
2. [x y z a b] [b a z y x]  
3. [p q r s t] [t s r q p]  

[[m m t t f f q q u u] [u u q q f f t t m m]]
Filtered Qwen output: m m t t f f q q u u] [u u q q f f t t m m
trial 2 of 10...
trial 3 of 10...
trial 4 of 10...
trial 5 of 10...
trial 6 of 10...
trial 7 of 10...
trial 8 of 10...
trial 9 of 10...
trial 10 of 10...
Problem type: 2gen_split6 - 12/20
trial 1 of 10...

=== PROMPT ===

Use the following alphabet to guess the missing piece.

w p c d e z b h a s j g x o m n t k f i u v q y r l

Note that the alphabet may be in an unfamiliar order. Complete the pattern using this order.

[s j g x] [s j g x o]
[j x m t f u q] [ ? ]

First, describe 3 relevant exemplars that are distinct from this problem. Then give the final answer. Answer with only the examples and the final answer with no further explanation. Put your final answer between double brackets.


--- TARGET LETTERS ---

['j', 'x', 'm', 't', 'f', 'u', 'q', 'r']
Full Qwen output: 1. cat dog bird  
2. red blue green  
3. apple banana orange  

[[j x m t f u q l]]
Filtered Qwen output: j x m t f u q l
trial 2 of 10...
trial 3 of 10...
trial 4 of 10...
trial 5 of 10...
trial 6 of 10...
trial 7 of 10...
trial 8 of 10...
trial 9 of 10...
trial 10 of 10...
Problem type: 2gensplit7 - 13/20
trial 1 of 10...

=== PROMPT ===

Use the following alphabet to guess the missing piece.

w p c d e z b h a s j g x o m n t k f i u v q y r l

Note that the alphabet may be in an unfamiliar order. Complete the pattern using this order.

[m n t k] [o n t k]
[v v u u i i f f] [ ? ]

First, describe 3 relevant exemplars that are distinct from this problem. Then give the final answer. Answer with only the examples and the final answer with no further explanation. Put your final answer between double brackets.


--- TARGET LETTERS ---

['q', 'q', 'u', 'u', 'i', 'i', 'f', 'f']
Full Qwen output: 1. [a b c d] [e f g h]  
2. [x y z a] [b c d e]  
3. [p q r s] [t u v w]  

[[v v u u i i f f] [v v u u i i f f]]
Filtered Qwen output: v v u u i i f f] [v v u u i i f f
trial 2 of 10...
trial 3 of 10...
trial 4 of 10...
trial 5 of 10...
trial 6 of 10...
trial 7 of 10...
trial 8 of 10...
trial 9 of 10...
trial 10 of 10...
Problem type: 3gen_split1 - 14/20
trial 1 of 10...

=== PROMPT ===

Use the following alphabet to guess the missing piece.

w p c d e z b h a s j g x o m n t k f i u v q y r l

Note that the alphabet may be in an unfamiliar order. Complete the pattern using this order.

[z b h a] [z b h s]
[f f x x k k x x t t x x n n x x] [ ? ]

First, describe 3 relevant exemplars that are distinct from this problem. Then give the final answer. Answer with only the examples and the final answer with no further explanation. Put your final answer between double brackets.


--- TARGET LETTERS ---

['f', 'f', 'x', 'x', 'k', 'k', 'x', 'x', 't', 't', 'x', 'x', 'm', 'm', 'x', 'x']
Full Qwen output: 1. [a b c d] [a b c e]  
2. [x y z a] [x y z b]  
3. [m n o p] [m n o q]  

[[f f x x k k x x t t x x n n x x] [f f x x k k x x t t x x n n x x r r x x]]
Filtered Qwen output: f f x x k k x x t t x x n n x x] [f f x x k k x x t t x x n n x x r r x x
trial 2 of 10...
trial 3 of 10...
trial 4 of 10...
trial 5 of 10...
trial 6 of 10...
trial 7 of 10...
trial 8 of 10...
trial 9 of 10...
trial 10 of 10...
Problem type: 3gen_split2 - 15/20
trial 1 of 10...

=== PROMPT ===

Use the following alphabet to guess the missing piece.

w p c d e z b h a s j g x o m n t k f i u v q y r l

Note that the alphabet may be in an unfamiliar order. Complete the pattern using this order.

[a s j g] [a s j x]
[6 0 8 0 10 0 12 0] [ ? ]

First, describe 3 relevant exemplars that are distinct from this problem. Then give the final answer. Answer with only the examples and the final answer with no further explanation. Put your final answer between double brackets.


--- TARGET LETTERS ---

[np.int64(6), '0', np.int64(8), '0', np.int64(10), '0', np.int64(14), '0']
Full Qwen output: 1. cat : dog :: bird : ?  
2. red : blue :: green : ?  
3. square : rectangle :: circle : ?

[[a s j g] [a s j x] [6 0 8 0 10 0 12 0] [6 0 8 0 10 0 14 0]]
Filtered Qwen output: a s j g] [a s j x] [6 0 8 0 10 0 12 0] [6 0 8 0 10 0 14 0
trial 2 of 10...
trial 3 of 10...
trial 4 of 10...
trial 5 of 10...
trial 6 of 10...
trial 7 of 10...
trial 8 of 10...
trial 9 of 10...
trial 10 of 10...
Problem type: 3gen_split3 - 16/20
trial 1 of 10...

=== PROMPT ===

Use the following alphabet to guess the missing piece.

w p c d e z b h a s j g x o m n t k f i u v q y r l

Note that the alphabet may be in an unfamiliar order. Complete the pattern using this order.

[j g x l m] [j g x o m]
[11 11 18 18 17 17 16 16 15 15] [ ? ]

First, describe 3 relevant exemplars that are distinct from this problem. Then give the final answer. Answer with only the examples and the final answer with no further explanation. Put your final answer between double brackets.


--- TARGET LETTERS ---

[np.int64(19), np.int64(19), np.int64(18), np.int64(18), np.int64(17), np.int64(17), np.int64(16), np.int64(16), np.int64(15), np.int64(15)]
Full Qwen output: Example 1: [a b c d e] [a b c e d]  
Example 2: [m n o p q] [m n o q p]  
Example 3: [x y z a b] [x y z b a]  

[[j g x o m]]
Filtered Qwen output: j g x o m
trial 2 of 10...
trial 3 of 10...
trial 4 of 10...
trial 5 of 10...
trial 6 of 10...
trial 7 of 10...
trial 8 of 10...
trial 9 of 10...
trial 10 of 10...
Problem type: 3gen_split4 - 17/20
trial 1 of 10...

=== PROMPT ===

Use the following alphabet to guess the missing piece.

w p c d e z b h a s j g x o m n t k f i u v q y r l

Note that the alphabet may be in an unfamiliar order. Complete the pattern using this order.

[s j g x] [s j g x o]
[5 5 4 4 3 3 2 2] [ ? ]

First, describe 3 relevant exemplars that are distinct from this problem. Then give the final answer. Answer with only the examples and the final answer with no further explanation. Put your final answer between double brackets.


--- TARGET LETTERS ---

[np.int64(5), np.int64(5), np.int64(4), np.int64(4), np.int64(3), np.int64(3), np.int64(2), np.int64(2), np.int64(1), np.int64(1)]
Full Qwen output: 1. cat : dog :: bird : ?  
2. apple : fruit :: car : ?  
3. north : south :: east : ?  

[[m]]
Filtered Qwen output: m
trial 2 of 10...
trial 3 of 10...
trial 4 of 10...
trial 5 of 10...
trial 6 of 10...
trial 7 of 10...
trial 8 of 10...
trial 9 of 10...
trial 10 of 10...
Problem type: 3gen_split5 - 18/20
trial 1 of 10...

=== PROMPT ===

Use the following alphabet to guess the missing piece.

w p c d e z b h a s j g x o m n t k f i u v q y r l

Note that the alphabet may be in an unfamiliar order. Complete the pattern using this order.

[u v q y] [u v q r]
[a a x x s s x x j j x x g g x x x x x x o o x x m m x x n n x x] [ ? ]

First, describe 3 relevant exemplars that are distinct from this problem. Then give the final answer. Answer with only the examples and the final answer with no further explanation. Put your final answer between double brackets.


--- TARGET LETTERS ---

['a', 'a', 'x', 'x', 's', 's', 'x', 'x', 'j', 'j', 'x', 'x', 'g', 'g', 'x', 'x', 'x', 'x', 'x', 'x', 'o', 'o', 'x', 'x', 'm', 'm', 'x', 'x', 't', 't', 'x', 'x']
Full Qwen output: 1. cat : dog :: bird : ?  
2. red : blue :: green : ?  
3. square : rectangle :: circle : ?

[[l]]
Filtered Qwen output: l
trial 2 of 10...
trial 3 of 10...
trial 4 of 10...
trial 5 of 10...
trial 6 of 10...
trial 7 of 10...
trial 8 of 10...
trial 9 of 10...
trial 10 of 10...
Problem type: 3gen_split6 - 19/20
trial 1 of 10...

=== PROMPT ===

Use the following alphabet to guess the missing piece.

w p c d e z b h a s j g x o m n t k f i u v q y r l

Note that the alphabet may be in an unfamiliar order. Complete the pattern using this order.

[n t k f] [m t k f]
[7 7 9 9 11 11 13 13] [ ? ]

First, describe 3 relevant exemplars that are distinct from this problem. Then give the final answer. Answer with only the examples and the final answer with no further explanation. Put your final answer between double brackets.


--- TARGET LETTERS ---

[np.int64(5), np.int64(5), np.int64(9), np.int64(9), np.int64(11), np.int64(11), np.int64(13), np.int64(13)]
Full Qwen output: Example 1: [a b c d] [e f g h]  
Example 2: [x y z a] [b c d e]  
Example 3: [1 2 3 4] [5 6 7 8]  

[[o t k f]]
Filtered Qwen output: o t k f
trial 2 of 10...
trial 3 of 10...
trial 4 of 10...
trial 5 of 10...
trial 6 of 10...
trial 7 of 10...
trial 8 of 10...
trial 9 of 10...
trial 10 of 10...
Problem type: 3gensplit7 - 20/20
trial 1 of 10...

=== PROMPT ===

Use the following alphabet to guess the missing piece.

w p c d e z b h a s j g x o m n t k f i u v q y r l

Note that the alphabet may be in an unfamiliar order. Complete the pattern using this order.

[j g x o] [j g x m]
[11 0 10 0 9 0 8 0] [ ? ]

First, describe 3 relevant exemplars that are distinct from this problem. Then give the final answer. Answer with only the examples and the final answer with no further explanation. Put your final answer between double brackets.


--- TARGET LETTERS ---

[np.int64(11), '0', np.int64(10), '0', np.int64(9), '0', np.int64(7), '0']
Full Qwen output: 1. cat : dog :: bird : ?  
2. apple : fruit :: car : ?  
3. north : south :: east : ?  

[[j g x n]]
Filtered Qwen output: j g x n
trial 2 of 10...
trial 3 of 10...
trial 4 of 10...
trial 5 of 10...
trial 6 of 10...
trial 7 of 10...
trial 8 of 10...
trial 9 of 10...
trial 10 of 10...
alph_5
a r y t e f b n x j s z m p d u q v o g i k h l w c
Problem type: larger_int - 1/20
trial 1 of 10...

=== PROMPT ===

Use the following alphabet to guess the missing piece.

a r y t e f b n x j s z m p d u q v o g i k h l w c

Note that the alphabet may be in an unfamiliar order. Complete the pattern using this order.

[t e b f n] [t e f b n]
[d i o q h] [ ? ]

First, describe 3 relevant exemplars that are distinct from this problem. Then give the final answer. Answer with only the examples and the final answer with no further explanation. Put your final answer between double brackets.


--- TARGET LETTERS ---

['d', 'q', 'o', 'i', 'h']
Full Qwen output: 1. [a b c d e] [f g h i j]  
2. [x y z a b] [c d e f g]  
3. [m n o p q] [r s t u v]  

[[d i o q h] [d i q o h]]
Filtered Qwen output: d i o q h] [d i q o h
trial 2 of 10...
trial 3 of 10...
trial 4 of 10...
trial 5 of 10...
trial 6 of 10...
trial 7 of 10...
trial 8 of 10...
trial 9 of 10...
trial 10 of 10...
Problem type: longer_targ - 2/20
trial 1 of 10...

=== PROMPT ===

Use the following alphabet to guess the missing piece.

a r y t e f b n x j s z m p d u q v o g i k h l w c

Note that the alphabet may be in an unfamiliar order. Complete the pattern using this order.

[y t e f] [r t e f]
[r y t e f b n x] [ ? ]

First, describe 3 relevant exemplars that are distinct from this problem. Then give the final answer. Answer with only the examples and the final answer with no further explanation. Put your final answer between double brackets.


--- TARGET LETTERS ---

['a', 'y', 't', 'e', 'f', 'b', 'n', 'x']
Full Qwen output: 1. [a b c d] [b c d e]  
2. [x y z a] [y z a b]  
3. [p q r s] [q r s t]  

[[r y t e f b n x] [y t e f b n x j]]
Filtered Qwen output: r y t e f b n x] [y t e f b n x j
trial 2 of 10...
trial 3 of 10...
trial 4 of 10...
trial 5 of 10...
trial 6 of 10...
trial 7 of 10...
trial 8 of 10...
trial 9 of 10...
trial 10 of 10...
Problem type: group - 3/20
trial 1 of 10...

=== PROMPT ===

Use the following alphabet to guess the missing piece.

a r y t e f b n x j s z m p d u q v o g i k h l w c

Note that the alphabet may be in an unfamiliar order. Complete the pattern using this order.

[f b n x] [f b n j]
[e e f f b b n n] [ ? ]

First, describe 3 relevant exemplars that are distinct from this problem. Then give the final answer. Answer with only the examples and the final answer with no further explanation. Put your final answer between double brackets.


--- TARGET LETTERS ---

['e', 'e', 'f', 'f', 'b', 'b', 'x', 'x']
Full Qwen output: 1. [a b c d] [a b c e]  
2. [x y z a] [x y z b]  
3. [p q r s] [p q r t]  

[[e e f f b b n n] [e e f f b b n j]]
Filtered Qwen output: e e f f b b n n] [e e f f b b n j
trial 2 of 10...
trial 3 of 10...
trial 4 of 10...
trial 5 of 10...
trial 6 of 10...
trial 7 of 10...
trial 8 of 10...
trial 9 of 10...
trial 10 of 10...
Problem type: interleaved - 4/20
trial 1 of 10...

=== PROMPT ===

Use the following alphabet to guess the missing piece.

a r y t e f b n x j s z m p d u q v o g i k h l w c

Note that the alphabet may be in an unfamiliar order. Complete the pattern using this order.

[b n x j] [b n x s]
[g x i x k x h x] [ ? ]

First, describe 3 relevant exemplars that are distinct from this problem. Then give the final answer. Answer with only the examples and the final answer with no further explanation. Put your final answer between double brackets.


--- TARGET LETTERS ---

['g', 'x', 'i', 'x', 'k', 'x', 'l', 'x']
Full Qwen output: 1. cat dog bird  
2. red blue green  
3. apple banana orange  

[[g x i x k x h x l x]]
Filtered Qwen output: g x i x k x h x l x
trial 2 of 10...
trial 3 of 10...
trial 4 of 10...
trial 5 of 10...
trial 6 of 10...
trial 7 of 10...
trial 8 of 10...
trial 9 of 10...
trial 10 of 10...
Problem type: letter2num - 5/20
trial 1 of 10...

=== PROMPT ===

Use the following alphabet to guess the missing piece.

a r y t e f b n x j s z m p d u q v o g i k h l w c

Note that the alphabet may be in an unfamiliar order. Complete the pattern using this order.

[v o g i] [v o g k]
[19 20 21 22] [ ? ]

First, describe 3 relevant exemplars that are distinct from this problem. Then give the final answer. Answer with only the examples and the final answer with no further explanation. Put your final answer between double brackets.


--- TARGET LETTERS ---

[np.int64(19), np.int64(20), np.int64(21), np.int64(23)]
Full Qwen output: 1. [a b c d] [a b c e]  
2. [x y z a] [x y z b]  
3. [m n o p] [m n o q]  

[[v o g i] [v o g k]]  
[[19 20 21 22] [19 20 21 23]]  

[[19 20 21 23]]
Filtered Qwen output: v o g i] [v o g k
trial 2 of 10...
trial 3 of 10...
trial 4 of 10...
trial 5 of 10...
trial 6 of 10...
trial 7 of 10...
trial 8 of 10...
trial 9 of 10...
trial 10 of 10...
Problem type: reverse - 6/20
trial 1 of 10...

=== PROMPT ===

Use the following alphabet to guess the missing piece.

a r y t e f b n x j s z m p d u q v o g i k h l w c

Note that the alphabet may be in an unfamiliar order. Complete the pattern using this order.

[o g i k] [o g i h]
[l h k i] [ ? ]

First, describe 3 relevant exemplars that are distinct from this problem. Then give the final answer. Answer with only the examples and the final answer with no further explanation. Put your final answer between double brackets.


--- TARGET LETTERS ---

['l', 'h', 'k', 'g']
Full Qwen output: 1. [a b c d] [a b c e]  
2. [x y z m] [x y z n]  
3. [p q r s] [p q r t]  

[[l h k g]]
Filtered Qwen output: l h k g
trial 2 of 10...
trial 3 of 10...
trial 4 of 10...
trial 5 of 10...
trial 6 of 10...
trial 7 of 10...
trial 8 of 10...
trial 9 of 10...
trial 10 of 10...
Problem type: 2gen_split1 - 7/20
trial 1 of 10...

=== PROMPT ===

Use the following alphabet to guess the missing piece.

a r y t e f b n x j s z m p d u q v o g i k h l w c

Note that the alphabet may be in an unfamiliar order. Complete the pattern using this order.

[s m z p d] [s z m p d]
[13 11 12 10 9] [ ? ]

First, describe 3 relevant exemplars that are distinct from this problem. Then give the final answer. Answer with only the examples and the final answer with no further explanation. Put your final answer between double brackets.


--- TARGET LETTERS ---

[np.int64(13), np.int64(12), np.int64(11), np.int64(10), np.int64(9)]
Full Qwen output: 1. cat dog bird  
2. red blue green  
3. apple banana orange  

[[13 11 12 10 9]]
Filtered Qwen output: 13 11 12 10 9
trial 2 of 10...
trial 3 of 10...
trial 4 of 10...
trial 5 of 10...
trial 6 of 10...
trial 7 of 10...
trial 8 of 10...
trial 9 of 10...
trial 10 of 10...
Problem type: 2gen_split2 - 8/20
trial 1 of 10...

=== PROMPT ===

Use the following alphabet to guess the missing piece.

a r y t e f b n x j s z m p d u q v o g i k h l w c

Note that the alphabet may be in an unfamiliar order. Complete the pattern using this order.

[d d u q v o] [d u q v o]
[e e f f b b n n x x j j s s z z m m m m] [ ? ]

First, describe 3 relevant exemplars that are distinct from this problem. Then give the final answer. Answer with only the examples and the final answer with no further explanation. Put your final answer between double brackets.


--- TARGET LETTERS ---

['e', 'e', 'f', 'f', 'b', 'b', 'n', 'n', 'x', 'x', 'j', 'j', 's', 's', 'z', 'z', 'm', 'm']
Full Qwen output: 1. cat : dog :: bird : ?  
2. apple : fruit :: carrot : ?  
3. north : south :: east : ?  

[[m m m m]]
Filtered Qwen output: m m m m
trial 2 of 10...
trial 3 of 10...
trial 4 of 10...
trial 5 of 10...
trial 6 of 10...
trial 7 of 10...
trial 8 of 10...
trial 9 of 10...
trial 10 of 10...
Problem type: 2gen_split3 - 9/20
trial 1 of 10...

=== PROMPT ===

Use the following alphabet to guess the missing piece.

a r y t e f b n x j s z m p d u q v o g i k h l w c

Note that the alphabet may be in an unfamiliar order. Complete the pattern using this order.

[g i k h] [g i k l]
[18 0 19 0 20 0 21 0] [ ? ]

First, describe 3 relevant exemplars that are distinct from this problem. Then give the final answer. Answer with only the examples and the final answer with no further explanation. Put your final answer between double brackets.


--- TARGET LETTERS ---

[np.int64(18), '0', np.int64(19), '0', np.int64(20), '0', np.int64(22), '0']
Full Qwen output: Example 1: [a b c d] [a b c e]  
Example 2: [x y z a] [x y z b]  
Example 3: [m n o p] [m n o q]  

[[g i k m]]
Filtered Qwen output: g i k m
trial 2 of 10...
trial 3 of 10...
trial 4 of 10...
trial 5 of 10...
trial 6 of 10...
trial 7 of 10...
trial 8 of 10...
trial 9 of 10...
trial 10 of 10...
Problem type: 2gen_split4 - 10/20
trial 1 of 10...

=== PROMPT ===

Use the following alphabet to guess the missing piece.

a r y t e f b n x j s z m p d u q v o g i k h l w c

Note that the alphabet may be in an unfamiliar order. Complete the pattern using this order.

[e f b n] [e f b x]
[y y e e b b x x] [ ? ]

First, describe 3 relevant exemplars that are distinct from this problem. Then give the final answer. Answer with only the examples and the final answer with no further explanation. Put your final answer between double brackets.


--- TARGET LETTERS ---

['y', 'y', 'e', 'e', 'b', 'b', 's', 's']
Full Qwen output: 1. [a b c d] [a b c e]  
2. [x y z a] [x y z b]  
3. [m n o p] [m n o q]  

[[y y e e b b x x] [y y e e b b x x]]
Filtered Qwen output: y y e e b b x x] [y y e e b b x x
trial 2 of 10...
trial 3 of 10...
trial 4 of 10...
trial 5 of 10...
trial 6 of 10...
trial 7 of 10...
trial 8 of 10...
trial 9 of 10...
trial 10 of 10...
Problem type: 2gen_split5 - 11/20
trial 1 of 10...

=== PROMPT ===

Use the following alphabet to guess the missing piece.

a r y t e f b n x j s z m p d u q v o g i k h l w c

Note that the alphabet may be in an unfamiliar order. Complete the pattern using this order.

[x j s z] [x j s m]
[s x b e] [ ? ]

First, describe 3 relevant exemplars that are distinct from this problem. Then give the final answer. Answer with only the examples and the final answer with no further explanation. Put your final answer between double brackets.


--- TARGET LETTERS ---

['s', 'x', 'b', 'y']
Full Qwen output: 1. [a b c d] [a b c e]  
2. [p q r s] [p q r t]  
3. [m n o p] [m n o q]  

[[s x b m]]
Filtered Qwen output: s x b m
trial 2 of 10...
trial 3 of 10...
trial 4 of 10...
trial 5 of 10...
trial 6 of 10...
trial 7 of 10...
trial 8 of 10...
trial 9 of 10...
trial 10 of 10...
Problem type: 2gen_split6 - 12/20
trial 1 of 10...

=== PROMPT ===

Use the following alphabet to guess the missing piece.

a r y t e f b n x j s z m p d u q v o g i k h l w c

Note that the alphabet may be in an unfamiliar order. Complete the pattern using this order.

[x j s z q] [x j s z m]
[8 10 12 20 16] [ ? ]

First, describe 3 relevant exemplars that are distinct from this problem. Then give the final answer. Answer with only the examples and the final answer with no further explanation. Put your final answer between double brackets.


--- TARGET LETTERS ---

[np.int64(8), np.int64(10), np.int64(12), np.int64(14), np.int64(16)]
Full Qwen output: 1. cat -> dog  
2. red -> blue  
3. hot -> cold  

[[8 10 12 20 12]]
Filtered Qwen output: 8 10 12 20 12
trial 2 of 10...
trial 3 of 10...
trial 4 of 10...
trial 5 of 10...
trial 6 of 10...
trial 7 of 10...
trial 8 of 10...
trial 9 of 10...
trial 10 of 10...
Problem type: 2gensplit7 - 13/20
trial 1 of 10...

=== PROMPT ===

Use the following alphabet to guess the missing piece.

a r y t e f b n x j s z m p d u q v o g i k h l w c

Note that the alphabet may be in an unfamiliar order. Complete the pattern using this order.

[k k h l w c] [k h l w c]
[j j x x n n n n b b f f] [ ? ]

First, describe 3 relevant exemplars that are distinct from this problem. Then give the final answer. Answer with only the examples and the final answer with no further explanation. Put your final answer between double brackets.


--- TARGET LETTERS ---

['j', 'j', 'x', 'x', 'n', 'n', 'b', 'b', 'f', 'f']
Full Qwen output: 1. [a a b c d] [a b c d]  
2. [x x y z z z] [x y z]  
3. [m m n o o p p p] [m n o p]  

[[j x n b f]]
Filtered Qwen output: j x n b f
trial 2 of 10...
trial 3 of 10...
trial 4 of 10...
trial 5 of 10...
trial 6 of 10...
trial 7 of 10...
trial 8 of 10...
trial 9 of 10...
trial 10 of 10...
Problem type: 3gen_split1 - 14/20
trial 1 of 10...

=== PROMPT ===

Use the following alphabet to guess the missing piece.

a r y t e f b n x j s z m p d u q v o g i k h l w c

Note that the alphabet may be in an unfamiliar order. Complete the pattern using this order.

[v a g i k] [v o g i k]
[v x q x k x d x p x m x z x s x j x] [ ? ]

First, describe 3 relevant exemplars that are distinct from this problem. Then give the final answer. Answer with only the examples and the final answer with no further explanation. Put your final answer between double brackets.


--- TARGET LETTERS ---

['v', 'x', 'q', 'x', 'u', 'x', 'd', 'x', 'p', 'x', 'm', 'x', 'z', 'x', 's', 'x', 'j', 'x']
Full Qwen output: 1. [c a t s] [c a t s]  
2. [b a t m a n] [b a t m a n]  
3. [h e l l o] [h e l l o]  

[[v x q x k x d x p x m x z x s x j x v x q x k x d x p x m x z x s x j x]]
Filtered Qwen output: v x q x k x d x p x m x z x s x j x v x q x k x d x p x m x z x s x j x
trial 2 of 10...
trial 3 of 10...
trial 4 of 10...
trial 5 of 10...
trial 6 of 10...
trial 7 of 10...
trial 8 of 10...
trial 9 of 10...
trial 10 of 10...
Problem type: 3gen_split2 - 15/20
trial 1 of 10...

=== PROMPT ===

Use the following alphabet to guess the missing piece.

a r y t e f b n x j s z m p d u q v o g i k h l w c

Note that the alphabet may be in an unfamiliar order. Complete the pattern using this order.

[r y t e] [a y t e]
[u u x x v v x x g g x x k k x x] [ ? ]

First, describe 3 relevant exemplars that are distinct from this problem. Then give the final answer. Answer with only the examples and the final answer with no further explanation. Put your final answer between double brackets.


--- TARGET LETTERS ---

['p', 'p', 'x', 'x', 'v', 'v', 'x', 'x', 'g', 'g', 'x', 'x', 'k', 'k', 'x', 'x']
Full Qwen output: 1. [h o m e] [h o m e]  
2. [b a t s] [b a t s]  
3. [c a t s] [c a t s]  

[[u u x x v v x x g g x x k k x x] [u u x x v v x x g g x x k k x x]]
Filtered Qwen output: u u x x v v x x g g x x k k x x] [u u x x v v x x g g x x k k x x
trial 2 of 10...
trial 3 of 10...
trial 4 of 10...
trial 5 of 10...
trial 6 of 10...
trial 7 of 10...
trial 8 of 10...
trial 9 of 10...
trial 10 of 10...
Problem type: 3gen_split3 - 16/20
trial 1 of 10...

=== PROMPT ===

Use the following alphabet to guess the missing piece.

a r y t e f b n x j s z m p d u q v o g i k h l w c

Note that the alphabet may be in an unfamiliar order. Complete the pattern using this order.

[i w h l k] [i k h l w]
[v v x x z z x x p p x x u u x x j j x x] [ ? ]

First, describe 3 relevant exemplars that are distinct from this problem. Then give the final answer. Answer with only the examples and the final answer with no further explanation. Put your final answer between double brackets.


--- TARGET LETTERS ---

['j', 'j', 'x', 'x', 'z', 'z', 'x', 'x', 'p', 'p', 'x', 'x', 'u', 'u', 'x', 'x', 'v', 'v', 'x', 'x']
Full Qwen output: [i w h l k] [i k h l w]  
[v v x x z z x x p p x x u u x x j j x x] [ ? ]  

Examples:  
1. [a b c d e] [e d c b a]  
2. [m n o p q] [q p o n m]  
3. [x y z a b] [b a z y x]  

[[v v x x z z x x p p x x u u x x j j x x] [x x v v z z x x p p x x
trial 2 of 10...
trial 3 of 10...
trial 4 of 10...
trial 5 of 10...
trial 6 of 10...
trial 7 of 10...
trial 8 of 10...
trial 9 of 10...
trial 10 of 10...
Problem type: 3gen_split4 - 17/20
trial 1 of 10...

=== PROMPT ===

Use the following alphabet to guess the missing piece.

a r y t e f b n x j s z m p d u q v o g i k h l w c

Note that the alphabet may be in an unfamiliar order. Complete the pattern using this order.

[p d u q] [p d u v]
[9 9 0 0 10 10 0 0 11 11 0 0 12 12 0 0] [ ? ]

First, describe 3 relevant exemplars that are distinct from this problem. Then give the final answer. Answer with only the examples and the final answer with no further explanation. Put your final answer between double brackets.


--- TARGET LETTERS ---

[np.int64(9), np.int64(9), '0', '0', np.int64(10), np.int64(10), '0', '0', np.int64(11), np.int64(11), '0', '0', np.int64(13), np.int64(13), '0', '0']
Full Qwen output: 1. cat -> dog  
2. red -> blue  
3. sun -> moon  

[[p d u q]]
Filtered Qwen output: p d u q
trial 2 of 10...
trial 3 of 10...
trial 4 of 10...
trial 5 of 10...
trial 6 of 10...
trial 7 of 10...
trial 8 of 10...
trial 9 of 10...
trial 10 of 10...
Problem type: 3gen_split5 - 18/20
trial 1 of 10...

=== PROMPT ===

Use the following alphabet to guess the missing piece.

a r y t e f b n x j s z m p d u q v o g i k h l w c

Note that the alphabet may be in an unfamiliar order. Complete the pattern using this order.

[k h l w] [k h l c]
[11 0 12 0 13 0 14 0 15 0 16 0 17 0 18 0] [ ? ]

First, describe 3 relevant exemplars that are distinct from this problem. Then give the final answer. Answer with only the examples and the final answer with no further explanation. Put your final answer between double brackets.


--- TARGET LETTERS ---

[np.int64(11), '0', np.int64(12), '0', np.int64(13), '0', np.int64(14), '0', np.int64(15), '0', np.int64(16), '0', np.int64(17), '0', np.int64(19), '0']
Full Qwen output: 1. [a b c d] [a b c e]  
2. [x y z a] [x y z b]  
3. [m n o p] [m n o q]  

[[k h l w] [k h l c]]
Filtered Qwen output: k h l w] [k h l c
trial 2 of 10...
trial 3 of 10...
trial 4 of 10...
trial 5 of 10...
trial 6 of 10...
trial 7 of 10...
trial 8 of 10...
trial 9 of 10...
trial 10 of 10...
Problem type: 3gen_split6 - 19/20
trial 1 of 10...

=== PROMPT ===

Use the following alphabet to guess the missing piece.

a r y t e f b n x j s z m p d u q v o g i k h l w c

Note that the alphabet may be in an unfamiliar order. Complete the pattern using this order.

[a r y t] [a r y e]
[q q u u d d p p m m z z s s j j] [ ? ]

First, describe 3 relevant exemplars that are distinct from this problem. Then give the final answer. Answer with only the examples and the final answer with no further explanation. Put your final answer between double brackets.


--- TARGET LETTERS ---

['q', 'q', 'u', 'u', 'd', 'd', 'p', 'p', 'm', 'm', 'z', 'z', 's', 's', 'x', 'x']
Full Qwen output: 1. cat dog bird  
2. red blue green  
3. apple banana orange  

[[q q u u d d p p m m z z s s j j]]
Filtered Qwen output: q q u u d d p p m m z z s s j j
trial 2 of 10...
trial 3 of 10...
trial 4 of 10...
trial 5 of 10...
trial 6 of 10...
trial 7 of 10...
trial 8 of 10...
trial 9 of 10...
trial 10 of 10...
Problem type: 3gensplit7 - 20/20
trial 1 of 10...

=== PROMPT ===

Use the following alphabet to guess the missing piece.

a r y t e f b n x j s z m p d u q v o g i k h l w c

Note that the alphabet may be in an unfamiliar order. Complete the pattern using this order.

[x j s s z m] [x j s z m]
[j x z x p x u x v x v x g x k x l x c x] [ ? ]

First, describe 3 relevant exemplars that are distinct from this problem. Then give the final answer. Answer with only the examples and the final answer with no further explanation. Put your final answer between double brackets.


--- TARGET LETTERS ---

['j', 'x', 'z', 'x', 'p', 'x', 'u', 'x', 'v', 'x', 'g', 'x', 'k', 'x', 'l', 'x', 'c', 'x']
Full Qwen output: 1. cat : dog :: bird : ?  
2. apple : fruit :: carrot : ?  
3. north : south :: east : ?  

[[x j s z m p]]
Filtered Qwen output: x j s z m p
trial 2 of 10...
trial 3 of 10...
trial 4 of 10...
trial 5 of 10...
trial 6 of 10...
trial 7 of 10...
trial 8 of 10...
trial 9 of 10...
trial 10 of 10...
alph_6
x p j h n a u d i q k c m t f s b r g y e v w z l o
Problem type: larger_int - 1/20
trial 1 of 10...

=== PROMPT ===

Use the following alphabet to guess the missing piece.

x p j h n a u d i q k c m t f s b r g y e v w z l o

Note that the alphabet may be in an unfamiliar order. Complete the pattern using this order.

[x p j h h n] [x p j h n]
[f b g e e w] [ ? ]

First, describe 3 relevant exemplars that are distinct from this problem. Then give the final answer. Answer with only the examples and the final answer with no further explanation. Put your final answer between double brackets.


--- TARGET LETTERS ---

['f', 'b', 'g', 'e', 'w']
Full Qwen output: 1. cat : dog :: bird : ?  
2. apple : fruit :: carrot : ?  
3. north : south :: east : ?  

[[f b g e e w]]
Filtered Qwen output: f b g e e w
trial 2 of 10...
trial 3 of 10...
trial 4 of 10...
trial 5 of 10...
trial 6 of 10...
trial 7 of 10...
trial 8 of 10...
trial 9 of 10...
trial 10 of 10...
Problem type: longer_targ - 2/20
trial 1 of 10...

=== PROMPT ===

Use the following alphabet to guess the missing piece.

x p j h n a u d i q k c m t f s b r g y e v w z l o

Note that the alphabet may be in an unfamiliar order. Complete the pattern using this order.

[f s b r] [f s b g]
[t f s b r g y e] [ ? ]

First, describe 3 relevant exemplars that are distinct from this problem. Then give the final answer. Answer with only the examples and the final answer with no further explanation. Put your final answer between double brackets.


--- TARGET LETTERS ---

['t', 'f', 's', 'b', 'r', 'g', 'y', 'v']
Full Qwen output: 1. [a b c d] [a b c e]  
2. [x y z a] [x y z b]  
3. [m n o p] [m n o q]  

[[t f s b r g y e v]]
Filtered Qwen output: t f s b r g y e v
trial 2 of 10...
trial 3 of 10...
trial 4 of 10...
trial 5 of 10...
trial 6 of 10...
trial 7 of 10...
trial 8 of 10...
trial 9 of 10...
trial 10 of 10...
Problem type: group - 3/20
trial 1 of 10...

=== PROMPT ===

Use the following alphabet to guess the missing piece.

x p j h n a u d i q k c m t f s b r g y e v w z l o

Note that the alphabet may be in an unfamiliar order. Complete the pattern using this order.

[e v w z] [e v w z l]
[c c m m t t f f] [ ? ]

First, describe 3 relevant exemplars that are distinct from this problem. Then give the final answer. Answer with only the examples and the final answer with no further explanation. Put your final answer between double brackets.


--- TARGET LETTERS ---

['c', 'c', 'm', 'm', 't', 't', 'f', 'f', 's', 's']
Full Qwen output: 1. [a b c d] [a b c d e]  
2. [x y z] [x y z a b]  
3. [m n o p] [m n o p q r]  

[[c c m m t t f f s s l l]]
Filtered Qwen output: c c m m t t f f s s l l
trial 2 of 10...
trial 3 of 10...
trial 4 of 10...
trial 5 of 10...
trial 6 of 10...
trial 7 of 10...
trial 8 of 10...
trial 9 of 10...
trial 10 of 10...
Problem type: interleaved - 4/20
trial 1 of 10...

=== PROMPT ===

Use the following alphabet to guess the missing piece.

x p j h n a u d i q k c m t f s b r g y e v w z l o

Note that the alphabet may be in an unfamiliar order. Complete the pattern using this order.

[a u d i] [a u d q]
[y x e x v x w x] [ ? ]

First, describe 3 relevant exemplars that are distinct from this problem. Then give the final answer. Answer with only the examples and the final answer with no further explanation. Put your final answer between double brackets.


--- TARGET LETTERS ---

['y', 'x', 'e', 'x', 'v', 'x', 'z', 'x']
Full Qwen output: 1. cat dog bird  
2. red blue green  
3. apple banana orange  

[[y x e x v x w x] [y x e x v x w z]]
Filtered Qwen output: y x e x v x w x] [y x e x v x w z
trial 2 of 10...
trial 3 of 10...
trial 4 of 10...
trial 5 of 10...
trial 6 of 10...
trial 7 of 10...
trial 8 of 10...
trial 9 of 10...
trial 10 of 10...
Problem type: letter2num - 5/20
trial 1 of 10...

=== PROMPT ===

Use the following alphabet to guess the missing piece.

x p j h n a u d i q k c m t f s b r g y e v w z l o

Note that the alphabet may be in an unfamiliar order. Complete the pattern using this order.

[n a f d i] [n a u d i]
[1 18 19 20 21] [ ? ]

First, describe 3 relevant exemplars that are distinct from this problem. Then give the final answer. Answer with only the examples and the final answer with no further explanation. Put your final answer between double brackets.


--- TARGET LETTERS ---

[np.int64(17), np.int64(18), np.int64(19), np.int64(20), np.int64(21)]
Full Qwen output: 1. [c a t] [c a t t l e]  
2. [b o o k] [b o o k s]  
3. [h o u s e] [h o u s e h o l d]  

[[n a u d i t]]
Filtered Qwen output: n a u d i t
trial 2 of 10...
trial 3 of 10...
trial 4 of 10...
trial 5 of 10...
trial 6 of 10...
trial 7 of 10...
trial 8 of 10...
trial 9 of 10...
trial 10 of 10...
Problem type: reverse - 6/20
trial 1 of 10...

=== PROMPT ===

Use the following alphabet to guess the missing piece.

x p j h n a u d i q k c m t f s b r g y e v w z l o

Note that the alphabet may be in an unfamiliar order. Complete the pattern using this order.

[r g y e] [r g y v]
[l z w v] [ ? ]

First, describe 3 relevant exemplars that are distinct from this problem. Then give the final answer. Answer with only the examples and the final answer with no further explanation. Put your final answer between double brackets.


--- TARGET LETTERS ---

['l', 'z', 'w', 'e']
Full Qwen output: Example 1: [a b c d] [a b c e]  
Example 2: [m n o p] [m n o q]  
Example 3: [t u v w] [t u v x]  

[[l z w e]]
Filtered Qwen output: l z w e
trial 2 of 10...
trial 3 of 10...
trial 4 of 10...
trial 5 of 10...
trial 6 of 10...
trial 7 of 10...
trial 8 of 10...
trial 9 of 10...
trial 10 of 10...
Problem type: 2gen_split1 - 7/20
trial 1 of 10...

=== PROMPT ===

Use the following alphabet to guess the missing piece.

x p j h n a u d i q k c m t f s b r g y e v w z l o

Note that the alphabet may be in an unfamiliar order. Complete the pattern using this order.

[k c m t] [q c m t]
[f x b x g x e x] [ ? ]

First, describe 3 relevant exemplars that are distinct from this problem. Then give the final answer. Answer with only the examples and the final answer with no further explanation. Put your final answer between double brackets.


--- TARGET LETTERS ---

['m', 'x', 'b', 'x', 'g', 'x', 'e', 'x']
Full Qwen output: 1. [a b c d] [e f g h]  
2. [z y x w] [v u t s]  
3. [m n o p] [q r s t]  

[[f x b x g x e x] [f x b x g x e x]]
Filtered Qwen output: f x b x g x e x] [f x b x g x e x
trial 2 of 10...
trial 3 of 10...
trial 4 of 10...
trial 5 of 10...
trial 6 of 10...
trial 7 of 10...
trial 8 of 10...
trial 9 of 10...
trial 10 of 10...
Problem type: 2gen_split2 - 8/20
trial 1 of 10...

=== PROMPT ===

Use the following alphabet to guess the missing piece.

x p j h n a u d i q k c m t f s b r g y e v w z l o

Note that the alphabet may be in an unfamiliar order. Complete the pattern using this order.

[t f s b] [t f s r]
[6 6 7 7 8 8 9 9] [ ? ]

First, describe 3 relevant exemplars that are distinct from this problem. Then give the final answer. Answer with only the examples and the final answer with no further explanation. Put your final answer between double brackets.


--- TARGET LETTERS ---

[np.int64(6), np.int64(6), np.int64(7), np.int64(7), np.int64(8), np.int64(8), np.int64(10), np.int64(10)]
Full Qwen output: 1. [a b c d] [a b c e]  
2. [1 2 3 4] [1 2 3 5]  
3. [m n o p] [m n o q]  

[[t f s b] [t f s r]]  
[[6 6 7 7 8 8 9 9] [6 6 7 7 8 8 9 10]]  

[[6 6 7 7 8 8 9 10]]
Filtered Qwen output: t f s b] [t f s r
trial 2 of 10...
trial 3 of 10...
trial 4 of 10...
trial 5 of 10...
trial 6 of 10...
trial 7 of 10...
trial 8 of 10...
trial 9 of 10...
trial 10 of 10...
Problem type: 2gen_split3 - 9/20
trial 1 of 10...

=== PROMPT ===

Use the following alphabet to guess the missing piece.

x p j h n a u d i q k c m t f s b r g y e v w z l o

Note that the alphabet may be in an unfamiliar order. Complete the pattern using this order.

[t f s b r r] [t f s b r]
[q c t s r y v z z o] [ ? ]

First, describe 3 relevant exemplars that are distinct from this problem. Then give the final answer. Answer with only the examples and the final answer with no further explanation. Put your final answer between double brackets.


--- TARGET LETTERS ---

['q', 'c', 't', 's', 'r', 'y', 'v', 'z', 'o']
Full Qwen output: 1. cat dog bird  
2. red blue green  
3. apple banana orange  

[[q c t s r y v z z o] [q c t s r y v z z o]]
Filtered Qwen output: q c t s r y v z z o] [q c t s r y v z z o
trial 2 of 10...
trial 3 of 10...
trial 4 of 10...
trial 5 of 10...
trial 6 of 10...
trial 7 of 10...
trial 8 of 10...
trial 9 of 10...
trial 10 of 10...
Problem type: 2gen_split4 - 10/20
trial 1 of 10...

=== PROMPT ===

Use the following alphabet to guess the missing piece.

x p j h n a u d i q k c m t f s b r g y e v w z l o

Note that the alphabet may be in an unfamiliar order. Complete the pattern using this order.

[t r s b f] [t f s b r]
[t t m m c c f f s s b b r r g g y y] [ ? ]

First, describe 3 relevant exemplars that are distinct from this problem. Then give the final answer. Answer with only the examples and the final answer with no further explanation. Put your final answer between double brackets.


--- TARGET LETTERS ---

['c', 'c', 'm', 'm', 't', 't', 'f', 'f', 's', 's', 'b', 'b', 'r', 'r', 'g', 'g', 'y', 'y']
Full Qwen output: 1. [a b c d e] [e d c b a]  
2. [x y z a b] [b a z y x]  
3. [m n o p q] [q p o n m]  

[[t t m m c c f f s s b b r r g g y y] [y y g g r r b b s s f f c c m m t t]]
Filtered Qwen output: t t m m c c f f s s b b r r g g y y] [y y g g r r b b s s f f c c m m t t
trial 2 of 10...
trial 3 of 10...
trial 4 of 10...
trial 5 of 10...
trial 6 of 10...
trial 7 of 10...
trial 8 of 10...
trial 9 of 10...
trial 10 of 10...
Problem type: 2gen_split5 - 11/20
trial 1 of 10...

=== PROMPT ===

Use the following alphabet to guess the missing piece.

x p j h n a u d i q k c m t f s b r g y e v w z l o

Note that the alphabet may be in an unfamiliar order. Complete the pattern using this order.

[a u d i] [n u d i]
[k x m x f x b x] [ ? ]

First, describe 3 relevant exemplars that are distinct from this problem. Then give the final answer. Answer with only the examples and the final answer with no further explanation. Put your final answer between double brackets.


--- TARGET LETTERS ---

['i', 'x', 'm', 'x', 'f', 'x', 'b', 'x']
Full Qwen output: 1. [c a t s] [d o g s]  
2. [b a t h] [s h a w]  
3. [f l y i] [g r a s]  

[[k x m x f x b x] [k x m x f x b x]]
Filtered Qwen output: k x m x f x b x] [k x m x f x b x
trial 2 of 10...
trial 3 of 10...
trial 4 of 10...
trial 5 of 10...
trial 6 of 10...
trial 7 of 10...
trial 8 of 10...
trial 9 of 10...
trial 10 of 10...
Problem type: 2gen_split6 - 12/20
trial 1 of 10...

=== PROMPT ===

Use the following alphabet to guess the missing piece.

x p j h n a u d i q k c m t f s b r g y e v w z l o

Note that the alphabet may be in an unfamiliar order. Complete the pattern using this order.

[b r g y] [b r g e]
[s x f x t x m x] [ ? ]

First, describe 3 relevant exemplars that are distinct from this problem. Then give the final answer. Answer with only the examples and the final answer with no further explanation. Put your final answer between double brackets.


--- TARGET LETTERS ---

['s', 'x', 'f', 'x', 't', 'x', 'c', 'x']
Full Qwen output: 1. [a b c d] [a b c e]  
2. [z y x w] [z y x v]  
3. [m n o p] [m n o q]  

[[s x f x t x m v]]
Filtered Qwen output: s x f x t x m v
trial 2 of 10...
trial 3 of 10...
trial 4 of 10...
trial 5 of 10...
trial 6 of 10...
trial 7 of 10...
trial 8 of 10...
trial 9 of 10...
trial 10 of 10...
Problem type: 2gensplit7 - 13/20
trial 1 of 10...

=== PROMPT ===

Use the following alphabet to guess the missing piece.

x p j h n a u d i q k c m t f s b r g y e v w z l o

Note that the alphabet may be in an unfamiliar order. Complete the pattern using this order.

[x p j h n n] [x p j h n]
[d x q x q x c x t x s x] [ ? ]

First, describe 3 relevant exemplars that are distinct from this problem. Then give the final answer. Answer with only the examples and the final answer with no further explanation. Put your final answer between double brackets.


--- TARGET LETTERS ---

['d', 'x', 'q', 'x', 'c', 'x', 't', 'x', 's', 'x']
Full Qwen output: 1. cat : dog :: bird : ?  
2. apple : fruit :: carrot : ?  
3. run : jog :: swim : ?  

[[d x q x q x c x t x s x] [d x q x q x c x t x s x]]
Filtered Qwen output: d x q x q x c x t x s x] [d x q x q x c x t x s x
trial 2 of 10...
trial 3 of 10...
trial 4 of 10...
trial 5 of 10...
trial 6 of 10...
trial 7 of 10...
trial 8 of 10...
trial 9 of 10...
trial 10 of 10...
Problem type: 3gen_split1 - 14/20
trial 1 of 10...

=== PROMPT ===

Use the following alphabet to guess the missing piece.

x p j h n a u d i q k c m t f s b r g y e v w z l o

Note that the alphabet may be in an unfamiliar order. Complete the pattern using this order.

[x p h j n] [x p j h n]
[v v y y t t s s r r] [ ? ]

First, describe 3 relevant exemplars that are distinct from this problem. Then give the final answer. Answer with only the examples and the final answer with no further explanation. Put your final answer between double brackets.


--- TARGET LETTERS ---

['v', 'v', 'y', 'y', 'r', 'r', 's', 's', 't', 't']
Full Qwen output: 1. cat : dog :: bird : ?  
2. apple : fruit :: carrot : ?  
3. north : south :: east : ?  

[[v v y y t t s s r r] [v v y y t t s s r r]]
Filtered Qwen output: v v y y t t s s r r] [v v y y t t s s r r
trial 2 of 10...
trial 3 of 10...
trial 4 of 10...
trial 5 of 10...
trial 6 of 10...
trial 7 of 10...
trial 8 of 10...
trial 9 of 10...
trial 10 of 10...
Problem type: 3gen_split2 - 15/20
trial 1 of 10...

=== PROMPT ===

Use the following alphabet to guess the missing piece.

x p j h n a u d i q k c m t f s b r g y e v w z l o

Note that the alphabet may be in an unfamiliar order. Complete the pattern using this order.

[g y e v] [g y e w]
[c x q x d x a x] [ ? ]

First, describe 3 relevant exemplars that are distinct from this problem. Then give the final answer. Answer with only the examples and the final answer with no further explanation. Put your final answer between double brackets.


--- TARGET LETTERS ---

['c', 'x', 'q', 'x', 'd', 'x', 'h', 'x']
Full Qwen output: 1. [a b c d] [a b c e]  
2. [m o p q] [m o p r]  
3. [s t u v] [s t u w]  

[[c x q x d x a x] [c x q x d x a x z]]
Filtered Qwen output: c x q x d x a x] [c x q x d x a x z
trial 2 of 10...
trial 3 of 10...
trial 4 of 10...
trial 5 of 10...
trial 6 of 10...
trial 7 of 10...
trial 8 of 10...
trial 9 of 10...
trial 10 of 10...
Problem type: 3gen_split3 - 16/20
trial 1 of 10...

=== PROMPT ===

Use the following alphabet to guess the missing piece.

x p j h n a u d i q k c m t f s b r g y e v w z l o

Note that the alphabet may be in an unfamiliar order. Complete the pattern using this order.

[v w z a o] [v w z l o]
[6 0 8 0 10 0 12 0 2 0] [ ? ]

First, describe 3 relevant exemplars that are distinct from this problem. Then give the final answer. Answer with only the examples and the final answer with no further explanation. Put your final answer between double brackets.


--- TARGET LETTERS ---

[np.int64(6), '0', np.int64(8), '0', np.int64(10), '0', np.int64(12), '0', np.int64(14), '0']
Full Qwen output: Example 1: [a b c d e] [a b c f e]  
Example 2: [1 2 3 4 5] [1 2 3 6 5]  
Example 3: [m n o p q] [m n o r q]  

[[v w z l o]]
Filtered Qwen output: v w z l o
trial 2 of 10...
trial 3 of 10...
trial 4 of 10...
trial 5 of 10...
trial 6 of 10...
trial 7 of 10...
trial 8 of 10...
trial 9 of 10...
trial 10 of 10...
Problem type: 3gen_split4 - 17/20
trial 1 of 10...

=== PROMPT ===

Use the following alphabet to guess the missing piece.

x p j h n a u d i q k c m t f s b r g y e v w z l o

Note that the alphabet may be in an unfamiliar order. Complete the pattern using this order.

[t n a u d] [h n a u d]
[r r s s t t k k q q] [ ? ]

First, describe 3 relevant exemplars that are distinct from this problem. Then give the final answer. Answer with only the examples and the final answer with no further explanation. Put your final answer between double brackets.


--- TARGET LETTERS ---

['r', 'r', 's', 's', 't', 't', 'c', 'c', 'q', 'q']
Full Qwen output: 1. cat dog bird  
2. red blue green  
3. apple banana orange  

[[r r s s t t k k q q] [r r s s t t k k q q]]
Filtered Qwen output: r r s s t t k k q q] [r r s s t t k k q q
trial 2 of 10...
trial 3 of 10...
trial 4 of 10...
trial 5 of 10...
trial 6 of 10...
trial 7 of 10...
trial 8 of 10...
trial 9 of 10...
trial 10 of 10...
Problem type: 3gen_split5 - 18/20
trial 1 of 10...

=== PROMPT ===

Use the following alphabet to guess the missing piece.

x p j h n a u d i q k c m t f s b r g y e v w z l o

Note that the alphabet may be in an unfamiliar order. Complete the pattern using this order.

[c m t f] [k m t f]
[h h x x a a x x d d x x q q x x] [ ? ]

First, describe 3 relevant exemplars that are distinct from this problem. Then give the final answer. Answer with only the examples and the final answer with no further explanation. Put your final answer between double brackets.


--- TARGET LETTERS ---

['p', 'p', 'x', 'x', 'a', 'a', 'x', 'x', 'd', 'd', 'x', 'x', 'q', 'q', 'x', 'x']
Full Qwen output: 1. dog : bark :: cat : meow  
2. night : dark :: day : bright  
3. book : read :: movie : watch  

[[h h x x a a x x d d x x q q x x]]
Filtered Qwen output: h h x x a a x x d d x x q q x x
trial 2 of 10...
trial 3 of 10...
trial 4 of 10...
trial 5 of 10...
trial 6 of 10...
trial 7 of 10...
trial 8 of 10...
trial 9 of 10...
trial 10 of 10...
Problem type: 3gen_split6 - 19/20
trial 1 of 10...

=== PROMPT ===

Use the following alphabet to guess the missing piece.

x p j h n a u d i q k c m t f s b r g y e v w z l o

Note that the alphabet may be in an unfamiliar order. Complete the pattern using this order.

[f s b r] [f s b r g]
[19 19 21 21 23 23] [ ? ]

First, describe 3 relevant exemplars that are distinct from this problem. Then give the final answer. Answer with only the examples and the final answer with no further explanation. Put your final answer between double brackets.


--- TARGET LETTERS ---

[np.int64(19), np.int64(19), np.int64(21), np.int64(21), np.int64(23), np.int64(23), np.int64(25), np.int64(25)]
Full Qwen output: 1. [a b c d] [a b c d e]  
2. [x y z a] [x y z a b]  
3. [m n o p] [m n o p q]  

[[f s b r g y]]
Filtered Qwen output: f s b r g y
trial 2 of 10...
trial 3 of 10...
trial 4 of 10...
trial 5 of 10...
trial 6 of 10...
trial 7 of 10...
trial 8 of 10...
trial 9 of 10...
trial 10 of 10...
Problem type: 3gensplit7 - 20/20
trial 1 of 10...

=== PROMPT ===

Use the following alphabet to guess the missing piece.

x p j h n a u d i q k c m t f s b r g y e v w z l o

Note that the alphabet may be in an unfamiliar order. Complete the pattern using this order.

[k c m t] [k c m f]
[9 11 13 15 17 19 21 23] [ ? ]

First, describe 3 relevant exemplars that are distinct from this problem. Then give the final answer. Answer with only the examples and the final answer with no further explanation. Put your final answer between double brackets.


--- TARGET LETTERS ---

[np.int64(9), np.int64(11), np.int64(13), np.int64(15), np.int64(17), np.int64(19), np.int64(21), np.int64(25)]
Full Qwen output: 1. [a b c d] [a b c e]  
2. [m n o p] [m n o q]  
3. [x y z a] [x y z b]  

[[9 11 13 15 17 19 21 23] [9 11 13 15 17 19 21 25]]
Filtered Qwen output: 9 11 13 15 17 19 21 23] [9 11 13 15 17 19 21 25
trial 2 of 10...
trial 3 of 10...
trial 4 of 10...
trial 5 of 10...
trial 6 of 10...
trial 7 of 10...
trial 8 of 10...
trial 9 of 10...
trial 10 of 10...
Saved ./Qwen_Qwen3-14B_prob_predictions_multi_alph/gen/Qwen_Qwen3-14B_letterstring_results_20_multi_alph_gptprobs_analogical.npz
Total time: 3669.983892440796 seconds.
Loading model Qwen/Qwen3-14B...
GPU memory available: 39.49 GB
`torch_dtype` is deprecated! Use `dtype` instead!
Flash Attention 2 not available (FlashAttention2 has been toggled on, but it cannot be used due to the following error: the package flash_attn seems to be not installed. Please refer to the documentation of https://huggingface.co/docs/transformers/perf_infer_gpu_one#flashattention-2 to install Flash Attention 2.), using default attention
Loading checkpoint shards:   0%|          | 0/8 [00:00<?, ?it/s]Loading checkpoint shards:  12%|█▎        | 1/8 [00:01<00:11,  1.70s/it]Loading checkpoint shards:  25%|██▌       | 2/8 [00:03<00:10,  1.73s/it]Loading checkpoint shards:  38%|███▊      | 3/8 [00:05<00:08,  1.72s/it]Loading checkpoint shards:  50%|█████     | 4/8 [00:06<00:06,  1.71s/it]Loading checkpoint shards:  62%|██████▎   | 5/8 [00:08<00:05,  1.71s/it]Loading checkpoint shards:  75%|███████▌  | 6/8 [00:10<00:03,  1.70s/it]Loading checkpoint shards:  88%|████████▊ | 7/8 [00:11<00:01,  1.70s/it]Loading checkpoint shards: 100%|██████████| 8/8 [00:12<00:00,  1.42s/it]Loading checkpoint shards: 100%|██████████| 8/8 [00:12<00:00,  1.59s/it]
Model loaded with default attention
Model device: cuda:0
GPU memory allocated: 27.51 GB, reserved: 27.51 GB
Model loaded. Loading tokenizer...
Model Qwen/Qwen3-14B and tokenizer loaded.
symb_0
> $ ) * @ = & < + !
Problem type: succ - 1/2
trial 1 of 10...

=== PROMPT ===

Use the following alphabet to guess the missing piece.

> $ ) * @ = & < + !

Note that the alphabet may be in an unfamiliar order. Complete the pattern using this order.

[$ ) * @] [$ ) * =]
[) * @ =] [ ? ]

First, describe 3 relevant exemplars that are distinct from this problem. Then give the final answer. Answer with only the examples and the final answer with no further explanation. Put your final answer between double brackets.


--- TARGET LETTERS ---

[')', '*', '@', '&']
The following generation flags are not valid and may be ignored: ['temperature', 'top_k']. Set `TRANSFORMERS_VERBOSITY=info` for more details.
Full Qwen output: Example 1: A B C D | E F G H | I J K L | M N O P  
Example 2: 1 2 3 4 | 5 6 7 8 | 9 10 11 12 | 13 14 15 16  
Example 3: Red Blue Green Yellow | Orange Purple Pink Black | Brown White Gray Teal | Maroon Cyan Magenta Lavender  

[[&]]
Filtered Qwen output: &
trial 2 of 10...
trial 3 of 10...
trial 4 of 10...
trial 5 of 10...
trial 6 of 10...
trial 7 of 10...
trial 8 of 10...
trial 9 of 10...
trial 10 of 10...
Problem type: pred - 2/2
trial 1 of 10...

=== PROMPT ===

Use the following alphabet to guess the missing piece.

> $ ) * @ = & < + !

Note that the alphabet may be in an unfamiliar order. Complete the pattern using this order.

[$ ) * @] [> ) * @]
[) * @ =] [ ? ]

First, describe 3 relevant exemplars that are distinct from this problem. Then give the final answer. Answer with only the examples and the final answer with no further explanation. Put your final answer between double brackets.


--- TARGET LETTERS ---

['$', '*', '@', '=']
Full Qwen output: Example 1: A B C D | E F G H  
Example 2: 1 2 3 4 | 5 6 7 8  
Example 3: Red Blue Green Yellow | Orange Purple Black White  

[[&]]
Filtered Qwen output: &
trial 2 of 10...
trial 3 of 10...
trial 4 of 10...
trial 5 of 10...
trial 6 of 10...
trial 7 of 10...
trial 8 of 10...
trial 9 of 10...
trial 10 of 10...
symb_1
& > $ ! + ) < @ = *
Problem type: succ - 1/2
trial 1 of 10...

=== PROMPT ===

Use the following alphabet to guess the missing piece.

& > $ ! + ) < @ = *

Note that the alphabet may be in an unfamiliar order. Complete the pattern using this order.

[) < @ =] [) < @ *]
[+ ) < @] [ ? ]

First, describe 3 relevant exemplars that are distinct from this problem. Then give the final answer. Answer with only the examples and the final answer with no further explanation. Put your final answer between double brackets.


--- TARGET LETTERS ---

['+', ')', '<', '=']
Full Qwen output: 1. A B C D E F G H I J  
2. X Y Z A B C D E F G  
3. 1 2 3 4 5 6 7 8 9 0  

((+ ) < =))
trial 2 of 10...
trial 3 of 10...
trial 4 of 10...
trial 5 of 10...
trial 6 of 10...
trial 7 of 10...
trial 8 of 10...
trial 9 of 10...
trial 10 of 10...
Problem type: pred - 2/2
trial 1 of 10...

=== PROMPT ===

Use the following alphabet to guess the missing piece.

& > $ ! + ) < @ = *

Note that the alphabet may be in an unfamiliar order. Complete the pattern using this order.

[+ ) < @] [! ) < @]
[) < @ =] [ ? ]

First, describe 3 relevant exemplars that are distinct from this problem. Then give the final answer. Answer with only the examples and the final answer with no further explanation. Put your final answer between double brackets.


--- TARGET LETTERS ---

['+', '<', '@', '=']
Full Qwen output: Example 1: [A B C D] [B C D E] [C D E F] [D E F G]  
Example 2: [X Y Z] [Y Z A] [Z A B] [A B C]  
Example 3: [1 2 3 4] [2 3 4 5] [3 4 5 6] [4 5 6 7]  

[[< @ = *]]
Filtered Qwen output: < @ = *
trial 2 of 10...
trial 3 of 10...
trial 4 of 10...
trial 5 of 10...
trial 6 of 10...
trial 7 of 10...
trial 8 of 10...
trial 9 of 10...
trial 10 of 10...
Saved ./Qwen_Qwen3-14B_prob_predictions_multi_alph/gen/Qwen_Qwen3-14B_letterstring_results_symb_multi_alph_gptprobs_analogical.npz
Total time: 135.90878295898438 seconds.
