============================================================================================== 
Warning! Mixing Conda and module environments may lead to corruption of the
user environment. 
We do not recommend users mixing those two environments unless absolutely
necessary. Note that 
SURF does not provide any support for Conda environment.
For more information, please refer to our software policy page:
https://servicedesk.surf.nl/wiki/display/WIKI/Software+policy+Snellius#SoftwarepolicySnellius-UseofAnacondaandMinicondaenvironmentsonSnellius 

Remember that many packages have already been installed on the system and can
be loaded using 
the 'module load <package__name>' command. If you are uncertain if a package is
already available 
on the system, please use 'module avail' or 'module spider' to search for it.
============================================================================================== 
Loading model Qwen/Qwen3-8B...
GPU memory available: 39.49 GB
`torch_dtype` is deprecated! Use `dtype` instead!
Flash Attention 2 not available (FlashAttention2 has been toggled on, but it cannot be used due to the following error: the package flash_attn seems to be not installed. Please refer to the documentation of https://huggingface.co/docs/transformers/perf_infer_gpu_one#flashattention-2 to install Flash Attention 2.), using default attention
Loading checkpoint shards:   0%|          | 0/5 [00:00<?, ?it/s]Loading checkpoint shards:  20%|██        | 1/5 [00:01<00:07,  1.77s/it]Loading checkpoint shards:  40%|████      | 2/5 [00:03<00:05,  1.76s/it]Loading checkpoint shards:  60%|██████    | 3/5 [00:05<00:03,  1.75s/it]Loading checkpoint shards:  80%|████████  | 4/5 [00:06<00:01,  1.61s/it]Loading checkpoint shards: 100%|██████████| 5/5 [00:07<00:00,  1.23s/it]Loading checkpoint shards: 100%|██████████| 5/5 [00:07<00:00,  1.44s/it]
Model loaded with default attention
Model device: cuda:0
GPU memory allocated: 15.26 GB, reserved: 15.28 GB
Model loaded. Loading tokenizer...
Model Qwen/Qwen3-8B and tokenizer loaded.
Generating responses with model Qwen/Qwen3-8B...
------------ Task 1 ------------
Prompt for task Task 1:
Consider the following story:

Story 1: William was a patient in a psychiatric hospital who was confined indoors almost all the time. He could never pass the monthly room inspections so he hated them. He spent most of his time daydreaming about food. A few days before the April inspection William’s room was still a mess since he had done nothing but daydream. To provide William with an incentive, the nurse promised him some gingerbread from the cookie shop if he scrubbed his room and put it in order once and for all. William was overjoyed. But there was no longer enough time for him to put it in order. As a result, he did not pass the inspection and did not get any gingerbread. William sulked all day and slammed his door so hard the plaster cracked, but he still didn’t get any gingerbread.

Now consider two more stories:

Story A: Karen disliked high school so she always had trouble getting passing grades in her classes. Vacations were her favorite part of the school year. Not long before the end of her fourth year of school, Karen was not doing well at all because she despised school. To motivate her, Karen’s father promised her a trip to Hawaii if she would just pass enough of her classes to graduate. This made Karen extremely happy. During the last few weeks of school she spent most of her time dreaming about Hawaii and preparing for her trip there. Consequently, she failed to graduate and she did not get to go.

Story B: Karen loved vacations and especially wanted to go to Hawaii.  But she wasn’t a good student, disliked school, and was failing because she was distracted with constant thoughts about traveling to Hawaii.  Karen’s father made her feel better by telling her that he would pay for a trip to Hawaii if she got better grades before she graduated from high school in a few weeks.  But she didn’t have enough time to bring up her grades before graduation, so didn’t get the opportunity to go to Hawaii.

Which of Story A and Story B is a better analogy to Story 1? Is the best answer Story A, Story B, or both are equally analogous?

Before answering, recall 3 relevant examples, then provide your answer.

The following generation flags are not valid and may be ignored: ['temperature', 'top_k']. Set `TRANSFORMERS_VERBOSITY=info` for more details.
Full Qwen output (41.30 seconds): To determine which of **Story A** or **Story B** is a better analogy to **Story 1**, we need to compare the **structure, motivation, and outcome** of each story. Let's first recall **three relevant examples** from psychology and behavioral science that are related to **incentive motivation, goal-setting, and the consequences of delayed or unrealistic expectations**.

---

### **Relevant Examples:**

1. **The Overjustification Effect**  
   This theory, developed by Edward Deci, suggests that when external rewards are introduced for an activity that someone already enjoys, the intrinsic motivation for that activity decreases. For example, if a child enjoys drawing, giving them a reward for drawing may reduce their natural interest in the activity.

2. **The Marshmallow Experiment (Walter Mischel)**  
   This famous study showed that children who could delay gratification (waiting for a larger reward) were more successful later in life. It highlights the importance of **self-regulation** and **delayed gratification** in achieving long-term goals.

3. **The Pigeon Experiment (Skinner’s Operant Conditioning)**  
   In this experiment, pigeons were trained to peck a button to receive food. When the food was delayed or the reward was inconsistent, the pigeons’ behavior changed, showing how **timing and consistency** of rewards affect motivation and behavior.

---

### **Analysis of Story 1:**

- **William** is a patient in a psychiatric hospital who is **confined indoors** and **dislikes room inspections**.
- He **daydreams about food** and **fails to clean his room**.
- A **nurse offers a reward (gingerbread)** to motivate him to clean.
- He is **overjoyed** by the reward, but **fails to clean in time**.
- He **fails the inspection**, **does not get the reward**, and **feels defeated**.

**Key elements:**
- **Intrinsic motivation** (daydreaming about food) is present.
- **External reward** (gingerbread) is introduced to motivate action.
- **Time constraint** prevents the desired outcome.
- **Negative outcome** (no reward, frustration) results from **unrealistic expectations** and **lack of time**.

---

### **Analysis of Story A:**

- **Karen** dislikes school and is failing.
- She **dreams about Hawaii** and is **motivated by the promise of a trip**.
- She **prepares for the trip** and **focuses on it**.
- She **fails to graduate** and **does not get the reward**.
- She **feels defeated**.

**Key elements:**
- **Intrinsic motivation** (dislike of school) is present.
- **External reward** (trip to Hawaii) is introduced to motivate academic performance.
- **Time constraint** prevents the desired outcome.
- **Negative outcome** (no reward, frustration) results from **unrealistic expectations** and **lack of time**.

---

### **Analysis of Story B:**

- **Karen** loves vacations and wants to go to Hawaii.
- She **dislikes school** and is **failing** due to **constant thoughts about Hawaii**.
- Her **father offers a reward** (trip to Hawaii) to improve her grades.
- She **fails to improve her grades** and **does not get the reward**.

**Key elements:**
- **Intrinsic motivation** (love of vacation) is present.
- **External reward** (trip to Hawaii) is introduced to motivate academic performance.
- **Time constraint** prevents the desired outcome.
- **Negative outcome** (no reward, frustration) results from **unrealistic expectations** and **lack of time**.

---

### **Comparison:**

- **Story A** and **Story B** are **similar in structure** and **outcome**.
- Both involve a **person who dislikes a task (school)** and is **motivated by a reward (trip to Hawaii)**.
- Both involve **unrealistic expectations** and **lack of time** leading to **failure** and **frustration**.
- However, **Story A** includes a **clear motivational shift** (Karen is motivated by the reward and prepares for it), while **Story B** suggests that Karen is **already distracted** by the reward and **fails to focus on school**.

---

### **Conclusion:**

**Story A** is a **better analogy** to **Story 1** because:

- Both involve a **person who dislikes a task** (room cleaning vs. school).
- Both involve an **external reward** introduced to motivate action.
- Both involve **unrealistic expectations** and **lack of time** leading to **failure** and **frustration**.
- In **Story A**, the **reward is a clear motivator**, and the person **acts on it**, which mirrors **William’s reaction** to the gingerbread reward.

**Story B**, while similar in some ways, lacks the **clear motivational shift** and **action** that is central to **Story 1**.

---

### ✅ **Final Answer: Story A is a better analogy to Story 1.**
------------ Task 2 ------------
Prompt for task Task 2:
Consider the following story:

Story 1: Mr. Newton was the manager of a company that made razors. One year, an inventor in his company perfected a metal that would stay sharper than any previous razor. However, not long after that, Mr. Newton was using one of these new razors and he cut his neck rather severely. As a result of this incident the inventor recommended a safety feature that would protect people from injuring themselves. After what had happened, Mr. Newton considered the safety feature absolutely necessary. The incident had alarmed him so much that he began to produce the safety razor right away. Luckily, his neck did not get infected so everything was alright.

Now consider two more stories:

Story A: Ms. Boyce was in charge of installing sun lamps sold by Smith Tan Company. In 1980, a supplier for the company perfected a filament that could produce more intense heat than any previous filament. Because it was so hot, the supplier recommended a warning label that would protect people from hurting themselves with the new lamp. But Mrs. Boyce considered the labels unnecessary. It would be too much trouble to make them. But later, when she was using one of these new heat lamps herself, she was seriously burned. After this accident she was so frightened that she had the warning labels printed immediately.

Story B: The Smith Tan Company sold sun lamps, with Ms. Boyce leading the firm’s installation of these lamps. One of the firm’s suppliers created a novel filament for these lamps; this filament generated more heat than past and current filaments.  Ms. Boyce got a bad burn when trying out one of these lamps.  She reported this to the firm, and the supplier proposed putting a label on the lamps, warning of the possibility of burns.  Ms. Boyce was convinced by her burn to get the company to quickly go ahead with the labels.

Which of Story A and Story B is a better analogy to Story 1? Is the best answer Story A, Story B, or both are equally analogous?

Before answering, recall 3 relevant examples, then provide your answer.

Full Qwen output (47.63 seconds): To determine which of **Story A** or **Story B** is a better analogy to **Story 1**, we need to compare the **structure, cause, and consequences** of the events in each story. Let's first recall **three relevant examples** from the field of **analogical reasoning and causal reasoning** that will help us evaluate the analogy.

---

### **Relevant Examples from Analogical Reasoning**

1. **The "Lamborghini" Analogy (Causal and Structural Similarity):**  
   In this analogy, a car manufacturer (like Lamborghini) introduces a new model with a powerful engine. A test driver crashes the car, leading to a safety recall. The analogy is used to compare how a new feature (powerful engine) leads to an accident, prompting a safety improvement. This example emphasizes **causal relationships** and **structural similarity** in the sequence of events.

2. **The "Aspirin and Blood Clotting" Analogy (Causal and Functional Similarity):**  
   This analogy compares the discovery of aspirin's effect on blood clotting to a similar discovery in another context. It highlights **causal relationships** and **functional similarity**—how a new feature (aspirin) leads to an unexpected effect (blood thinning), which is then addressed with a solution (a warning or dosage change).

3. **The "Airplane Safety Feature" Analogy (Causal and Behavioral Similarity):**  
   In this analogy, a new airplane model is introduced with a feature that improves performance (e.g., faster speed). However, a pilot experiences a crash due to the feature's side effect (e.g., turbulence). The crash leads to a safety feature (e.g., turbulence sensors). This analogy emphasizes **causal and behavioral similarity**—how a new feature leads to an accident, which then leads to a safety improvement.

---

### **Comparison of Story 1 with Story A and Story B**

Let’s now compare **Story 1** with **Story A** and **Story B** based on the **structure, cause, and consequences** of the events.

---

#### **Story 1 Summary:**
- A **new metal** is developed that makes razors sharper.
- The **inventor** recommends a **safety feature** to prevent injury.
- **Mr. Newton** is **injured** by the razor.
- He becomes **alarmed** and **immediately implements** the safety feature.
- The injury is **not fatal**, and the safety feature is **adopted**.

---

#### **Story A Summary:**
- A **new filament** is developed that produces **more intense heat**.
- The **supplier** recommends a **warning label**.
- **Ms. Boyce** **ignores** the recommendation.
- She is **seriously burned**.
- She becomes **frightened** and **immediately implements** the warning label.

---

#### **Story B Summary:**
- A **new filament** is developed that produces **more intense heat**.
- The **supplier** recommends a **warning label**.
- **Ms. Boyce** is **burned**.
- She **reports** the incident.
- The **supplier** proposes a **label**.
- She is **convinced** and **quickly implements** the label.

---

### **Key Differences Between Story A and Story B**

| Aspect | Story A | Story B |
|--------|---------|---------|
| **Injury** | Ms. Boyce is **seriously burned** | Ms. Boyce is **burned** |
| **Response to Injury** | She is **frightened** and **immediately implements** the label | She **reports** the incident, and the **supplier proposes** the label. She is **convinced** and **quickly implements** the label |
| **Role of the Supplier** | The supplier **recommends** the label, but Ms. Boyce **ignores** it | The supplier **proposes** the label after the incident, and Ms. Boyce **adopts** it |
| **Causal Chain** | Injury → Fear → Implementation | Injury → Reporting → Proposal → Implementation |

---

### **Which is a Better Analogy to Story 1?**

Let’s now compare **Story A** and **Story B** with **Story 1**.

#### **Story 1 vs. Story A:**
- Both involve a **new product feature** (sharper razor, hotter lamp).
- Both involve a **recommendation for a safety feature**.
- Both involve a **personal injury**.
- Both involve a **change in behavior** (implementation of the safety feature).
- However, in **Story A**, the **injury is more severe** (serious burn), and the **response is more immediate** (fear leads to quick action), which is **more similar** to the **severity and urgency** in Story 1.

#### **Story 1 vs. Story B:**
- Both involve a **new product feature**.
- Both involve a **recommendation for a safety feature**.
- Both involve a **personal injury**.
- However, in **Story B**, the **injury is less severe** (just a burn), and the **response is more structured** (reporting, proposal, implementation), which is **less similar** to the **immediate and urgent** response in Story 1.

---

### **Conclusion:**

**Story A** is a **better analogy** to **Story 1** because it mirrors the **sequence of events** more closely:
- A **new feature** is introduced.
- A **safety recommendation** is made.
- A **personal injury** occurs.
- The **injured person** becomes **alarmed** and **immediately implements** the safety feature.

While **Story B** is also somewhat analogous, it lacks the **urgency and emotional response** that is central to **Story 1**.

---

### ✅ **Final Answer: Story A is a better analogy to Story 1.**
------------ Task 3 ------------
Prompt for task Task 3:
Consider the following story:

Story 1: Joseph was a millionaire who hired a chauffeur to drive his Rolls-Royce. He used to brag to his wife that he would never be late for his conferences since he had hired a chauffeur. One morning when he was in a great hurry, he went to find the chauffeur. But he was asleep. He thought his services would not be needed that day. Thus Joseph was very late for his conference after all. To make sure this would not happen again, Joseph hired a second chauffeur. This turned out to be very expensive because the second chauffeur wanted a fancy uniform as well as a high salary.

Now consider two more stories:

Story A: Many years ago there was a man named Alexander who had two wives living in two houses: He liked to boast to a friend that with his two wives he would always eat well. One day when he was very hungry, Alexander went to his first wife. But she had only prepared enough for herself and their baby. She thought Alexander would eat with his other wife that day. Alexander then went to his second wife, but found she had already finished. She saw him go to the other house so she thought he was eating there. Thus Alexander went without any dinner at all.

Story B: A man called Alexander and his wife lived in a big house. Alexander’s friend often heard Alexander vaunt the fact that his wife cooked amazing food that he loved to eat. One day the wife expected her husband would be away, so she cooked a small amount of food for the baby and herself.  When Alexander came home there was no food left.  Disappointed and wanting to make sure to avoid hunger, Alexander got married to another woman in addition to his original wife.

Which of Story A and Story B is a better analogy to Story 1? Is the best answer Story A, Story B, or both are equally analogous?

Before answering, recall 3 relevant examples, then provide your answer.

Full Qwen output (42.83 seconds): To determine which of **Story A** or **Story B** is a better analogy to **Story 1**, we need to compare the **structure, cause, and consequence** of the situations in each story. Let's first recall **three relevant examples** of analogies and then analyze the stories accordingly.

---

### **Relevant Examples of Analogies**

1. **The Parable of the Talents (Matthew 25:14–30)**  
   - **Structure**: A man gives his servants talents (money) and expects them to invest wisely.  
   - **Cause**: One servant invests and gains more, while another buries his talent out of fear.  
   - **Consequence**: The servant who buried his talent is punished.  
   - **Analogy**: This story is about **responsibility and opportunity**. The analogy is used to show that **inaction or fear leads to loss**.

2. **The Parable of the Prodigal Son (Luke 15:11–32)**  
   - **Structure**: A son asks for his inheritance, leaves home, squanders it, and returns.  
   - **Cause**: The son’s wastefulness and return.  
   - **Consequence**: The father forgives him, showing mercy.  
   - **Analogy**: This story is about **repentance and forgiveness**. The analogy is used to show that **even in failure, there is hope and redemption**.

3. **The Parable of the Unforgiving Servant (Matthew 18:21–35)**  
   - **Structure**: A servant is forgiven a large debt but then refuses to forgive a smaller debt owed to him.  
   - **Cause**: The servant’s refusal to show mercy.  
   - **Consequence**: He is punished for his lack of compassion.  
   - **Analogy**: This story is about **mercy and justice**. The analogy is used to show that **forgiveness is a moral obligation**.

---

### **Analysis of Story 1**

**Story 1**: Joseph, a millionaire, hires a chauffeur to ensure he is never late for his conferences. One day, the chauffeur is asleep, and Joseph is late. To prevent this, he hires a second chauffeur, but this becomes expensive.

- **Structure**: A person takes a precaution (hiring a chauffeur) to avoid a problem (being late). The precaution fails, leading to the problem. To fix it, a second precaution is taken, but it leads to a new problem (cost).
- **Cause**: The first precaution (one chauffeur) was insufficient.
- **Consequence**: A second precaution is taken, but it leads to a new issue (cost).
- **Theme**: **Over-preparation and the unintended consequences of solutions**.

---

### **Analysis of Story A**

**Story A**: Alexander has two wives and boasts that he will always eat well. He goes to the first wife, but she has only prepared for herself and the baby. He goes to the second wife, but she has already finished. He ends up with no food.

- **Structure**: A person takes a precaution (having two wives) to ensure a benefit (eating well). The precaution fails because both wives assume the other will provide.
- **Cause**: The assumption that the other wife will provide leads to failure.
- **Consequence**: Alexander goes hungry.
- **Theme**: **Over-reliance on assumptions and the failure of shared responsibility**.

---

### **Analysis of Story B**

**Story B**: Alexander and his wife live in a big house. He boasts about his wife’s cooking. One day, she cooks only for herself and the baby, expecting him to be away. When he returns, there is no food. To avoid this, he marries another woman.

- **Structure**: A person takes a precaution (marrying a second wife) to ensure a benefit (food). The precaution fails because the first wife still assumes he will be away.
- **Cause**: The assumption that the wife will not cook for him leads to failure.
- **Consequence**: He marries another wife, but the problem persists.
- **Theme**: **Over-reliance on assumptions and the failure of solutions based on flawed expectations**.

---

### **Comparison and Conclusion**

- **Story 1** and **Story A** both involve **over-preparation** and **shared responsibility**. In both cases, the person assumes that someone else will take care of the problem, and when that assumption fails, the person is left in a worse situation.
- **Story B** is similar in that it involves **over-preparation** and **flawed assumptions**, but it introduces a **new solution** (marrying another wife) that doesn’t resolve the underlying issue (the wife still assumes he will be away).
- **Story A** is more analogous to **Story 1** because both involve **shared responsibility** and **flawed assumptions** that lead to failure. In both cases, the person assumes that the other party will take care of the problem, and when that assumption fails, the person is left without a solution.

---

### ✅ **Final Answer: Story A is a better analogy to Story 1.**  
**Reason**: Both stories involve **over-preparation based on flawed assumptions**, leading to **unintended consequences**. Story A mirrors the structure and theme of Story 1 more closely than Story B.
------------ Task 4 ------------
Prompt for task Task 4:
Consider the following story:

Story 1: Karla, an old hawk, lived at the top of a tall oak tree.  One afternoon, she saw a hunter on the ground with a bow and some crude arrows that had no feathers.  The hunter took aim and shot at the hawk but missed.  Karla knew the hunter wanted her feathers so she glided down to the hunter and offered to give him a few.  The hunter was so grateful that he pledged never to shoot at a hawk again.  He went off and shot deer instead.

Now consider two more stories:

Story A: Once there was a small country called Zerdia that learned to make the world’s smartest computer.  Zerdia sold one of its supercomputers to its neighbor, Gagrach, so Gagrach would promise never to attack Zerdia. But one day Zerdia was overwhelmed by a surprise attack from Gagrach.  As it capitulated, the crippled government of Zerdia realized that the attacker’s missiles had been guided by Zerdian supercomputers.

Story B: Once there was a small country called Zerdia that learned to make the world’s smartest computer.  Another country called Gagrach declared war on Zerdia and launched a missile attack that didn’t work because the missiles took a wrong trajectory.  The small country, Zerdia, had the smart computers that they assumed Gagrach was after, and Zerdia offered Gagrach a deal that pleased the Gagrach government enough to prevent new attacks.  The deal was to sell Gagrach a set of these machines.

Which of Story A and Story B is a better analogy to Story 1? Is the best answer Story A, Story B, or both are equally analogous?

Before answering, recall 3 relevant examples, then provide your answer.

Full Qwen output (38.93 seconds): To determine which of **Story A** or **Story B** is a better analogy to **Story 1**, we need to compare the **structure, intent, and outcome** of the original story with the two analogies. Let's first recall **three relevant examples** from political science or international relations that help us understand the nature of **deterrence, trust, and strategic deception**—key themes in all three stories.

---

### **Relevant Examples:**

1. **The Cuban Missile Crisis (1962)**  
   - The U.S. and the Soviet Union were on the brink of nuclear war. The U.S. discovered Soviet missiles in Cuba, and the Soviets were aware of the U.S. nuclear arsenal. A tense standoff occurred, and the crisis was resolved through diplomacy and mutual understanding.  
   - **Relevance**: This shows how **strategic deterrence** and **mutual understanding** can prevent conflict, similar to the idea of offering something valuable to prevent an attack.

2. **The 1979 U.S.-Soviet Intermediate-Range Nuclear Forces (INF) Treaty**  
   - The U.S. and the Soviet Union agreed to eliminate intermediate-range nuclear missiles. This treaty was based on mutual suspicion and the desire to reduce the risk of accidental nuclear war.  
   - **Relevance**: This illustrates **strategic arms control** and **trust-building**, which are central to the idea of offering something valuable to prevent conflict.

3. **The 1983 Able Archer Exercise**  
   - A NATO military exercise was misinterpreted by the Soviet Union as a prelude to a nuclear attack. The Soviets, fearing a false flag operation, nearly launched a nuclear strike.  
   - **Relevance**: This highlights **miscommunication and the dangers of strategic deception**, which is a key element in both Story A and Story B.

---

### **Analysis of Story 1:**

- **Karla**, an old hawk, is **valuable** because of her **feathers**.
- A **hunter** wants her feathers but **misses**.
- Karla **offers** her feathers to the hunter to **prevent future attacks**.
- The hunter is **grateful** and **changes his behavior**.

**Key Themes:**
- **Value of a resource** (feathers) leads to **deterrence**.
- **Trust** is built through **offer of a valuable item**.
- **Strategic deception** is used to **prevent conflict**.

---

### **Comparison with Story A and Story B:**

#### **Story A:**
- Zerdia has a **supercomputer**.
- Zerdia sells it to Gagrach to **prevent an attack**.
- Gagrach **attacks anyway**, and the supercomputer is **used against Zerdia**.

**Key Themes:**
- **Trust is broken**.
- **Deception** is used, but it **fails**.
- The **value of the resource** is **misused**.

**Comparison to Story 1:**
- Similar in that a **valuable resource** is offered to **prevent an attack**.
- However, the **deception fails**, and the **resource is used against the offeror**.
- This is **not a good analogy** to Story 1, where the **deception works** and the **offer is accepted**.

#### **Story B:**
- Zerdia has a **supercomputer**.
- Gagrach **declares war** and **fails** due to **technical issues**.
- Zerdia **offers** the supercomputer to Gagrach to **prevent future attacks**.
- Gagrach **accepts the deal**.

**Key Themes:**
- **Strategic deception** is used to **prevent conflict**.
- The **value of the resource** is **used to build trust**.
- The **deal is accepted**, and **conflict is avoided**.

**Comparison to Story 1:**
- This is **very similar** to Story 1 in structure and outcome.
- A **valuable resource** is **offered** to **prevent an attack**.
- The **offer is accepted**, and **conflict is avoided**.
- The **deception is successful**, just like in Story 1.

---

### **Conclusion:**

**Story B** is the **better analogy** to **Story 1**. Both involve:

- A **valuable resource** being **offered** to **prevent an attack**.
- The **offer is accepted**, and **conflict is avoided**.
- **Strategic deception** is used to **build trust** and **prevent conflict**.

**Story A**, on the other hand, involves **failed deception** and **misuse of the resource**, which is **not analogous** to the successful deterrence in Story 1.

---

### ✅ **Final Answer: Story B is a better analogy to Story 1.**
------------ Task 5 ------------
Prompt for task Task 5:
Consider the following story:

Story 1: Peter was a young man from Iceland who moved to Florida one summer. He was very self-conscious about his fair skin. Peter thought that people would not accept him unless he tanned himself golden-brown like everyone else. So Peter spent a whole day in the sun, trying to get a tan. He didn’t understand how dangerous the sun could be. Consequently, by evening he had second degree burns over most of his body and he had to go to the hospital. Peter decided that Florida was not for him and booked the next ocean liner back to Iceland. He spent the whole trip under a large umbrella keeping cool.

Now consider two more stories:

Story A: Quiggly Company was a small company that manufactured conventional electrical components. They had just started producing integrated circuits and decided that the real action in the integrated circuit market was in space manufacturing. But the market analysts gave them a stern warning. They said that space factories were too expensive and that the market was too competitive. If Quiggly went into space manufacturing, the analysts predicted they would lose everything and their stock would plunge. Quiggly Company was so annoyed at having to play it safe when everyone else had a chance to make a killing that they decided to go back to manufacturing conventional electric components.

Story B: Quiggly Company was a small company that manufactured conventional electrical components. One year, Quiggly Co. began to get into the integrated circuit market. However, Quiggly Company felt that to be competitive it would have to have really sophisticated space factories, as did all the other manufacturers of integrated circuits. Quiggly decided to put all its assets into having a space factory. However, contrary to Quiggly’s knowledge, space manufacturing was a financial risk.  It turned out that within six months, Quiggly Company had spent much more than they could afford and their stocks plunged to an all time low. The company made a judgment call.  They pulled out of integrated circuits altogether in favor of their original business: making conventional electrical components.

Which of Story A and Story B is a better analogy to Story 1? Is the best answer Story A, Story B, or both are equally analogous?

Before answering, recall 3 relevant examples, then provide your answer.

Full Qwen output (32.55 seconds): To determine which of **Story A** or **Story B** is a better analogy to **Story 1**, we need to compare the **structure, decision-making process, and consequences** of each story. Let's first recall **three relevant examples** from psychology and decision-making theory that will help us analyze the analogy:

---

### **1. The Dunning-Kruger Effect**  
This cognitive bias describes how people with low ability at a task overestimate their own competence. In Story 1, Peter overestimates his ability to handle the sun and assumes that tanning is a simple, safe way to fit in. This mirrors the Dunning-Kruger effect, where Peter's lack of knowledge about sun safety leads to a dangerous decision.

---

### **2. The Planning Fallacy**  
This is the tendency to underestimate the time, cost, or difficulty of future tasks. In Story B, Quiggly Company assumes that building a space factory is a straightforward and profitable move, not realizing the financial risks involved. This is a classic example of the planning fallacy — underestimating the complexity and cost of a project.

---

### **3. The Escalation of Commitment**  
This refers to the tendency to continue investing in a failing course of action due to prior investment. In Story A, Quiggly Company is advised against entering the space manufacturing market, but they still decide to go back to their original business. This is not escalation of commitment, but it shows a **rational decision** to avoid risk. In contrast, Story B shows Quiggly Company **investing heavily** in a risky venture and then **pulling out** after realizing the cost, which is more aligned with the **escalation of commitment** in reverse — they overinvest and then reverse course.

---

### **Comparison of Stories to Story 1**

Let’s now compare **Story 1** with **Story A** and **Story B**:

#### **Story 1 Summary**:
- Peter is self-conscious about his fair skin.
- He assumes that tanning is a simple and safe way to fit in.
- He ignores the risks of sun exposure.
- He makes a dangerous decision and suffers consequences.
- He decides to leave the environment (Florida) and avoids the risk in the future.

#### **Story A Summary**:
- Quiggly is advised against entering a risky market (space manufacturing).
- They decide to go back to their original business.
- The decision is **rational** and **based on advice**.
- No overestimation of ability or underestimation of risk.

#### **Story B Summary**:
- Quiggly decides to invest heavily in a risky venture (space manufacturing).
- They overestimate the feasibility and profitability of the venture.
- They suffer financial losses and then reverse course.
- This shows **overconfidence**, **underestimation of risk**, and **escalation of commitment**.

---

### **Which is a Better Analogy to Story 1?**

- **Story 1** involves **overestimating one's ability to handle a risk** (Peter assumes tanning is safe), **ignoring the actual danger**, and **suffering consequences**.
- **Story B** mirrors this pattern: Quiggly overestimates the feasibility of space manufacturing, ignores the risks, and suffers financial consequences.
- **Story A**, on the other hand, is a **rational decision** based on **external advice** and **avoidance of risk**, which is the **opposite** of what happens in Story 1.

---

### ✅ **Final Answer: Story B is the better analogy to Story 1.**

**Reasoning**:  
- Both **Story 1** and **Story B** involve **overestimating the safety or feasibility of a risky action**.
- Both involve **ignoring or misunderstanding the actual risks**.
- Both result in **negative consequences** and a **change in behavior** to avoid future risk.
- **Story A** is more about **rational decision-making** and **heeding expert advice**, which is not the case in Story 1.

Therefore, **Story B** is the better analogy to **Story 1**.
------------ Task 6 ------------
Prompt for task Task 6:
Consider the following story:

Story 1: Julius was a mule who discovered several pears sitting in a window sill.  He thought to himself, “These pears seem to be rotten.  Perhaps I’ll get some and find out if my prediction is correct.” However, the pears were too high for Julius.  And because he was hungry he felt too weak to jump up to them.  Naturally, this was rather disappointing.  He closed his eyes and went to sleep, dreaming about mountains of pears.

Now consider two more stories:

Story A: A girl named Cindy found some records she wanted at a record store.  She really wanted them but, needless to say, they were too expensive for her.  After brooding for a while, Cindy got over her disappointment. “These records are probably boring,” she thought.  “So even if I could afford them I wouldn’t listen to them.”

Story B: A girl named Cindy glimpsed some records she was curious about at a record store.   Cindy didn’t think the records would be fun to listen to but wanted to purchase them to see whether they were or not.  Sadly, she saw there was no way she could afford them.

Which of Story A and Story B is a better analogy to Story 1? Is the best answer Story A, Story B, or both are equally analogous?

Before answering, recall 3 relevant examples, then provide your answer.

Full Qwen output (29.10 seconds): To determine which of **Story A** or **Story B** is a better analogy to **Story 1**, we need to compare the **structure, emotional tone, and underlying motivations** of the stories.

---

### **Relevant Examples to Recall:**

1. **Example 1: The Farmer and the Apple Tree**  
   A farmer sees apples on a tree but can't reach them. He decides to wait for the apples to fall or find a way to climb. This is similar to **Story 1**, where Julius is unable to reach the pears and is left disappointed.

2. **Example 2: The Student and the Book**  
   A student wants to read a book but can't afford it. Instead of being upset, the student tells themselves the book is not worth reading. This is similar to **Story A**, where Cindy rationalizes her inability to buy the records by devaluing them.

3. **Example 3: The Child and the Toy**  
   A child wants a toy but can't afford it. The child is upset but still dreams about it. This is similar to **Story B**, where Cindy is disappointed but still wants to know if the records are fun, even though she can't afford them.

---

### **Analysis of Story 1:**
- **Julius** is a mule who **sees pears** he **wants** but **can't reach**.
- He is **hungry and weak**, so he **can't act**.
- He **feels disappointment** and **dreams** about the pears.
- The **core emotion** is **disappointment and longing**, with a **desire to obtain** something **unreachable**.

---

### **Analysis of Story A:**
- **Cindy** wants records but **can't afford them**.
- She **rationalizes** her inability by **devaluing the object** (calling them "boring").
- She **accepts her disappointment** and **moves on**.
- The **core emotion** is **disappointment**, but with **rationalization** and **denial** of desire.

---

### **Analysis of Story B:**
- **Cindy** wants to **test** the records by buying them.
- She **acknowledges** she can't afford them.
- She is **disappointed** but still **curious** and **wants to know**.
- The **core emotion** is **disappointment**, but with **curiosity** and **desire to know**.

---

### **Comparison with Story 1:**

- **Story 1** is about **unmet desire** due to **physical or situational limitations**.
- **Story A** involves **unmet desire** due to **financial limitations**, but with **rationalization**.
- **Story B** involves **unmet desire** due to **financial limitations**, but with **curiosity** and **desire to know**.

---

### **Conclusion:**

**Story B** is a **better analogy** to **Story 1**. Both involve:

- A **desire** for something **unreachable**.
- **Disappointment** due to **inability to obtain** the object.
- A **desire to know** or **test** the value of the object, even if it's out of reach.

In **Story A**, the **rationalization** (calling the records "boring") is a **key difference**. This is not present in **Story 1**, where Julius simply **dreams** about the pears without devaluing them.

---

### ✅ **Final Answer: Story B is a better analogy to Story 1.**
------------ Task 7 ------------
Prompt for task Task 7:
Consider the following story:

Story 1: Percy the mockingbird spent the whole warm season chirping and twittering.  When it began to get colder Percy visited a squirrel and sang a song for her, expecting to get some of the squirrel’s sunflower seeds in return.  However, the squirrel was very disappointed in him. “You are a terrible singer!” she yelled.  “I’m not giving you any of my wheat.” A tear  rolled down Percy’s cheek, and he vowed to give up singing for good.

Now consider two more stories:

Story A: Sam traveled all over the world buying beautiful things.  When he ran out of money he paid a visit to his mother.  However, she was not at all pleased with him. “While I have been hard at work you have been wasting your time,” she said.  Sam gave her a gift he bought in Tibet, hoping she would give him a loan in return.  But she was still not pleased.  “I will not give you any of my hard-earned money!” she exclaimed.

Story B: Sam traveled all over the world buying beautiful things.  At some point he had no more money left.  He went home to see his mother.  He wanted to get a loan from her, so he presented her with a gift for her that he bought while in Tibet, hoping she would reciprocate with money.  His angry mother responded that the Tibetan gift was not worth anything.  “I will not give you any of my hard-earned money!” she exclaimed.

Which of Story A and Story B is a better analogy to Story 1? Is the best answer Story A, Story B, or both are equally analogous?

Before answering, recall 3 relevant examples, then provide your answer.

Full Qwen output (32.86 seconds): To determine which of **Story A** or **Story B** is a better analogy to **Story 1**, we need to compare the **structure, theme, and moral** of each story.

---

### **Step 1: Recall 3 Relevant Examples of Analogies**

1. **Analogies in Literature**: In *The Little Prince*, the fox teaches the prince about the importance of relationships and how love is not something you can see with your eyes. This is an analogy to the idea that true connections require time and care.

2. **Analogies in Everyday Life**: If you want to get a job, you might need to show your skills. This is an analogy to the idea that effort and demonstration are required to gain rewards.

3. **Analogies in Fables**: Aesop’s fables often use animals to illustrate moral lessons. For example, the fable of the **Hare and the Tortoise** is an analogy to the value of perseverance over speed.

---

### **Step 2: Compare Story 1 with Story A and Story B**

#### **Story 1 Summary**:
- **Percy the mockingbird** sings for a **squirrel** in exchange for **sunflower seeds**.
- The **squirrel is disappointed** and **refuses** to give anything.
- Percy is **disheartened** and **vows to stop singing**.

**Key Elements**:
- **Exchange of goods/services** (singing for seeds).
- **Expectation of reciprocity**.
- **Disappointment and rejection**.
- **Emotional consequence** (Percy gives up singing).

#### **Story A Summary**:
- **Sam** travels the world buying things.
- He runs out of money and visits his **mother**.
- He gives her a **gift from Tibet** in exchange for a **loan**.
- His **mother is angry** and refuses to give him money.

**Key Elements**:
- **Exchange of goods/services** (gift for loan).
- **Expectation of reciprocity**.
- **Disappointment and rejection**.
- **Emotional consequence** (Sam is upset, but the story doesn’t say he gives up his behavior).

#### **Story B Summary**:
- **Sam** travels the world buying things.
- He runs out of money and visits his **mother**.
- He gives her a **gift from Tibet** in exchange for a **loan**.
- His **mother is angry** and says the gift is **not worth anything**.
- She refuses to give him money.

**Key Elements**:
- **Exchange of goods/services** (gift for loan).
- **Expectation of reciprocity**.
- **Disappointment and rejection**.
- **Emotional consequence** (Sam is upset, but the story doesn’t say he gives up his behavior).

---

### **Step 3: Compare with Story 1**

- **Story A** is **closer** to **Story 1** in terms of **structure and theme**:
  - Both involve **expectation of reciprocity**.
  - Both involve **disappointment and rejection**.
  - Both involve **emotional consequence** (though in Story 1, the consequence is more severe — giving up singing).
  - In **Story A**, the **mother is not pleased**, just like the **squirrel is disappointed**.
  - In **Story A**, the **gift is not accepted**, just like the **song is not accepted**.

- **Story B** is **similar**, but it adds a **new element** — the **mother says the gift is not worth anything**. This is not present in **Story 1**, where the **squirrel simply says the singer is terrible**.

- **Story B** also **does not mention the emotional consequence** of giving up the behavior (singing), which is a key element in **Story 1**.

---

### **Conclusion**

**Story A** is a **better analogy** to **Story 1** because it more closely mirrors the **structure, theme, and emotional consequence** of the original story.

### ✅ **Answer: Story A** is the better analogy to Story 1.
------------ Task 8 ------------
Prompt for task Task 8:
Consider the following story:

Story 1: A dog named Leonard was trotting along a dock holding a steak in his teeth. However, as he trotted he dropped it inadvertently and it disappeared into the lake. Thus, he was left without his dinner. Then Leonard saw another dog with a steak. Because he had lost his own steak he tried to take it. Unluckily, the other dog was much bigger than he was. Leonard ended up losing a tooth in the scuffle.

Now consider two more stories:

Story A: Charlie was walking through a hotel with an expensive pocket watch in his hand. Then he noticed another man with an expensive watch. Not realizing it was just his reflection, and since he was also quite greedy, Charlie reached out to take it. Unfortunately, as he opened his hand he dropped his own watch and both watches shattered on the floor. Consequently he was left with no watch at all.

Story B: While making his way through a hotel lobby with an expensive pocket watch in his hand, Charlie accidently lost hold of it.  It fell to the floor and shattered, meaning no watch for Charlie. Charlie later saw a valuable watch on the wrist of another man, and reached out to grab it, only to discover that the man was a policeman wearing a uniform.

Which of Story A and Story B is a better analogy to Story 1? Is the best answer Story A, Story B, or both are equally analogous?

Before answering, recall 3 relevant examples, then provide your answer.

Full Qwen output (34.01 seconds): To determine which of **Story A** or **Story B** is a better analogy to **Story 1**, we need to compare the **structure, sequence of events, and the moral or theme** of each story.

---

### **Step 1: Recall 3 Relevant Examples of Analogies**

1. **Analogies in Literature**: In *The Tale of Two Cities*, the phrase "It was the best of times, it was the worst of times" is an analogy that contrasts two opposing ideas.
2. **Analogies in Everyday Life**: If you say, "Time is a thief," you're using an analogy to describe how time steals moments from our lives.
3. **Analogies in Storytelling**: In *The Three Little Pigs*, the analogy of building strong vs. weak houses is used to teach a moral about preparation and hard work.

These examples show that **analogies** are used to **draw parallels between two different situations** to highlight **similar themes, structures, or outcomes**.

---

### **Step 2: Compare Story 1 with Story A and Story B**

#### **Story 1 Summary**:
- A dog (Leonard) has a steak.
- He drops it into the lake and loses it.
- He sees another dog with a steak and tries to take it.
- He loses a tooth in the scuffle.

**Key Elements**:
- Loss of possession (steak).
- Attempt to take another's possession.
- Consequence: loss of own possession and physical harm.

#### **Story A Summary**:
- Charlie has a watch.
- He sees a reflection and thinks it's another man with a watch.
- He tries to take it, drops his own watch, and both break.
- He ends up with no watch.

**Key Elements**:
- Loss of possession (watch).
- Misunderstanding (thinking it's another's watch).
- Attempt to take another's possession.
- Consequence: loss of own possession and both items destroyed.

#### **Story B Summary**:
- Charlie has a watch.
- He drops it and it shatters.
- He sees another man with a watch.
- He tries to take it, but it's a policeman.
- Consequence: loss of own possession and failed attempt to take another's.

**Key Elements**:
- Loss of possession (watch).
- Attempt to take another's possession.
- Consequence: loss of own possession and failed attempt.

---

### **Step 3: Compare Analogies**

Let’s compare the **structure and theme** of Story 1 with each of the other stories.

#### **Story 1 vs. Story A**:
- Both involve **loss of possession** (steak/watch).
- Both involve **attempting to take another's possession**.
- Both involve **consequences** (loss of own possession and physical harm in Story 1, loss of both watches in Story A).
- **Similarity in structure**: Both involve a **loss**, a **misunderstanding or mistake**, and a **failed attempt to gain something else**.

#### **Story 1 vs. Story B**:
- Both involve **loss of possession** (steak/watch).
- Both involve **attempting to take another's possession**.
- Both involve **consequences** (loss of own possession and failed attempt in Story B).
- **Similarity in structure**: Both involve a **loss**, a **failed attempt to gain something else**, and a **consequence**.

---

### **Step 4: Determine Which is a Better Analogy**

Both **Story A** and **Story B** share **similar elements** with **Story 1**, but **Story A** is more analogous in terms of **structure and theme**.

- **Story A** includes a **misunderstanding** (thinking it's another's watch), which mirrors the **inadvertent loss** of the steak in Story 1.
- **Story A** also includes **both items being lost**, which is more similar to the **loss of both the steak and a tooth** in Story 1.
- **Story B** is more about **accidental loss** and **discovery of authority**, which is less analogous to the **misunderstanding and conflict** in Story 1.

---

### ✅ **Final Answer: Story A is a better analogy to Story 1.**
------------ Task 9 ------------
Prompt for task Task 9:
Consider the following story:

Story 1: Boris and Ivan thought well of one another’s skill in business and resolved to open up a store together.  As ill luck would have it, Ivan was quite absent-minded and he threw out a large amount of cash.  This annoyed Boris who therefore demanded that Ivan have nothing to do with the monetary matters of their new store.  Later, however, Ivan redeemed himself by selling his fancy new stereo set to replace the lost cash.

Now consider two more stories:

Story A: John and Christine loved each other and decided to be married.  Unfortunately, John discovered that Christine was a very reckless driver.  So he insisted that Christine never drive his new car.  This upset Christine so much that she dented John’s new car hoping that John would be hurt.

Story B: John and Christine loved each other and decided to be married.  Unfortunately, John’s new car was dented as a result of Christine’s reckless driving.  John was upset and he banned her from driving his car.

Which of Story A and Story B is a better analogy to Story 1? Is the best answer Story A, Story B, or both are equally analogous?

Before answering, recall 3 relevant examples, then provide your answer.

Full Qwen output (44.11 seconds): To determine which of **Story A** or **Story B** is a better analogy to **Story 1**, we need to compare the **structure, cause-effect relationships, and the nature of the conflict** in each story.

---

### **Relevant Examples from Legal and Philosophical Reasoning**

1. **The "Factual vs. Legal Causation" Distinction**  
   In legal reasoning, **factual causation** refers to the actual cause of an event, while **legal causation** refers to whether the law considers that cause to be sufficient for liability. This distinction is important when evaluating whether an action is a direct result of another.

2. **The "But-for" Test**  
   A common test for factual causation is the **"but-for" test**: "But for X, would Y have occurred?" If the answer is "no," then X is a cause of Y. This is used to determine whether an action is a proximate cause of an effect.

3. **The "Intervening Cause" Doctrine**  
   In some cases, an **intervening cause** can break the chain of causation. If an independent event occurs after the initial action and is the real cause of the harm, then the original action may not be considered the legal cause.

---

### **Analysis of Story 1**

**Story 1 Summary:**
- Boris and Ivan are business partners.
- Ivan is absent-minded and throws out cash.
- Boris is annoyed and restricts Ivan from handling money.
- Ivan later redeems himself by selling a stereo to replace the lost cash.

**Key Points:**
- Ivan's initial mistake (throwing out cash) leads to Boris's restriction.
- Ivan's later action (selling the stereo) is a **redemptive act** that **restores the lost cash**.
- The **restriction** is a **response to the initial mistake**, not a direct cause of the loss.

---

### **Analysis of Story A**

**Story A Summary:**
- John and Christine are in love and get married.
- Christine is a reckless driver.
- John restricts her from driving his new car.
- Christine, upset, dents the car in an act of revenge.

**Key Points:**
- Christine's reckless driving is the **cause** of the car being dented.
- John's restriction is a **response** to the reckless driving.
- Christine's **revenge** (denting the car) is a **new, independent action** that causes the damage.
- The **dent** is not a direct result of the initial reckless driving, but rather of **Christine's revenge**.

**Causation Analysis:**
- The **dent** is caused by **Christine's revenge**, not by her reckless driving.
- The **restriction** is a **response** to the reckless driving, not the cause of the damage.

---

### **Analysis of Story B**

**Story B Summary:**
- John and Christine are in love and get married.
- Christine is a reckless driver.
- She dents John’s new car.
- John is upset and bans her from driving his car.

**Key Points:**
- Christine's **reckless driving** directly causes the **dent**.
- John's **restriction** is a **response** to the damage.
- The **dent** is a **direct result** of the reckless driving.

**Causation Analysis:**
- The **dent** is caused by **Christine's reckless driving**.
- The **restriction** is a **response** to the damage, not the cause of it.

---

### **Comparison with Story 1**

Let’s now compare **Story 1** with **Story A** and **Story B**:

- In **Story 1**, Ivan's **initial mistake** (throwing out cash) leads to **Boris's restriction**.
- Ivan then **redemption** (selling the stereo) **restores the lost cash**.
- The **restriction** is a **response** to the mistake, not the cause of the loss.

- In **Story A**, Christine's **reckless driving** leads to **John's restriction**.
- Christine then **dents the car** in **revenge**, which is a **new, independent action**.
- The **dent** is caused by **revenge**, not by the initial reckless driving.

- In **Story B**, Christine's **reckless driving** directly causes the **dent**.
- John's **restriction** is a **response** to the damage.
- The **dent** is a **direct result** of the reckless driving.

---

### **Conclusion**

**Story B** is the **better analogy** to **Story 1**.

- In both stories, an **initial action** (Ivan throwing out cash / Christine reckless driving) leads to a **response** (Boris restricting Ivan / John restricting Christine).
- In both stories, the **response** is not the **cause** of the harm, but a **reaction** to it.
- In both stories, the **harm** is **restored or mitigated** by a **later action** (Ivan selling the stereo / Christine dents the car in revenge in Story A, but in Story B, the harm is not mitigated — it is just responded to).

**Story A** is **not a good analogy** because the **dent** is caused by **revenge**, not by the initial reckless driving — this breaks the **causal chain** that is central to Story 1.

---

### ✅ **Final Answer: Story B is a better analogy to Story 1.**
------------ Task 10 ------------
Prompt for task Task 10:
Consider the following story:

Story 1: Two small countries, Bolon and Salam, were adjacent to a large, warlike country called Mayonia. Bolon decided to make the best of the situation by taking over Salam. Salam started looking for aid from other strong countries but soon Bolon succeeded in taking it over. Then victorious Bolon proposed to make a treaty with its warlike neighbor Mayonia. Bolon proposed to give Mayonia control over Salam in exchange for a guarantee that Bolon would remain independent. Mayonia responded by overrunning both Bolon and Salam. Bolon was so busy maintaining control of Salam, it could do nothing to stop Mayonia. Thereupon, Mayonia installed puppet governments in both Bolon and Salam, and took over the newspapers and radio stations.

Now consider two more stories:

Story A: Two seventh graders, Lincoln and Moreland, were walking to school together when they met Chad. Chad was a mean high school boy who was known to rob younger kids. Moreland was scared but he decided to make the best of the situation by offering to help Chad rob Lincoln in exchange for being left alone himself. But Lincoln overheard and started running to find a policeman. Immediately, Moreland took off after him and eventually succeeded in catching him. When Chad arrived he robbed both of them. And Moreland was so exhausted, he could do nothing to prevent it.

Story B: Two sixth-graders, Lincoln and Moreland, were walking to school together when they met Chad. Chad was a mean high school boy who was known to rob younger kids. At that point Lincoln was attacked by Moreland, who was scared and had decided to make the best of the situation. Immediately, Lincoln started running to find a policeman but Moreland ran after Lincoln and eventually succeeded in catching him. When Chad arrived, Moreland said, “how about I let you rob Lincoln, and then you will leave me alone?” But Chad robbed both of them. Moreland could do nothing to prevent it as he was occupied with holding Lincoln down.

Which of Story A and Story B is a better analogy to Story 1? Is the best answer Story A, Story B, or both are equally analogous?

Before answering, recall 3 relevant examples, then provide your answer.

Full Qwen output (36.84 seconds): To determine which of **Story A** or **Story B** is a better analogy to **Story 1**, we need to compare the **structure, dynamics, and outcomes** of the stories. Let's first recall **three relevant examples** from political science and international relations that help us understand the analogy:

---

### **Relevant Examples:**

1. **The "Domino Theory" in Cold War Politics**  
   This theory suggested that if one country fell to communism, neighboring countries would follow. It reflects how a small country's actions (or lack thereof) can lead to a chain reaction of larger powers intervening. This is similar to how **Bolon**'s actions (taking over Salam) led to **Mayonia**'s intervention.

2. **The "Balance of Power" in International Relations**  
   This concept refers to how states maintain equilibrium to prevent any one state from becoming too powerful. In **Story 1**, **Bolon**'s attempt to balance by offering a treaty to **Mayonia** backfires, leading to **Mayonia**'s dominance. This mirrors how **Moreland** in **Story A** tries to balance the threat by collaborating with **Chad**, but it backfires.

3. **The "Puppet State" Phenomenon**  
   This refers to a country that is controlled by a more powerful external force. In **Story 1**, **Mayonia** installs puppet governments in **Bolon** and **Salam**, which is analogous to **Moreland** being "held down" by **Lincoln** in **Story B**, and **Chad** robbing both of them, symbolizing external control.

---

### **Comparison of Story A and Story B with Story 1:**

Let’s break down the key elements of **Story 1** and compare them with **Story A** and **Story B**:

#### **Story 1 Key Elements:**
- **Bolon** takes over **Salam**.
- **Salam** seeks aid, but **Bolon** succeeds in taking it over.
- **Bolon** tries to make a treaty with **Mayonia** to ensure independence.
- **Mayonia** overruns both **Bolon** and **Salam**.
- **Mayonia** installs puppet governments and controls media.

#### **Story A Key Elements:**
- **Moreland** offers to help **Chad** rob **Lincoln** in exchange for being left alone.
- **Lincoln** runs to find a policeman.
- **Moreland** chases **Lincoln** and catches him.
- **Chad** robs both of them.
- **Moreland** is too exhausted to stop **Chad**.

#### **Story B Key Elements:**
- **Moreland** attacks **Lincoln** out of fear.
- **Lincoln** runs to find a policeman.
- **Moreland** chases and catches **Lincoln**.
- **Moreland** offers to let **Chad** rob **Lincoln** in exchange for being left alone.
- **Chad** robs both of them.
- **Moreland** is too occupied to stop **Chad**.

---

### **Analysis:**

- **Story A** reflects a **cooperative strategy** by **Moreland** to avoid being harmed, similar to **Bolon** trying to secure independence through a treaty with **Mayonia**. However, this strategy backfires, as **Chad** still robs both of them, just like **Mayonia** overruns both **Bolon** and **Salam**.
  
- **Story B** reflects a **violent strategy** by **Moreland** (attacking **Lincoln**) and then a **cooperative strategy** (offering to let **Chad** rob **Lincoln**). This is more complex and less analogous to **Story 1**, where **Bolon** does not attack **Salam** but rather takes it over.

- **Story A** is more analogous to **Story 1** because both involve a **smaller entity (Moreland/Bolon)** trying to **negotiate or cooperate** with a **dominant power (Chad/Mayonia)** to avoid harm, and both strategies backfire, leading to **domination by the stronger party**.

---

### **Conclusion:**

**Story A** is the better analogy to **Story 1**. Both involve a **smaller entity** attempting to **negotiate or cooperate** with a **dominant power** in an attempt to avoid harm, and both strategies ultimately fail, leading to **domination by the stronger party**.

**Answer: Story A** is the better analogy to Story 1.
------------ Task 11 ------------
Prompt for task Task 11:
Consider the following story:

Story 1: A farmer named Beedle had a choice apricot tree that he valued above all the rest in his garden.  Every year Beedle gave presents of fruit from this tree to everyone he knew. But one year the tree began to wither and there was no more of the wonderful fruit.  Everyone was very unhappy. The judge had enjoyed the apricots from the tree very much—so much so that he resolved to take the tree to his own garden to take care of it. He paid Beedle very well and had the tree moved to his own grounds.  Fortunately, as soon as it was transplanted, the tree bore delicious apricots again.  That very year, the fruit won first prize in the county fair.

Now consider two more stories:

Story A: Mr. Gerson had several pets but he valued the canary above all the rest.  Occasionally, he invited friends over to hear the canary sing. A wealthy businessman liked the canary’s songs so much that one autumn he decided he wanted the bird in his house in the city where he could enjoy it every day.  He paid Mr. Gerson very well and had the canary moved to his house. However, upon being moved the canary became fatally ill and there were no more of its beautiful songs.  Everyone was extremely disappointed.

Story B: Mr. Gerson had several pets but his favorite was the canary.  Occasionally, he invited friends over to hear the canary sing. It happened at one point that people were sad that the canary could no longer sing because it was ill.  One who particularly liked the canary’s songs was a veterinarian who paid a lot of money to buy the canary and look after it in his office.  The canary resumed singing its songs once it was moved.

Which of Story A and Story B is a better analogy to Story 1? Is the best answer Story A, Story B, or both are equally analogous?

Before answering, recall 3 relevant examples, then provide your answer.

Full Qwen output (36.38 seconds): To determine which of **Story A** or **Story B** is a better analogy to **Story 1**, we need to compare the **structure, outcome, and moral** of each story. Let's first recall **three relevant examples** from the field of **analogical reasoning** and **story structure** that will help us evaluate the analogy.

---

### **Relevant Examples from Analogical Reasoning**

1. **The Parable of the Talents (Matthew 25:14–30)**  
   - **Structure**: A master gives his servants talents (resources) and expects them to use them wisely.  
   - **Outcome**: One servant invests and gains more, while another buries his and loses it.  
   - **Moral**: Use your resources wisely; failure to do so results in loss.  
   - **Key Point**: The analogy is based on **cause and effect**, **value of resources**, and **consequences of action**.

2. **The Story of the Prodigal Son (Luke 15:11–32)**  
   - **Structure**: A son leaves home, squanders his inheritance, and returns to his father.  
   - **Outcome**: The father forgives him, and the son is welcomed back.  
   - **Moral**: Even in failure, there is forgiveness and redemption.  
   - **Key Point**: The analogy is based on **emotional journey**, **consequences of actions**, and **redemption**.

3. **The Tale of the Two Brothers (Aesop’s Fables)**  
   - **Structure**: Two brothers are given a task, one works hard and succeeds, the other is lazy and fails.  
   - **Outcome**: The hardworking brother is rewarded, the lazy one is punished.  
   - **Moral**: Hard work leads to success; laziness leads to failure.  
   - **Key Point**: The analogy is based on **cause and effect**, **effort vs. reward**, and **moral consequence**.

---

### **Analysis of Story 1**

- **Structure**: A farmer values a special tree, gives its fruit to others, and when it dies, a judge takes it and it revives.  
- **Outcome**: The tree is moved, and it produces fruit again, winning a prize.  
- **Moral**: **Value of a unique resource**, **transplanting can lead to success**, and **the value of something can be preserved or even enhanced through proper care**.

---

### **Analysis of Story A**

- **Structure**: A man values a canary, gives its song to others, and when it is moved, it dies.  
- **Outcome**: The canary is moved, and it dies, so the song is lost.  
- **Moral**: **Transplanting can lead to loss**, and **the value of a unique resource can be destroyed**.

---

### **Analysis of Story B**

- **Structure**: A man values a canary, gives its song to others, and when it is moved, it recovers and sings again.  
- **Outcome**: The canary is moved, and it resumes singing, bringing joy again.  
- **Moral**: **Transplanting can lead to renewal**, and **the value of a unique resource can be preserved or even enhanced**.

---

### **Comparison with Story 1**

- **Story 1** and **Story B** both involve:
  - A **valued unique resource** (tree/canary)
  - **Sharing of its value** (fruit/song)
  - **Transplanting** of the resource
  - **Positive outcome** (tree revives, canary sings again)

- **Story A** and **Story 1** both involve:
  - A **valued unique resource**
  - **Sharing of its value**
  - **Transplanting** of the resource
  - **Negative outcome** (tree revives, canary dies)

---

### **Conclusion**

**Story B** is the **better analogy** to **Story 1** because both stories involve:

- A **valued unique resource**
- **Sharing of its value**
- **Transplanting** of the resource
- A **positive outcome** (the resource is preserved or even enhanced)

In contrast, **Story A** ends in **loss**, which is the opposite of the outcome in **Story 1**. Therefore, **Story B** mirrors the **structure and outcome** of **Story 1** more closely.

---

### ✅ **Final Answer: Story B is a better analogy to Story 1.**
------------ Task 12 ------------
Prompt for task Task 12:
Consider the following story:

Story 1: Morris was a simple-minded prisoner who loved to play the harmonica at night.  Finally, his cellmate got tired of this and demanded that he shut up.  He should always play during the day, the cellmate insisted. The next night, Morris escaped from prison and hid in a boxcar.  But then Morris remembered that his cellmate said he should play harmonica every day, so he started playing.  Immediately, Morris was nabbed by the cops.  Poor, simple-minded Morris wished he hadn’t paid any attention to his cellmate.  Back in his cell, he devoted himself to covering the walls with obscenities.

Now consider two more stories:

Story A: A little girl named Jenny wished she could run away from home.  She loved to play with her dog every day, but only in her neighbor’s yard.  Eventually, her neighbor got fed-up and told her to always play in her own yard. But Jenny refused to listen because she thought it was bad luck to play in her own yard.  The last time she did it her mother caught her right away and made her go to work.

Story B: A little girl named Jenny spent a lot of time tussling with her dog every day, her favorite place being the yard of her fed-up neighbor. The neighbor said, “Please always spend time with your dog in your own yard.”  Jenny ran away from home one day without doing her chores.  At the playground, she stayed behind a wall so she wouldn’t be seen. Suddenly her neighbor’s voice echoed in her mind: “always spend time with your dog in your own yard”,  and Jenny returned home to do just that.  But Jenny regretted doing what the neighbor said because Jenny’s mother found her in the yard.

Which of Story A and Story B is a better analogy to Story 1? Is the best answer Story A, Story B, or both are equally analogous?

Before answering, recall 3 relevant examples, then provide your answer.

Full Qwen output (37.39 seconds): To determine which of Story A or Story B is a better analogy to Story 1, we need to compare the **structure, theme, and moral** of each story. Let's first recall three relevant examples from the field of **narrative structure and analogy** that will help us analyze this comparison.

---

### **Relevant Examples:**

1. **The Parable of the Prodigal Son (Biblical Story):**  
   This story involves a son who leaves home, makes poor decisions, and eventually returns to his father. The structure includes a **departure**, **consequence**, and **return**. It emphasizes **consequences of disobedience** and **repentance**. This is similar to Story 1, where Morris disobeys his cellmate and faces a consequence.

2. **The Tortoise and the Hare (Aesop’s Fables):**  
   This story involves a **lesson learned through action**—the hare’s overconfidence leads to failure, while the tortoise’s patience leads to success. The structure includes **a decision**, **a consequence**, and **a moral**. This is similar to Story 1 in that the character makes a decision based on advice, and the consequence is directly tied to that decision.

3. **The Boy Who Cried Wolf (Aesop’s Fables):**  
   This story involves **disobedience to a rule**, **consequences of lying**, and **a lesson learned**. The structure is similar to Story 1 in that the character ignores advice, faces a consequence, and then reflects on the outcome.

---

### **Analysis of Story 1:**

- **Structure:**  
  - **Problem:** Morris plays harmonica at night, annoying his cellmate.  
  - **Advice:** Cellmate tells him to play during the day.  
  - **Action:** Morris ignores the advice and plays at night again.  
  - **Consequence:** He is caught by the police.  
  - **Moral:** Disobedience to advice leads to negative consequences.

- **Theme:**  
  - Disobedience to advice leads to trouble.  
  - The character is **simple-minded**, and the consequence is **direct and immediate**.

---

### **Analysis of Story A:**

- **Structure:**  
  - **Problem:** Jenny wants to run away from home.  
  - **Advice:** Neighbor tells her to play in her own yard.  
  - **Action:** Jenny refuses to listen and plays in the neighbor’s yard.  
  - **Consequence:** She is caught by her mother and made to do chores.  
  - **Moral:** Disobedience to advice leads to trouble.

- **Theme:**  
  - Similar to Story 1 in that the character ignores advice and faces a consequence.  
  - The **moral is clear**, and the **consequence is direct**.

---

### **Analysis of Story B:**

- **Structure:**  
  - **Problem:** Jenny runs away from home.  
  - **Advice:** Neighbor tells her to play in her own yard.  
  - **Action:** Jenny ignores the advice and runs away.  
  - **Consequence:** She hears the neighbor’s voice and returns home.  
  - **Moral:** The advice is internalized, but the consequence is still negative.

- **Theme:**  
  - The **structure is more complex**, with a **psychological element** (the neighbor’s voice echoing in her mind).  
  - The **consequence is still negative**, but the **action is more internal** (she returns home due to the advice, not because of a direct consequence).  
  - The **moral is less clear**—it’s not about obedience, but about **internal conflict** and **regret**.

---

### **Conclusion:**

- **Story A** is a **better analogy** to **Story 1** because:
  - It follows a **clear cause-and-effect structure**.
  - The **consequence is direct and immediate**.
  - The **moral is clear and consistent** with the theme of **disobedience leading to trouble**.
  - It mirrors the **simple-mindedness** of Morris and the **direct consequence** of ignoring advice.

- **Story B** is **less analogous** because:
  - It introduces a **psychological element** that is not present in Story 1.
  - The **consequence is not as direct**—Jenny returns home due to internal reflection, not an external consequence.
  - The **moral is more ambiguous** and less aligned with the clear cause-and-effect structure of Story 1.

---

### ✅ **Final Answer: Story A is a better analogy to Story 1.**
------------ Task 13 ------------
Prompt for task Task 13:
Consider the following story:

Story 1: King Otto was a warmonger who was obsessed with conquest and riches. One year he decided to rebuild all the bridges of the kingdom to make them strong enough for all his armies. Otto’s counselor, the chamberlain, complained that he was spending too much money on the bridges and not enough on actual military campaigns. Because of all the construction too many of the bridges were out of commission being worked on. Otto decided that the chamberlain was right and he abandoned the bridge project to mount a full-scale invasion of a neighboring country. Then one day when King Otto was traveling through his kingdom his carriage crashed through an unfinished bridge. He was severely injured but the mishap made it clear to him that he needed to balance his military and domestic expenditures. Also, he ordered the chamberlain to get him a new crown because the old one had gotten smashed in the crash.

Now consider two more stories:

Story A: Cornelius was an astronomer who thought about nothing but astronomy. He was obsessed with stars and galaxies. His wife Agatha complained that he was spending too much time on astronomy and not enough on maintaining his own house. As a result, the roof was gradually leaking more and more and the house was becoming almost unlivable. But Cornelius would not listen. Then, one evening when Cornelius was walking through his house, a rotten floor collapsed under his weight. Cornelius was severely injured but the accident showed him that Agatha had been right all along. He decided to try to balance his time between astronomy and maintaining his home.

Story B: Cornelius was an astronomer, with stars and galaxies always on his mind, and was gradually working on turning his home into an observatory. In the midst of this remodeling, Agatha, the wife of Cornelius, griped about Cornelius focusing too much on the house renovation (which made the house unlivable) versus his job, which was astronomy. “Agatha is right”, Cornelius thought, and he went back to thinking about nothing but astronomy. However, when Cornelius was walking through his house one evening, his weight caused a floor still under construction to collapse. His resulting severe injury made Cornelius realize that he should try to do a better job at figuring out how much time to spend on astronomy versus fixing up his house.

Which of Story A and Story B is a better analogy to Story 1? Is the best answer Story A, Story B, or both are equally analogous?

Before answering, recall 3 relevant examples, then provide your answer.

Full Qwen output (29.74 seconds): To determine which of **Story A** or **Story B** is a better analogy to **Story 1**, we need to compare the **structure, themes, and lessons** of each story. Let's first recall **three relevant examples** from the field of **narrative analogy and metaphor** that help us understand how to evaluate analogies effectively.

---

### **Relevant Examples for Evaluating Analogies**

1. **The Parable of the Prodigal Son (Biblical Story)**  
   This story uses a metaphor to illustrate themes of repentance, forgiveness, and the consequences of poor decisions. The analogy is effective because it mirrors real-life situations and provides a moral lesson through a relatable narrative.

2. **The Tortoise and the Hare (Aesop’s Fable)**  
   This fable uses a simple analogy to convey the lesson that **consistency beats speed**. The analogy is effective because it uses a clear, relatable scenario to illustrate a universal truth.

3. **The Boy Who Cried Wolf (Aesop’s Fable)**  
   This fable uses an analogy to show the consequences of dishonesty. The analogy is effective because it mirrors real-life consequences and uses a simple, memorable structure to deliver a moral.

---

### **Analysis of Story 1**

**Story 1** is about **King Otto**, who is obsessed with **military conquest** and **domestic infrastructure**. His **obsession with one domain** (military) leads to **neglect of another** (domestic infrastructure). A **consequence** (a bridge collapse) forces him to **realize the need for balance**. The story emphasizes:

- **Obsession with one goal**
- **Neglect of another important area**
- **A consequence that forces a realization**
- **A change in behavior and priorities**

---

### **Analysis of Story A**

**Story A** involves **Cornelius**, an astronomer who neglects his **home maintenance** in favor of **astronomy**. His **wife Agatha** points out the problem, but he ignores her. A **structural failure** (a collapsing floor) leads to **injury** and a **realization** that he needs to **balance his priorities**.

- **Obsession with one goal (astronomy)**
- **Neglect of another (home maintenance)**
- **A consequence (structural failure)**
- **Realization and change in behavior**

This closely mirrors **Story 1** in structure and theme.

---

### **Analysis of Story B**

**Story B** is similar to **Story A**, but with a **key difference**: Cornelius **initially listens to Agatha** and **shifts his focus** back to astronomy, only to later face a **structural failure**. The **lesson is the same**, but the **sequence of events** is different.

- **Obsession with one goal (astronomy)**
- **Neglect of another (home maintenance)**
- **A consequence (structural failure)**
- **Realization and change in behavior**

However, the **sequence** in **Story B** is **less parallel** to **Story 1**, where the **realization comes after a consequence**, not before.

---

### **Conclusion**

**Story A** is a **better analogy** to **Story 1** because it follows the **same structure and sequence of events**:

- Obsession with one domain
- Neglect of another
- Consequence (accident)
- Realization and change

**Story B**, while thematically similar, introduces a **different sequence** (Cornelius listens to Agatha before the accident), which makes it **less analogous** to **Story 1**.

---

### ✅ **Final Answer: Story A is a better analogy to Story 1.**
------------ Task 14 ------------
Prompt for task Task 14:
Consider the following story:

Story 1: Frederick the shepherd was tending his flock at the edge of a forest.  Suddenly, a lion appeared out of the forest.  Frederick was really scared so he started shouting to scare the lion away.  But the shouting did nothing but attract the lion’s attention and it began walking towards him.  He then realized he should have left it alone. To escape, Frederick gave the lion a lamb.  While the lion was occupied, he led the rest of the flock away.  Eventually, he guessed they were far enough away to be safe from the lion.  So he took a nap on the grass. However, when he awoke he noticed another lamb was missing and he could not find it anywhere!  At the next opportunity, Frederick bought a blunderbuss so he could better defend his flock in the future.

Now consider two more stories:

Story A: Zebediah, the old miser, was sitting on his back porch counting his money and he dozed off.  When he awoke he discovered that one bag of coins was missing.  He could not find the bag anywhere.  Zebediah figured that the thief was still nearby so he started yelling for whoever took the money to show his face. Suddenly, a beggar came out of the forsythia bushes and started walking towards the old man on the porch.  Zebediah was surprised and very frightened.  He wished he had left the beggar alone.  To escape, he threw a second bag of coins to the beggar.  While the beggar was occupied, Zebediah took the last few bags of money into the house and locked the door!

Story B: Zebediah, the old miser, was sitting on his back porch counting his money. Zebediah was startled and scared when he saw the forsythia bushes move and a beggar emerge from them.  “Go away,” said Zebediah loudly.  This made the beggar look at him and start to make his way to the old miser.  “I shouldn’t have said anything,” Zebediah thought, “and I need to run away,” as he threw a bag of coins to the beggar.  The beggar grabbed for the bag, and Zebediah took the opportunity to run into the house and lock the door, hugging his last few bags of money.  Zebediah was able to fall asleep, since he figured that the beggar wouldn’t be able to get in.  But later, after getting up, he counted his bags again and one was gone, even though the door was still locked.

Which of Story A and Story B is a better analogy to Story 1? Is the best answer Story A, Story B, or both are equally analogous?

Before answering, recall 3 relevant examples, then provide your answer.

Full Qwen output (34.48 seconds): To determine which of **Story A** or **Story B** is a better analogy to **Story 1**, we need to compare the **structure, themes, and outcomes** of the three stories. Let's first recall **three relevant examples** from the field of **narrative structure and analogy** that will help us analyze this.

---

### **Relevant Examples from Narrative Structure and Analogy**

1. **The "Problem-Solution" Structure**  
   In many stories, especially fables and parables, the narrative follows a **problem-solution** pattern. The protagonist faces a threat, takes an action, and either succeeds or fails based on that action. This structure is central to **Story 1**, where Frederick faces a lion, takes action (gives a lamb), and then faces a new problem (a missing lamb). The same structure is present in both **Story A** and **Story B**, where Zebediah faces a thief, takes action (throws coins), and then faces a new problem (a missing bag of coins).

2. **The "Unexpected Consequence" Theme**  
   A key theme in **Story 1** is the **unexpected consequence** of Frederick’s action. He gives the lion a lamb to escape, but this leads to a new problem (a missing lamb). This theme of **action leading to unintended consequences** is also present in **Story A** and **Story B**, where Zebediah’s action of throwing coins leads to a new problem (a missing bag of coins). However, in **Story B**, the consequence is **more ambiguous**—the bag is missing even though the door is locked, suggesting a **mystery or hidden threat**.

3. **The "Moral" or "Lesson" in the Story**  
   In **Story 1**, the moral is that **interfering with a situation can lead to unintended consequences**. In **Story A**, the moral is similar: **don’t provoke or engage with a threat**, as it can lead to more problems. In **Story B**, the moral is slightly different: **even when you take precautions, you may still be vulnerable**, or **the threat may be more clever than you think**. This makes **Story A** more aligned with the moral of **Story 1**.

---

### **Analysis of Story A vs. Story B in Relation to Story 1**

Let’s now compare **Story A** and **Story B** to **Story 1** based on the above examples.

#### **Story A**:
- **Structure**: Problem (missing bag) → Action (throwing coins) → New problem (missing bag again).
- **Theme**: Interfering with a threat leads to more problems.
- **Moral**: Don’t provoke or engage with a threat.
- **Outcome**: Zebediah is safe, but the thief is still nearby and has taken more.

#### **Story B**:
- **Structure**: Problem (missing bag) → Action (throwing coins) → New problem (missing bag again).
- **Theme**: Even when you take precautions, you may still be vulnerable.
- **Moral**: Be cautious, as threats can be more clever than expected.
- **Outcome**: Zebediah is safe, but the thief is still nearby and has taken more.

#### **Comparison to Story 1**:
- **Story 1** has a **clear moral** about **not interfering** with a threat.
- **Story A** mirrors this moral more closely, as it shows that **interfering with the threat (the beggar) leads to more problems**.
- **Story B** introduces **uncertainty** (the bag is missing even though the door is locked), which makes the **moral less clear** and the **analogy less direct**.

---

### **Conclusion**

**Story A** is a **better analogy** to **Story 1** because it:
- Follows the same **problem-solution structure**.
- Shares the **theme of unintended consequences** from interference.
- Matches the **moral** of not provoking a threat.
- Has a **clearer outcome** and **more direct analogy** to the events in Story 1.

**Story B**, while similar in structure, introduces **uncertainty** and a **less clear moral**, making it a **less direct analogy**.

---

### ✅ **Final Answer: Story A is a better analogy to Story 1.**
------------ Task 15 ------------
Prompt for task Task 15:
Consider the following story:

Story 1: Mark the chicken farmer was standing in the henhouse collecting eggs while his chickens were out in the yard. When his chickens returned, they all began to attack him, for some unknown reason. “You ungrateful beasts!” Mark screamed. The chickens chased him out of the henhouse and into the woods. While they were gone, a thief slipped into the yard and made off with the unguarded eggs. After he got out of the hospital, Mark quit chicken farming and went on a vacation in Africa.

Now consider two more stories:

Story A: A tidal wave hit a girl scout camp on the beach while everyone was away and washed away all of the sleeping bags. A short time later, Linda, the camp director, came back and discovered the tragedy. She stood on the beach thinking about what to do. While she was thinking, the girl scouts returned from hiking in the hills. Since they could not find their sleeping bags they attacked their director. What’ll we do now? Where will we sleep?...they said. “Why do you pester me when I am racking my brain to figure out what we are going to do?” the camp director screamed as she ran down the road. “Show a little appreciation!”

Story B: Linda, the director of a girl scout camp, was thinking about the camp on the beach.  At the same time, all the girls were hiking in the hills nearby. While Linda was standing there she found herself pestered by the girl scouts showing up and asking questions about what was for dinner, could they go swimming, and so on. “Why do you pester me when I am racking my brain to figure out what we’re going to do?  Show a little appreciation!” Linda screamed as she ran off the beach and down the road. The scouts followed her, still yelling. A tidal wave hit the beach a short time later, washing away all the sleeping bags.

Which of Story A and Story B is a better analogy to Story 1? Is the best answer Story A, Story B, or both are equally analogous?

Before answering, recall 3 relevant examples, then provide your answer.

Full Qwen output (35.50 seconds): To determine which of **Story A** or **Story B** is a better analogy to **Story 1**, we need to compare the **structure, cause-effect relationships, and the sequence of events** in each story. Let's first recall **three relevant examples** from the field of **narrative structure and analogy** that will help us analyze this.

---

### **Relevant Examples:**

1. **The "Unexpected Consequence" Pattern**  
   In many stories, an event occurs that leads to an unexpected outcome. For example, in *The Three Little Pigs*, the wolf's actions (trying to blow down the houses) lead to an unexpected consequence (the pigs outsmarting him). This pattern is similar to **Story 1**, where the chickens attack Mark, and then a thief takes advantage of the situation. The sequence of events is **causal and sequential**, with an **unexpected consequence** following the initial action.

2. **The "Misunderstanding or Misdirected Reaction" Pattern**  
   In *The Boy Who Cried Wolf*, the boy's repeated false alarms lead to a situation where no one believes him when a real wolf appears. This is similar to **Story A**, where Linda is being pestered by the scouts while she is trying to think of a solution, and then a tidal wave hits. The **misdirected reaction** (the scouts asking questions instead of being concerned about the wave) leads to an **unexpected consequence**.

3. **The "Causal Chain" Pattern**  
   In *The Tale of Peter Rabbit*, Peter's actions (disobeying his mother) lead to a series of consequences (getting caught, being punished, etc.). This is similar to **Story B**, where Linda is being pestered by the scouts, and then a tidal wave hits. The **causal chain** is **not clearly sequential**—the tidal wave happens after the pestered reaction, but it's not directly caused by it. This makes the **causal relationship less clear** than in Story A.

---

### **Analysis of Story 1:**

- **Mark** is attacked by his chickens.
- He is chased out of the henhouse.
- While he is away, a **thief takes advantage** of the unguarded eggs.
- Mark is **injured**, and this leads to him **quitting his job** and **going on vacation**.

This story has a **clear sequence of events** with a **causal chain**: the chickens attack → Mark is chased out → thief takes eggs → Mark is injured → Mark quits.

---

### **Analysis of Story A:**

- A **tidal wave** hits the camp, washing away sleeping bags.
- **Linda** returns and discovers the tragedy.
- While she is thinking, the **girls return** and **attack** her.
- She screams at them, and they ask questions about what to do.

This story has a **clear sequence** of events, but the **causal chain is less direct**. The tidal wave happens **before** the girls return, and the girls' attack is **not a direct consequence** of the tidal wave. However, the **girls' attack is a reaction to Linda's stress**, which is similar to the **chickens attacking Mark** in Story 1.

---

### **Analysis of Story B:**

- Linda is **thinking** about the camp.
- The **girls are hiking** nearby.
- While Linda is thinking, the **girls pester** her.
- She screams at them.
- A **tidal wave hits** the beach, washing away the sleeping bags.

This story has a **less clear causal chain**. The tidal wave is **not a direct consequence** of the girls' pestered behavior. The **sequence is reversed** compared to Story 1, and the **cause-effect relationship is not as clear**.

---

### **Conclusion:**

- **Story A** is **more analogous** to **Story 1** because both have a **clear sequence of events**, with an **initial event** (tidal wave or chickens attacking), a **reaction** (girls attacking or Mark being chased), and an **unexpected consequence** (girls asking questions or thief taking eggs).
- **Story B** has a **less clear causal chain**, and the **tidal wave is not a direct consequence** of the girls' actions, making it **less analogous** to Story 1.

---

### ✅ **Final Answer: Story A is a better analogy to Story 1.**
------------ Task 16 ------------
Prompt for task Task 16:
Consider the following story:

Story 1: Two pioneers, Smith and Johnson, discovered a gorgeous little valley that was as yet unclaimed in Oregon Territory.  Each of them wanted the land for himself, so soon they were fighting over who saw it first. While they were fighting over it, Sheriff Jones came along and divided the land evenly between them.  In the end, Smith and Johnson realized that they should have done that on their own.  From that day forward they were the best of friends, and they helped build each others’ houses.

Now consider two more stories:

Story A: Betty and Norma were walking towards each other when they simultaneously discovered a twenty dollar bill on the floor.  Both of them wanted the money so soon they were arguing desperately over who saw it first. While they were busy arguing over the money, Lee came along and took it herself.  By the time Betty and Norma realized they should just divide it up, it was too late.

Story B: Betty and Norma were walking towards each other, when they simultaneously discovered a twenty dollar bill on the floor.  Both of them wanted the money so soon they were arguing desperately over who saw it first. Betty and Norma realized—only after Lee came along, that they should have just divided it up, because that was precisely what Lee did for them, giving them each half.

Which of Story A and Story B is a better analogy to Story 1? Is the best answer Story A, Story B, or both are equally analogous?

Before answering, recall 3 relevant examples, then provide your answer.

Full Qwen output (28.50 seconds): To determine which of **Story A** or **Story B** is a better analogy to **Story 1**, we need to compare the **structure, outcome, and moral** of each story. Let's first recall **three relevant examples** that help clarify the concept of analogy and the moral of the original story.

---

### **Relevant Examples:**

1. **The Parable of the Two Brothers (Biblical)**  
   Two brothers find a treasure and argue over who found it first. A third party intervenes and divides the treasure. The moral is that **cooperation and compromise are better than conflict**.

2. **The Tale of the Two Farmers (Folklore)**  
   Two farmers discover a field of gold and argue over ownership. A wise man intervenes and splits the gold. The moral is that **conflict over shared resources leads to loss, while cooperation leads to gain**.

3. **The Story of the Two Friends (Modern Fable)**  
   Two friends find a valuable item and argue over who found it. A third person takes it and divides it. The friends later realize that **they should have shared it themselves**, and they become better friends because of the lesson learned.

---

### **Analysis of Story 1:**

- **Conflict**: Smith and Johnson argue over who saw the land first.
- **Intervention**: Sheriff Jones intervenes and divides the land.
- **Outcome**: They realize they should have divided it themselves, and they become friends.
- **Moral**: **Conflict over shared resources can be resolved through cooperation and compromise**, and **external intervention can lead to positive outcomes if it encourages reflection and growth**.

---

### **Analysis of Story A:**

- **Conflict**: Betty and Norma argue over who saw the money first.
- **Intervention**: Lee takes the money and divides it.
- **Outcome**: They realize too late that they should have divided it themselves.
- **Moral**: **Conflict over shared resources can lead to loss if not resolved in time**, and **external intervention may not always lead to a positive outcome if it's too late**.

---

### **Analysis of Story B:**

- **Conflict**: Betty and Norma argue over who saw the money first.
- **Intervention**: Lee takes the money and divides it.
- **Outcome**: They realize that they should have divided it themselves, because Lee did exactly that.
- **Moral**: **Conflict over shared resources can be resolved through external intervention, but the lesson learned is that cooperation is better than conflict**.

---

### **Comparison with Story 1:**

- **Story A** ends with a **negative outcome** (they lose the money) and a **late realization**. This is **not analogous** to Story 1, where the **intervention leads to a positive outcome** and **mutual growth**.
- **Story B** ends with a **positive outcome** and a **realization that cooperation is better**, which **mirrors the moral and structure** of Story 1.

---

### **Conclusion:**

**Story B** is the better analogy to **Story 1**. Both stories involve:

- A **shared resource** (land or money)
- A **conflict over ownership**
- An **external intervention** that resolves the conflict
- A **realization that cooperation is better than conflict**
- A **positive outcome** and **mutual growth**

**Story A**, while similar in structure, ends with a **negative outcome** and a **late realization**, which makes it **less analogous** to the original story.

---

### ✅ **Final Answer: Story B is a better analogy to Story 1.**
------------ Task 17 ------------
Prompt for task Task 17:
Consider the following story:

Story 1: Once there was a teacher named Mrs. Jackson who wanted a salary increase. One day, the principal said that he was increasing his own salary by 20 percent. However, he said, there was not enough money to give the teachers a salary increase. When Mrs. Jackson heard this she became so angry that she decided to take revenge. The next day, Mrs. Jackson used gasoline to set fire to the principal’s office. Then she went to a bar and got drunk.

Now consider two more stories:

Story A: McGhee was a sailor who wanted a few days of vacation on land. One day McGhee became so impatient that he tried to blow up the captain’s cabin using dynamite. After this incident, the captain announced that he would be taking a vacation in the mountains. However, he said, everyone else would have to remain on board to repair the ship.

Story B: The captain of a ship announced that he would be taking a vacation in the mountains. McGhee was a sailor on that ship who himself wanted a few days of vacation on land. The captain made McGhee upset by requiring everyone else to remain on the ship.  The cabin of the captain was blown up by McGhee, who wanted to get back at the captain.

Which of Story A and Story B is a better analogy to Story 1? Is the best answer Story A, Story B, or both are equally analogous?

Before answering, recall 3 relevant examples, then provide your answer.

Full Qwen output (36.68 seconds): To determine which of **Story A** or **Story B** is a better analogy to **Story 1**, we need to compare the **structure, cause-effect relationships, and motivations** in each story. Let's first recall **three relevant examples** from legal or logical reasoning that help us understand analogies and cause-effect relationships.

---

### **Relevant Examples:**

1. **The "Butterfly Effect" in Causality**  
   This concept illustrates how a small change can lead to large, unpredictable effects. In analogy, it helps us understand how a minor action (like a teacher's anger) can lead to a major consequence (like arson).

2. **The "Chain of Events" in Legal Reasoning**  
   In legal cases, the sequence of events is crucial. For example, in a case of intentional harm, the court examines whether the defendant's actions were directly caused by a specific motive, and whether the consequences were foreseeable.

3. **The "Narrative Structure" in Legal Analogies**  
   In legal reasoning, analogies are often evaluated based on how well they match the **sequence of events**, **intent**, and **consequences**. A good analogy must preserve the **causal chain** and **motive**.

---

### **Analysis of Story 1:**

- **Main Character:** Mrs. Jackson (a teacher)
- **Desire:** Salary increase
- **Trigger:** Principal announces his own salary increase but denies teachers'
- **Reaction:** Mrs. Jackson becomes angry and takes revenge
- **Action:** Sets fire to the principal’s office
- **Consequence:** Gets drunk

**Key Elements:**
- **Motive:** Discontent with salary
- **Action:** Violent retaliation
- **Consequence:** Criminal act and personal downfall

---

### **Analysis of Story A:**

- **Main Character:** McGhee (a sailor)
- **Desire:** Vacation on land
- **Trigger:** Captain announces his own vacation but requires others to stay
- **Reaction:** McGhee becomes impatient and blows up the captain’s cabin
- **Consequence:** Captain takes vacation, others remain on board

**Key Elements:**
- **Motive:** Impatience and desire for vacation
- **Action:** Violent retaliation
- **Consequence:** Captain’s vacation, others remain on board

---

### **Analysis of Story B:**

- **Main Character:** McGhee (a sailor)
- **Desire:** Vacation on land
- **Trigger:** Captain requires others to stay on board
- **Reaction:** McGhee becomes upset
- **Action:** Blows up the captain’s cabin
- **Consequence:** Captain takes vacation, others remain on board

**Key Elements:**
- **Motive:** Upset due to being forced to stay
- **Action:** Violent retaliation
- **Consequence:** Same as in Story A

---

### **Comparison with Story 1:**

- **Story 1** involves a **teacher** who is **discontent** with a **salary decision**, leading to **violent retaliation** (arson), followed by **personal consequences** (drunkenness).
- **Story A** involves a **sailor** who is **impatient** with a **vacation decision**, leading to **violent retaliation** (bombing), followed by **consequences** (captain’s vacation).
- **Story B** involves a **sailor** who is **upset** by a **vacation decision**, leading to **violent retaliation** (bombing), followed by **consequences** (captain’s vacation).

---

### **Which is a Better Analogy?**

- **Story A** closely mirrors **Story 1** in terms of **sequence of events**, **motive**, and **consequence**:
  - Both involve a **person who is denied a desired outcome**.
  - Both involve **impatience or anger** leading to **violent retaliation**.
  - Both result in **consequences** that affect the **authority figure** (principal vs. captain).

- **Story B** is **less clear** in its **cause-effect relationship**. It is more **descriptive** than **causal**, and the **motive** is less directly tied to the **action**. It lacks the **clear sequence** and **emotional trigger** that is present in Story A.

---

### ✅ **Final Answer:**

**Story A is a better analogy to Story 1.**

It preserves the **sequence of events**, **motive**, and **consequence** more accurately than Story B. Story B is more descriptive and lacks the **causal clarity** that makes Story A a stronger analogy.
------------ Task 18 ------------
Prompt for task Task 18:
Consider the following story:

Story 1: A cobra called Pierre was slithering through the brush when a falcon came towards it.  Pierre became frightened and struck, wounding the falcon in the abdomen.  To teach him a lesson, the falcon grabbed the cobra and flew away with it. Unfortunately for both of them, after they were high above the earth the wounded falcon became too weak to fly.  Consequently, they plummeted straight down to the earth and perished.  They landed, strangely enough, in the middle of an outdoor wedding ceremony.

Now consider two more stories:

Story A: Young Gene was walking home from school when he met a policeman.  Suddenly, the policeman grabbed him and drove away with him. Once they got onto the freeway, Gene panicked and hit the policeman in the side of the head.  Unfortunately, the policeman became too dizzy to drive.  Consequently, they ran off the road and died when they hit a wall.

Story B: On his way home from school, Young Gene panicked as he was approached by a policeman.  Gene hit the policeman’s side of the head.  Gripping Gene’s arm, the policeman drove away with him, in order to set Gene straight. Once they were on the road, unfortunately, the policeman felt dizzy and wasn’t able to drive, and ran the car off the road. The policeman and Gene died when they hit a wall.

Which of Story A and Story B is a better analogy to Story 1? Is the best answer Story A, Story B, or both are equally analogous?

Before answering, recall 3 relevant examples, then provide your answer.

Full Qwen output (40.57 seconds): To determine which of **Story A** or **Story B** is a better analogy to **Story 1**, we need to compare the **structure, cause-and-effect relationships, and the moral or thematic elements** of the stories.

---

### **Step 1: Recall 3 Relevant Examples of Analogies**

1. **Analogies in Literature**: In literature, analogies often involve **similar cause-and-effect sequences** and **moral lessons**. For example, in *Aesop's Fables*, the story of the **Hare and the Tortoise** uses a similar structure: a character acts impulsively, faces consequences, and learns a lesson.

2. **Legal Analogies**: In legal reasoning, analogies are used to compare **similar situations** to determine if a precedent applies. For instance, if a case involves a person causing harm to a law enforcement officer, it may be compared to another case where a similar act led to a similar outcome.

3. **Philosophical Analogies**: Philosophers often use analogies to compare **ethical dilemmas**. For example, the **Trolley Problem** is an analogy used to explore moral decision-making in different scenarios.

---

### **Step 2: Compare Story 1 with Story A and Story B**

#### **Story 1 Summary**:
- A **cobra (Pierre)** is attacked by a **falcon**.
- The cobra **attacks back**, wounding the falcon.
- The falcon **carries the cobra** away.
- The falcon becomes **too weak** to fly.
- They **fall to their death**.
- They land in the **middle of a wedding**.

**Key Elements**:
- **Animals** as characters.
- **Aggression** and **retribution**.
- **Unintended consequence** (falling to death).
- **Unexpected setting** (wedding).

#### **Story A Summary**:
- **Gene** is grabbed by a **policeman**.
- Gene **attacks** the policeman.
- The policeman becomes **dizzy**.
- They **crash** and **die**.

**Key Elements**:
- **Humans** as characters.
- **Aggression** and **retribution**.
- **Unintended consequence** (crashing).
- **No unexpected setting**.

#### **Story B Summary**:
- Gene **panics** and **attacks** the policeman.
- The policeman **grabs Gene** and **drives away**.
- The policeman becomes **dizzy**.
- They **crash** and **die**.

**Key Elements**:
- **Humans** as characters.
- **Aggression** and **retribution**.
- **Unintended consequence** (crashing).
- **More detailed cause-and-effect** (policeman "drives away to set Gene straight").

---

### **Step 3: Evaluate Which Story is a Better Analogy to Story 1**

#### **Similarities**:
- Both **Story 1** and **Story A** involve:
  - A **character** (animal or human) **attacking** another.
  - The **attacker** causing **injury**.
  - The **injured party** taking the **attacker** away.
  - The **injured party** becoming **unable to continue**.
  - A **fatal accident** resulting from the **inability to continue**.

- Both **Story 1** and **Story B** involve:
  - A **character** (animal or human) **attacking** another.
  - The **attacker** causing **injury**.
  - The **injured party** taking the **attacker** away.
  - The **injured party** becoming **unable to continue**.
  - A **fatal accident** resulting from the **inability to continue**.

#### **Differences**:
- **Story 1** involves **animals**, while **Stories A and B** involve **humans**.
- **Story 1** has an **unexpected setting** (wedding), which is **absent** in **Stories A and B**.
- **Story B** has a **more detailed cause-and-effect** (policeman "drives away to set Gene straight"), which is **closer** to the **moral or thematic structure** of **Story 1** (the falcon taking the cobra away to teach it a lesson).

---

### **Conclusion**

While **both** **Story A** and **Story B** share structural similarities with **Story 1**, **Story B** is a **better analogy** because it more closely mirrors the **cause-and-effect sequence** and **moral intent** of **Story 1**.

- **Story B** includes the **policeman taking Gene away to "set him straight"**, which is analogous to the **falcon taking the cobra away to teach it a lesson**.
- **Story B** also includes a **more detailed sequence of events**, which better reflects the **narrative flow** of **Story 1**.

---

### ✅ **Final Answer: Story B is a better analogy to Story 1.**
Total time for full run: 668.79 seconds.
