============================================================================================== 
Warning! Mixing Conda and module environments may lead to corruption of the
user environment. 
We do not recommend users mixing those two environments unless absolutely
necessary. Note that 
SURF does not provide any support for Conda environment.
For more information, please refer to our software policy page:
https://servicedesk.surf.nl/wiki/display/WIKI/Software+policy+Snellius#SoftwarepolicySnellius-UseofAnacondaandMinicondaenvironmentsonSnellius 

Remember that many packages have already been installed on the system and can
be loaded using 
the 'module load <package__name>' command. If you are uncertain if a package is
already available 
on the system, please use 'module avail' or 'module spider' to search for it.
============================================================================================== 
Loading model Qwen/Qwen3-8B...
GPU memory available: 39.49 GB
`torch_dtype` is deprecated! Use `dtype` instead!
Flash Attention 2 not available (FlashAttention2 has been toggled on, but it cannot be used due to the following error: the package flash_attn seems to be not installed. Please refer to the documentation of https://huggingface.co/docs/transformers/perf_infer_gpu_one#flashattention-2 to install Flash Attention 2.), using default attention
Loading checkpoint shards:   0%|          | 0/5 [00:00<?, ?it/s]Loading checkpoint shards:  20%|██        | 1/5 [00:04<00:18,  4.67s/it]Loading checkpoint shards:  40%|████      | 2/5 [00:09<00:13,  4.48s/it]Loading checkpoint shards:  60%|██████    | 3/5 [00:13<00:08,  4.40s/it]Loading checkpoint shards:  80%|████████  | 4/5 [00:16<00:04,  4.03s/it]Loading checkpoint shards: 100%|██████████| 5/5 [00:18<00:00,  3.05s/it]Loading checkpoint shards: 100%|██████████| 5/5 [00:18<00:00,  3.62s/it]
Model loaded with default attention
Model device: cuda:0
GPU memory allocated: 15.26 GB, reserved: 15.28 GB
Model loaded. Loading tokenizer...
Model Qwen/Qwen3-8B and tokenizer loaded.
Generating responses with model Qwen/Qwen3-8B...
------------ Task 1 ------------
Prompt for task Task 1:
Consider the following story:

Story 1: William was a patient in a psychiatric hospital who was confined indoors almost all the time. He could never pass the monthly room inspections so he hated them. He spent most of his time daydreaming about food. A few days before the April inspection William’s room was still a mess since he had done nothing but daydream. To provide William with an incentive, the nurse promised him some gingerbread from the cookie shop if he scrubbed his room and put it in order once and for all. William was overjoyed. But there was no longer enough time for him to put it in order. As a result, he did not pass the inspection and did not get any gingerbread. William sulked all day and slammed his door so hard the plaster cracked, but he still didn’t get any gingerbread.

Now consider two more stories:

Story A: Karen always did poorly in high school so she despised it. But she loved vacations. She spent most of her time dreaming about going to Hawaii. Not long before the end of her fourth year Karen was not doing at all well in her classes because she had spent all her time daydreaming. To motivate her, Karen’s father promised her that if she did well enough during the next few weeks to graduate from high school he would pay for her trip to Hawaii. This made Karen extremely happy. But she was too far behind in her classes. Consequently she failed too many and did not go to Hawaii.

Story B: Karen disliked high school so she always had trouble getting passing grades in her classes. Vacations were her favorite part of the school year. Not long before the end of her fourth year of school, Karen was not doing well at all because she despised school. To motivate her, Karen’s father promised her a trip to Hawaii if she would just pass enough of her classes to graduate. This made Karen extremely happy. During the last few weeks of school she spent most of her time dreaming about Hawaii and preparing for her trip there. Consequently, she failed to graduate and she did not get to go.

Which of Story A and Story B is a better analogy to Story 1? Is the best answer Story A, Story B, or both are equally analogous?

Before answering, recall 3 relevant examples, then provide your answer.

The following generation flags are not valid and may be ignored: ['temperature', 'top_k']. Set `TRANSFORMERS_VERBOSITY=info` for more details.
Full Qwen output (39.67 seconds): To determine which of **Story A** or **Story B** is a better analogy to **Story 1**, we need to compare the **structure, motivation, and outcome** of each story. Let's first recall **three relevant examples** from psychology and behavioral science that are related to **incentives, motivation, and the effects of daydreaming or procrastination**.

---

### **Relevant Examples:**

1. **The Marshmallow Experiment (Walter Mischel, 1960s):**  
   Children were given the choice between one marshmallow immediately or two marshmallows if they waited 15 minutes. Those who waited were more likely to achieve long-term success. This experiment highlights the **power of delayed gratification** and the **impact of self-control** on future outcomes.

2. **The Pigeon Experiment (Skinner, 1938):**  
   Pigeons were trained to peck a button to receive food. Over time, they learned to associate the action with the reward. This is a classic example of **operant conditioning** and how **incentives shape behavior**.

3. **The "Procrastination Paradox" (Baumeister & Tice, 1999):**  
   People often procrastinate on tasks they find unpleasant, even when they know the consequences. This is linked to **self-regulation failure** and the **temptation of immediate gratification** (like daydreaming) over long-term goals.

---

### **Analysis of Story 1:**

- **William** is a patient in a psychiatric hospital who is **confined indoors** and **hates room inspections**.
- He **daydreams about food** and **fails to clean his room**.
- A **nurse offers a reward (gingerbread)** to motivate him to clean.
- He is **overjoyed** but **fails to complete the task** in time.
- He **fails the inspection**, **does not get the reward**, and **feels defeated**.

**Key elements:**
- **Incentive** is offered to change behavior.
- **Procrastination** and **daydreaming** prevent the desired outcome.
- **Reward is not given**, and the person feels **disappointed** and **frustrated**.

---

### **Analysis of Story A:**

- **Karen** dislikes school and **daydreams about Hawaii**.
- She **fails classes** because she is not focused on her studies.
- Her **father offers a reward (trip to Hawaii)** if she does well.
- She is **happy** but **fails to improve**.
- She **fails to graduate** and **does not get the reward**.

**Key elements:**
- **Incentive** is offered to change behavior.
- **Procrastination** and **daydreaming** prevent the desired outcome.
- **Reward is not given**, and the person feels **disappointed** and **frustrated**.

---

### **Analysis of Story B:**

- **Karen** dislikes school and **daydreams about Hawaii**.
- She **fails classes** because she is not focused on her studies.
- Her **father offers a reward (trip to Hawaii)** if she does well.
- She is **happy** and **starts preparing for the trip**.
- She **fails to graduate** and **does not get the reward**.

**Key elements:**
- **Incentive** is offered to change behavior.
- **Procrastination** and **daydreaming** prevent the desired outcome.
- **Reward is not given**, and the person feels **disappointed** and **frustrated**.

---

### **Comparison:**

- **Story A** and **Story B** are **very similar** in structure and outcome.
- The **difference** lies in **Karen’s behavior** after the incentive is offered:
  - In **Story A**, Karen **fails to improve** and **fails to graduate**.
  - In **Story B**, Karen **starts preparing** for the trip, but still **fails to graduate**.

- **Story 1** is about **William failing to clean his room** despite being **motivated by a reward**.
- In **Story A**, Karen **fails to improve** despite being **motivated by a reward**.
- In **Story B**, Karen **starts working toward the goal** (preparing for the trip), but still **fails**.

---

### **Conclusion:**

**Story A** is a **better analogy** to **Story 1** because:

- Both involve **a person who is motivated by a reward**.
- Both involve **procrastination and daydreaming** that prevent the desired outcome.
- Both result in **failure to achieve the goal** and **disappointment**.

**Story B** is **less analogous** because Karen **starts working toward the goal**, which is **not the case in Story 1**.

---

### ✅ **Final Answer: Story A is a better analogy to Story 1.**
------------ Task 2 ------------
Prompt for task Task 2:
Consider the following story:

Story 1: Mr. Newton was the manager of a company that made razors. One year, an inventor in his company perfected a metal that would stay sharper than any previous razor. However, not long after that, Mr. Newton was using one of these new razors and he cut his neck rather severely. As a result of this incident the inventor recommended a safety feature that would protect people from injuring themselves. After what had happened, Mr. Newton considered the safety feature absolutely necessary. The incident had alarmed him so much that he began to produce the safety razor right away. Luckily, his neck did not get infected so everything was alright.

Now consider two more stories:

Story A: Ms. Boyce was in charge of installing heat lamps sold by the Smith Tan Company. In 1980, a supplier for the company perfected a filament that could produce more intense heat than any previous filament. But later, when Ms. Boyce was using one of these new heat lamps herself she was seriously burned. Because of this accident the supplier recommended a warning label that would protect people from hurting themselves with the new lamp. After this, Ms. Boyce considered the labels absolutely necessary. The accident frightened her so much that she had the labels printed immediately.

Story B: Ms. Boyce was in charge of installing sun lamps sold by Smith Tan Company. In 1980, a supplier for the company perfected a filament that could produce more intense heat than any previous filament. Because it was so hot, the supplier recommended a warning label that would protect people from hurting themselves with the new lamp. But Mrs. Boyce considered the labels unnecessary. It would be too much trouble to make them. But later, when she was using one of these new heat lamps herself, she was seriously burned. After this accident she was so frightened that she had the warning labels printed immediately.

Which of Story A and Story B is a better analogy to Story 1? Is the best answer Story A, Story B, or both are equally analogous?

Before answering, recall 3 relevant examples, then provide your answer.

Full Qwen output (34.87 seconds): To determine which of **Story A** or **Story B** is a better analogy to **Story 1**, we need to compare the **structure, cause-effect relationships, and the role of the incident in prompting a change** in both stories.

---

### **Relevant Examples from Psychological and Behavioral Science**

1. **The "Incident-Driven Change" Model**  
   In behavioral psychology, people are often more likely to change their behavior or implement a new policy **after experiencing a negative consequence**. This is known as the **"incident-driven change"** model. For example, a person might not wear a seatbelt until they are involved in a car accident.

2. **The Role of Personal Experience in Decision-Making**  
   Research in cognitive psychology shows that **personal experience** (especially negative ones) has a stronger influence on decision-making than **external recommendations** or advice. This is because personal experience creates a **strong emotional and cognitive imprint**.

3. **The "After-the-Fact" Justification**  
   In behavioral economics, people often **justify decisions after the fact**. For instance, someone might say, "I knew it was dangerous, but I didn’t think it would happen to me." This is known as **"post-hoc rationalization."**

---

### **Comparison of Stories**

#### **Story 1: Mr. Newton and the Razor**
- A new, sharper razor is developed.
- Mr. Newton **uses it and gets injured**.
- The **incident** leads to a **recommendation** for a **safety feature**.
- Mr. Newton **considers the feature necessary** and **acts immediately**.
- The **incident** is the **key driver** of the change in behavior.

#### **Story A: Ms. Boyce and the Heat Lamp**
- A new, hotter filament is developed.
- Ms. Boyce **uses it and gets burned**.
- The **incident** leads to a **recommendation** for a **warning label**.
- Ms. Boyce **considers the label necessary** and **acts immediately**.
- The **incident** is the **key driver** of the change in behavior.

#### **Story B: Ms. Boyce and the Heat Lamp**
- A new, hotter filament is developed.
- A **recommendation** is made for a **warning label**.
- Ms. Boyce **considers the label unnecessary**.
- She **uses it and gets burned**.
- The **incident** leads to a **change in behavior**.
- The **incident** is the **key driver** of the change in behavior, but the **initial decision** was **not influenced** by the incident.

---

### **Analysis**

- **Story 1** and **Story A** both follow the same **structure**:
  - A new product is developed.
  - The user **uses it and gets injured**.
  - The **incident** leads to a **recommendation**.
  - The user **considers the recommendation necessary** and **acts on it**.

- **Story B** differs in that the **recommendation** is made **before** the incident. The **incident** only **changes the user’s mind**, but the **initial decision** was **not influenced** by the incident.

- In **Story 1**, the **incident is the catalyst** for the change in behavior. The **safety feature is introduced as a result of the incident**.

- In **Story A**, the **incident is the catalyst** for the change in behavior. The **warning label is introduced as a result of the incident**.

- In **Story B**, the **incident is the catalyst**, but the **initial decision was not influenced by the incident**. The **incident only changes the decision after the fact**.

---

### **Conclusion**

**Story A** is the **better analogy** to **Story 1** because both stories follow the same **structure and causal chain**:
- A new product is developed.
- The user **uses it and gets injured**.
- The **incident** leads to a **recommendation**.
- The user **considers the recommendation necessary** and **acts on it**.

**Story B** is **less analogous** because the **recommendation is made before the incident**, and the **incident only changes the user’s mind after the fact**, which is not the case in Story 1.

---

### ✅ **Final Answer: Story A is a better analogy to Story 1.**
------------ Task 3 ------------
Prompt for task Task 3:
Consider the following story:

Story 1: Joseph was a millionaire who hired a chauffeur to drive his Rolls-Royce. He used to brag to his wife that he would never be late for his conferences since he had hired a chauffeur. One morning when he was in a great hurry, he went to find the chauffeur. But he was asleep. He thought his services would not be needed that day. Thus Joseph was very late for his conference after all. To make sure this would not happen again, Joseph hired a second chauffeur. This turned out to be very expensive because the second chauffeur wanted a fancy uniform as well as a high salary.

Now consider two more stories:

Story A: Alexander was a man who lived with his wife in his house a long time ago. He liked to boast to a friend that with his wife at home he would always eat well. One day, when he was very hungry, Alexander went home to his wife. But she thought Alexander would be eating someplace else so she had only prepared enough for herself and their baby. Thus Alexander went without dinner. But to make sure he would not go hungry again, Alexander married a second wife.

Story B: Many years ago there was a man named Alexander who had two wives living in two houses: He liked to boast to a friend that with his two wives he would always eat well. One day when he was very hungry, Alexander went to his first wife. But she had only prepared enough for herself and their baby. She thought Alexander would eat with his other wife that day. Alexander then went to his second wife, but found she had already finished. She saw him go to the other house so she thought he was eating there. Thus Alexander went without any dinner at all.

Which of Story A and Story B is a better analogy to Story 1? Is the best answer Story A, Story B, or both are equally analogous?

Before answering, recall 3 relevant examples, then provide your answer.

Full Qwen output (30.55 seconds): To determine which of **Story A** or **Story B** is a better analogy to **Story 1**, we need to compare the **structure, cause, and consequence** of the situations in each story. Let's first recall **three relevant examples** from the field of **analogical reasoning** and **problem-solving**, and then apply them to the stories.

---

### **Relevant Examples from Analogical Reasoning**

1. **The Classic "Two Doors" Problem**  
   A person is trapped in a room with two doors. One leads to freedom, the other to death. The person tries the first door, finds it locked, and concludes it must be the second one. This is an example of **analogical reasoning** where a person uses a **similar situation** to infer a solution.

2. **The "Two Trains" Problem**  
   Two trains are approaching each other on parallel tracks. One is going at 60 mph, the other at 40 mph. A person on the first train calculates the time until collision. This is an example of **analogical reasoning** where a **mathematical model** is applied to a real-world scenario.

3. **The "Two Wives" Paradox**  
   A man has two wives. He tells a friend that with two wives, he will always have enough food. But when he goes to the first wife, she has only prepared for herself and the baby. When he goes to the second wife, she has already eaten. This is a classic **analogical paradox** that mirrors the **"two chauffeurs"** problem in Story 1.

---

### **Analysis of the Stories**

#### **Story 1: Joseph and the Chauffeurs**
- **Cause**: Joseph is late because the first chauffeur is asleep.
- **Solution**: He hires a second chauffeur.
- **Problem**: The second chauffeur also fails to be available, leading to the same issue.
- **Structure**: A person tries to solve a problem by **adding a second solution**, but the second solution also fails due to the same **misunderstanding** or **lack of coordination**.

#### **Story A: Alexander and the First Wife**
- **Cause**: Alexander is hungry and goes to his wife, who only prepared for herself and the baby.
- **Solution**: He marries a second wife.
- **Problem**: The second wife also fails to prepare for him.
- **Structure**: A person tries to solve a problem by **adding a second solution**, but the second solution also fails due to the same **misunderstanding** or **lack of coordination**.

#### **Story B: Alexander and the Two Wives**
- **Cause**: Alexander is hungry and goes to the first wife, who assumes he will eat with the second wife.
- **Cause**: He goes to the second wife, who assumes he will eat with the first wife.
- **Solution**: He marries a second wife.
- **Problem**: Both wives fail to prepare for him.
- **Structure**: A person tries to solve a problem by **adding a second solution**, but the second solution also fails due to **mutual misunderstanding** or **lack of coordination**.

---

### **Comparison and Conclusion**

- **Story 1** and **Story A** both involve a **single person** who **fails to get the desired outcome** due to a **misunderstanding**, and then **adds a second solution** that also **fails** for the same reason.
- **Story B** involves **two people** (the two wives) who **both misunderstand** the situation, leading to a **double failure**.

Thus, **Story A** is a **better analogy** to **Story 1**, because both involve a **single person** trying to solve a problem by **adding a second solution**, which also **fails** due to the **same misunderstanding**.

---

### ✅ **Final Answer: Story A is a better analogy to Story 1.**
------------ Task 4 ------------
Prompt for task Task 4:
Consider the following story:

Story 1: Karla, an old hawk, lived at the top of a tall oak tree.  One afternoon, she saw a hunter on the ground with a bow and some crude arrows that had no feathers.   The hunter took aim and shot at the hawk but missed.  Karla knew the hunter wanted her feathers so she glided down to the hunter and offered to give him a few.  The hunter was so grateful that he pledged never to shoot at a hawk again.  He went off and shot deer instead.

Now consider two more stories:

Story A: Once there was a small country called Zerdia that learned to make the world’s smartest computer. One day Zerdia was attacked by its warlike neighbor, Gagrach.  But the missiles were badly aimed and the attack failed.  The Zerdian government realized that Gagrach wanted Zerdian computers so it offered to sell some of its computers to the country.  The government of Gagrach was very pleased.  It promised never to attack Zerdia again.

Story B: Once there was a small country called Zerdia that learned to make the world’s smartest computer.  Zerdia sold one of its supercomputers to its neighbor, Gagrach, so Gagrach would promise never to attack Zerdia. But one day Zerdia was overwhelmed by a surprise attack from Gagrach.  As it capitulated the crippled government of Zerdia realized that the attacker’s missiles had been guided by Zerdian supercomputers.

Which of Story A and Story B is a better analogy to Story 1? Is the best answer Story A, Story B, or both are equally analogous?

Before answering, recall 3 relevant examples, then provide your answer.

Full Qwen output (32.43 seconds): To determine which of **Story A** or **Story B** is a better analogy to **Story 1**, we need to compare the **structure, intent, and outcome** of the stories. Let's first recall **three relevant examples** from political science or international relations that illustrate the concept of **deterrence, appeasement, and the consequences of offering something valuable to an adversary**.

---

### **Relevant Examples:**

1. **The Cuban Missile Crisis (1962)**  
   - The U.S. and the Soviet Union were on the brink of nuclear war. The U.S. agreed to remove its missiles from Turkey in exchange for the Soviets removing their missiles from Cuba. This was a form of **deterrence through concession**, where both sides avoided direct conflict by offering something of value to the other.

2. **The Munich Agreement (1938)**  
   - Britain and France allowed Nazi Germany to annex parts of Czechoslovakia in hopes of appeasing Hitler. This is a classic example of **appeasement**, where a weaker power offers something valuable to an aggressor, only to be betrayed later.

3. **The Iran Nuclear Deal (2015)**  
   - Iran agreed to limit its nuclear program in exchange for sanctions relief. This was a **deterrence and negotiation** strategy, where a state offered concessions to avoid conflict or escalation.

---

### **Analysis of Story 1:**

- **Karla** (the hawk) is **valuable** because of her **feathers**.
- A **hunter** (an aggressor) wants her **feathers**.
- The hunter **misses** the first shot, but Karla **offers** the feathers **voluntarily**.
- The hunter is **grateful** and **pledges not to attack** again.
- The outcome is **peace** and **mutual benefit**.

This is a **deterrence through concession**. The hawk offers something valuable to the aggressor, and the aggressor, satisfied, backs off.

---

### **Analysis of Story A:**

- **Zerdia** has a **valuable asset** (the smartest computer).
- **Gagrach** (the aggressor) attacks, but **misses** (missiles are badly aimed).
- Zerdia realizes Gagrach wants the **computer**.
- Zerdia **offers** the computer to Gagrach.
- Gagrach is **grateful** and **pledges not to attack** again.

This is **very similar** to Story 1. It involves:
- A **valuable asset** being offered.
- An **aggressor** who **misses** the first attack.
- A **concession** that leads to **peace** and **mutual benefit**.

---

### **Analysis of Story B:**

- **Zerdia** sells a **supercomputer** to **Gagrach** in exchange for a **promise of non-aggression**.
- However, **Gagrach** later **attacks** Zerdia in a **surprise attack**.
- The **supercomputer** was used to **guide the missiles**.

This is a **classic case of appeasement**. The weaker state offers something valuable to the aggressor, but the aggressor **uses the concession to further its aggression**. The outcome is **betrayal** and **disaster**.

---

### **Conclusion:**

- **Story A** mirrors **Story 1** in structure and outcome: both involve a **valuable asset** being offered to an **aggressor**, leading to **peace** and **mutual benefit**.
- **Story B** is the **opposite** of Story 1: it shows **failure** of the strategy, where the **concession leads to betrayal**.

---

### ✅ **Final Answer:**

**Story A** is the better analogy to **Story 1**. Both involve a **valuable asset being offered to an aggressor**, resulting in **peace** and **mutual benefit**. **Story B**, on the other hand, shows the **failure** of such a strategy, making it a poor analogy. 

**Answer: Story A**.
------------ Task 5 ------------
Prompt for task Task 5:
Consider the following story:

Story 1: Peter was a young man from Iceland who moved to Florida one summer. He was very self-conscious about his fair skin. Peter thought that people would not accept him unless he tanned himself golden-brown like everyone else. So Peter spent a whole day in the sun, trying to get a tan. He didn’t understand how dangerous the sun could be. Consequently, by evening he had second degree burns over most of his body and he had to go to the hospital. Peter decided that Florida was not for him and booked the next ocean liner back to Iceland. He spent the whole trip under a large umbrella keeping cool.

Now consider two more stories:

Story A: Quiggly Company was a small company that manufactured electrical components. One year, Quiggly Co. began to get into the integrated circuit market. However, Quiggly Company felt that to be competitive it would have to have really sophisticated space factories, as did all the other manufacturers of integrated circuits. Thus, Quiggly put all its assets into having a space factory. The company just didn’t realize what a financial risk space manufacturing was. As a result, within six months, Quiggly Company had spent much more than they could afford and their stocks plunged to an all time low. Quiggly Co. decided to pull out of integrated circuits altogether and went back to making conventional electrical components.

Story B: Quiggly Company was a small company that manufactured conventional electrical components. They had just started producing integrated circuits and decided that the real action in the integrated circuit market was in space manufacturing. But the market analysts gave them a stern warning. They said that space factories were too expensive and that the market was too competitive. If Quiggly went into space manufacturing, the analysts predicted they would lose everything and their stock would plunge. Quiggly Company was so annoyed at having to play it safe when everyone else had a chance to make a killing that they decided to go back to manufacturing conventional electric components.

Which of Story A and Story B is a better analogy to Story 1? Is the best answer Story A, Story B, or both are equally analogous?

Before answering, recall 3 relevant examples, then provide your answer.

Full Qwen output (32.29 seconds): To determine which of **Story A** or **Story B** is a better analogy to **Story 1**, we need to compare the **structure, reasoning, and consequences** of the stories. Let's first recall **three relevant examples** from psychology and decision-making theory that help us understand the nature of the stories:

---

### **1. The Dunning-Kruger Effect**  
This cognitive bias describes how people with low ability in a domain overestimate their own competence. In **Story 1**, Peter overestimates his ability to handle the sun and assumes that tanning is a simple solution to being accepted. He doesn't understand the risks, which is a classic case of the Dunning-Kruger effect.

---

### **2. The Planning Fallacy**  
This is the tendency to underestimate the time, cost, or difficulty of future tasks. In **Story A**, Quiggly Company assumes that building a space factory is a straightforward and profitable move, without considering the financial risks. This is a clear example of the planning fallacy — they didn't account for the complexity and cost of space manufacturing.

---

### **3. The Conformity Bias**  
This is the tendency to align one's behavior with that of a group, even when it may not be rational. In **Story 1**, Peter conforms to the social norm of tanning to fit in. In **Story A**, Quiggly Company follows the trend of other manufacturers by investing in space factories, even though it may not be the best decision. This is a form of conformity bias.

---

Now, let's analyze **Story 1**, **Story A**, and **Story B** in light of these examples.

---

### **Story 1: Peter and the Sun**  
- **Reasoning**: Peter assumes that tanning is the only way to be accepted, without understanding the risks.
- **Bias**: Dunning-Kruger (overestimating his ability to handle the sun), Conformity (following the norm of tanning).
- **Outcome**: He gets burned and leaves Florida.

---

### **Story A: Quiggly and the Space Factory**  
- **Reasoning**: Quiggly assumes that space factories are necessary to be competitive, without understanding the financial risks.
- **Bias**: Planning Fallacy (underestimating the cost and difficulty), Conformity (following the trend of other manufacturers).
- **Outcome**: They go bankrupt and return to conventional manufacturing.

---

### **Story B: Quiggly and the Space Factory (Alternative Version)**  
- **Reasoning**: Quiggly is told by analysts that space manufacturing is too risky, but they ignore the warning and go back to conventional manufacturing.
- **Bias**: This is more about **defiance of expert advice** or **overconfidence** in their own judgment.
- **Outcome**: They return to conventional manufacturing, but the reasoning is different — they are not following the trend, but rather rejecting it.

---

### **Comparison to Story 1**  
- **Story 1** involves **overestimating one's ability to handle a situation** (tanning) and **conforming to a social norm** (being tan).
- **Story A** involves **overestimating the feasibility of a risky venture** (space factories) and **conforming to industry trends** (other companies doing it).
- **Story B** involves **disregarding expert advice** and **rejecting a trend**, which is a different kind of decision-making.

---

### **Conclusion**  
**Story A** is the **better analogy** to **Story 1**. Both involve:

- **Overestimating the feasibility of a risky action** (tanning vs. space manufacturing).
- **Conforming to a social or industry norm** (being tan vs. building space factories).
- **Underestimating the risks** and **overestimating the rewards**.
- **Negative consequences** (burns vs. financial ruin).

**Story B**, while similar in some ways, involves a **different type of decision-making** — it's more about **defiance of expert advice** rather than **conformity and overestimation**.

---

### ✅ **Final Answer: Story A is a better analogy to Story 1.**
------------ Task 6 ------------
Prompt for task Task 6:
Consider the following story:

Story 1: Julius was a mule who discovered several pears sitting in a window sill.  He thought to himself, “These pears seem to be rotten.  Perhaps I’ll get some and find out if my prediction is correct.” However, the pears were too high for Julius.  And because he was hungry he felt too weak to jump up to them.  Naturally, this was rather disappointing.  He closed his eyes and went to sleep, dreaming about mountains of pears.

Now consider two more stories:

Story A: A girl named Cindy found some records she was curious about at a record store.   “These records look really bad,”  Cindy thought to herself.  “I think I’ll buy them so I can see if my hunch is right.” But, the records were too expensive for her.  After thinking it over, she saw there was no way she could afford them.  Needless to say, she became somewhat disappointed.

Story B: A girl named Cindy found some records she wanted at a record store.  She really wanted them but, needless to say, they were too expensive for her.  After brooding for a while, Cindy got over her disappointment. “These records are probably boring,” she thought.  “So even if I could afford them I wouldn’t listen to them.”

Which of Story A and Story B is a better analogy to Story 1? Is the best answer Story A, Story B, or both are equally analogous?

Before answering, recall 3 relevant examples, then provide your answer.

Full Qwen output (26.95 seconds): To determine which of **Story A** or **Story B** is a better analogy to **Story 1**, we need to compare the **structure, emotional arc, and underlying themes** of the three stories.

---

### **Relevant Examples from Psychological and Narrative Theory**

1. **The Disappointment of Unmet Expectations**  
   In **Story 1**, Julius is disappointed because he cannot access the pears he believes are rotten. His disappointment arises from **unmet expectations** and **inability to test his hypothesis**. This is a classic example of **cognitive dissonance** and **goal frustration**.

2. **The Role of Self-Justification in Disappointment**  
   In **Story B**, Cindy does not just feel disappointment — she **justifies her disappointment** by reinterpreting the records as "boring" even before she can afford them. This reflects **self-justification** and **cognitive dissonance reduction**, where people rationalize their inability to achieve a goal.

3. **The Emotional Response to Inaccessibility**  
   In **Story A**, Cindy feels **disappointment** but does not attempt to rationalize it. She simply acknowledges that she cannot afford the records. This is a more **direct emotional response** to **inaccessibility** without the element of **self-justification**.

---

### **Comparison of Stories**

#### **Story 1 (Julius the Mule)**
- **Goal**: To test if the pears are rotten.
- **Obstacle**: Cannot reach the pears due to height and weakness.
- **Emotional Response**: Disappointment, followed by dreaming (a form of wishful thinking).
- **Key Theme**: **Unmet expectations** and **inability to test a hypothesis**.

#### **Story A (Cindy and the Records)**
- **Goal**: To buy and test the records.
- **Obstacle**: Cannot afford them.
- **Emotional Response**: Disappointment.
- **Key Theme**: **Inaccessibility** and **financial limitation**.

#### **Story B (Cindy and the Records)**
- **Goal**: To buy and enjoy the records.
- **Obstacle**: Cannot afford them.
- **Emotional Response**: Disappointment, followed by **self-justification** (they are boring).
- **Key Theme**: **Inaccessibility** + **self-justification** to reduce emotional distress.

---

### **Which is a Better Analogy to Story 1?**

**Story 1** is primarily about **unmet expectations** and **inability to test a hypothesis**. It does not involve **self-justification** or **rationalization** — only **disappointment** and **wishful thinking**.

- **Story A** mirrors this closely: Cindy is disappointed because she cannot afford the records, just as Julius is disappointed because he cannot reach the pears. There is no rationalization — only **direct disappointment**.
- **Story B** adds an extra layer of **self-justification**, which is not present in Story 1. This makes it **less analogous** to Story 1.

---

### ✅ **Final Answer: Story A is a better analogy to Story 1.**

**Reason**: Both stories involve **unmet expectations** due to **inaccessibility** (physical or financial), and both characters experience **disappointment** without engaging in **self-justification**. Story B introduces an element of **rationalization** that is not present in Story 1.
------------ Task 7 ------------
Prompt for task Task 7:
Consider the following story:

Story 1: Percy the mockingbird spent the whole warm season chirping and twittering.  When it began to get colder Percy visited a squirrel and sang a song for her, expecting to get some of the squirrel’s sunflower seeds in return.  However, the squirrel was very disappointed in him. “You are a terrible singer!” she yelled.  “I’m not giving you any of my wheat.” A tear  rolled down Percy’s cheek, and he vowed to give up singing for good.

Now consider two more stories:

Story A: Sam traveled all over the world buying beautiful things.  When he ran out of money he paid a visit to his mother and gave her a gift he bought while in Tibet, hoping she would give him a loan in return.  However, his mother was not at all pleased.  “You don’t deserve any money of mine!” she exclaimed.  “This is a piece of junk!”

Story B: Sam traveled all over the world buying beautiful things.  When he ran out of money he paid a visit to his mother.  However, she was not at all pleased with him. “While I have been hard at work you have been wasting your time,” she said.  Sam gave her a gift he bought in Tibet, hoping she would give him a loan in return.  But she was still not pleased.  “I will not give you any of my hard-earned money!” she exclaimed.

Which of Story A and Story B is a better analogy to Story 1? Is the best answer Story A, Story B, or both are equally analogous?

Before answering, recall 3 relevant examples, then provide your answer.

Full Qwen output (36.93 seconds): To determine which of **Story A** or **Story B** is a better analogy to **Story 1**, we need to compare the **structure, theme, and key elements** of the original story with each of the two new stories.

---

### **Step 1: Analyze Story 1**

**Story 1:**
- **Character:** Percy the mockingbird
- **Action:** Percy sings a song for a squirrel in exchange for food
- **Expectation:** Percy expects to receive sunflower seeds in return
- **Outcome:** The squirrel is disappointed and refuses to give anything
- **Emotion:** Percy feels sad and vows to stop singing

**Key Themes:**
- **Exchange of value** (singing for food)
- **Disappointment and rejection**
- **Unmet expectation**
- **Emotional consequence** (vow to change behavior)

---

### **Step 2: Compare with Story A**

**Story A:**
- **Character:** Sam
- **Action:** Sam gives a gift to his mother in exchange for a loan
- **Expectation:** Sam expects a loan in return
- **Outcome:** The mother is displeased and rejects the gift
- **Emotion:** No explicit emotional consequence is mentioned

**Key Themes:**
- **Exchange of value** (gift for loan)
- **Disappointment and rejection**
- **Unmet expectation**
- **Lack of emotional consequence**

**Comparison:**
- **Similarity:** Both stories involve an exchange where one party gives something in the hope of receiving something else, and the recipient rejects the offer.
- **Difference:** Story 1 includes an emotional consequence (Percy vows to stop singing), while Story A does not.

---

### **Step 3: Compare with Story B**

**Story B:**
- **Character:** Sam
- **Action:** Sam gives a gift to his mother in exchange for a loan
- **Expectation:** Sam expects a loan in return
- **Outcome:** The mother is displeased and rejects the gift
- **Emotion:** No explicit emotional consequence is mentioned

**Key Themes:**
- **Exchange of value** (gift for loan)
- **Disappointment and rejection**
- **Unmet expectation**
- **Lack of emotional consequence**

**Comparison:**
- **Similarity:** Like Story A, Story B also involves an exchange where one party gives something in the hope of receiving something else, and the recipient rejects the offer.
- **Difference:** Story B adds more detail about the mother’s reasoning (she was working hard while Sam wasted his time), but still lacks an emotional consequence.

---

### **Step 4: Recall 3 Relevant Examples**

1. **"The Parable of the Talents" (Matthew 25:14–30):**  
   - A master gives talents to servants, expecting them to invest and return them. One servant buries his talent and is punished.  
   - **Similarity:** Exchange of value, unmet expectation, and consequence.  
   - **Difference:** The story includes a clear consequence (punishment), similar to Story 1.

2. **"The Boy Who Cried Wolf" (Aesop’s Fables):**  
   - A boy falsely claims a wolf is coming, and when a real wolf appears, no one believes him.  
   - **Similarity:** Unmet expectation, deception, and consequence.  
   - **Difference:** The consequence is more about trust than emotional response.

3. **"The Emperor’s New Clothes" (Hans Christian Andersen):**  
   - A king is tricked into believing he is wearing clothes that only children can see.  
   - **Similarity:** Misunderstanding, deception, and eventual realization.  
   - **Difference:** The consequence is more about social embarrassment than personal emotional change.

---

### **Step 5: Final Evaluation**

- **Story 1** includes an **emotional consequence** (Percy vows to stop singing), which is a key element in the original story.
- **Stories A and B** both involve an **exchange of value** and **disappointment**, but **neither includes an emotional consequence**.
- Therefore, **neither Story A nor Story B is a perfect analogy** to Story 1.
- However, **Story A is slightly closer** to Story 1 than Story B because it includes a **clear rejection** and **direct disappointment**, even though it lacks the emotional consequence.

---

### ✅ **Answer:**
**Story A** is a better analogy to **Story 1** than **Story B**, but **neither is a perfect analogy**. Both stories share the structure of an unmet expectation and rejection, but only **Story A** includes a more direct expression of disappointment, which is closer to the emotional tone of Story 1.
------------ Task 8 ------------
Prompt for task Task 8:
Consider the following story:

Story 1: A dog named Leonard was trotting along a dock holding a steak in his teeth. However, as he trotted he dropped it inadvertently and it disappeared into the lake. Thus, he was left without his dinner. Then Leonard saw another dog with a steak. Because he had lost his own steak he tried to take it. Unluckily, the other dog was much bigger than he was. Leonard ended up losing a tooth in the scuffle.

Now consider two more stories:

Story A: Charlie was walking through a hotel with an expensive pocket watch in his hand. As he walked he accidently dropped it and it shattered on the floor. Consequently, he was left without a watch. Then Charlie saw another man with an expensive watch. Since he had broken his own watch he reached out to take it. Unfortunately, the man was a policeman.

Story B: Charlie was walking through a hotel with an expensive pocket watch in his hand. Then he noticed another man with an expensive watch. Not realizing it was just his reflection, and since he was also quite greedy, Charlie reached out to take it. Unfortunately, as he opened his hand he dropped his own watch and both watches shattered on the floor. Consequently he was left with no watch at all.

Which of Story A and Story B is a better analogy to Story 1? Is the best answer Story A, Story B, or both are equally analogous?

Before answering, recall 3 relevant examples, then provide your answer.

Full Qwen output (32.67 seconds): To determine which of **Story A** or **Story B** is a better analogy to **Story 1**, we need to compare the **structure, themes, and outcomes** of the stories. Let's first recall **three relevant examples** of analogies and then analyze the stories accordingly.

---

### **Relevant Examples of Analogies**

1. **"A is to B as C is to D"** – This is the classic analogy format, where the relationship between A and B is mirrored in the relationship between C and D.  
   *Example:* "A cat is to a dog as a lion is to a tiger" – both are animals, and both are predators.

2. **Structural analogy** – This involves comparing the **structure** of two situations, even if the content differs.  
   *Example:* Comparing a **story** to a **play** – both have a beginning, middle, and end, and both involve characters and conflict.

3. **Thematic analogy** – This involves comparing the **themes** or **moral** of two situations.  
   *Example:* Comparing a **fairy tale** to a **modern fable** – both convey a moral lesson through a narrative.

---

### **Analysis of Story 1**

**Story 1** involves:
- A **dog (Leonard)** who **loses something valuable** (a steak).
- He **sees another dog with the same item**.
- He **tries to take it**, but **fails** due to **size or strength**.
- He **loses something else** (a tooth) in the process.

**Key elements**:
- **Loss of possession**
- **Desire to obtain another**
- **Failure due to power imbalance**
- **Consequence of greed or impatience**

---

### **Analysis of Story A**

**Story A** involves:
- A **man (Charlie)** who **drops and breaks** an **expensive watch**.
- He **sees another man with a watch**.
- He **tries to take it**, but the **other man is a policeman**.
- He **fails** and **loses his own watch**.

**Key elements**:
- **Loss of possession**
- **Desire to obtain another**
- **Failure due to authority or power**
- **Consequence of greed or impatience**

---

### **Analysis of Story B**

**Story B** involves:
- A **man (Charlie)** who **sees a reflection** of another man with a watch.
- He **greedily tries to take it**, but **drops his own watch**.
- Both watches **shatter**, and he **loses both**.

**Key elements**:
- **Loss of possession**
- **Desire to obtain another**
- **Failure due to misperception or mistake**
- **Consequence of greed or impatience**

---

### **Comparison and Conclusion**

Let’s now compare **Story A** and **Story B** to **Story 1** using the **themes and structure**:

- **Story A** mirrors **Story 1** in the following ways:
  - Both involve **loss of possession**.
  - Both involve **desire to obtain another**.
  - Both involve **failure due to power or authority** (the policeman vs. the bigger dog).
  - Both involve **consequences of greed or impatience**.

- **Story B** also shares some similarities:
  - Loss of possession.
  - Desire to obtain another.
  - Consequences of greed or impatience.
  - However, the **failure is due to misperception** (seeing a reflection), which is **not the same** as the **power imbalance** in Story 1.

---

### **Final Answer**

**Story A** is a **better analogy** to **Story 1** because it mirrors the **structure and theme** of the original story more closely. Both involve **loss, desire, failure due to power imbalance, and consequence**. While **Story B** shares some thematic elements, its **failure is due to misperception**, which is not the same as the **power or strength imbalance** in Story 1.

✅ **Answer: Story A** is the better analogy to Story 1.
------------ Task 9 ------------
Prompt for task Task 9:
Consider the following story:

Story 1: Boris and Ivan thought well of one another’s skill in business and resolved to open up a store together.  As ill luck would have it, Ivan was quite absent-minded and he threw out a large amount of cash.  This annoyed Boris who therefore demanded that Ivan have nothing to do with the monetary matters of their new store.  Later, however, Ivan redeemed himself by selling his fancy new stereo set to replace the lost cash.

Now consider two more stories:

Story A: John and Christine loved each other and decided to be married.  Unfortunately, Christine was so reckless that she accidentally dented John’s new car.  This upset John, so he insisted that she never drive his car again.

Story B: John and Christine loved each other and decided to be married.  Unfortunately, John discovered that Christine was a very reckless driver.  So he insisted that Christine never drive his new car.  This upset Christine so much that she dented John’s new car hoping that John would be hurt.

Which of Story A and Story B is a better analogy to Story 1? Is the best answer Story A, Story B, or both are equally analogous?

Before answering, recall 3 relevant examples, then provide your answer.

Full Qwen output (32.10 seconds): To determine which of **Story A** or **Story B** is a better analogy to **Story 1**, we need to compare the **structure, cause, and consequences** of the events in each story. Let's first recall **three relevant examples** from legal or philosophical reasoning that help us understand analogies and causality.

---

### **Relevant Examples:**

1. **The "But-for" Test in Causation**  
   In legal reasoning, the "but-for" test is used to determine whether one event caused another. If the result would not have occurred **but for** the action, then the action is considered a cause. This helps distinguish between **actual causation** and **consequential causation**.

2. **The "Factual Causation" vs. "Legal Causation" Distinction**  
   In some cases, an event may be factually the cause of an outcome, but not legally recognized as such due to intervening causes or other factors. This distinction is important in analogical reasoning, especially in legal or ethical contexts.

3. **The "Intentional vs. Accidental" Distinction**  
   In moral and legal reasoning, the **intent** behind an action can significantly affect how it is judged. An **accidental** act may be treated differently from an **intentional** one, even if the outcome is the same.

---

### **Analysis of the Stories:**

#### **Story 1:**
- **Boris and Ivan** are business partners.
- **Ivan** is **absent-minded** and **accidentally** throws out a large amount of cash.
- This **annoys Boris**, who then **demands** that Ivan not handle money.
- Later, **Ivan redeems himself** by **selling a stereo** to replace the lost cash.

**Key Points:**
- Ivan's loss of cash is **accidental**.
- The **consequence** is that Boris restricts Ivan's role.
- Ivan **intentionally** redeems himself later.

#### **Story A:**
- **John and Christine** are in love and get married.
- **Christine** is **reckless** and **accidentally** dents John’s car.
- John is **upset** and **forbids** Christine from driving his car.
- No mention of Christine intentionally denting the car.

**Key Points:**
- Christine's action is **accidental**.
- The **consequence** is that John restricts her driving.
- No **intentional** act to harm or cause damage.

#### **Story B:**
- **John and Christine** are in love and get married.
- **John discovers** that Christine is a **reckless driver**.
- John **insists** she not drive his car.
- Christine, **upset**, **intentionally** dents John’s car to hurt him.

**Key Points:**
- Christine's action is **intentional**.
- The **consequence** is that John restricts her driving.
- The **dent** is **intentional**, not accidental.

---

### **Comparison:**

- **Story 1** involves an **accidental** loss of cash, leading to a restriction, followed by an **intentional** act to redeem the situation.
- **Story A** involves an **accidental** dent, leading to a restriction.
- **Story B** involves an **intentional** act (denting the car) that is **motivated by anger**.

---

### **Conclusion:**

**Story A** is a **better analogy** to **Story 1** because both involve an **accidental** event that leads to a **restriction** in behavior. In both cases, the **initial action is unintentional**, and the **consequence is a restriction** based on that action.

**Story B**, on the other hand, involves an **intentional** act (denting the car), which is **not analogous** to the **accidental** loss of cash in Story 1.

---

### ✅ **Final Answer:**
**Story A** is a better analogy to Story 1.
------------ Task 10 ------------
Prompt for task Task 10:
Consider the following story:

Story 1: Two small countries, Bolon and Salam, were adjacent to a large, warlike country called Mayonia. Bolon decided to make the best of the situation by taking over Salam. Salam started looking for aid from other strong countries but soon Bolon succeeded in taking it over. Then victorious Bolon proposed to make a treaty with its warlike neighbor Mayonia. Bolon proposed to give Mayonia control over Salam in exchange for a guarantee that Bolon would remain independent. Mayonia responded by overrunning both Bolon and Salam. Bolon was so busy maintaining control of Salam, it could do nothing to stop Mayonia. Thereupon, Mayonia installed puppet governments in both Bolon and Salam, and took over the newspapers and radio stations.

Now consider two more stories:

Story A: Two sixth-grade boys, Lincoln and Moreland were walking to school together when they met Chad. Chad was a mean high school boy who was known to rob younger kids. Moreland was scared but he decided to make the best of the situation by overpowering Lincoln. Immediately, Lincoln started running to find a policeman but Moreland ran after Lincoln and eventually succeeded in catching him. When Chad arrived Moreland offered to let him rob Lincoln in exchange for being left alone himself. But Chad robbed both of them. Moreland was so busy holding Lincoln down, he could do nothing to prevent it.

Story B: Two seventh graders, Lincoln and Moreland, were walking to school together when they met Chad. Chad was a mean high school boy who was known to rob younger kids. Moreland was scared but he decided to make the best of the situation by offering to help Chad rob Lincoln in exchange for being left alone himself. But Lincoln overheard and started running to find a policeman. Immediately, Moreland took off after him and eventually succeeded in catching him. When Chad arrived he robbed both of them. And Moreland was so exhausted, he could do nothing to prevent it.

Which of Story A and Story B is a better analogy to Story 1? Is the best answer Story A, Story B, or both are equally analogous?

Before answering, recall 3 relevant examples, then provide your answer.

Full Qwen output (44.54 seconds): To determine which of **Story A** or **Story B** is a better analogy to **Story 1**, we need to compare the **structure, motivations, and outcomes** of the events in each story. Let's first recall **three relevant examples** from political science and international relations that help us understand the dynamics of power, alliances, and manipulation in Story 1.

---

### **Relevant Examples:**

1. **The Treaty of Versailles (1919)**  
   After World War I, the Treaty of Versailles imposed harsh terms on Germany, which led to resentment and eventually contributed to the rise of Nazi Germany. This shows how **power imbalances** and **unjust treaties** can lead to **future conflict** and **loss of sovereignty**.

2. **The Fall of the Soviet Union (1991)**  
   The Soviet Union collapsed due to internal weaknesses and external pressures. Some Eastern European countries, like Poland and Hungary, initially sought to align with the West (like the U.S.) to gain protection from Soviet dominance. However, this led to a **loss of control** and **external influence**.

3. **The Cuban Missile Crisis (1962)**  
   During the Cuban Missile Crisis, the U.S. and the Soviet Union were on the brink of nuclear war. The U.S. imposed a naval blockade on Cuba, and the Soviets eventually agreed to remove missiles from Cuba in exchange for a U.S. promise not to invade Cuba. This illustrates **strategic bargaining**, **power dynamics**, and **the risk of escalation**.

---

### **Analysis of Story 1:**

- **Bolon** (a small country) takes over **Salam** (another small country) to **secure its own independence** from the **warlike Mayonia**.
- Bolon **offers a treaty** to Mayonia, giving it control over Salam in exchange for **guaranteeing Bolon's independence**.
- However, **Bolon is too preoccupied** with controlling Salam to resist Mayonia.
- Mayonia **overruns both Bolon and Salam**, installs **puppet governments**, and **controls media**.

This story reflects a **strategic move** by a weaker state to **secure protection** from a stronger state, but the **overreach** and **lack of preparedness** lead to **total subjugation**.

---

### **Comparison with Story A and Story B:**

#### **Story A:**
- **Moreland** (a sixth grader) **overpowers Lincoln** to **protect himself** from **Chad** (a mean high school boy).
- Moreland **offers to let Chad rob Lincoln** in exchange for being left alone.
- However, **Moreland is too busy holding Lincoln down** to stop Chad from robbing both.
- **Chad robs both** and **Moreland is powerless** to stop it.

**Key Points:**
- Moreland tries to **secure protection** by **controlling Lincoln**.
- He **offers a deal** to Chad, but is **too occupied** to prevent the robbery.
- The **result is a loss of control** and **victimization**.

#### **Story B:**
- **Moreland** offers to **help Chad rob Lincoln** in exchange for being left alone.
- Lincoln **hears this** and **runs to find a policeman**.
- Moreland **chases Lincoln** and **catches him**.
- When Chad arrives, he **robs both** and **Moreland is too exhausted** to stop it.

**Key Points:**
- Moreland **actively collaborates** with Chad to **secure protection**.
- He **sacrifices Lincoln** to avoid being targeted.
- The **result is a loss of control** and **victimization**.

---

### **Which Story is a Better Analogy to Story 1?**

- **Story 1** involves a **smaller state (Bolon)** trying to **secure protection** from a **stronger state (Mayonia)** by **controlling a weaker state (Salam)**.
- The **strategy backfires**, and the **stronger state takes over both**.
- The **key element** is **strategic overreach** and **lack of preparedness** leading to **total subjugation**.

#### **Story A**:
- Moreland **controls Lincoln** to **secure protection** from Chad.
- He **offers a deal** to Chad, but is **too busy** to stop the robbery.
- This mirrors **Bolon's strategy** of **controlling Salam** to **secure Mayonia's protection**.
- The **result is a loss of control** and **victimization**, similar to **Bolon's subjugation**.

#### **Story B**:
- Moreland **collaborates with Chad** to **secure protection**.
- He **sacrifices Lincoln** to avoid being targeted.
- This is more like **Bolon offering control of Salam to Mayonia** in exchange for **independence**.
- However, the **result is still a loss of control**, but the **strategy is more direct** and **less about overreach**.

---

### **Conclusion:**

**Story A** is a **better analogy** to **Story 1** because it more closely mirrors the **strategic overreach** and **lack of preparedness** that leads to **total subjugation**. In both stories, the **weaker party tries to secure protection** by **controlling a weaker party**, but ends up **powerless** when the **stronger party intervenes**.

### ✅ **Answer: Story A is a better analogy to Story 1.**
------------ Task 11 ------------
Prompt for task Task 11:
Consider the following story:

Story 1: A farmer named Beedle had a choice apricot tree that he valued above all the rest in his garden.  Every year Beedle gave presents of fruit from this tree to everyone he knew. But one year the tree began to wither and there was no more of the wonderful fruit.  Everyone was very unhappy. The judge had enjoyed the apricots from the tree very much—so much so that he resolved to take the tree to his own garden to take care of it. He paid Beedle very well and had the tree moved to his own grounds.  Fortunately, as soon as it was transplanted, the tree bore delicious apricots again.  That very year, the fruit won first prize in the county fair.

Now consider two more stories:

Story A: Mr. Gerson had several pets but he valued the canary above all the rest.  Occasionally, he invited friends over to hear the canary sing. However, one autumn the canary became very ill and there were no more of its beautiful songs.   Everyone was extremely disappointed. A veterinarian  friend  had liked the canary’s songs  so much that he decided he would buy the canary and put it in his office where he could look after it.   He  paid  Mr. Gerson very well. Upon being moved, the canary sang beautiful songs again.

Story B: Mr. Gerson had several pets but he valued the canary above all the rest.  Occasionally, he invited friends over to hear the canary sing. A wealthy businessman liked the canary’s songs so much that one autumn he decided he wanted the bird in his house in the city where he could enjoy it every day.  He paid Mr. Gerson very well and had the canary moved to his house. However, upon being moved the canary became fatally ill and there were no more of its beautiful songs.  Everyone was extremely disappointed.

Which of Story A and Story B is a better analogy to Story 1? Is the best answer Story A, Story B, or both are equally analogous?

Before answering, recall 3 relevant examples, then provide your answer.

Full Qwen output (24.05 seconds): To determine which of **Story A** or **Story B** is a better analogy to **Story 1**, we need to compare the **structure, theme, and outcome** of the stories. Let's first recall **three relevant examples** of analogical reasoning and then apply them to the stories.

---

### **Relevant Examples of Analogical Reasoning**

1. **Medical Diagnosis Analogy**  
   A doctor might compare a patient's symptoms to a known illness to make a diagnosis. This is a **structural analogy**, where the **pattern of symptoms** is matched to a known case.

2. **Legal Case Analogy**  
   In law, a judge might compare a new case to a previous one to determine how to rule. This is a **functional analogy**, where the **outcome** of a similar situation is used to guide a decision.

3. **Engineering Design Analogy**  
   An engineer might design a new bridge by comparing it to an existing one, using the **structure and function** of the original to inform the new design. This is a **structural-functional analogy**.

---

### **Analysis of Story 1**

- **Structure**: A valued object (apricot tree) is lost due to a problem (withering), then is moved to a new location where it is restored and becomes successful again.
- **Theme**: The value of a unique, irreplaceable object and the positive outcome of transferring it to a better environment.
- **Outcome**: The object is moved, and it thrives in the new location.

---

### **Analysis of Story A**

- **Structure**: A valued object (canary) is lost due to a problem (illness), then is moved to a new location where it is restored and becomes successful again.
- **Theme**: Similar to Story 1 — the value of a unique, irreplaceable object and the positive outcome of transferring it to a better environment.
- **Outcome**: The object is moved, and it thrives in the new location.

---

### **Analysis of Story B**

- **Structure**: A valued object (canary) is lost due to a problem (illness), then is moved to a new location where it is **not** restored and becomes fatal.
- **Theme**: The value of a unique, irreplaceable object, but the **negative outcome** of transferring it to a new environment.
- **Outcome**: The object is moved, but it does not thrive in the new location.

---

### **Comparison to Story 1**

- **Story A** mirrors **Story 1** in both **structure** and **outcome** — the object is moved and **thrives** in the new location.
- **Story B** mirrors **Story 1** in **structure**, but **not in outcome** — the object is moved but **does not thrive**.

---

### **Conclusion**

**Story A** is the better analogy to **Story 1**, because it **matches both the structure and the outcome** of the original story. In both, the valued object is moved and **thrives** in the new location.

**Answer: Story A** is a better analogy to Story 1.
------------ Task 12 ------------
Prompt for task Task 12:
Consider the following story:

Story 1: Morris was a simple-minded prisoner who loved to play the harmonica at night.  Finally, his cellmate got tired of this and demanded that he shut up.  He should always play during the day, the cellmate insisted. The next night, Morris escaped from prison and hid in a boxcar.  But then Morris remembered that his cellmate said he should play harmonica every day, so he started playing.  Immediately, Morris was nabbed by the cops.  Poor, simple-minded Morris wished he hadn’t paid any attention to his cellmate.  Back in his cell, he devoted himself to covering the walls with obscenities.

Now consider two more stories:

Story A: A little girl named Jenny loved to play with her dog in her neighbor’s yard.  Eventually, the neighbor got fed-up and told her she should always play with her dog in her own yard. A few days later, Jenny snuck out of the house without doing her chores and hid at the playground.  But after a while she went home to play with her dog because she thought her neighbor said she should every day.  Right away her mother caught her and the little girl wished she hadn’t listened to her neighbor.

Story B: A little girl named Jenny wished she could run away from home.  She loved to play with her dog every day, but only in her neighbor’s yard.  Eventually, her neighbor got fed-up and told her to always play in her own yard. But Jenny refused to listen because she thought it was bad luck to play in her own yard.  The last time she did it her mother caught her right away and made her go to work.

Which of Story A and Story B is a better analogy to Story 1? Is the best answer Story A, Story B, or both are equally analogous?

Before answering, recall 3 relevant examples, then provide your answer.

Full Qwen output (36.55 seconds): To determine which of **Story A** or **Story B** is a better analogy to **Story 1**, we need to compare the **structure, theme, and moral** of each story. Let's first recall **three relevant examples** from the field of **narrative structure and analogy** that will help us analyze this comparison.

---

### **Relevant Examples:**

1. **The Parable of the Prodigal Son (Biblical Story):**  
   This story involves a son who leaves home, makes poor decisions, and eventually returns to his father. The structure includes a **departure**, **consequence**, and **return**. It emphasizes **consequences of actions** and **repentance**. This is similar to **Story 1**, where Morris leaves his cell, follows a rule, and faces consequences.

2. **The Tortoise and the Hare (Aesop’s Fables):**  
   This fable has a **clear moral** about **patience and diligence**. The structure includes a **challenge**, **action**, and **outcome**. While not directly analogous, it shows how **following advice or rules** can lead to better outcomes, which is a theme in **Story 1** and **Story A**.

3. **The Boy Who Cried Wolf (Aesop’s Fables):**  
   This story involves **disobedience**, **consequences**, and **regret**. The structure is similar to **Story 1** and **Story A**, where a character follows a rule or advice, faces a consequence, and regrets it. It emphasizes **listening to others** and **consequences of actions**.

---

### **Analysis of Story 1:**

- **Structure:**  
  - **Problem:** Morris plays harmonica at night, disturbing his cellmate.  
  - **Advice:** Cellmate tells him to play during the day.  
  - **Action:** Morris follows the advice and plays during the day.  
  - **Consequence:** He is caught by the police.  
  - **Moral:** Following advice can lead to unintended consequences.

- **Theme:**  
  - **Obedience vs. Disobedience**  
  - **Consequences of following rules**  
  - **Regret after acting on advice**

---

### **Analysis of Story A:**

- **Structure:**  
  - **Problem:** Jenny plays with her dog in the neighbor’s yard.  
  - **Advice:** Neighbor tells her to play in her own yard.  
  - **Action:** Jenny follows the advice and plays in her own yard.  
  - **Consequence:** She is caught by her mother.  
  - **Moral:** Following advice can lead to unintended consequences.

- **Theme:**  
  - **Obedience vs. Disobedience**  
  - **Consequences of following rules**  
  - **Regret after acting on advice**

---

### **Analysis of Story B:**

- **Structure:**  
  - **Problem:** Jenny wants to play with her dog in the neighbor’s yard.  
  - **Advice:** Neighbor tells her to play in her own yard.  
  - **Action:** Jenny **refuses** to listen.  
  - **Consequence:** She is caught by her mother.  
  - **Moral:** Disobedience can lead to consequences.

- **Theme:**  
  - **Disobedience vs. Obedience**  
  - **Consequences of ignoring advice**  
  - **Regret after acting on personal desires**

---

### **Comparison:**

- **Story 1** and **Story A** both involve a **character following advice**, which leads to **unintended consequences**.  
- **Story B** involves a **character ignoring advice**, which also leads to **unintended consequences**.  
- **Story 1** and **Story A** are **structurally and thematically more similar** to each other and to **Story 1**, as they both involve **following advice** and **facing consequences**.  
- **Story B** is more about **disobedience** and **personal choice**, which is **less analogous** to **Story 1**, where the character **follows advice** and **faces consequences**.

---

### **Conclusion:**

**Story A** is the **better analogy** to **Story 1**, as both involve a character **following advice**, **acting on it**, and **facing negative consequences**. **Story B**, while also involving a consequence, focuses on **disobedience** rather than **obedience**, making it a **less direct analogy**.

### ✅ **Final Answer: Story A** is a better analogy to Story 1.
------------ Task 13 ------------
Prompt for task Task 13:
Consider the following story:

Story 1: King Otto was a warmonger who was obsessed with conquest and riches. One year he decided to rebuild all the bridges of the kingdom to make them strong enough for all his armies. Otto’s counselor, the chamberlain, complained that he was spending too much money on the. bridges and not enough on actual military campaigns. Because of all the construction too many of the bridges were out of commission being worked on. Otto decided that the chamberlain was right and he abandoned the bridge project to mount a full-scale invasion of a neighboring country. Then one day when King Otto was traveling through his kingdom his carriage crashed through an unfinished bridge. He was severely injured but the mishap made it clear to him that he needed to balance his military and domestic expenditures. Also, he ordered the chamberlain to get him a new crown because the old one had gotten smashed in the crash.

Now consider two more stories:

Story A: Cornelius was an astronomer who thought about nothing but astronomy. He was obsessed with stars and galaxies. Gradually he was turning his home into an observatory. But before he was finished his wife Agatha complained that he was spending too much time renovating the house and not enough on his job which was astronomy. As a result, the house was no longer livable. Cornelius decided that Agatha was right and he went back to thinking about nothing but astronomy. Then, one evening when Cornelius was walking through his house, an unfinished floor collapsed under his weight. Cornelius was severely injured but the accident showed him that he should try to balance his time between astronomy and maintaining his home.

Story B: Cornelius was an astronomer who thought about nothing but astronomy. He was obsessed with stars and galaxies. His wife Agatha complained that he was spending too much time on astronomy and not enough on maintaining his own house. As a result, the roof was gradually leaking more and more and the house was becoming almost unlivable. But Cornelius would not listen. Then, one evening when Cornelius was walking through his house, a rotten floor collapsed under his weight. Cornelius was severely injured but the accident showed him that Agatha had been right all along. He decided to try to balance his time between astronomy and maintaining his home.

Which of Story A and Story B is a better analogy to Story 1? Is the best answer Story A, Story B, or both are equally analogous?

Before answering, recall 3 relevant examples, then provide your answer.

Full Qwen output (31.48 seconds): To determine which of **Story A** or **Story B** is a better analogy to **Story 1**, we need to compare the **structure, themes, and outcomes** of the stories. Let's first recall **three relevant examples** from real life or literature that illustrate the theme of **balancing priorities** and **consequences of neglecting responsibilities**.

---

### **Relevant Examples:**

1. **The Parable of the Talents (Matthew 25:14–30)**  
   In this biblical story, a master entrusts his servants with talents (a form of money). One servant invests and gains more, while another buries his talent out of fear. The master praises the first and punishes the second, emphasizing the importance of using one's resources wisely. This reflects the idea of **balancing responsibility and action**.

2. **The Tale of the Prodigal Son (Luke 15:11–32)**  
   This story tells of a son who squanders his inheritance and returns home in disgrace. His father forgives him, but the story highlights the **consequences of neglecting one's responsibilities** and the eventual **realization of the need for balance**.

3. **The Story of the Three Little Pigs**  
   In this fable, the first two pigs build their houses with poor materials, leading to their downfall. The third pig builds a strong house, and when the wolf comes, he is unable to destroy it. This illustrates the **importance of balancing short-term and long-term planning** and the **consequences of neglecting preparation**.

---

### **Analysis of Story 1:**

- **King Otto** is a **warmonger** who prioritizes **military conquest** over **domestic infrastructure**.
- He **neglects the maintenance of bridges**, leading to **disruption of his military plans**.
- A **crash** forces him to **realize the need for balance** between **military and domestic priorities**.
- The **crash also results in personal injury**, which serves as a **concrete consequence** of his neglect.

---

### **Comparison with Story A and Story B:**

#### **Story A:**
- **Cornelius** is an **astronomer** who neglects **home maintenance** in favor of **astronomy**.
- His wife **Agatha** points out the imbalance.
- The **unfinished floor collapses**, causing **injury**.
- The accident leads to **realization of the need for balance**.

#### **Story B:**
- **Cornelius** is an **astronomer** who neglects **home maintenance** in favor of **astronomy**.
- His wife **Agatha** points out the imbalance.
- The **roof leaks**, and the **floor collapses**, causing **injury**.
- The accident leads to **realization of the need for balance**.

---

### **Key Differences Between A and B:**

- **Story A** emphasizes **unfinished construction** (floor collapse) and **immediate injury**.
- **Story B** emphasizes **gradual neglect** (leaking roof) and **eventual collapse**.
- **Story 1** includes **both** a **gradual neglect** (bridges out of commission) and a **sudden accident** (carriage crash).

---

### **Conclusion:**

**Story B** is a **better analogy** to **Story 1** because:

- It includes **gradual neglect** (leaking roof), similar to the **gradual neglect of bridges** in Story 1.
- It includes **consequences of neglect** (injury from a collapsed floor), similar to the **carriage crash** in Story 1.
- It includes a **realization of the need for balance**, just like Story 1.

**Story A**, while similar in theme, focuses more on **immediate construction failure** rather than **gradual neglect**, which is a key element in Story 1.

---

### ✅ **Final Answer: Story B is a better analogy to Story 1.**
------------ Task 14 ------------
Prompt for task Task 14:
Consider the following story:

Story 1: Frederick the shepherd was tending his flock at the edge of a forest.  Suddenly, a lion appeared out of the forest.  Frederick was really scared so he started shouting to scare the lion away.  But the shouting did nothing but attract the lion’s attention and it began walking towards him.  He then realized he should have left it alone. To escape, Frederick gave the lion a lamb.  While the lion was occupied, he led the rest of the flock away.  Eventually, he guessed they were far enough away to be safe from the lion.  So he took a nap on the grass. However, when he awoke he noticed another lamb was missing and he could not find it anywhere!  At the next opportunity, Frederick bought a blunderbuss so he could better defend his flock in the future.

Now consider two more stories:

Story A: Zebediah, the old miser, was sitting on his back porch counting his money.  Suddenly, a beggar came out of the forsythia bushes.  Zebediah was very frightened so he started yelling for the beggar to go away.   The yelling only caught the beggar’s attention and he began walking towards the old man.  The miser wished he had left the beggar alone. To escape, Zebediah threw a bag of coins to the beggar.  While the beggar was occupied, Zebediah took the last few bags of money into the house and locked the door.  Zebediah figured that he was safe inside and he dozed off in an easy chair.  When he awoke he was surprised to discover another bag of coins was missing.  He could not find it anywhere!

Story B: Zebediah, the old miser, was sitting on his back porch counting his money and he dozed off.  When he awoke he discovered that one bag of coins was missing.  He could not find the bag anywhere.  Zebediah figured that the thief was still nearby so he started yelling for whoever took the money to show his face. Suddenly, a beggar came out of the forsythia bushes and started walking towards the old man on the porch.  Zebediah was surprised and very frightened.  He wished he had left the beggar alone.  To escape, he threw a second bag of coins to the beggar.  While the beggar was occupied, Zebediah took the last few bags of money into the house and locked the door!

Which of Story A and Story B is a better analogy to Story 1? Is the best answer Story A, Story B, or both are equally analogous?

Before answering, recall 3 relevant examples, then provide your answer.

Full Qwen output (31.68 seconds): To determine which of **Story A** or **Story B** is a better analogy to **Story 1**, we need to compare the **structure, sequence of events, and the moral or lesson** in each story. Let's first recall **three relevant examples** of analogies and then analyze the stories accordingly.

---

### **Relevant Examples of Analogies**

1. **"The Tortoise and the Hare" by Aesop**  
   - **Structure**: A race between a fast hare and a slow tortoise.  
   - **Lesson**: Slow and steady wins the race.  
   - **Analogy**: The story is used to illustrate the value of perseverance over overconfidence.

2. **"The Boy Who Cried Wolf" by Aesop**  
   - **Structure**: A shepherd boy repeatedly lies about a wolf attack, and when a real wolf comes, no one believes him.  
   - **Lesson**: Dishonesty leads to loss of trust.  
   - **Analogy**: The story is used to show the consequences of lying and the importance of honesty.

3. **"The Lion and the Mouse" by Aesop**  
   - **Structure**: A lion is caught in a trap and a mouse helps him escape. Later, the lion is caught again and the mouse saves him.  
   - **Lesson**: Even the smallest creatures can help the largest.  
   - **Analogy**: The story is used to illustrate the value of kindness and the unexpected help from small beings.

---

### **Analysis of Story 1**

**Story 1**:  
- **Structure**: A shepherd (Frederick) is attacked by a lion. He tries to scare it away by shouting, which only draws the lion closer. He gives the lion a lamb to distract it, escapes with the rest of the flock, and later finds a lamb missing. He then buys a blunderbuss for protection.  
- **Lesson**: Sometimes, giving in to a threat (even if it seems dangerous) can be a way to escape, but it also leads to new problems.  
- **Analogy**: This story is about **problem-solving through compromise**, **consequences of actions**, and **preparation for future threats**.

---

### **Analysis of Story A**

**Story A**:  
- **Structure**: Zebediah, an old miser, is attacked by a beggar. He tries to scare the beggar away by yelling, which only draws the beggar closer. He gives the beggar a bag of coins to distract him, escapes with the rest of his money, and later finds another bag missing. He then buys a blunderbuss for protection.  
- **Lesson**: Similar to Story 1, this story shows **problem-solving through compromise**, **consequences of actions**, and **preparation for future threats**.  
- **Analogy**: This story mirrors Story 1 in **structure, sequence, and lesson**.

---

### **Analysis of Story B**

**Story B**:  
- **Structure**: Zebediah is already missing a bag of coins when a beggar appears. He tries to scare the beggar away by yelling, which only draws the beggar closer. He gives the beggar a second bag of coins to distract him, escapes with the rest of his money, and locks the door.  
- **Lesson**: This story is similar to Story 1, but the **sequence of events is different**. In Story 1, the threat (lion) appears first, while in Story B, the threat (theft) is already in progress.  
- **Analogy**: While the **lesson** is similar, the **structure and sequence** differ, making it **less analogous** to Story 1.

---

### **Conclusion**

- **Story A** closely mirrors **Story 1** in **structure, sequence, and lesson**.
- **Story B** shares the **lesson** but differs in **sequence**, making it **less analogous**.
- Therefore, **Story A is a better analogy to Story 1**.

---

### ✅ **Final Answer: Story A** is a better analogy to Story 1.
------------ Task 15 ------------
Prompt for task Task 15:
Consider the following story:

Story 1: Mark the chicken farmer was standing in the henhouse collecting eggs while his chickens were out in the yard. When his chickens returned, they all began to attack him, for some unknown reason. “You ungrateful beasts!” Mark screamed. The chickens chased him out of the henhouse and into the woods. While they were gone, a thief slipped into the yard and made off with the unguarded eggs. After he got out of the hospital, Mark quit chicken farming and went on a vacation in Africa.

Now consider two more stories:

Story A: Linda, the director of a girl scout camp, was thinking about the camp on the beach while all the girls were hiking in the hills nearby. While she was standing there the girl scouts returned and they all started pestering her with questions about what was for dinner, could they go swimming, and so on. “Why do you pester me when I am racking my brain to figure out what we’re going to do?” Linda screamed as she ran off the beach and down the road. “Show a little appreciation!” The scouts followed her, still yelling. A short time later, a tidal wave hit the beach and washed away all the sleeping bags.

Story B: A tidal wave hit a girl scout camp on the beach while everyone was away and washed away all of the sleeping bags. A short time later, Linda, the camp director, came back and discovered the tragedy. She stood on the beach thinking about what to do. While she was thinking, the girl scouts returned from hiking in the hills. Since they could not find their sleeping bags they attacked their director. What’ll we do now? Where will we sleep?...they said. “Why do you pester me when I am racking my brain to figure out what we are going to do?” the camp director screamed as she ran down the road. “Show a little appreciation!”

Which of Story A and Story B is a better analogy to Story 1? Is the best answer Story A, Story B, or both are equally analogous?

Before answering, recall 3 relevant examples, then provide your answer.

Full Qwen output (42.38 seconds): To determine which of **Story A** or **Story B** is a better analogy to **Story 1**, we need to compare the **structure, cause-effect relationships, and the sequence of events** in each story. Let's first recall **three relevant examples** from the field of **analogical reasoning** and **narrative structure** that will help us analyze this comparison.

---

### **Relevant Examples from Analogical Reasoning**

1. **The "Causal Chain" in Narrative Structure**  
   In effective analogies, the **cause-effect relationships** must align. A good analogy should mirror the **sequence of events** and the **reasoning behind them**. For example, in a story where a character is wronged and then a third party benefits, the analogy should reflect that same pattern.

2. **The "Unintended Consequence" Pattern**  
   In many stories, an **unintended consequence** leads to a **chain of events**. For instance, a character's action leads to a problem, and then a third party benefits or suffers as a result. This pattern is often used in analogies to show how **actions have ripple effects**.

3. **The "Misunderstanding and Escalation" Pattern**  
   In some stories, a **misunderstanding** leads to **escalation** of conflict. For example, a character is misunderstood, reacts strongly, and this leads to further complications. This pattern is useful in analogies where **emotional reactions** drive the narrative.

---

### **Analysis of Story 1**

**Story 1** follows this structure:

- **Mark** is a chicken farmer who is **unaware** of a **threat** (a thief).
- He is **attacked** by his **chickens** (which is **unrelated** to the real threat).
- While he is **chased away**, the **real threat** (a thief) takes advantage of the **unattended eggs**.
- After being **injured**, Mark **quits** and **leaves**.

This story has a **misunderstanding** (chickens attack him), a **real threat** (thief), and a **chain of events** where the **real threat benefits** from the **misunderstanding**.

---

### **Analysis of Story A**

**Story A**:

- **Linda** is thinking about the camp while the **girls are away**.
- The **girls return** and **pesters** her with questions.
- She **reacts angrily**, and the **girls follow her**.
- A **tidal wave** hits, **destroying** the **sleeping bags**.

In this story, the **girls' questions** are **unrelated** to the **real threat** (tidal wave). The **real threat** occurs **after** the **girls' actions**, and the **girls are not involved** in the **destruction**. The **girls are not the cause** of the **loss**.

This is **not** a good analogy to Story 1, because the **real threat** (tidal wave) is **not connected** to the **girls' actions**, and the **girls are not the ones who benefit** from the **misunderstanding**.

---

### **Analysis of Story B**

**Story B**:

- A **tidal wave** hits the **camp** while the **girls are away**.
- The **girls return** and **attack** the **director** (Linda) for **not having a plan**.
- Linda **reacts angrily**, and the **girls follow her**.

In this story, the **real threat** (tidal wave) **happens first**, and the **girls' attack** is a **reaction** to the **loss**. The **girls are not the cause** of the **loss**, but they **react to it**. However, the **girls are not the ones who benefit** from the **misunderstanding**.

This is **also not a perfect analogy** to Story 1, because the **real threat** (tidal wave) is **not the result of the girls' actions**, and the **girls are not the ones who benefit** from the **misunderstanding**.

---

### **Conclusion**

- **Story 1** has a **misunderstanding** (chickens attack), a **real threat** (thief), and the **real threat benefits** from the **misunderstanding**.
- **Story A** has a **misunderstanding** (girls pester Linda), but the **real threat** (tidal wave) is **unrelated** and **not connected** to the **girls' actions**.
- **Story B** has a **real threat** (tidal wave), and the **girls react** to it, but the **girls are not the cause** of the **loss** or the **benefit**.

### ✅ **Answer: Neither Story A nor Story B is a better analogy to Story 1.**

Both stories **fail to mirror the key elements** of Story 1: the **misunderstanding**, the **real threat**, and the **benefit to a third party** due to the **misunderstanding**. Therefore, **neither is a better analogy** than the other, and **both are equally analogous** in the sense that they **fail to match the structure** of Story 1.
------------ Task 16 ------------
Prompt for task Task 16:
Consider the following story:

Story 1: Two pioneers, Smith and Johnson, discovered a gorgeous little valley that was as yet unclaimed in Oregon Territory.  Each of them wanted the land for himself, so soon they were fighting over who saw it first. While they were fighting over it, Sheriff Jones came along and divided the land evenly between them.  In the end, Smith and Johnson realized that they should have done that on their own.  From that day forward they were the best of friends, and they helped build each others’ houses.

Now consider two more stories:

Story A: Betty and Norma were walking towards each other, when they simultaneously discovered a twenty dollar bill on the floor.  Both of them wanted the money so soon they were arguing desperately over who saw it first. While they were busy arguing, their teacher Mrs. Lee, came along, took the money and divided it between them.  Then Betty and Norma realized that they should have done that themselves.

Story B: Betty and Norma were walking towards each other when they simultaneously discovered a twenty dollar bill on the floor.  Both of them wanted the money so soon they were arguing desperately over who saw it first. While they were busy arguing over the money, Lee came along and took it herself.  By the time Betty and Norma realized they should just divide it up, it was too late.

Which of Story A and Story B is a better analogy to Story 1? Is the best answer Story A, Story B, or both are equally analogous?

Before answering, recall 3 relevant examples, then provide your answer.

Full Qwen output (23.78 seconds): To determine which of **Story A** or **Story B** is a better analogy to **Story 1**, we need to compare the **structure, outcome, and moral** of each story. Let's first recall **three relevant examples** that help clarify the concept of **analogous situations** and **moral lessons**.

---

### **Relevant Examples:**

1. **The Parable of the Two Brothers (Bible)**  
   Two brothers find a treasure and argue over ownership. A wise man intervenes and divides the treasure, teaching them the value of cooperation and fairness. This is similar to Story 1, where a neutral third party (the sheriff) intervenes and resolves a conflict.

2. **The Fair Division Problem in Game Theory**  
   In economics and mathematics, the "fair division" problem involves dividing resources among individuals in a way that is perceived as fair. This concept is central to both Story 1 and Story A, where a third party ensures a fair split.

3. **The Story of the Two Sisters and the Apple (Folklore)**  
   Two sisters find an apple and argue over who found it first. A third party (often a parent or a wise figure) intervenes and splits the apple, teaching the lesson of sharing and cooperation. This is similar to the moral in Story 1 and Story A.

---

### **Comparison of Stories:**

#### **Story 1:**
- **Conflict:** Smith and Johnson argue over who saw the land first.
- **Intervention:** Sheriff Jones divides the land.
- **Outcome:** They realize they should have divided it themselves and become friends.
- **Moral:** Cooperation and fairness lead to better outcomes.

#### **Story A:**
- **Conflict:** Betty and Norma argue over who found the money first.
- **Intervention:** Mrs. Lee divides the money.
- **Outcome:** They realize they should have done it themselves.
- **Moral:** Cooperation and fairness lead to better outcomes.

#### **Story B:**
- **Conflict:** Betty and Norma argue over who found the money first.
- **Intervention:** Lee takes the money and keeps it.
- **Outcome:** They realize too late that they should have divided it.
- **Moral:** Greed and selfishness lead to loss and regret.

---

### **Analysis:**

- **Story A** mirrors **Story 1** in both **structure** and **moral**. In both, a **neutral third party** intervenes to **resolve a conflict** and **teaches the lesson of cooperation**.
- **Story B**, on the other hand, diverges significantly. Instead of a fair resolution, the third party **takes the money for herself**, and the lesson is **not about cooperation**, but about **regret and missed opportunity**.

---

### **Conclusion:**

**Story A** is the better analogy to **Story 1**, as both share the same **structure**, **intervention by a neutral third party**, and **moral lesson about cooperation and fairness**.

**Answer: Story A** is the better analogy to Story 1.
------------ Task 17 ------------
Prompt for task Task 17:
Consider the following story:

Story 1: Once there was a teacher named Mrs. Jackson who wanted a salary increase. One day, the principal said that he was increasing his own salary by 20 percent. However, he said, there was not enough money to give the teachers a salary increase. When Mrs. Jackson heard this she became so angry that she decided to take revenge. The next day, Mrs. Jackson used gasoline to set fire to the principal’s office. Then she went to a bar and got drunk.

Now consider two more stories:

Story A: McGhee was a sailor who wanted a few days of vacation on land. One day, the captain announced that he would be taking a vacation in the mountains. However, he said, everyone else would have to remain on the ship. After McGhee heard this he became so upset that he decided to get revenge. Within an hour McGhee blew up the captain’s cabin with dynamite.

Story B: McGhee was a sailor who wanted a few days of vacation on land. One day McGhee became so impatient that he tried to blow up the captain’s cabin using dynamite. After this incident, the captain announced that he would be taking a vacation in the mountains. However, he said, everyone else would have to remain on board to repair the ship.

Which of Story A and Story B is a better analogy to Story 1? Is the best answer Story A, Story B, or both are equally analogous?

Before answering, recall 3 relevant examples, then provide your answer.

Full Qwen output (34.20 seconds): To determine which of **Story A** or **Story B** is a better analogy to **Story 1**, we need to compare the **structure, cause-effect relationships, and the sequence of events** in each story. Let's first recall **three relevant examples** from legal or psychological reasoning that help us understand analogical reasoning and cause-effect relationships.

---

### **Relevant Examples:**

1. **The "But-for" Test in Legal Reasoning**  
   In legal cases, the "but-for" test is used to determine whether one event caused another. If the effect would not have occurred "but for" the cause, then the cause is deemed to be the actual cause. This helps in identifying the **causal relationship** between events.

2. **The "Causal Chain" in Psychological Studies**  
   In psychology, a causal chain refers to a sequence of events where one event leads to another, and so on. This helps in understanding **how actions and reactions are connected** in a narrative.

3. **The "Narrative Structure" in Legal Analogies**  
   In legal reasoning, analogies are often based on **narrative structure**—how events are ordered, who is the actor, and what the consequences are. This helps in determining whether two stories are analogous in terms of **intent, action, and outcome**.

---

### **Analysis of Story 1:**

- **Actor:** Mrs. Jackson (teacher)
- **Trigger:** Principal announces his own salary increase, but denies teachers a raise
- **Emotion:** Anger
- **Action:** Sets fire to the principal’s office
- **Consequence:** Gets drunk

**Key Point:** The **principal’s announcement** (not giving a raise) **triggers** Mrs. Jackson’s **anger**, which leads to **revenge** (setting fire to the office), followed by **self-destructive behavior** (getting drunk).

---

### **Analysis of Story A:**

- **Actor:** McGhee (sailor)
- **Trigger:** Captain announces he will take a vacation, but others must stay
- **Emotion:** Upset
- **Action:** Blows up the captain’s cabin
- **Consequence:** No further consequences mentioned

**Key Point:** The **captain’s announcement** (taking a vacation) **triggers** McGhee’s **upset**, which leads to **revenge** (blowing up the cabin). There is no **self-destructive behavior** after the action.

---

### **Analysis of Story B:**

- **Actor:** McGhee (sailor)
- **Trigger:** McGhee becomes impatient (no clear trigger)
- **Action:** Blows up the captain’s cabin
- **Consequence:** Captain announces he will take a vacation, but others must stay

**Key Point:** The **action** (blowing up the cabin) **triggers** the **captain’s announcement**. The **cause-effect relationship** is **reversed** compared to Story 1. In Story 1, the **announcement** leads to the **action**. In Story B, the **action** leads to the **announcement**.

---

### **Comparison:**

| Aspect | Story 1 | Story A | Story B |
|--------|---------|---------|---------|
| **Trigger** | Principal’s announcement | Captain’s announcement | McGhee’s impatience |
| **Action** | Mrs. Jackson sets fire | McGhee blows up cabin | McGhee blows up cabin |
| **Cause-Effect** | Announcement → Anger → Action | Announcement → Upset → Action | Action → Announcement |
| **Consequence** | Gets drunk | No consequence | No consequence |
| **Narrative Flow** | Linear (trigger → action → consequence) | Linear (trigger → action) | Reversed (action → trigger) |

---

### **Conclusion:**

**Story A** is the **better analogy** to **Story 1** because:

- Both stories follow a **linear cause-effect structure**: an **announcement** (or perceived injustice) leads to **emotional reaction** (anger or upset), which leads to **revengeful action**.
- In both stories, the **action is a direct response** to a **trigger**.
- In **Story B**, the **cause-effect relationship is reversed**, making it **less analogous** to Story 1.

---

### ✅ **Final Answer: Story A is a better analogy to Story 1.**
------------ Task 18 ------------
Prompt for task Task 18:
Consider the following story:

Story 1: A cobra called Pierre was slithering through the brush when a falcon came towards it.  Pierre became frightened and struck, wounding the falcon in the abdomen.  To teach him a lesson, the falcon grabbed the cobra and flew away with it. Unfortunately for both of them, after they were high above the earth the wounded falcon became too weak to fly.  Consequently, they plummeted straight down to the earth and perished.  They landed, strangely enough, in the middle of an outdoor wedding ceremony.

Now consider two more stories:

Story A: Young Gene was walking home from school when a policeman approached him.  Suddenly Gene panicked and hit the policeman in the side of the head.  The policeman wanted to set the boy straight.  He grabbed Gene and drove away with him. Unfortunately, once they were on the road the policeman became too dizzy to drive. Consequently, they ran off the road and died when they hit a wall.

Story B: Young Gene was walking home from school when he met a policeman.  Suddenly, the policeman grabbed him and drove away with him. Once they got onto the freeway, Gene panicked and hit the policeman in the side of the head.  Unfortunately, the policeman became too dizzy to drive.  Consequently, they ran off the road and died when they hit a wall.

Which of Story A and Story B is a better analogy to Story 1? Is the best answer Story A, Story B, or both are equally analogous?

Before answering, recall 3 relevant examples, then provide your answer.

Full Qwen output (32.55 seconds): To determine which of **Story A** or **Story B** is a better analogy to **Story 1**, we need to compare the **sequence of events**, **causal relationships**, and **causal order** in each story. Let's first recall **three relevant examples** from philosophy or logic that help us understand analogies and causal reasoning.

---

### **Relevant Examples:**

1. **The Parable of the Two Brothers (Aesop's Fables):**  
   In this fable, two brothers are traveling together. One is kind and the other is cruel. The kind brother is rewarded, and the cruel one is punished. This story emphasizes **moral causality** and **consequences of actions**. It shows that **actions lead to outcomes**, and **the order of events matters** in determining the moral of the story.

2. **The Ship of Theseus (Philosophy of Identity):**  
   This thought experiment explores the idea of identity and change. If all the parts of a ship are gradually replaced, is it still the same ship? This example highlights the **importance of sequence and continuity** in understanding cause and effect. It also shows that **the order of events can change the meaning** of a story or situation.

3. **The Causal Chain in Scientific Experiments:**  
   In scientific reasoning, a **causal chain** is a sequence of events where one event leads to another. For example, if you drop a ball, it falls due to gravity. The **order of events** is crucial in establishing **causal relationships**. If the order is reversed, the cause and effect are no longer clear.

---

### **Analysis of Story 1:**

- **Cobra (Pierre)** attacks the **falcon**.
- The **falcon** retaliates by **grabbing the cobra** and **flying away**.
- The **falcon becomes too weak** to fly.
- They **plummet to the earth** and **die**.
- They land in the **middle of a wedding**.

**Key point:** The **falcon is the aggressor** (initiates the action), and the **cobra is the victim** (reacts to the threat). The **sequence of events** is:  
**Cobra attacks → Falcon retaliates → Falcon becomes weak → Both die.**

---

### **Analysis of Story A:**

- **Gene** panics and **hits the policeman**.
- The **policeman** retaliates by **grabbing Gene** and **driving away**.
- The **policeman becomes too dizzy** to drive.
- They **run off the road** and **die**.

**Key point:** The **policeman is the aggressor**, and **Gene is the victim**. The **sequence of events** is:  
**Gene attacks → Policeman retaliates → Policeman becomes weak → Both die.**

This is **structurally identical** to Story 1. The **cause and effect** are in the **same order**, and the **roles of aggressor and victim are consistent**.

---

### **Analysis of Story B:**

- **Gene** meets the **policeman**.
- The **policeman grabs Gene** and **drives away**.
- **Gene panics** and **hits the policeman**.
- The **policeman becomes too dizzy** to drive.
- They **run off the road** and **die**.

**Key point:** The **policeman is the aggressor**, and **Gene is the victim**, but the **sequence of events is reversed**. The **policeman initiates the action**, and **Gene retaliates**. This is **not the same as Story 1**, where the **victim initiates the action**.

---

### **Conclusion:**

- **Story A** mirrors **Story 1** in both **sequence of events** and **causal order**.
- **Story B** reverses the **causal order**, making it **less analogous** to Story 1.
- Therefore, **Story A is a better analogy** to Story 1.

---

### ✅ **Final Answer: Story A is a better analogy to Story 1.**
Total time for full run: 620.33 seconds.
