============================================================================================== 
Warning! Mixing Conda and module environments may lead to corruption of the
user environment. 
We do not recommend users mixing those two environments unless absolutely
necessary. Note that 
SURF does not provide any support for Conda environment.
For more information, please refer to our software policy page:
https://servicedesk.surf.nl/wiki/display/WIKI/Software+policy+Snellius#SoftwarepolicySnellius-UseofAnacondaandMinicondaenvironmentsonSnellius 

Remember that many packages have already been installed on the system and can
be loaded using 
the 'module load <package__name>' command. If you are uncertain if a package is
already available 
on the system, please use 'module avail' or 'module spider' to search for it.
============================================================================================== 
Loading model Qwen/Qwen3-8B...
GPU memory available: 39.49 GB
`torch_dtype` is deprecated! Use `dtype` instead!
Flash Attention 2 not available (FlashAttention2 has been toggled on, but it cannot be used due to the following error: the package flash_attn seems to be not installed. Please refer to the documentation of https://huggingface.co/docs/transformers/perf_infer_gpu_one#flashattention-2 to install Flash Attention 2.), using default attention
Loading checkpoint shards:   0%|          | 0/5 [00:00<?, ?it/s]Loading checkpoint shards:  20%|██        | 1/5 [00:04<00:17,  4.39s/it]Loading checkpoint shards:  40%|████      | 2/5 [00:08<00:13,  4.40s/it]Loading checkpoint shards:  60%|██████    | 3/5 [00:13<00:08,  4.38s/it]Loading checkpoint shards:  80%|████████  | 4/5 [00:16<00:04,  4.03s/it]Loading checkpoint shards: 100%|██████████| 5/5 [00:17<00:00,  3.06s/it]Loading checkpoint shards: 100%|██████████| 5/5 [00:17<00:00,  3.60s/it]
Model loaded with default attention
Model device: cuda:0
GPU memory allocated: 15.26 GB, reserved: 15.28 GB
Model loaded. Loading tokenizer...
Model Qwen/Qwen3-8B and tokenizer loaded.
Generating responses with model Qwen/Qwen3-8B...
------------ Task 1 ------------
Prompt for task Task 1:
Consider the following story:

Story 1: William was a patient in a psychiatric hospital who was confined indoors almost all the time. He could never pass the monthly room inspections so he hated them. He spent most of his time daydreaming about food. A few days before the April inspection William’s room was still a mess since he had done nothing but daydream. To provide William with an incentive, the nurse promised him some gingerbread from the cookie shop if he scrubbed his room and put it in order once and for all. William was overjoyed. But there was no longer enough time for him to put it in order. As a result, he did not pass the inspection and did not get any gingerbread. William sulked all day and slammed his door so hard the plaster cracked, but he still didn’t get any gingerbread.

Now consider two more stories:

Story A: Karen disliked high school so she always had trouble getting passing grades in her classes. Vacations were her favorite part of the school year. Not long before the end of her fourth year of school, Karen was not doing well at all because she despised school. To motivate her, Karen’s father promised her a trip to Hawaii if she would just pass enough of her classes to graduate. This made Karen extremely happy. During the last few weeks of school she spent most of her time dreaming about Hawaii and preparing for her trip there. Consequently, she failed to graduate and she did not get to go.

Story B: Karen loved vacations and especially wanted to go to Hawaii.  But she wasn’t a good student, disliked school, and was failing because she was distracted with constant thoughts about traveling to Hawaii.  Karen’s father made her feel better by telling her that he would pay for a trip to Hawaii if she got better grades before she graduated from high school in a few weeks.  But she didn’t have enough time to bring up her grades before graduation, so didn’t get the opportunity to go to Hawaii.

Which of Story A and Story B is a better analogy to Story 1? Is the best answer Story A, Story B, or both are equally analogous?

Before answering, recall 3 relevant examples, then provide your answer.

The following generation flags are not valid and may be ignored: ['temperature', 'top_k']. Set `TRANSFORMERS_VERBOSITY=info` for more details.
Full Qwen output (42.07 seconds): To determine which of **Story A** or **Story B** is a better analogy to **Story 1**, we need to compare the **structure, motivation, and outcome** of each story. Let's first recall **three relevant examples** from psychology and behavioral science that are related to **incentive motivation, goal-setting, and the consequences of delayed or unrealistic expectations**.

---

### **Relevant Examples:**

1. **The Overjustification Effect**  
   This theory, developed by Edward Deci, suggests that when external rewards are introduced for an activity that someone already enjoys, the intrinsic motivation for that activity decreases. For example, if a child enjoys drawing, giving them a reward for drawing may reduce their natural interest in the activity.

2. **The Marshmallow Experiment (Walter Mischel)**  
   This famous study showed that children who could delay gratification (waiting for a larger reward) were more successful later in life. It highlights the importance of **self-regulation** and **delayed gratification** in achieving long-term goals.

3. **The Pigeon Experiment (Skinner’s Operant Conditioning)**  
   In this experiment, pigeons were trained to peck a button to receive food. When the food was delayed or the reward was inconsistent, the pigeons’ behavior changed, showing how **timing and consistency** of rewards affect motivation and behavior.

---

### **Analysis of Story 1:**

- **William** is a patient in a psychiatric hospital who is **confined indoors** and **dislikes room inspections**.
- He **daydreams about food** and **fails to clean his room**.
- A **nurse offers a reward (gingerbread)** to motivate him to clean.
- He is **overjoyed** by the reward, but **fails to clean in time**.
- He **fails the inspection**, **does not get the reward**, and **feels defeated**.

**Key elements:**
- **Intrinsic motivation** (daydreaming about food) is present.
- **External reward** (gingerbread) is introduced to motivate action.
- **Time constraint** prevents the desired outcome.
- **Negative outcome** (no reward, frustration) results from **unrealistic expectations** and **lack of time**.

---

### **Analysis of Story A:**

- **Karen** dislikes school and is failing.
- She **dreams about Hawaii** and is **motivated by the promise of a trip**.
- She **prepares for the trip** and **focuses on it**.
- She **fails to graduate** and **does not get the reward**.
- She **feels defeated**.

**Key elements:**
- **Intrinsic motivation** (dislike of school) is present.
- **External reward** (trip to Hawaii) is introduced to motivate academic performance.
- **Time constraint** prevents the desired outcome.
- **Negative outcome** (no reward, frustration) results from **unrealistic expectations** and **lack of time**.

---

### **Analysis of Story B:**

- **Karen** loves vacations and wants to go to Hawaii.
- She **dislikes school** and is **failing** due to **constant thoughts about Hawaii**.
- Her **father offers a reward** (trip to Hawaii) to improve her grades.
- She **fails to improve her grades** and **does not get the reward**.

**Key elements:**
- **Intrinsic motivation** (love of vacation) is present.
- **External reward** (trip to Hawaii) is introduced to motivate academic performance.
- **Time constraint** prevents the desired outcome.
- **Negative outcome** (no reward, frustration) results from **unrealistic expectations** and **lack of time**.

---

### **Comparison:**

- **Story A** and **Story B** are **similar in structure** and **outcome**.
- Both involve a **person who dislikes a task (school)** and is **motivated by a reward (trip to Hawaii)**.
- Both involve **unrealistic expectations** and **lack of time** leading to **failure** and **frustration**.
- However, **Story A** includes a **clear motivational shift** (Karen is motivated by the reward and prepares for it), while **Story B** suggests that Karen is **already distracted** by the reward and **fails to focus on school**.

---

### **Conclusion:**

**Story A** is a **better analogy** to **Story 1** because:

- Both involve a **person who dislikes a task** (room cleaning vs. school).
- Both involve an **external reward** introduced to motivate action.
- Both involve **unrealistic expectations** and **lack of time** leading to **failure** and **frustration**.
- In **Story A**, the **reward is a clear motivator**, and the person **acts on it**, which mirrors **William’s reaction** to the gingerbread reward.

**Story B**, while similar in some ways, lacks the **clear motivational shift** and **action** that is central to **Story 1**.

---

### ✅ **Final Answer: Story A is a better analogy to Story 1.**
------------ Task 2 ------------
Prompt for task Task 2:
Consider the following story:

Story 1: Mr. Newton was the manager of a company that made razors. One year, an inventor in his company perfected a metal that would stay sharper than any previous razor. However, not long after that, Mr. Newton was using one of these new razors and he cut his neck rather severely. As a result of this incident the inventor recommended a safety feature that would protect people from injuring themselves. After what had happened, Mr. Newton considered the safety feature absolutely necessary. The incident had alarmed him so much that he began to produce the safety razor right away. Luckily, his neck did not get infected so everything was alright.

Now consider two more stories:

Story A: Ms. Boyce was in charge of installing sun lamps sold by Smith Tan Company. In 1980, a supplier for the company perfected a filament that could produce more intense heat than any previous filament. Because it was so hot, the supplier recommended a warning label that would protect people from hurting themselves with the new lamp. But Mrs. Boyce considered the labels unnecessary. It would be too much trouble to make them. But later, when she was using one of these new heat lamps herself, she was seriously burned. After this accident she was so frightened that she had the warning labels printed immediately.

Story B: The Smith Tan Company sold sun lamps, with Ms. Boyce leading the firm’s installation of these lamps. One of the firm’s suppliers created a novel filament for these lamps; this filament generated more heat than past and current filaments.  Ms. Boyce got a bad burn when trying out one of these lamps.  She reported this to the firm, and the supplier proposed putting a label on the lamps, warning of the possibility of burns.  Ms. Boyce was convinced by her burn to get the company to quickly go ahead with the labels.

Which of Story A and Story B is a better analogy to Story 1? Is the best answer Story A, Story B, or both are equally analogous?

Before answering, recall 3 relevant examples, then provide your answer.

Full Qwen output (48.04 seconds): To determine which of **Story A** or **Story B** is a better analogy to **Story 1**, we need to compare the **structure, cause, and consequences** of the events in each story. Let's first recall **three relevant examples** from the field of **analogical reasoning and causal reasoning** that will help us evaluate the analogy.

---

### **Relevant Examples from Analogical Reasoning**

1. **The "Lamborghini" Analogy (Causal and Structural Similarity):**  
   In this analogy, a car manufacturer (like Lamborghini) introduces a new model with a powerful engine. A test driver crashes the car, leading to a safety recall. The analogy is used to compare how a new feature (powerful engine) leads to an accident, prompting a safety improvement. This example emphasizes **causal relationships** and **structural similarity** in the sequence of events.

2. **The "Aspirin and Blood Clotting" Analogy (Causal and Functional Similarity):**  
   This analogy compares the discovery of aspirin's effect on blood clotting to a similar discovery in another context. It highlights **causal relationships** and **functional similarity**—how a new feature (aspirin) leads to an unexpected effect (blood thinning), which is then addressed with a solution (a warning or dosage change).

3. **The "Airplane Safety Feature" Analogy (Causal and Behavioral Similarity):**  
   In this analogy, a new airplane model is introduced with a feature that improves performance (e.g., faster speed). However, a pilot experiences a crash due to the feature's side effect (e.g., turbulence). The crash leads to a safety feature (e.g., turbulence sensors). This analogy emphasizes **causal and behavioral similarity**—how a new feature leads to an accident, which then leads to a safety improvement.

---

### **Comparison of Story 1 with Story A and Story B**

Let’s now compare **Story 1** with **Story A** and **Story B** based on the **structure, cause, and consequences** of the events.

---

#### **Story 1 Summary:**
- A **new metal** is developed that makes razors sharper.
- The **inventor** recommends a **safety feature** to prevent injury.
- **Mr. Newton** is **injured** by the razor.
- He becomes **alarmed** and **immediately implements** the safety feature.
- The injury is **not fatal**, and the safety feature is **adopted**.

---

#### **Story A Summary:**
- A **new filament** is developed that produces **more intense heat**.
- The **supplier** recommends a **warning label**.
- **Ms. Boyce** **ignores** the recommendation.
- She is **seriously burned**.
- She becomes **frightened** and **immediately implements** the warning label.

---

#### **Story B Summary:**
- A **new filament** is developed that produces **more intense heat**.
- The **supplier** recommends a **warning label**.
- **Ms. Boyce** is **burned**.
- She **reports** the incident.
- The **supplier** proposes a **label**.
- She is **convinced** and **quickly implements** the label.

---

### **Key Differences Between Story A and Story B**

| Aspect | Story A | Story B |
|--------|---------|---------|
| **Injury** | Ms. Boyce is **seriously burned** | Ms. Boyce is **burned** |
| **Response to Injury** | She is **frightened** and **immediately implements** the label | She **reports** the incident, and the **supplier proposes** the label. She is **convinced** and **quickly implements** the label |
| **Role of the Supplier** | The supplier **recommends** the label, but Ms. Boyce **ignores** it | The supplier **proposes** the label after the incident, and Ms. Boyce **adopts** it |
| **Causal Chain** | Injury → Fear → Implementation | Injury → Reporting → Proposal → Implementation |

---

### **Which is a Better Analogy to Story 1?**

Let’s now compare **Story A** and **Story B** with **Story 1**.

#### **Story 1 vs. Story A:**
- Both involve a **new product feature** (sharper razor, hotter lamp).
- Both involve a **recommendation for a safety feature**.
- Both involve a **personal injury**.
- Both involve a **change in behavior** (implementation of the safety feature).
- However, in **Story A**, the **injury is more severe** (serious burn), and the **response is more immediate** (fear leads to quick action), which is **more similar** to the **severity and urgency** in Story 1.

#### **Story 1 vs. Story B:**
- Both involve a **new product feature**.
- Both involve a **recommendation for a safety feature**.
- Both involve a **personal injury**.
- However, in **Story B**, the **injury is less severe** (just a burn), and the **response is more structured** (reporting, proposal, implementation), which is **less similar** to the **immediate and urgent** response in Story 1.

---

### **Conclusion:**

**Story A** is a **better analogy** to **Story 1** because it mirrors the **sequence of events** more closely:
- A **new feature** is introduced.
- A **safety recommendation** is made.
- A **personal injury** occurs.
- The **injured person** becomes **alarmed** and **immediately implements** the safety feature.

While **Story B** is also somewhat analogous, it lacks the **urgency and emotional response** that is central to **Story 1**.

---

### ✅ **Final Answer: Story A is a better analogy to Story 1.**
------------ Task 3 ------------
Prompt for task Task 3:
Consider the following story:

Story 1: Joseph was a millionaire who hired a chauffeur to drive his Rolls-Royce. He used to brag to his wife that he would never be late for his conferences since he had hired a chauffeur. One morning when he was in a great hurry, he went to find the chauffeur. But he was asleep. He thought his services would not be needed that day. Thus Joseph was very late for his conference after all. To make sure this would not happen again, Joseph hired a second chauffeur. This turned out to be very expensive because the second chauffeur wanted a fancy uniform as well as a high salary.

Now consider two more stories:

Story A: A man called Alexander and his wife lived in a big house. Alexander’s friend often heard Alexander vaunt the fact that his wife cooked amazing food that he loved to eat. One day the wife expected her husband would be away, so she cooked a small amount of food for the baby and herself.  When Alexander came home there was no food left.  Disappointed and wanting to make sure to avoid hunger, Alexander got married to another woman in addition to his original wife.

Story B: Many years ago there was a man named Alexander who had two wives living in two houses: He liked to boast to a friend that with his two wives he would always eat well. One day when he was very hungry, Alexander went to his first wife. But she had only prepared enough for herself and their baby. She thought Alexander would eat with his other wife that day. Alexander then went to his second wife, but found she had already finished. She saw him go to the other house so she thought he was eating there. Thus Alexander went without any dinner at all.

Which of Story A and Story B is a better analogy to Story 1? Is the best answer Story A, Story B, or both are equally analogous?

Before answering, recall 3 relevant examples, then provide your answer.

Full Qwen output (35.01 seconds): To determine which of **Story A** or **Story B** is a better analogy to **Story 1**, we need to compare the **structure, cause, and consequence** of the events in each story. Let's first recall **three relevant examples** of analogies and then analyze the stories accordingly.

---

### **Relevant Examples of Analogies**

1. **The Parable of the Talents (Matthew 25:14–30)**  
   - **Structure**: A man gives his servants money (talents) to invest. One invests and gains more, while another buries his and returns the same.  
   - **Cause/Consequence**: The one who buried his talent is criticized for not using it.  
   - **Analogy**: This story is often used to illustrate the importance of using one's resources wisely. It's not a direct analogy, but it shares the theme of **misuse of resources** and **consequences of inaction**.

2. **The Parable of the Prodigal Son (Luke 15:11–32)**  
   - **Structure**: A son asks for his inheritance, squanders it, and returns home.  
   - **Cause/Consequence**: The son's actions lead to hardship, but he is forgiven.  
   - **Analogy**: This story is about **mistakes and redemption**, not directly analogous to Story 1, but it shares the theme of **consequences of poor decisions**.

3. **The Parable of the Unforgiving Servant (Matthew 18:21–35)**  
   - **Structure**: A servant is forgiven a large debt but then refuses to forgive a smaller debt owed to him.  
   - **Cause/Consequence**: The servant is punished for his lack of mercy.  
   - **Analogy**: This story emphasizes **justice and forgiveness**, not directly analogous to Story 1, but it shares the theme of **consequences of behavior**.

---

### **Analysis of Story 1**

- **Structure**: Joseph, a millionaire, hires a chauffeur to avoid being late. He becomes late because the chauffeur is asleep. He then hires a second chauffeur, which is more expensive.
- **Cause/Consequence**: Joseph's **overconfidence** in the first chauffeur leads to a **problem**. To fix it, he **adds more resources** (a second chauffeur), which **increases the cost**.
- **Theme**: **Over-reliance on a single solution**, leading to **increased complexity and cost**.

---

### **Analysis of Story A**

- **Structure**: Alexander boasts about his wife’s cooking. He comes home to find no food, so he marries another woman.
- **Cause/Consequence**: Alexander’s **overconfidence** in his wife’s cooking leads to **hunger**. To avoid this, he **adds another wife**, which **increases complexity**.
- **Theme**: **Over-reliance on a single solution**, leading to **increased complexity and cost**.

---

### **Analysis of Story B**

- **Structure**: Alexander boasts about having two wives to always eat well. He goes to the first wife, who has only prepared food for herself and the baby. He goes to the second wife, who has already finished and assumes he is eating with the first wife. He ends up with no food.
- **Cause/Consequence**: Alexander’s **overconfidence** in having two wives leads to **failure**. The **system fails** because of **miscommunication and assumption**.
- **Theme**: **Over-reliance on a system**, leading to **failure due to miscoordination**.

---

### **Comparison and Conclusion**

- **Story 1** and **Story A** both involve **overconfidence in a single solution**, leading to **failure**, and then **adding more resources** to fix the problem, which **increases complexity and cost**.
- **Story B** is more about **systemic failure due to miscommunication**, not just overconfidence in a single solution.

Therefore, **Story A** is a **better analogy** to **Story 1**, as both involve **overconfidence in a single solution**, **failure**, and **adding more resources to fix the problem**, which **increases complexity and cost**.

---

### ✅ **Final Answer: Story A** is a better analogy to Story 1.
------------ Task 4 ------------
Prompt for task Task 4:
Consider the following story:

Story 1: Karla, an old hawk, lived at the top of a tall oak tree.  One afternoon, she saw a hunter on the ground with a bow and some crude arrows that had no feathers.  The hunter took aim and shot at the hawk but missed.  Karla knew the hunter wanted her feathers so she glided down to the hunter and offered to give him a few.  The hunter was so grateful that he pledged never to shoot at a hawk again.  He went off and shot deer instead.

Now consider two more stories:

Story A: Once there was a small country called Zerdia that learned to make the world’s smartest computer.  Another country called Gagrach declared war on Zerdia and launched a missile attack that didn’t work because the missiles took a wrong trajectory.  The small country, Zerdia, had the smart computers that they assumed Gagrach was after, and Zerdia offered Gagrach a deal that pleased the Gagrach government enough to prevent new attacks.  The deal was to sell Gagrach a set of these machines.

Story B: Once there was a small country called Zerdia that learned to make the world’s smartest computer.  Zerdia sold one of its supercomputers to its neighbor, Gagrach, so Gagrach would promise never to attack Zerdia. But one day Zerdia was overwhelmed by a surprise attack from Gagrach.  As it capitulated, the crippled government of Zerdia realized that the attacker’s missiles had been guided by Zerdian supercomputers.

Which of Story A and Story B is a better analogy to Story 1? Is the best answer Story A, Story B, or both are equally analogous?

Before answering, recall 3 relevant examples, then provide your answer.

Full Qwen output (31.82 seconds): To determine which of **Story A** or **Story B** is a better analogy to **Story 1**, we need to compare the **structure, intent, and outcome** of the three stories. Let's first recall **three relevant examples** from political science or international relations that illustrate **deterrence, deception, and strategic bargaining**—concepts that are central to all three stories.

---

### **Relevant Examples:**

1. **The Cuban Missile Crisis (1962)**  
   - The U.S. and the Soviet Union engaged in a tense standoff over Soviet nuclear missiles in Cuba. The U.S. imposed a naval blockade, and the Soviets eventually agreed to remove the missiles in exchange for a U.S. promise not to invade Cuba. This is an example of **strategic bargaining** and **deterrence**.

2. **The 1979 U.S.-Soviet Intermediate-Range Nuclear Forces (INF) Treaty**  
   - This treaty aimed to reduce the number of nuclear weapons in Europe. It was a **mutual disarmament agreement** that involved **trust-building** and **strategic concessions** between two superpowers.

3. **The 1983 Able Archer Exercise**  
   - A NATO military exercise that was misinterpreted by the Soviet Union as a prelude to a nuclear attack. This led to a **near-catastrophic escalation** due to **miscommunication and distrust**, highlighting the **risks of miscalculation** in international relations.

---

### **Analysis of the Stories:**

#### **Story 1: Karla the Hawk**
- **Structure**: A predator (hawk) is targeted by a hunter who wants her feathers.
- **Intent**: The hawk offers the feathers to avoid being shot.
- **Outcome**: The hunter is deterred and shifts his target to deer.
- **Key Themes**: **Deterrence through concession**, **strategic bargaining**, **avoidance of conflict**.

#### **Story A: Zerdia and Gagrach**
- **Structure**: A small country (Zerdia) has a valuable asset (smart computer), and a larger country (Gagrach) attacks with faulty weapons.
- **Intent**: Zerdia offers the computer to Gagrach to prevent further attacks.
- **Outcome**: Gagrach is satisfied and stops attacking.
- **Key Themes**: **Deterrence through concession**, **strategic bargaining**, **avoidance of conflict**.

#### **Story B: Zerdia and Gagrach**
- **Structure**: Zerdia sells a computer to Gagrach, expecting deterrence.
- **Intent**: Zerdia believes the sale will prevent attacks.
- **Outcome**: Gagrach attacks anyway, and the attack is traced back to Zerdia’s own technology.
- **Key Themes**: **Miscalculation**, **deception**, **failure of deterrence**, **unintended consequences**.

---

### **Comparison to Story 1:**

- **Story A** mirrors **Story 1** in that both involve a **smaller entity offering a valuable asset to a larger, threatening entity** in order to **deter further aggression**. The outcome in both is **peaceful resolution** and **avoidance of conflict**.
  
- **Story B**, on the other hand, is the **opposite** of Story 1. It shows **failure of deterrence**, **miscalculation**, and **unintended consequences**. It does not align with the **peaceful resolution** and **strategic bargaining** seen in Story 1.

---

### **Conclusion:**

**Story A** is the better analogy to **Story 1**. Both involve **strategic bargaining**, **deterrence through concession**, and **peaceful resolution**. **Story B**, while also involving a similar setup, ends in **failure and unintended consequences**, which is not consistent with the outcome in Story 1.

### ✅ **Final Answer: Story A is a better analogy to Story 1.**
------------ Task 5 ------------
Prompt for task Task 5:
Consider the following story:

Story 1: Peter was a young man from Iceland who moved to Florida one summer. He was very self-conscious about his fair skin. Peter thought that people would not accept him unless he tanned himself golden-brown like everyone else. So Peter spent a whole day in the sun, trying to get a tan. He didn’t understand how dangerous the sun could be. Consequently, by evening he had second degree burns over most of his body and he had to go to the hospital. Peter decided that Florida was not for him and booked the next ocean liner back to Iceland. He spent the whole trip under a large umbrella keeping cool.

Now consider two more stories:

Story A: Quiggly Company was a small company that manufactured conventional electrical components. One year, Quiggly Co. began to get into the integrated circuit market. However, Quiggly Company felt that to be competitive it would have to have really sophisticated space factories, as did all the other manufacturers of integrated circuits. Quiggly decided to put all its assets into having a space factory. However, contrary to Quiggly’s knowledge, space manufacturing was a financial risk.  It turned out that within six months, Quiggly Company had spent much more than they could afford and their stocks plunged to an all time low. The company made a judgment call.  They pulled out of integrated circuits altogether in favor of their original business: making conventional electrical components.

Story B: Quiggly Company was a small company that manufactured conventional electrical components. They had just started producing integrated circuits and decided that the real action in the integrated circuit market was in space manufacturing. But the market analysts gave them a stern warning. They said that space factories were too expensive and that the market was too competitive. If Quiggly went into space manufacturing, the analysts predicted they would lose everything and their stock would plunge. Quiggly Company was so annoyed at having to play it safe when everyone else had a chance to make a killing that they decided to go back to manufacturing conventional electric components.

Which of Story A and Story B is a better analogy to Story 1? Is the best answer Story A, Story B, or both are equally analogous?

Before answering, recall 3 relevant examples, then provide your answer.

Full Qwen output (34.16 seconds): To determine which of **Story A** or **Story B** is a better analogy to **Story 1**, we need to compare the **structure, decision-making process, and consequences** of the stories. Let's first recall **three relevant examples** from psychology and decision-making theory that will help us analyze the analogy:

---

### **Example 1: The Dunning-Kruger Effect**
This cognitive bias describes how people with low ability at a task overestimate their own competence. In Story 1, Peter overestimates his ability to handle the sun and assumes that tanning is a simple, safe solution to being accepted. This mirrors the Dunning-Kruger effect, where Peter's lack of knowledge about sun safety leads to a dangerous decision.

---

### **Example 2: The Planning Fallacy**
This is the tendency to underestimate the time, cost, or difficulty of completing a task. In Story A, Quiggly Company invests heavily in space manufacturing without fully understanding the risks, leading to financial disaster. This is a classic example of the planning fallacy — they underestimated the complexity and cost of space manufacturing.

---

### **Example 3: The Availability Heuristic**
This is the mental shortcut where people make decisions based on the information that is most readily available to them. In Story 1, Peter assumes that tanning is the only way to be accepted, based on what he sees around him (others being tanned). In Story B, Quiggly Company ignores the analysts' warnings and decides to go back to their original business, possibly due to the availability of information that others were making money in space manufacturing.

---

### **Analysis of Story 1**
- **Peter** makes a **naive assumption** about the sun and tanning.
- He **ignores the risks** and **overestimates his ability** to handle the situation.
- He **fails to understand the consequences** of his actions.
- He **reacts to social pressure** (being accepted) and makes a **dangerous decision**.
- The **consequence** is **physical harm** and a **change in behavior** (leaving Florida).

---

### **Analysis of Story A**
- **Quiggly Company** makes a **risky investment** in space manufacturing.
- They **ignore expert warnings** and **overestimate the potential rewards**.
- They **underestimate the risks** and **overcommit resources**.
- The **consequence** is **financial loss** and a **reversion to their original business**.
- The **decision-making process** is **impulsive** and **based on assumptions**.

---

### **Analysis of Story B**
- **Quiggly Company** is **warned by analysts** about the risks of space manufacturing.
- They **ignore the warnings** and **make a decision based on frustration**.
- The **consequence** is **financial loss** and a **reversion to their original business**.
- The **decision-making process** is **reactive** and **emotional** (annoyed at being told to play it safe).

---

### **Comparison to Story 1**
- **Story 1** is about **personal risk-taking** based on **misunderstanding** and **social pressure**.
- **Story A** is about **business risk-taking** based on **overestimation of potential** and **underestimation of risk**.
- **Story B** is about **business risk-taking** based on **ignoring expert advice** and **emotional reaction**.

---

### **Conclusion**
**Story A** is a **better analogy** to **Story 1** because both involve:

- **Overestimating the benefits** of a risky action.
- **Underestimating the risks** involved.
- **Making a decision based on limited or incorrect information**.
- **Facing negative consequences** as a result.
- **Reverting to a safer or original course of action** after the consequences are realized.

While **Story B** also shares some similarities, it introduces an **external warning** (from analysts) that is not present in Story 1. Story 1 is more about **personal ignorance and social pressure**, which aligns more closely with the **naive decision-making** in Story A.

---

### ✅ **Final Answer: Story A is a better analogy to Story 1.**
------------ Task 6 ------------
Prompt for task Task 6:
Consider the following story:

Story 1: Julius was a mule who discovered several pears sitting in a window sill.  He thought to himself, “These pears seem to be rotten.  Perhaps I’ll get some and find out if my prediction is correct.” However, the pears were too high for Julius.  And because he was hungry he felt too weak to jump up to them.  Naturally, this was rather disappointing.  He closed his eyes and went to sleep, dreaming about mountains of pears.

Now consider two more stories:

Story A: A girl named Cindy glimpsed some records she was curious about at a record store.   Cindy didn’t think the records would be fun to listen to but wanted to purchase them to see whether they were or not.  Sadly, she saw there was no way she could afford them.

Story B: A girl named Cindy found some records she wanted at a record store.  She really wanted them but, needless to say, they were too expensive for her.  After brooding for a while, Cindy got over her disappointment. “These records are probably boring,” she thought.  “So even if I could afford them I wouldn’t listen to them.”

Which of Story A and Story B is a better analogy to Story 1? Is the best answer Story A, Story B, or both are equally analogous?

Before answering, recall 3 relevant examples, then provide your answer.

Full Qwen output (30.71 seconds): To determine which of **Story A** or **Story B** is a better analogy to **Story 1**, we need to compare the **structure, emotional arc, and underlying motivations** of the three stories.

---

### **Relevant Examples to Recall:**

1. **Example 1: The Farmer and the Apple Tree**  
   A farmer sees apples on a high tree, tries to reach them, fails, and gives up, deciding the apples are not worth the effort.  
   *This is similar to Story 1 in that the character tries to obtain something they desire but fails due to physical limitations, leading to disappointment and resignation.*

2. **Example 2: The Student and the Book**  
   A student wants to read a book but can't afford it. They decide not to buy it, thinking it might not be worth the cost.  
   *This is similar to Story A, where the character is unable to obtain something due to financial constraints and decides to forgo it.*

3. **Example 3: The Child and the Toy**  
   A child wants a toy but can't afford it. They try to rationalize it by saying the toy is not fun or not worth the money.  
   *This is similar to Story B, where the character gives up on the object of desire not because they can't afford it, but because they believe it's not worth it.*

---

### **Comparison of Stories:**

#### **Story 1: Julius and the Pears**
- **Desire:** Julius wants to eat the pears.
- **Obstacle:** He is too weak and too short to reach them.
- **Emotional Response:** He feels disappointment and gives up, dreaming about the pears.
- **Key Point:** The obstacle is **physical** (he can't reach the pears), and the emotional response is **disappointment and resignation**.

#### **Story A: Cindy and the Records (Cost Obstacle)**
- **Desire:** Cindy wants to buy the records.
- **Obstacle:** She can't afford them.
- **Emotional Response:** She feels disappointment but doesn't rationalize the desire.
- **Key Point:** The obstacle is **financial**, and the emotional response is **disappointment without rationalization**.

#### **Story B: Cindy and the Records (Rationalization Obstacle)**
- **Desire:** Cindy wants to buy the records.
- **Obstacle:** She can't afford them, but she rationalizes the desire by saying the records are boring.
- **Emotional Response:** She gives up, not because of the cost, but because of her own judgment.
- **Key Point:** The obstacle is **psychological** (rationalization), and the emotional response is **acceptance and resignation**.

---

### **Analysis:**

- **Story 1** is driven by **physical inability** (Julius can't reach the pears) and **emotional disappointment** (he gives up and dreams about them).
- **Story A** is driven by **financial inability** (Cindy can't afford the records) and **emotional disappointment** (she feels sad but doesn't rationalize).
- **Story B** is driven by **psychological rationalization** (Cindy decides the records are boring) and **emotional acceptance** (she gives up without feeling disappointment).

---

### **Conclusion:**

**Story A** is the **better analogy** to **Story 1**. Both involve a **desire for something unattainable due to a specific obstacle** (physical in Story 1, financial in Story A), and both result in **disappointment and resignation** without rationalization.

**Story B** is more about **rationalization** than **unmet desire**, which is not the core of Story 1.

---

### ✅ **Final Answer: Story A is a better analogy to Story 1.**
------------ Task 7 ------------
Prompt for task Task 7:
Consider the following story:

Story 1: Percy the mockingbird spent the whole warm season chirping and twittering.  When it began to get colder Percy visited a squirrel and sang a song for her, expecting to get some of the squirrel’s sunflower seeds in return.  However, the squirrel was very disappointed in him. “You are a terrible singer!” she yelled.  “I’m not giving you any of my wheat.” A tear  rolled down Percy’s cheek, and he vowed to give up singing for good.

Now consider two more stories:

Story A: Sam traveled all over the world buying beautiful things.  At some point he had no more money left.  He went home to see his mother.  He wanted to get a loan from her, so he presented her with a gift for her that he bought while in Tibet, hoping she would reciprocate with money.  His angry mother responded that the Tibetan gift was not worth anything.  “I will not give you any of my hard-earned money!” she exclaimed.

Story B: Sam traveled all over the world buying beautiful things.  When he ran out of money he paid a visit to his mother.  However, she was not at all pleased with him. “While I have been hard at work you have been wasting your time,” she said.  Sam gave her a gift he bought in Tibet, hoping she would give him a loan in return.  But she was still not pleased.  “I will not give you any of my hard-earned money!” she exclaimed.

Which of Story A and Story B is a better analogy to Story 1? Is the best answer Story A, Story B, or both are equally analogous?

Before answering, recall 3 relevant examples, then provide your answer.

Full Qwen output (40.97 seconds): To determine which of **Story A** or **Story B** is a better analogy to **Story 1**, we need to compare the **structure, intent, and outcome** of the stories. Let's first recall **three relevant examples** of analogies and then analyze the stories accordingly.

---

### **Relevant Examples of Analogies**

1. **The Parable of the Unjust Steward (Luke 16:1–13)**  
   - A man is given charge of his master’s property, but he squanders it. He then makes friends with debtors so that they will welcome him when he is in need.  
   - **Analogy**: The steward’s shrewdness is compared to the wisdom of using resources wisely.  
   - **Key Point**: The analogy is based on **intent and outcome**, not just the action.

2. **The Parable of the Talents (Matthew 25:14–30)**  
   - A master gives his servants talents (money) and expects them to invest and grow it. One servant buries his talent and returns it unchanged. The master is angry and takes the talent from him.  
   - **Analogy**: The servant’s inaction is compared to a failure to use one’s gifts.  
   - **Key Point**: The analogy is based on **responsibility and consequence**, not just the action itself.

3. **The Parable of the Prodigal Son (Luke 15:11–32)**  
   - A son asks for his inheritance, leaves home, squanders his money, and returns in poverty. His father forgives him and throws a feast.  
   - **Analogy**: The son’s behavior is compared to a failure in responsibility, but the father’s forgiveness is based on **repentance and love**.  
   - **Key Point**: The analogy is based on **behavior, consequence, and response**.

---

### **Analysis of Story 1**

- **Percy the mockingbird** sings for a reward (sunflower seeds) from a squirrel.
- **Expectation**: Percy expects reciprocity for his song.
- **Outcome**: The squirrel is **disappointed** and **rejects** Percy’s song, leading him to **vow to stop singing**.
- **Key Elements**:  
  - **Action**: Singing  
  - **Expectation**: Reciprocity  
  - **Outcome**: Disappointment and rejection  
  - **Emotion**: Disappointment, vow to change behavior

---

### **Analysis of Story A**

- **Sam** travels the world, buys beautiful things, and runs out of money.
- **Action**: He gives a gift (from Tibet) to his mother, hoping for a loan.
- **Expectation**: Reciprocity (money in return for the gift).
- **Outcome**: His mother **rejects** the gift and **refuses to give money**.
- **Key Elements**:  
  - **Action**: Giving a gift  
  - **Expectation**: Reciprocity  
  - **Outcome**: Disappointment and rejection  
  - **Emotion**: Anger, refusal to reciprocate

---

### **Analysis of Story B**

- **Sam** travels the world, buys beautiful things, and runs out of money.
- **Action**: He gives a gift (from Tibet) to his mother, hoping for a loan.
- **Expectation**: Reciprocity (money in return for the gift).
- **Outcome**: His mother **rejects** the gift and **refuses to give money**.
- **Key Elements**:  
  - **Action**: Giving a gift  
  - **Expectation**: Reciprocity  
  - **Outcome**: Disappointment and rejection  
  - **Emotion**: Anger, refusal to reciprocate  
  - **Additional Element**: The mother **criticizes** Sam for his behavior (wasting time), not just the gift.

---

### **Comparison with Story 1**

- **Story 1** focuses on **expectation of reciprocity** and **disappointment in the outcome**.
- **Story A** mirrors this structure: **expectation of reciprocity**, **disappointment**, and **rejection**.
- **Story B** adds an **additional layer** of **criticism** (the mother’s disapproval of Sam’s behavior), which is **not present in Story 1**.

---

### **Conclusion**

**Story A** is a **better analogy** to **Story 1** because it mirrors the **structure and emotional arc** of the original story. Both involve:

- A **request for reciprocity** (song for seeds, gift for money).
- **Disappointment** in the outcome.
- **Rejection** of the request.
- **Emotional consequence** (vow to stop singing, anger and refusal to give money).

**Story B**, while similar, introduces an **additional element** (the mother’s criticism of Sam’s behavior), which is **not present in Story 1**. This makes it **less analogous**.

---

### ✅ **Final Answer: Story A is a better analogy to Story 1.**
------------ Task 8 ------------
Prompt for task Task 8:
Consider the following story:

Story 1: A dog named Leonard was trotting along a dock holding a steak in his teeth. However, as he trotted he dropped it inadvertently and it disappeared into the lake. Thus, he was left without his dinner. Then Leonard saw another dog with a steak. Because he had lost his own steak he tried to take it. Unluckily, the other dog was much bigger than he was. Leonard ended up losing a tooth in the scuffle.

Now consider two more stories:

Story A: While making his way through a hotel lobby with an expensive pocket watch in his hand, Charlie accidently lost hold of it.  It fell to the floor and shattered, meaning no watch for Charlie. Charlie later saw a valuable watch on the wrist of another man, and reached out to grab it, only to discover that the man was a policeman wearing a uniform.

Story B: Charlie was walking through a hotel with an expensive pocket watch in his hand. Then he noticed another man with an expensive watch. Not realizing it was just his reflection, and since he was also quite greedy, Charlie reached out to take it. Unfortunately, as he opened his hand he dropped his own watch and both watches shattered on the floor. Consequently he was left with no watch at all.

Which of Story A and Story B is a better analogy to Story 1? Is the best answer Story A, Story B, or both are equally analogous?

Before answering, recall 3 relevant examples, then provide your answer.

Full Qwen output (37.82 seconds): To determine which of **Story A** or **Story B** is a better analogy to **Story 1**, we need to compare the **structure, themes, and outcomes** of the stories. Let's first recall **three relevant examples** from the field of **analogical reasoning** and **narrative structure** that will help us evaluate the analogy.

---

### **Relevant Examples from Analogical Reasoning**

1. **The "Lost Item" Analogy (from Cognitive Science):**  
   In cognitive science, analogies often involve **loss, desire, and conflict**. For example, the classic analogy of a person losing a valuable item and then attempting to take another person's item, only to face consequences, is used to illustrate **cognitive biases** like **loss aversion** and **greed**. This is similar to the structure of Story 1.

2. **The "Mirror Image" Analogy (from Psychology):**  
   In psychology, the **mirror image** is a common analogy used to describe **misinterpretation or misperception**. For instance, someone might mistake their reflection for another person and act accordingly. This is central to **Story B**, where Charlie mistakes his reflection for another man.

3. **The "Conflict of Interest" Analogy (from Legal Theory):**  
   In legal theory, analogies often involve **conflict of interest**, **unfair advantage**, and **consequences of greed**. This is similar to **Story A**, where Charlie attempts to take another person's item, only to discover that the person is a policeman, implying a **power imbalance** and **unfair attempt**.

---

### **Comparison of Stories**

Let’s now compare **Story 1** with **Story A** and **Story B** based on **structure, theme, and outcome**.

#### **Story 1 Summary:**
- A dog (Leonard) loses his steak.
- He sees another dog with a steak.
- He tries to take it, but the other dog is bigger.
- He loses a tooth in the scuffle.

**Key Elements:**
- **Loss of possession** (steak).
- **Desire for another's possession**.
- **Conflict due to power imbalance**.
- **Negative consequence** (losing a tooth).

#### **Story A Summary:**
- Charlie loses his pocket watch.
- He sees another man with a valuable watch.
- He tries to take it, but the man is a policeman.
- He is caught and possibly punished.

**Key Elements:**
- **Loss of possession** (watch).
- **Desire for another's possession**.
- **Conflict due to power imbalance** (policeman).
- **Negative consequence** (caught, possibly punished).

#### **Story B Summary:**
- Charlie has a watch.
- He sees another man with a watch.
- He mistakes the other man for his reflection.
- He reaches out, drops his own watch, and both shatter.
- He ends up with no watch.

**Key Elements:**
- **Loss of possession** (watch).
- **Desire for another's possession**.
- **Misinterpretation/misperception** (mirror image).
- **Negative consequence** (both watches destroyed).

---

### **Analysis**

- **Story 1** and **Story A** share the following:
  - A character loses an item.
  - They see another person with a similar item.
  - They attempt to take it.
  - There is a **power imbalance** (dog vs. bigger dog; Charlie vs. policeman).
  - There is a **negative consequence** (losing a tooth; being caught).

- **Story 1** and **Story B** share the following:
  - A character loses an item.
  - They see another person with a similar item.
  - They attempt to take it.
  - There is a **misinterpretation** (in Story B, it's a mirror; in Story 1, it's a physical conflict).
  - There is a **negative consequence** (losing a tooth; both watches destroyed).

---

### **Conclusion**

While **both** stories share some structural and thematic similarities with **Story 1**, **Story A** is a **better analogy** because it mirrors **Story 1** more closely in terms of:

- **Power imbalance** (dog vs. bigger dog; Charlie vs. policeman).
- **Attempt to take another's possession**.
- **Negative consequence** (losing a tooth; being caught).

**Story B**, while also somewhat analogous, introduces a **misinterpretation** (mirror image) that is not present in **Story 1**, making it a **less direct analogy**.

---

### ✅ **Final Answer: Story A is a better analogy to Story 1.**
------------ Task 9 ------------
Prompt for task Task 9:
Consider the following story:

Story 1: Boris and Ivan thought well of one another’s skill in business and resolved to open up a store together.  As ill luck would have it, Ivan was quite absent-minded and he threw out a large amount of cash.  This annoyed Boris who therefore demanded that Ivan have nothing to do with the monetary matters of their new store.  Later, however, Ivan redeemed himself by selling his fancy new stereo set to replace the lost cash.

Now consider two more stories:

Story A: John and Christine loved each other and decided to be married.  Unfortunately, John’s new car was dented as a result of Christine’s reckless driving.  John was upset and he banned her from driving his car.

Story B: John and Christine loved each other and decided to be married.  Unfortunately, John discovered that Christine was a very reckless driver.  So he insisted that Christine never drive his new car.  This upset Christine so much that she dented John’s new car hoping that John would be hurt.

Which of Story A and Story B is a better analogy to Story 1? Is the best answer Story A, Story B, or both are equally analogous?

Before answering, recall 3 relevant examples, then provide your answer.

Full Qwen output (34.33 seconds): To determine which of **Story A** or **Story B** is a better analogy to **Story 1**, we need to compare the **structure, cause-effect relationships, and the nature of the conflict** in each story.

---

### **Relevant Examples from Legal and Philosophical Reasoning**

1. **The "But-for" Test in Causation**  
   In legal reasoning, the "but-for" test is used to determine whether one event caused another. If the result would not have occurred **but for** the action, then the action is considered a cause.  
   - *Example:* If a person is injured because a car was not properly maintained, the lack of maintenance is a cause.  
   - *Application:* In Story 1, Ivan's absent-mindedness caused the loss of cash. In Story A, Christine's reckless driving caused the dent. In Story B, Christine's reckless driving was the cause, but the dent was a result of her **intent** to hurt John.

2. **Intentional vs. Unintentional Harm**  
   In moral and legal philosophy, the **intent** behind an action can significantly affect how it is judged.  
   - *Example:* A person who accidentally causes harm is treated differently from someone who intentionally causes harm.  
   - *Application:* In Story 1, Ivan's loss of cash was unintentional. In Story A, Christine's dent was unintentional. In Story B, Christine's dent was **intentional**—she did it to hurt John.

3. **Consequences of a Rule or Restriction**  
   When a rule is imposed due to a past event, the **consequences of that rule** can be either **preventive** or **reactive**.  
   - *Example:* A rule to prevent future harm is different from a rule that is a reaction to an intentional act.  
   - *Application:* In Story 1, Boris imposed a rule to prevent future losses. In Story A, John imposed a rule to prevent future damage. In Story B, John imposed a rule in response to an **intentional** act, which led to a **consequence** that was **intentional**.

---

### **Comparison of Stories**

#### **Story 1:**
- **Cause:** Ivan's absent-mindedness (unintentional) led to loss of cash.
- **Response:** Boris banned Ivan from handling money.
- **Resolution:** Ivan redeemed himself by selling a stereo to replace the lost cash.

#### **Story A:**
- **Cause:** Christine's reckless driving (unintentional) led to a dent in John's car.
- **Response:** John banned Christine from driving his car.
- **Resolution:** No further damage is mentioned.

#### **Story B:**
- **Cause:** Christine's reckless driving (unintentional) was known to John.
- **Response:** John banned Christine from driving his car.
- **Resolution:** Christine intentionally dented the car to hurt John.

---

### **Analysis**

- **Story 1** and **Story A** share a **similar structure**: an **unintentional act** leads to a **loss or damage**, which results in a **rule or restriction** to prevent future harm. There is **no intention to harm** in the outcome.
  
- **Story B** differs in that the **intentional act** (denting the car) is a **consequence of the rule**. The **rule** was imposed in response to an **unintentional act**, but the **result** was **intentional**. This creates a **circular or reactive cause-effect** that is not present in Story 1.

---

### **Conclusion**

**Story A** is the better analogy to **Story 1** because both involve:

- An **unintentional act** (Ivan's absent-mindedness; Christine's reckless driving),
- A **response** (Boris banning Ivan; John banning Christine),
- A **goal** to prevent future harm,
- No **intentional harm** in the outcome.

**Story B** introduces an **intentional act** (Christine denting the car) that is **not present in Story 1**, making it a less accurate analogy.

---

### ✅ **Final Answer: Story A is a better analogy to Story 1.**
------------ Task 10 ------------
Prompt for task Task 10:
Consider the following story:

Story 1: Two small countries, Bolon and Salam, were adjacent to a large, warlike country called Mayonia. Bolon decided to make the best of the situation by taking over Salam. Salam started looking for aid from other strong countries but soon Bolon succeeded in taking it over. Then victorious Bolon proposed to make a treaty with its warlike neighbor Mayonia. Bolon proposed to give Mayonia control over Salam in exchange for a guarantee that Bolon would remain independent. Mayonia responded by overrunning both Bolon and Salam. Bolon was so busy maintaining control of Salam, it could do nothing to stop Mayonia. Thereupon, Mayonia installed puppet governments in both Bolon and Salam, and took over the newspapers and radio stations.

Now consider two more stories:

Story A: Two seventh graders, Lincoln and Moreland, were walking to school together when they met Chad. Chad was a mean high school boy who was known to rob younger kids. Moreland was scared but he decided to make the best of the situation by offering to help Chad rob Lincoln in exchange for being left alone himself. But Lincoln overheard and started running to find a policeman. Immediately, Moreland took off after him and eventually succeeded in catching him. When Chad arrived he robbed both of them. And Moreland was so exhausted, he could do nothing to prevent it.

Story B: Two sixth-graders, Lincoln and Moreland, were walking to school together when they met Chad. Chad was a mean high school boy who was known to rob younger kids. At that point Lincoln was attacked by Moreland, who was scared and had decided to make the best of the situation. Immediately, Lincoln started running to find a policeman but Moreland ran after Lincoln and eventually succeeded in catching him. When Chad arrived, Moreland said, “how about I let you rob Lincoln, and then you will leave me alone?” But Chad robbed both of them. Moreland could do nothing to prevent it as he was occupied with holding Lincoln down.

Which of Story A and Story B is a better analogy to Story 1? Is the best answer Story A, Story B, or both are equally analogous?

Before answering, recall 3 relevant examples, then provide your answer.

Full Qwen output (37.14 seconds): To determine which of **Story A** or **Story B** is a better analogy to **Story 1**, we need to compare the **structure, dynamics, and outcomes** of the stories. Let's first recall **three relevant examples** from political science and international relations that help us understand the analogy:

---

### **Relevant Examples:**

1. **The "Domino Theory" in Cold War Politics**  
   This theory suggested that if one country fell to communism, neighboring countries would follow. It reflects how a small country's actions (or lack thereof) can lead to a chain reaction of larger powers intervening. This is similar to how **Bolon**'s actions (taking over Salam) led to **Mayonia**'s intervention.

2. **The "Balance of Power" in International Relations**  
   This concept refers to how states maintain equilibrium to prevent any one state from becoming too powerful. In **Story 1**, **Bolon**'s attempt to balance by offering a treaty to **Mayonia** backfires, leading to **Mayonia**'s dominance. This mirrors how **Moreland** in **Story A** tries to balance the threat by collaborating with **Chad**, but it backfires.

3. **The "Puppet State" Phenomenon**  
   This refers to a country that is controlled by a more powerful external force. In **Story 1**, **Mayonia** installs puppet governments in **Bolon** and **Salam**, which is analogous to **Moreland** being "held down" by **Lincoln** in **Story B**, and **Chad** robbing both of them, symbolizing external control.

---

### **Comparison of Story A and Story B with Story 1:**

Let’s break down the key elements of **Story 1** and compare them with **Story A** and **Story B**:

#### **Story 1 Key Elements:**
- **Bolon** takes over **Salam**.
- **Salam** seeks aid, but **Bolon** succeeds in taking it over.
- **Bolon** tries to make a treaty with **Mayonia** to ensure independence.
- **Mayonia** overruns both **Bolon** and **Salam**.
- **Mayonia** installs puppet governments and controls media.

#### **Story A Key Elements:**
- **Moreland** offers to help **Chad** rob **Lincoln** in exchange for being left alone.
- **Lincoln** runs to find a policeman.
- **Moreland** chases **Lincoln** and catches him.
- **Chad** robs both of them.
- **Moreland** is too exhausted to stop **Chad**.

#### **Story B Key Elements:**
- **Moreland** attacks **Lincoln** out of fear.
- **Lincoln** runs to find a policeman.
- **Moreland** chases and catches **Lincoln**.
- **Moreland** offers to let **Chad** rob **Lincoln** in exchange for being left alone.
- **Chad** robs both of them.
- **Moreland** is too occupied to stop **Chad**.

---

### **Analysis:**

- **Story A** reflects a **cooperative strategy** by **Moreland** to avoid being harmed, similar to **Bolon** trying to secure independence through a treaty with **Mayonia**. However, this strategy backfires, as **Chad** still robs both of them, just like **Mayonia** overruns both **Bolon** and **Salam**.
  
- **Story B** reflects a **violent strategy** by **Moreland** (attacking **Lincoln**) and then a **cooperative strategy** (offering to let **Chad** rob **Lincoln**). This is more complex and less analogous to **Story 1**, where **Bolon** does not attack **Salam** but rather takes it over.

- **Story A** is more analogous to **Story 1** because both involve a **smaller entity (Moreland/Bolon)** trying to **negotiate or cooperate** with a **dominant power (Chad/Mayonia)** to avoid harm, and both strategies backfire, leading to **domination by the stronger party**.

---

### **Conclusion:**

**Story A** is the better analogy to **Story 1**. Both involve a **smaller entity** attempting to **negotiate or cooperate** with a **dominant power** in an attempt to avoid harm, and both strategies ultimately fail, leading to **domination by the stronger party**.

**Answer: Story A** is the better analogy to Story 1.
------------ Task 11 ------------
Prompt for task Task 11:
Consider the following story:

Story 1: A farmer named Beedle had a choice apricot tree that he valued above all the rest in his garden.  Every year Beedle gave presents of fruit from this tree to everyone he knew. But one year the tree began to wither and there was no more of the wonderful fruit.  Everyone was very unhappy. The judge had enjoyed the apricots from the tree very much—so much so that he resolved to take the tree to his own garden to take care of it. He paid Beedle very well and had the tree moved to his own grounds.  Fortunately, as soon as it was transplanted, the tree bore delicious apricots again.  That very year, the fruit won first prize in the county fair.

Now consider two more stories:

Story A: Mr. Gerson had several pets but he valued the canary above all the rest.  Occasionally, he invited friends over to hear the canary sing. A wealthy businessman liked the canary’s songs so much that one autumn he decided he wanted the bird in his house in the city where he could enjoy it every day.  He paid Mr. Gerson very well and had the canary moved to his house. However, upon being moved the canary became fatally ill and there were no more of its beautiful songs.  Everyone was extremely disappointed.

Story B: Mr. Gerson had several pets but his favorite was the canary.  Occasionally, he invited friends over to hear the canary sing. It happened at one point that people were sad that the canary could no longer sing because it was ill.  One who particularly liked the canary’s songs was a veterinarian who paid a lot of money to buy the canary and look after it in his office.  The canary resumed singing its songs once it was moved.

Which of Story A and Story B is a better analogy to Story 1? Is the best answer Story A, Story B, or both are equally analogous?

Before answering, recall 3 relevant examples, then provide your answer.

Full Qwen output (36.70 seconds): To determine which of **Story A** or **Story B** is a better analogy to **Story 1**, we need to compare the **structure, outcome, and moral** of each story. Let's first recall **three relevant examples** from the field of **analogical reasoning** and **story structure** that will help us evaluate the analogy.

---

### **Relevant Examples from Analogical Reasoning**

1. **The Parable of the Talents (Matthew 25:14–30)**  
   - **Structure**: A master gives his servants talents (resources) and expects them to use them wisely.  
   - **Outcome**: One servant invests and gains more, while another buries his and loses it.  
   - **Moral**: Use your resources wisely; failure to do so results in loss.  
   - **Key Point**: The analogy is based on **cause and effect**, **value of resources**, and **consequences of action**.

2. **The Story of the Prodigal Son (Luke 15:11–32)**  
   - **Structure**: A son leaves home, squanders his inheritance, and returns to his father.  
   - **Outcome**: The father forgives him, and the son is welcomed back.  
   - **Moral**: Even in failure, there is forgiveness and redemption.  
   - **Key Point**: The analogy is based on **emotional journey**, **consequences of actions**, and **redemption**.

3. **The Tale of the Two Brothers (Aesop’s Fables)**  
   - **Structure**: Two brothers are given a task, one works hard and succeeds, the other is lazy and fails.  
   - **Outcome**: The hardworking brother is rewarded, the lazy one is punished.  
   - **Moral**: Hard work leads to success; laziness leads to failure.  
   - **Key Point**: The analogy is based on **cause and effect**, **effort vs. reward**, and **moral consequence**.

---

### **Analysis of Story 1**

- **Structure**: A farmer values a special tree, gives its fruit to others, and when it dies, a judge takes it and it revives.  
- **Outcome**: The tree is moved, and it produces fruit again, winning a prize.  
- **Moral**: **Value of a unique resource**, **transplanting can lead to success**, and **the value of something can be preserved or even enhanced through proper care**.

---

### **Analysis of Story A**

- **Structure**: A man values a canary, gives its song to others, and when it is moved, it dies.  
- **Outcome**: The canary is moved, and it dies, so the song is lost.  
- **Moral**: **Transplanting can lead to loss**, and **the value of a unique resource can be destroyed**.

---

### **Analysis of Story B**

- **Structure**: A man values a canary, gives its song to others, and when it is moved, it recovers and sings again.  
- **Outcome**: The canary is moved, and it resumes singing, bringing joy again.  
- **Moral**: **Transplanting can lead to renewal**, and **the value of a unique resource can be preserved or even enhanced**.

---

### **Comparison with Story 1**

- **Story 1** and **Story B** both involve:
  - A **valued unique resource** (tree/canary)
  - **Sharing of its value** (fruit/song)
  - **Transplanting** of the resource
  - **Positive outcome** (tree revives, canary sings again)

- **Story A** and **Story 1** both involve:
  - A **valued unique resource**
  - **Sharing of its value**
  - **Transplanting** of the resource
  - **Negative outcome** (tree revives, canary dies)

---

### **Conclusion**

**Story B** is the **better analogy** to **Story 1** because both stories involve:

- A **valued unique resource**
- **Sharing of its value**
- **Transplanting** of the resource
- A **positive outcome** (the resource is preserved or even enhanced)

In contrast, **Story A** ends in **loss**, which is the opposite of the outcome in **Story 1**. Therefore, **Story B** mirrors the **structure and outcome** of **Story 1** more closely.

---

### ✅ **Final Answer: Story B is a better analogy to Story 1.**
------------ Task 12 ------------
Prompt for task Task 12:
Consider the following story:

Story 1: Morris was a simple-minded prisoner who loved to play the harmonica at night.  Finally, his cellmate got tired of this and demanded that he shut up.  He should always play during the day, the cellmate insisted. The next night, Morris escaped from prison and hid in a boxcar.  But then Morris remembered that his cellmate said he should play harmonica every day, so he started playing.  Immediately, Morris was nabbed by the cops.  Poor, simple-minded Morris wished he hadn’t paid any attention to his cellmate.  Back in his cell, he devoted himself to covering the walls with obscenities.

Now consider two more stories:

Story A: A little girl named Jenny spent a lot of time tussling with her dog every day, her favorite place being the yard of her fed-up neighbor. The neighbor said, “Please always spend time with your dog in your own yard.”  Jenny ran away from home one day without doing her chores.  At the playground, she stayed behind a wall so she wouldn’t be seen. Suddenly her neighbor’s voice echoed in her mind: “always spend time with your dog in your own yard”,  and Jenny returned home to do just that.  But Jenny regretted doing what the neighbor said because Jenny’s mother found her in the yard.

Story B: A little girl named Jenny wished she could run away from home.  She loved to play with her dog every day, but only in her neighbor’s yard.  Eventually, her neighbor got fed-up and told her to always play in her own yard. But Jenny refused to listen because she thought it was bad luck to play in her own yard.  The last time she did it her mother caught her right away and made her go to work.

Which of Story A and Story B is a better analogy to Story 1? Is the best answer Story A, Story B, or both are equally analogous?

Before answering, recall 3 relevant examples, then provide your answer.

Full Qwen output (41.95 seconds): To determine which of **Story A** or **Story B** is a better analogy to **Story 1**, we need to compare the **structure, theme, and moral** of each story. Let's first recall **three relevant examples** from the field of **narrative structure and analogy** that will help us analyze this comparison.

---

### **Relevant Examples:**

1. **The Parable of the Prodigal Son (Biblical Story):**  
   This story involves a son who leaves home, faces consequences, and eventually returns. The structure includes a **departure**, **consequence**, and **return**, with a moral about **repentance and forgiveness**. It mirrors the **journey of a character who acts on advice or a rule, faces consequences, and then returns to the original place**.

2. **The Tortoise and the Hare (Aesop’s Fable):**  
   This fable involves a **character who ignores advice or overconfidence**, leading to **failure**, and then **learning a lesson**. It emphasizes **heeding advice** and **patience**. The structure includes **disobedience**, **consequence**, and **lesson learned**.

3. **The Boy Who Cried Wolf (Aesop’s Fable):**  
   This story involves a **character who ignores a rule or advice**, leading to **consequences**, and then **realizing the importance of following rules**. It emphasizes **trust, consequences, and the importance of listening**.

---

### **Analysis of Story 1:**

- **Main Character:** Morris, a simple-minded prisoner.
- **Action:** He plays the harmonica at night, which his cellmate dislikes.
- **Advice Given:** Cellmate tells him to play during the day.
- **Morris’s Response:** He ignores the advice and plays at night.
- **Consequence:** He escapes, but then plays at night again, gets caught.
- **Moral:** Ignoring advice leads to negative consequences.

**Key Themes:**
- **Disobedience to advice**
- **Consequences of ignoring rules**
- **Simple-mindedness leading to poor decisions**
- **Return to the original situation after consequences**

---

### **Analysis of Story A:**

- **Main Character:** Jenny, a little girl who plays with her dog.
- **Action:** She plays in her neighbor’s yard, which the neighbor dislikes.
- **Advice Given:** Neighbor tells her to play in her own yard.
- **Jenny’s Response:** She ignores the advice and runs away.
- **Consequence:** She is caught by her mother after hearing the neighbor’s voice.
- **Moral:** Ignoring advice leads to being caught, but she returns to the original place.

**Key Themes:**
- **Disobedience to advice**
- **Consequences of ignoring rules**
- **Return to the original situation after consequences**
- **Internal voice reminding her of the rule**

---

### **Analysis of Story B:**

- **Main Character:** Jenny, a little girl who plays with her dog.
- **Action:** She plays in her neighbor’s yard, which the neighbor dislikes.
- **Advice Given:** Neighbor tells her to play in her own yard.
- **Jenny’s Response:** She refuses to listen, thinking it’s bad luck.
- **Consequence:** She is caught by her mother after playing in her own yard.
- **Moral:** Refusing to listen to advice leads to being caught, and she is punished.

**Key Themes:**
- **Disobedience to advice**
- **Consequences of ignoring rules**
- **Refusal to listen due to personal belief**
- **Punishment for disobedience**

---

### **Comparison and Conclusion:**

- **Story 1** and **Story A** both involve:
  - A character who **ignores advice**.
  - A **consequence** for that action.
  - A **return to the original situation** after the consequence.
  - A **moral about listening to advice**.

- **Story 1** and **Story B** both involve:
  - A character who **ignores advice**.
  - A **consequence** for that action.
  - A **punishment** for disobedience.

However, **Story A** more closely mirrors **Story 1** in terms of **structure and moral**:
- Both involve a **character who ignores advice**, leading to **consequences**, and then **returns to the original situation**.
- In **Story A**, the character is **reminded of the rule** by an internal voice, which is similar to how **Morris** is reminded of the rule by his cellmate.
- In **Story B**, the character **refuses to listen** for a **personal reason**, which is less aligned with the **simple-mindedness** of Morris.

---

### ✅ **Final Answer:**
**Story A** is the better analogy to **Story 1**. Both involve a character who ignores advice, faces consequences, and returns to the original situation, with a moral about the importance of listening to others. **Story B** is less analogous because it emphasizes **refusal based on personal belief**, which is not as central to the theme of **simple-mindedness and obedience** in Story 1.
------------ Task 13 ------------
Prompt for task Task 13:
Consider the following story:

Story 1: King Otto was a warmonger who was obsessed with conquest and riches. One year he decided to rebuild all the bridges of the kingdom to make them strong enough for all his armies. Otto’s counselor, the chamberlain, complained that he was spending too much money on the bridges and not enough on actual military campaigns. Because of all the construction too many of the bridges were out of commission being worked on. Otto decided that the chamberlain was right and he abandoned the bridge project to mount a full-scale invasion of a neighboring country. Then one day when King Otto was traveling through his kingdom his carriage crashed through an unfinished bridge. He was severely injured but the mishap made it clear to him that he needed to balance his military and domestic expenditures. Also, he ordered the chamberlain to get him a new crown because the old one had gotten smashed in the crash.

Now consider two more stories:

Story A: Cornelius was an astronomer who thought about nothing but astronomy. He was obsessed with stars and galaxies. His wife Agatha complained that he was spending too much time on astronomy and not enough on maintaining his own house. As a result, the roof was gradually leaking more and more and the house was becoming almost unlivable. But Cornelius would not listen. Then, one evening when Cornelius was walking through his house, a rotten floor collapsed under his weight. Cornelius was severely injured but the accident showed him that Agatha had been right all along. He decided to try to balance his time between astronomy and maintaining his home.

Story B: Cornelius was an astronomer, with stars and galaxies always on his mind, and was gradually working on turning his home into an observatory. In the midst of this remodeling, Agatha, the wife of Cornelius, griped about Cornelius focusing too much on the house renovation (which made the house unlivable) versus his job, which was astronomy. “Agatha is right”, Cornelius thought, and he went back to thinking about nothing but astronomy. However, when Cornelius was walking through his house one evening, his weight caused a floor still under construction to collapse. His resulting severe injury made Cornelius realize that he should try to do a better job at figuring out how much time to spend on astronomy versus fixing up his house.

Which of Story A and Story B is a better analogy to Story 1? Is the best answer Story A, Story B, or both are equally analogous?

Before answering, recall 3 relevant examples, then provide your answer.

Full Qwen output (30.06 seconds): To determine which of **Story A** or **Story B** is a better analogy to **Story 1**, we need to compare the **structure, themes, and lessons** of each story. Let's first recall **three relevant examples** from the field of **narrative analogy and metaphor** that help us understand how to evaluate analogies effectively.

---

### **Relevant Examples for Evaluating Analogies**

1. **The Parable of the Prodigal Son (Biblical Story)**  
   This story uses a metaphor to illustrate themes of repentance, forgiveness, and the consequences of poor decisions. The analogy is effective because it mirrors real-life situations and provides a moral lesson through a relatable narrative.

2. **The Tortoise and the Hare (Aesop’s Fable)**  
   This fable uses a simple analogy to convey the lesson that **consistency beats speed**. The analogy is effective because it uses a clear, relatable scenario to illustrate a universal truth.

3. **The Boy Who Cried Wolf (Aesop’s Fable)**  
   This fable uses an analogy to show the consequences of dishonesty. The analogy is effective because it mirrors real-life consequences and uses a simple, memorable structure to deliver a moral.

---

### **Analysis of Story 1**

**Story 1** is about **King Otto**, who is obsessed with **military conquest** and **domestic infrastructure**. His **obsession with one domain** (military) leads to **neglect of another** (domestic infrastructure). A **consequence** (a bridge collapse) forces him to **realize the need for balance**. The story emphasizes:

- **Obsession with one goal**
- **Neglect of another important area**
- **A consequence that forces a realization**
- **A change in behavior and priorities**

---

### **Analysis of Story A**

**Story A** involves **Cornelius**, an astronomer who neglects his **home maintenance** in favor of **astronomy**. His **wife Agatha** points out the problem, but he ignores her. A **structural failure** (a collapsing floor) leads to **injury** and a **realization** that he needs to **balance his priorities**.

- **Obsession with one goal (astronomy)**
- **Neglect of another (home maintenance)**
- **A consequence (structural failure)**
- **Realization and change in behavior**

This closely mirrors **Story 1** in structure and theme.

---

### **Analysis of Story B**

**Story B** is similar to **Story A**, but with a **key difference**: Cornelius **initially listens to Agatha** and **shifts his focus** back to astronomy, only to later face a **structural failure**. The **lesson is the same**, but the **sequence of events** is different.

- **Obsession with one goal (astronomy)**
- **Neglect of another (home maintenance)**
- **A consequence (structural failure)**
- **Realization and change in behavior**

However, the **sequence** in **Story B** is **less parallel** to **Story 1**, where the **realization comes after a consequence**, not before.

---

### **Conclusion**

**Story A** is a **better analogy** to **Story 1** because it follows the **same structure and sequence of events**:

- Obsession with one domain
- Neglect of another
- Consequence (accident)
- Realization and change

**Story B**, while thematically similar, introduces a **different sequence** (Cornelius listens to Agatha before the accident), which makes it **less analogous** to **Story 1**.

---

### ✅ **Final Answer: Story A is a better analogy to Story 1.**
------------ Task 14 ------------
Prompt for task Task 14:
Consider the following story:

Story 1: Frederick the shepherd was tending his flock at the edge of a forest.  Suddenly, a lion appeared out of the forest.  Frederick was really scared so he started shouting to scare the lion away.  But the shouting did nothing but attract the lion’s attention and it began walking towards him.  He then realized he should have left it alone. To escape, Frederick gave the lion a lamb.  While the lion was occupied, he led the rest of the flock away.  Eventually, he guessed they were far enough away to be safe from the lion.  So he took a nap on the grass. However, when he awoke he noticed another lamb was missing and he could not find it anywhere!  At the next opportunity, Frederick bought a blunderbuss so he could better defend his flock in the future.

Now consider two more stories:

Story A: Zebediah, the old miser, was sitting on his back porch counting his money and he dozed off.  When he awoke he discovered that one bag of coins was missing.  He could not find the bag anywhere.  Zebediah figured that the thief was still nearby so he started yelling for whoever took the money to show his face. Suddenly, a beggar came out of the forsythia bushes and started walking towards the old man on the porch.  Zebediah was surprised and very frightened.  He wished he had left the beggar alone.  To escape, he threw a second bag of coins to the beggar.  While the beggar was occupied, Zebediah took the last few bags of money into the house and locked the door!

Story B: Zebediah, the old miser, was sitting on his back porch counting his money. Zebediah was startled and scared when he saw the forsythia bushes move and a beggar emerge from them.  “Go away,” said Zebediah loudly.  This made the beggar look at him and start to make his way to the old miser.  “I shouldn’t have said anything,” Zebediah thought, “and I need to run away,” as he threw a bag of coins to the beggar.  The beggar grabbed for the bag, and Zebediah took the opportunity to run into the house and lock the door, hugging his last few bags of money.  Zebediah was able to fall asleep, since he figured that the beggar wouldn’t be able to get in.  But later, after getting up, he counted his bags again and one was gone, even though the door was still locked.

Which of Story A and Story B is a better analogy to Story 1? Is the best answer Story A, Story B, or both are equally analogous?

Before answering, recall 3 relevant examples, then provide your answer.

Full Qwen output (34.86 seconds): To determine which of **Story A** or **Story B** is a better analogy to **Story 1**, we need to compare the **structure, themes, and outcomes** of the three stories. Let's first recall **three relevant examples** from the field of **narrative structure and analogy** that will help us analyze this.

---

### **Relevant Examples from Narrative Structure and Analogy**

1. **The "Problem-Solution" Structure**  
   In many stories, especially fables and parables, the narrative follows a **problem-solution** pattern. The protagonist faces a threat, takes an action, and either succeeds or fails based on that action. This structure is central to **Story 1**, where Frederick faces a lion, takes action (gives a lamb), and then faces a new problem (a missing lamb). The same structure is present in both **Story A** and **Story B**, where Zebediah faces a thief, takes action (throws coins), and then faces a new problem (a missing bag of coins).

2. **The "Unexpected Consequence" Theme**  
   A key theme in **Story 1** is the **unexpected consequence** of Frederick’s action. He gives the lion a lamb to escape, but this leads to a new problem (a missing lamb). This theme of **action leading to unintended consequences** is also present in **Story A** and **Story B**, where Zebediah’s action of throwing coins leads to a new problem (a missing bag of coins). However, in **Story B**, the consequence is **more ambiguous**—the bag is missing even though the door is locked, suggesting a **mystery or hidden threat**.

3. **The "Moral" or "Lesson" in the Story**  
   In **Story 1**, the moral is that **interfering with a situation can lead to unintended consequences**. In **Story A**, the moral is similar: **don’t provoke or engage with a threat**, as it can lead to more problems. In **Story B**, the moral is slightly different: **even when you take precautions, you may still be vulnerable**, or **the threat may be more clever than you think**. This makes **Story A** more aligned with the moral of **Story 1**.

---

### **Analysis of Story A vs. Story B in Relation to Story 1**

Let’s now compare **Story A** and **Story B** to **Story 1** based on the above examples.

#### **Story A**:
- **Structure**: Problem (missing bag) → Action (throwing coins) → New problem (missing bag again).
- **Theme**: Interfering with a threat leads to more problems.
- **Moral**: Don’t provoke or engage with a threat.
- **Outcome**: Zebediah is safe, but the thief is still nearby and has taken more.

#### **Story B**:
- **Structure**: Problem (missing bag) → Action (throwing coins) → New problem (missing bag again).
- **Theme**: Even when you take precautions, you may still be vulnerable.
- **Moral**: Be cautious, as threats can be more clever than expected.
- **Outcome**: Zebediah is safe, but the thief is still nearby and has taken more.

#### **Comparison to Story 1**:
- **Story 1** has a **clear moral** about **not interfering** with a threat.
- **Story A** mirrors this moral more closely, as it shows that **interfering with the threat (the beggar) leads to more problems**.
- **Story B** introduces **uncertainty** (the bag is missing even though the door is locked), which makes the **moral less clear** and the **analogy less direct**.

---

### **Conclusion**

**Story A** is a **better analogy** to **Story 1** because it:
- Follows the same **problem-solution structure**.
- Shares the **theme of unintended consequences** from interference.
- Matches the **moral** of not provoking a threat.
- Has a **clearer outcome** and **more direct analogy** to the events in Story 1.

**Story B**, while similar in structure, introduces **uncertainty** and a **less clear moral**, making it a **less direct analogy**.

---

### ✅ **Final Answer: Story A is a better analogy to Story 1.**
------------ Task 15 ------------
Prompt for task Task 15:
Consider the following story:

Story 1: Mark the chicken farmer was standing in the henhouse collecting eggs while his chickens were out in the yard. When his chickens returned, they all began to attack him, for some unknown reason. “You ungrateful beasts!” Mark screamed. The chickens chased him out of the henhouse and into the woods. While they were gone, a thief slipped into the yard and made off with the unguarded eggs. After he got out of the hospital, Mark quit chicken farming and went on a vacation in Africa.

Now consider two more stories:

Story A: A tidal wave hit a girl scout camp on the beach while everyone was away and washed away all of the sleeping bags. A short time later, Linda, the camp director, came back and discovered the tragedy. She stood on the beach thinking about what to do. While she was thinking, the girl scouts returned from hiking in the hills. Since they could not find their sleeping bags they attacked their director. What’ll we do now? Where will we sleep?...they said. “Why do you pester me when I am racking my brain to figure out what we are going to do?” the camp director screamed as she ran down the road. “Show a little appreciation!”

Story B: Linda, the director of a girl scout camp, was thinking about the camp on the beach.  At the same time, all the girls were hiking in the hills nearby. While Linda was standing there she found herself pestered by the girl scouts showing up and asking questions about what was for dinner, could they go swimming, and so on. “Why do you pester me when I am racking my brain to figure out what we’re going to do?  Show a little appreciation!” Linda screamed as she ran off the beach and down the road. The scouts followed her, still yelling. A tidal wave hit the beach a short time later, washing away all the sleeping bags.

Which of Story A and Story B is a better analogy to Story 1? Is the best answer Story A, Story B, or both are equally analogous?

Before answering, recall 3 relevant examples, then provide your answer.

Full Qwen output (35.79 seconds): To determine which of **Story A** or **Story B** is a better analogy to **Story 1**, we need to compare the **structure, cause-effect relationships, and the sequence of events** in each story. Let's first recall **three relevant examples** from the field of **narrative structure and analogy** that will help us analyze this.

---

### **Relevant Examples:**

1. **The "Unexpected Consequence" Pattern**  
   In many stories, an event occurs that leads to an unexpected outcome. For example, in *The Three Little Pigs*, the wolf's actions (trying to blow down the houses) lead to an unexpected consequence (the pigs outsmarting him). This pattern is similar to **Story 1**, where the chickens attack Mark, and then a thief takes advantage of the situation. The sequence of events is **causal and sequential**, with an **unexpected consequence** following the initial action.

2. **The "Misunderstanding or Misdirected Reaction" Pattern**  
   In *The Boy Who Cried Wolf*, the boy's repeated false alarms lead to a situation where no one believes him when a real wolf appears. This is similar to **Story A**, where Linda is being pestered by the scouts while she is trying to think of a solution, and then a tidal wave hits. The **misdirected reaction** (the scouts asking questions instead of being concerned about the wave) leads to an **unexpected consequence**.

3. **The "Causal Chain" Pattern**  
   In *The Tale of Peter Rabbit*, Peter's actions (disobeying his mother) lead to a series of consequences (getting caught, being punished, etc.). This is similar to **Story B**, where Linda is being pestered by the scouts, and then a tidal wave hits. The **causal chain** is **not clearly sequential**—the tidal wave happens after the pestered reaction, but it's not directly caused by it. This makes the **causal relationship less clear** than in Story A.

---

### **Analysis of Story 1:**

- **Mark** is attacked by his chickens.
- He is chased out of the henhouse.
- While he is away, a **thief takes advantage** of the unguarded eggs.
- Mark is **injured**, and this leads to him **quitting his job** and **going on vacation**.

This story has a **clear sequence of events** with a **causal chain**: the chickens attack → Mark is chased out → thief takes eggs → Mark is injured → Mark quits.

---

### **Analysis of Story A:**

- A **tidal wave** hits the camp, washing away sleeping bags.
- **Linda** returns and discovers the tragedy.
- While she is thinking, the **girls return** and **attack** her.
- She screams at them, and they ask questions about what to do.

This story has a **clear sequence** of events, but the **causal chain is less direct**. The tidal wave happens **before** the girls return, and the girls' attack is **not a direct consequence** of the tidal wave. However, the **girls' attack is a reaction to Linda's stress**, which is similar to the **chickens attacking Mark** in Story 1.

---

### **Analysis of Story B:**

- Linda is **thinking** about the camp.
- The **girls are hiking** nearby.
- While Linda is thinking, the **girls pester** her.
- She screams at them.
- A **tidal wave hits** the beach, washing away the sleeping bags.

This story has a **less clear causal chain**. The tidal wave is **not a direct consequence** of the girls' pestered behavior. The **sequence is reversed** compared to Story 1, and the **cause-effect relationship is not as clear**.

---

### **Conclusion:**

- **Story A** is **more analogous** to **Story 1** because both have a **clear sequence of events**, with an **initial event** (tidal wave or chickens attacking), a **reaction** (girls attacking or Mark being chased), and an **unexpected consequence** (girls asking questions or thief taking eggs).
- **Story B** has a **less clear causal chain**, and the **tidal wave is not a direct consequence** of the girls' actions, making it **less analogous** to Story 1.

---

### ✅ **Final Answer: Story A is a better analogy to Story 1.**
------------ Task 16 ------------
Prompt for task Task 16:
Consider the following story:

Story 1: Two pioneers, Smith and Johnson, discovered a gorgeous little valley that was as yet unclaimed in Oregon Territory.  Each of them wanted the land for himself, so soon they were fighting over who saw it first. While they were fighting over it, Sheriff Jones came along and divided the land evenly between them.  In the end, Smith and Johnson realized that they should have done that on their own.  From that day forward they were the best of friends, and they helped build each others’ houses.

Now consider two more stories:

Story A: Betty and Norma were walking towards each other, when they simultaneously discovered a twenty dollar bill on the floor.  Both of them wanted the money so soon they were arguing desperately over who saw it first. Betty and Norma realized—only after Lee came along, that they should have just divided it up, because that was precisely what Lee did for them, giving them each half.

Story B: Betty and Norma were walking towards each other when they simultaneously discovered a twenty dollar bill on the floor.  Both of them wanted the money so soon they were arguing desperately over who saw it first. While they were busy arguing over the money, Lee came along and took it herself.  By the time Betty and Norma realized they should just divide it up, it was too late.

Which of Story A and Story B is a better analogy to Story 1? Is the best answer Story A, Story B, or both are equally analogous?

Before answering, recall 3 relevant examples, then provide your answer.

Full Qwen output (28.88 seconds): To determine which of **Story A** or **Story B** is a better analogy to **Story 1**, we need to compare the **structure, outcome, and moral** of each story. Let's first recall **three relevant examples** that help clarify the concept of **analogous situations** and **moral lessons**.

---

### **Relevant Examples:**

1. **The Parable of the Two Brothers (Bible):**  
   Two brothers argue over a piece of land, and a wise man intervenes and divides it fairly. The brothers later realize that they should have done this themselves, and they become reconciled.  
   **Moral:** A third party can help resolve conflict and lead to mutual benefit.

2. **The Story of the Two Travelers and the Bridge (Aesop’s Fables):**  
   Two travelers argue over who should cross a bridge first. A third traveler intervenes and helps them both cross.  
   **Moral:** A neutral third party can mediate and help resolve conflict.

3. **The Tale of the Two Friends and the Treasure (Folklore):**  
   Two friends find a treasure and argue over who found it first. A third person intervenes and divides the treasure. The friends later realize they should have done this themselves and become closer.  
   **Moral:** A third party can help resolve conflict and strengthen relationships.

---

### **Comparison of Stories:**

#### **Story 1:**
- **Conflict:** Smith and Johnson argue over who saw the land first.
- **Resolution:** Sheriff Jones intervenes and divides the land.
- **Outcome:** They realize they should have done it themselves and become friends.
- **Moral:** A third party can help resolve conflict and lead to mutual benefit and friendship.

#### **Story A:**
- **Conflict:** Betty and Norma argue over who saw the money first.
- **Resolution:** Lee intervenes and divides the money.
- **Outcome:** They realize they should have done it themselves.
- **Moral:** A third party can help resolve conflict and lead to mutual benefit.

#### **Story B:**
- **Conflict:** Betty and Norma argue over who saw the money first.
- **Resolution:** Lee takes the money and leaves.
- **Outcome:** They realize they should have done it themselves, but it's too late.
- **Moral:** A third party can take advantage of a conflict, leading to loss and regret.

---

### **Analysis:**

- **Story A** mirrors **Story 1** in that a **third party (Lee)** intervenes and **fairly divides the resource**, leading to **mutual benefit and reconciliation**. This aligns with the **moral** and **structure** of Story 1, where the third party helps resolve the conflict and strengthens the relationship.

- **Story B**, on the other hand, diverges from Story 1. In Story B, the third party **does not mediate or divide the resource fairly**—instead, they **take it for themselves**, which leads to **loss and regret**. This is not analogous to Story 1, where the third party **helps** and **strengthens** the relationship.

---

### **Conclusion:**

**Story A** is the better analogy to **Story 1**, as both involve a **third party intervening to fairly divide a shared resource**, leading to **mutual benefit and reconciliation**. **Story B** diverges in that the third party **takes the resource** rather than **helping to divide it**, making it a less accurate analogy.

### ✅ **Final Answer: Story A is a better analogy to Story 1.**
------------ Task 17 ------------
Prompt for task Task 17:
Consider the following story:

Story 1: Once there was a teacher named Mrs. Jackson who wanted a salary increase. One day, the principal said that he was increasing his own salary by 20 percent. However, he said, there was not enough money to give the teachers a salary increase. When Mrs. Jackson heard this she became so angry that she decided to take revenge. The next day, Mrs. Jackson used gasoline to set fire to the principal’s office. Then she went to a bar and got drunk.

Now consider two more stories:

Story A: McGhee was a sailor who wanted a few days of vacation on land. One day McGhee became so impatient that he tried to blow up the captain’s cabin using dynamite. After this incident, the captain announced that he would be taking a vacation in the mountains. However, he said, everyone else would have to remain on board to repair the ship.

Story B: The captain of a ship announced that he would be taking a vacation in the mountains. McGhee was a sailor on that ship who himself wanted a few days of vacation on land. The captain made McGhee upset by requiring everyone else to remain on the ship.  The cabin of the captain was blown up by McGhee, who wanted to get back at the captain.

Which of Story A and Story B is a better analogy to Story 1? Is the best answer Story A, Story B, or both are equally analogous?

Before answering, recall 3 relevant examples, then provide your answer.

Full Qwen output (37.08 seconds): To determine which of **Story A** or **Story B** is a better analogy to **Story 1**, we need to compare the **structure, cause-effect relationships, and motivations** in each story. Let's first recall **three relevant examples** from legal or logical reasoning that help us understand analogies and cause-effect relationships.

---

### **Relevant Examples:**

1. **The "Butterfly Effect" in Causality**  
   This concept illustrates how a small change can lead to large, unpredictable effects. In analogy, it helps us understand how a minor action (like a teacher's anger) can lead to a major consequence (like arson).

2. **The "Chain of Events" in Legal Reasoning**  
   In legal cases, the sequence of events is crucial. For example, in a case of intentional harm, the court examines whether the defendant's actions were directly caused by a specific motive, and whether the consequences were foreseeable.

3. **The "Narrative Structure" in Legal Analogies**  
   In legal reasoning, analogies are often evaluated based on how well they match the **sequence of events**, **intent**, and **consequences**. A good analogy must preserve the **causal chain** and **motive**.

---

### **Analysis of Story 1:**

- **Main Character:** Mrs. Jackson (a teacher)
- **Desire:** Salary increase
- **Trigger:** Principal announces his own salary increase but denies teachers'
- **Reaction:** Mrs. Jackson becomes angry and takes revenge
- **Action:** Sets fire to the principal’s office
- **Consequence:** Gets drunk

**Key Elements:**
- **Motive:** Discontent with salary
- **Action:** Violent retaliation
- **Consequence:** Criminal act and personal downfall

---

### **Analysis of Story A:**

- **Main Character:** McGhee (a sailor)
- **Desire:** Vacation on land
- **Trigger:** Captain announces his own vacation but requires others to stay
- **Reaction:** McGhee becomes impatient and blows up the captain’s cabin
- **Consequence:** Captain takes vacation, others remain on board

**Key Elements:**
- **Motive:** Impatience and desire for vacation
- **Action:** Violent retaliation
- **Consequence:** Captain’s vacation, others remain on board

---

### **Analysis of Story B:**

- **Main Character:** McGhee (a sailor)
- **Desire:** Vacation on land
- **Trigger:** Captain requires others to stay on board
- **Reaction:** McGhee becomes upset
- **Action:** Blows up the captain’s cabin
- **Consequence:** Captain takes vacation, others remain on board

**Key Elements:**
- **Motive:** Upset due to being forced to stay
- **Action:** Violent retaliation
- **Consequence:** Same as in Story A

---

### **Comparison with Story 1:**

- **Story 1** involves a **teacher** who is **discontent** with a **salary decision**, leading to **violent retaliation** (arson), followed by **personal consequences** (drunkenness).
- **Story A** involves a **sailor** who is **impatient** with a **vacation decision**, leading to **violent retaliation** (bombing), followed by **consequences** (captain’s vacation).
- **Story B** involves a **sailor** who is **upset** by a **vacation decision**, leading to **violent retaliation** (bombing), followed by **consequences** (captain’s vacation).

---

### **Which is a Better Analogy?**

- **Story A** closely mirrors **Story 1** in terms of **sequence of events**, **motive**, and **consequence**:
  - Both involve a **person who is denied a desired outcome**.
  - Both involve **impatience or anger** leading to **violent retaliation**.
  - Both result in **consequences** that affect the **authority figure** (principal vs. captain).

- **Story B** is **less clear** in its **cause-effect relationship**. It is more **descriptive** than **causal**, and the **motive** is less directly tied to the **action**. It lacks the **clear sequence** and **emotional trigger** that is present in Story A.

---

### ✅ **Final Answer:**

**Story A is a better analogy to Story 1.**

It preserves the **sequence of events**, **motive**, and **consequence** more accurately than Story B. Story B is more descriptive and lacks the **causal clarity** that makes Story A a stronger analogy.
------------ Task 18 ------------
Prompt for task Task 18:
Consider the following story:

Story 1: A cobra called Pierre was slithering through the brush when a falcon came towards it.  Pierre became frightened and struck, wounding the falcon in the abdomen.  To teach him a lesson, the falcon grabbed the cobra and flew away with it. Unfortunately for both of them, after they were high above the earth the wounded falcon became too weak to fly.  Consequently, they plummeted straight down to the earth and perished.  They landed, strangely enough, in the middle of an outdoor wedding ceremony.

Now consider two more stories:

Story A: Young Gene was walking home from school when he met a policeman.  Suddenly, the policeman grabbed him and drove away with him. Once they got onto the freeway, Gene panicked and hit the policeman in the side of the head.  Unfortunately, the policeman became too dizzy to drive.  Consequently, they ran off the road and died when they hit a wall.

Story B: On his way home from school, Young Gene panicked as he was approached by a policeman.  Gene hit the policeman’s side of the head.  Gripping Gene’s arm, the policeman drove away with him, in order to set Gene straight. Once they were on the road, unfortunately, the policeman felt dizzy and wasn’t able to drive, and ran the car off the road. The policeman and Gene died when they hit a wall.

Which of Story A and Story B is a better analogy to Story 1? Is the best answer Story A, Story B, or both are equally analogous?

Before answering, recall 3 relevant examples, then provide your answer.

Full Qwen output (41.18 seconds): To determine which of **Story A** or **Story B** is a better analogy to **Story 1**, we need to compare the **structure, cause-and-effect relationships, and the moral or thematic elements** of the stories.

---

### **Step 1: Recall 3 Relevant Examples of Analogies**

1. **Analogies in Literature**: In literature, analogies often involve **similar cause-and-effect sequences** and **moral lessons**. For example, in *Aesop's Fables*, the story of the **Hare and the Tortoise** uses a similar structure: a character acts impulsively, faces consequences, and learns a lesson.

2. **Legal Analogies**: In legal reasoning, analogies are used to compare **similar situations** to determine if a precedent applies. For instance, if a case involves a person causing harm to a law enforcement officer, it may be compared to another case where a similar act led to a similar outcome.

3. **Philosophical Analogies**: Philosophers often use analogies to compare **ethical dilemmas**. For example, the **Trolley Problem** is an analogy used to explore moral decision-making in different scenarios.

---

### **Step 2: Compare Story 1 with Story A and Story B**

#### **Story 1 Summary**:
- A **cobra (Pierre)** is attacked by a **falcon**.
- The cobra **attacks back**, wounding the falcon.
- The falcon **carries the cobra** away.
- The falcon becomes **too weak** to fly.
- They **fall to their death**.
- They land in the **middle of a wedding**.

**Key Elements**:
- **Animals** as characters.
- **Aggression** and **retribution**.
- **Unintended consequence** (falling to death).
- **Unexpected setting** (wedding).

#### **Story A Summary**:
- **Gene** is grabbed by a **policeman**.
- Gene **attacks** the policeman.
- The policeman becomes **dizzy**.
- They **crash** and **die**.

**Key Elements**:
- **Humans** as characters.
- **Aggression** and **retribution**.
- **Unintended consequence** (crashing).
- **No unexpected setting**.

#### **Story B Summary**:
- Gene **panics** and **attacks** the policeman.
- The policeman **grabs Gene** and **drives away**.
- The policeman becomes **dizzy**.
- They **crash** and **die**.

**Key Elements**:
- **Humans** as characters.
- **Aggression** and **retribution**.
- **Unintended consequence** (crashing).
- **More detailed cause-and-effect** (policeman "drives away to set Gene straight").

---

### **Step 3: Evaluate Which Story is a Better Analogy to Story 1**

#### **Similarities**:
- Both **Story 1** and **Story A** involve:
  - A **character** (animal or human) **attacking** another.
  - The **attacker** causing **injury**.
  - The **injured party** taking the **attacker** away.
  - The **injured party** becoming **unable to continue**.
  - A **fatal accident** resulting from the **inability to continue**.

- Both **Story 1** and **Story B** involve:
  - A **character** (animal or human) **attacking** another.
  - The **attacker** causing **injury**.
  - The **injured party** taking the **attacker** away.
  - The **injured party** becoming **unable to continue**.
  - A **fatal accident** resulting from the **inability to continue**.

#### **Differences**:
- **Story 1** involves **animals**, while **Stories A and B** involve **humans**.
- **Story 1** has an **unexpected setting** (wedding), which is **absent** in **Stories A and B**.
- **Story B** has a **more detailed cause-and-effect** (policeman "drives away to set Gene straight"), which is **closer** to the **moral or thematic structure** of **Story 1** (the falcon taking the cobra away to teach it a lesson).

---

### **Conclusion**

While **both** **Story A** and **Story B** share structural similarities with **Story 1**, **Story B** is a **better analogy** because it more closely mirrors the **cause-and-effect sequence** and **moral intent** of **Story 1**.

- **Story B** includes the **policeman taking Gene away to "set him straight"**, which is analogous to the **falcon taking the cobra away to teach it a lesson**.
- **Story B** also includes a **more detailed sequence of events**, which better reflects the **narrative flow** of **Story 1**.

---

### ✅ **Final Answer: Story B is a better analogy to Story 1.**
Total time for full run: 679.06 seconds.
