============================================================================================== 
Warning! Mixing Conda and module environments may lead to corruption of the
user environment. 
We do not recommend users mixing those two environments unless absolutely
necessary. Note that 
SURF does not provide any support for Conda environment.
For more information, please refer to our software policy page:
https://servicedesk.surf.nl/wiki/display/WIKI/Software+policy+Snellius#SoftwarepolicySnellius-UseofAnacondaandMinicondaenvironmentsonSnellius 

Remember that many packages have already been installed on the system and can
be loaded using 
the 'module load <package__name>' command. If you are uncertain if a package is
already available 
on the system, please use 'module avail' or 'module spider' to search for it.
============================================================================================== 
Loading model Qwen/Qwen3-8B...
GPU memory available: 39.49 GB
`torch_dtype` is deprecated! Use `dtype` instead!
Flash Attention 2 not available (FlashAttention2 has been toggled on, but it cannot be used due to the following error: the package flash_attn seems to be not installed. Please refer to the documentation of https://huggingface.co/docs/transformers/perf_infer_gpu_one#flashattention-2 to install Flash Attention 2.), using default attention
Loading checkpoint shards:   0%|          | 0/5 [00:00<?, ?it/s]Loading checkpoint shards:  20%|██        | 1/5 [00:04<00:17,  4.28s/it]Loading checkpoint shards:  40%|████      | 2/5 [00:08<00:12,  4.32s/it]Loading checkpoint shards:  60%|██████    | 3/5 [00:12<00:08,  4.31s/it]Loading checkpoint shards:  80%|████████  | 4/5 [00:16<00:03,  3.98s/it]Loading checkpoint shards: 100%|██████████| 5/5 [00:17<00:00,  3.03s/it]Loading checkpoint shards: 100%|██████████| 5/5 [00:17<00:00,  3.55s/it]
Model loaded with default attention
Model device: cuda:0
GPU memory allocated: 15.26 GB, reserved: 15.28 GB
Model loaded. Loading tokenizer...
Model Qwen/Qwen3-8B and tokenizer loaded.
Generating responses with model Qwen/Qwen3-8B...
------------ Task 1 ------------
Prompt for task Task 1:
Consider the following story:

Story 1: William was a patient in a psychiatric hospital who was confined indoors almost all the time. He could never pass the monthly room inspections so he hated them. He spent most of his time daydreaming about food. A few days before the April inspection William’s room was still a mess since he had done nothing but daydream. To provide William with an incentive, the nurse promised him some gingerbread from the cookie shop if he scrubbed his room and put it in order once and for all. William was overjoyed. But there was no longer enough time for him to put it in order. As a result, he did not pass the inspection and did not get any gingerbread. William sulked all day and slammed his door so hard the plaster cracked, but he still didn’t get any gingerbread.

Now consider two more stories:

Story A: Karen disliked high school so she always had trouble getting passing grades in her classes. Vacations were her favorite part of the school year. Not long before the end of her fourth year of school, Karen was not doing well at all because she despised school. To motivate her, Karen’s father promised her a trip to Hawaii if she would just pass enough of her classes to graduate. This made Karen extremely happy. During the last few weeks of school she spent most of her time dreaming about Hawaii and preparing for her trip there. Consequently, she failed to graduate and she did not get to go.

Story B: Karen always did poorly in high school so she despised it. But she loved vacations. She spent most of her time dreaming about going to Hawaii. Not long before the end of her fourth year Karen was not doing at all well in her classes because she had spent all her time daydreaming. To motivate her, Karen’s father promised her that if she did well enough during the next few weeks to graduate from high school he would pay for her trip to Hawaii. This made Karen extremely happy. But she was too far behind in her classes. Consequently she failed too many and did not go to Hawaii.

Which of Story A and Story B is a better analogy to Story 1? Is the best answer Story A, Story B, or both are equally analogous?

Before answering, recall 3 relevant examples, then provide your answer.

The following generation flags are not valid and may be ignored: ['temperature', 'top_k']. Set `TRANSFORMERS_VERBOSITY=info` for more details.
Full Qwen output (41.65 seconds): To determine which of **Story A** or **Story B** is a better analogy to **Story 1**, we need to compare the **structure, motivation, and outcome** of each story. Let's first recall **three relevant examples** from psychology and behavioral science that are related to **incentives, motivation, and the failure to achieve goals**.

---

### **Relevant Examples:**

1. **The Marshmallow Experiment (Walter Mischel, 1960s):**  
   Children were given the choice between one marshmallow immediately or two marshmallows if they waited 15 minutes. Those who waited were more likely to achieve long-term success. This experiment highlights **delayed gratification** and the **trade-off between immediate and long-term rewards**.

2. **The Pigeon Experiment (Skinner, 1938):**  
   Pigeons were trained to peck a key to receive food. Over time, they learned to associate the action with the reward. This is a classic example of **operant conditioning** and how **rewards can shape behavior**.

3. **The Stanford Prison Experiment (Zimbardo, 1971):**  
   This experiment demonstrated how **environmental and situational factors** can influence behavior, often leading to **unintended consequences** when individuals are placed in roles or systems that encourage certain behaviors.

---

### **Analysis of Story 1:**

- **William** is in a **psychiatric hospital**, confined indoors, and **hates room inspections**.
- He **daydreams about food**, indicating a **lack of motivation** or **disengagement**.
- A **nurse offers a reward (gingerbread)** to motivate him to clean his room.
- He is **overjoyed** by the reward, but **fails to clean in time**, and **fails the inspection**.
- He **does not get the reward**, and **feels defeated**.

**Key elements:**
- **Intrinsic motivation** is low (he daydreams instead of cleaning).
- **Extrinsic motivation** is introduced (gingerbread).
- The **reward is not given**, and the **goal is not achieved**.
- The **failure is due to a lack of time or effort**, not the reward itself.

---

### **Analysis of Story A:**

- **Karen** dislikes high school and **fails to do well**.
- She **dreams about Hawaii**, indicating **daydreaming** and **lack of focus**.
- Her **father offers a reward (trip to Hawaii)** to motivate her to graduate.
- She is **happy** and **dreams about the reward**, but **fails to graduate**.
- She **does not get the reward**.

**Key elements:**
- Similar to Story 1: **daydreaming**, **lack of motivation**, **reward offered**, **failure to achieve the goal**, and **no reward**.
- The **reward is not given**, and the **goal is not achieved**.
- The **failure is due to lack of effort or time**, not the reward itself.

---

### **Analysis of Story B:**

- **Karen** again dislikes high school and **fails to do well**.
- She **dreams about Hawaii** and **spends time daydreaming**.
- Her **father offers a reward (trip to Hawaii)** to motivate her to graduate.
- She is **happy** and **dreams about the reward**, but **fails to graduate**.
- She **does not get the reward**.

**Key elements:**
- Similar to Story A, but with a **slight difference** in the **reason for failure**.
- In Story B, it's stated that **Karen was "too far behind in her classes"**, which implies that the **failure is due to a lack of prior progress**, not just daydreaming.
- This introduces a **different cause** for failure (lack of prior effort) compared to Story A (lack of effort during the final period).

---

### **Comparison:**

| Feature | Story 1 | Story A | Story B |
|--------|--------|--------|--------|
| Intrinsic motivation | Low (daydreams) | Low (daydreams) | Low (daydreams) |
| Extrinsic motivation | Offered (gingerbread) | Offered (trip) | Offered (trip) |
| Goal | Clean room | Graduate | Graduate |
| Failure reason | Not enough time | Not enough effort | Too far behind |
| Reward given? | No | No | No |
| Similarity to Story 1 | High | High | Moderate |

---

### **Conclusion:**

**Story A** is the **better analogy** to **Story 1**. Both involve:

- A person with **low intrinsic motivation** (daydreaming instead of working).
- An **extrinsic reward** offered to motivate them.
- The **reward is not given** because the **goal is not achieved**.
- The **failure is due to lack of effort or time**, not the reward itself.

**Story B** is **similar**, but it introduces a **different cause for failure** (being too far behind), which slightly changes the analogy.

---

### ✅ **Final Answer: Story A** is the better analogy to Story 1.
------------ Task 2 ------------
Prompt for task Task 2:
Consider the following story:

Story 1: Mr. Newton was the manager of a company that made razors. One year, an inventor in his company perfected a metal that would stay sharper than any previous razor. However, not long after that, Mr. Newton was using one of these new razors and he cut his neck rather severely. As a result of this incident the inventor recommended a safety feature that would protect people from injuring themselves. After what had happened, Mr. Newton considered the safety feature absolutely necessary. The incident had alarmed him so much that he began to produce the safety razor right away. Luckily, his neck did not get infected so everything was alright.

Now consider two more stories:

Story A: Ms. Boyce was in charge of installing sun lamps sold by Smith Tan Company. In 1980, a supplier for the company perfected a filament that could produce more intense heat than any previous filament. Because it was so hot, the supplier recommended a warning label that would protect people from hurting themselves with the new lamp. But Mrs. Boyce considered the labels unnecessary. It would be too much trouble to make them. But later, when she was using one of these new heat lamps herself, she was seriously burned. After this accident she was so frightened that she had the warning labels printed immediately.

Story B: Ms. Boyce was in charge of installing heat lamps sold by the Smith Tan Company. In 1980, a supplier for the company perfected a filament that could produce more intense heat than any previous filament. But later, when Ms. Boyce was using one of these new heat lamps herself she was seriously burned. Because of this accident the supplier recommended a warning label that would protect people from hurting themselves with the new lamp. After this, Ms. Boyce considered the labels absolutely necessary. The accident frightened her so much that she had the labels printed immediately.

Which of Story A and Story B is a better analogy to Story 1? Is the best answer Story A, Story B, or both are equally analogous?

Before answering, recall 3 relevant examples, then provide your answer.

Full Qwen output (25.75 seconds): To determine which of **Story A** or **Story B** is a better analogy to **Story 1**, we need to compare the **structure, cause-effect relationship, and the role of the incident in prompting a change** in both stories.

---

### **Relevant Examples from Psychological and Behavioral Science**

1. **The "Cognitive Dissonance" Theory (Festinger, 1957)**  
   This theory suggests that people experience discomfort when their beliefs or actions conflict with new information. In both Story 1 and Story A, the incident (injury) creates a conflict between the person's initial belief (that the product was safe) and the new reality (that it was dangerous). This dissonance leads to a change in behavior or belief.

2. **The "Incident-Driven Change" Model (Kahneman, 2011)**  
   This model highlights how personal experience, especially negative ones, can lead to significant behavioral or policy changes. In both stories, the personal injury leads to a change in behavior (implementing a safety feature or warning label), which aligns with this model.

3. **The "Narrative Transportation" Theory (Green & Brock, 2000)**  
   This theory suggests that people are more likely to be influenced by stories that are emotionally engaging and relatable. Both stories involve a personal injury and a subsequent change in behavior, making them emotionally engaging and thus more likely to be seen as analogous.

---

### **Comparison of Story 1 with Story A and Story B**

#### **Story 1 Summary:**
- Mr. Newton is a manager.
- A new razor is developed that is sharper.
- He gets injured using the new razor.
- The inventor recommends a safety feature.
- Mr. Newton is alarmed and implements the safety feature immediately.

#### **Story A Summary:**
- Ms. Boyce is in charge of installing sun lamps.
- A new filament is developed that produces more intense heat.
- The supplier recommends a warning label.
- Ms. Boyce initially considers the label unnecessary.
- She gets burned using the new lamp.
- She is frightened and implements the warning label immediately.

#### **Story B Summary:**
- Ms. Boyce is in charge of installing heat lamps.
- A new filament is developed that produces more intense heat.
- She gets burned using the new lamp.
- The supplier recommends a warning label.
- She is frightened and implements the warning label immediately.

---

### **Key Differences Between Story A and Story B**

- **Story A** includes a **pre-incident attitude** (Ms. Boyce considers the label unnecessary), which is **not present in Story 1**.
- **Story B** mirrors **Story 1** more closely in terms of **sequence of events**:
  - A new product is developed.
  - The user is injured.
  - A recommendation is made for a safety feature.
  - The user is alarmed and implements the safety feature.

---

### **Conclusion**

**Story B** is the better analogy to **Story 1** because it follows the same **sequence of events** and **cause-effect relationship**. In both stories, the **personal injury leads to a change in behavior** (implementation of a safety feature), and the **incident is the catalyst** for that change.

**Answer: Story B is a better analogy to Story 1.**
------------ Task 3 ------------
Prompt for task Task 3:
Consider the following story:

Story 1: Joseph was a millionaire who hired a chauffeur to drive his Rolls-Royce. He used to brag to his wife that he would never be late for his conferences since he had hired a chauffeur. One morning when he was in a great hurry, he went to find the chauffeur. But he was asleep. He thought his services would not be needed that day. Thus Joseph was very late for his conference after all. To make sure this would not happen again, Joseph hired a second chauffeur. This turned out to be very expensive because the second chauffeur wanted a fancy uniform as well as a high salary.

Now consider two more stories:

Story A: Many years ago there was a man named Alexander who had two wives living in two houses: He liked to boast to a friend that with his two wives he would always eat well. One day when he was very hungry, Alexander went to his first wife. But she had only prepared enough for herself and their baby. She thought Alexander would eat with his other wife that day. Alexander then went to his second wife, but found she had already finished. She saw him go to the other house so she thought he was eating there. Thus Alexander went without any dinner at all.

Story B: Alexander was a man who lived with his wife in his house a long time ago. He liked to boast to a friend that with his wife at home he would always eat well. One day, when he was very hungry, Alexander went home to his wife. But she thought Alexander would be eating someplace else so she had only prepared enough for herself and their baby. Thus Alexander went without dinner. But to make sure he would not go hungry again, Alexander married a second wife.

Which of Story A and Story B is a better analogy to Story 1? Is the best answer Story A, Story B, or both are equally analogous?

Before answering, recall 3 relevant examples, then provide your answer.

Full Qwen output (34.14 seconds): To determine which of **Story A** or **Story B** is a better analogy to **Story 1**, we need to compare the **structure, cause, and resolution** of the stories. Let's first recall **three relevant examples** of analogies and then analyze the stories accordingly.

---

### **Relevant Examples of Analogies**

1. **The Parable of the Talents (Matthew 25:14–30)**  
   - **Structure**: A man entrusts his servants with talents (money) before going on a journey.  
   - **Cause**: The servants use the talents wisely, while one buries his.  
   - **Resolution**: The wise servants are rewarded, the foolish one is punished.  
   - **Analogy**: This story is about **responsibility and reward**, not about **over-preparation or redundancy**.

2. **The Parable of the Prodigal Son (Luke 15:11–32)**  
   - **Structure**: A son leaves home, squanders his inheritance, and returns.  
   - **Cause**: The son’s wastefulness leads to hardship.  
   - **Resolution**: The father forgives him.  
   - **Analogy**: This is about **repentance and forgiveness**, not about **redundancy or over-preparation**.

3. **The Parable of the Unforgiving Servant (Matthew 18:21–35)**  
   - **Structure**: A servant is forgiven a large debt but refuses to forgive a smaller debt owed to him.  
   - **Cause**: The servant’s unforgiving nature leads to punishment.  
   - **Resolution**: The servant is thrown into prison.  
   - **Analogy**: This is about **forgiveness and justice**, not about **redundancy or over-preparation**.

---

### **Analysis of Story 1**

- **Structure**: Joseph, a millionaire, hires a chauffeur to avoid being late. He is late because the chauffeur is asleep. He then hires a second chauffeur, which becomes expensive.
- **Cause**: Joseph’s over-reliance on a single chauffeur leads to failure. He overcorrects by hiring a second one.
- **Resolution**: Joseph’s solution is costly and redundant, not efficient.

---

### **Analysis of Story A**

- **Structure**: Alexander has two wives. He boasts he will always eat well. He goes to the first wife, who assumes he will eat with the second. He goes to the second wife, who assumes he will eat with the first. He ends up with no dinner.
- **Cause**: Alexander’s overconfidence in having two wives leads to failure. He overcorrects by not addressing the root issue.
- **Resolution**: Alexander’s solution is not to address the problem of miscommunication, but to add another wife, which doesn’t solve the issue.

---

### **Analysis of Story B**

- **Structure**: Alexander has one wife. He boasts he will always eat well. He goes home, but his wife assumes he will eat elsewhere and only prepares for herself and the baby. He ends up with no dinner.
- **Cause**: Alexander’s overconfidence in having one wife leads to failure. He overcorrects by marrying a second wife.
- **Resolution**: Alexander’s solution is to add another wife, which doesn’t solve the problem of miscommunication.

---

### **Comparison and Conclusion**

- **Story 1** and **Story A** both involve **overconfidence in redundancy** (one chauffeur, one wife), leading to failure, and then **adding another redundant solution** (second chauffeur, second wife) to prevent the same problem.
- **Story B** is similar to Story 1 in that it involves **overconfidence in a single solution** (one wife), leading to failure, and then **adding another solution** (second wife) to prevent the same problem.
- However, **Story A** is more analogous to **Story 1** because both involve **two redundant solutions** (two chauffeurs, two wives) to the same problem, which is **over-preparation and miscommunication**.

---

### ✅ **Final Answer: Story A is a better analogy to Story 1.**  
**Story A** mirrors **Story 1** in structure, cause, and resolution, as both involve **overconfidence in redundancy**, leading to failure, and then **adding another redundant solution** to prevent the same problem.
------------ Task 4 ------------
Prompt for task Task 4:
Consider the following story:

Story 1: Karla, an old hawk, lived at the top of a tall oak tree.  One afternoon, she saw a hunter on the ground with a bow and some crude arrows that had no feathers.   The hunter took aim and shot at the hawk but missed.  Karla knew the hunter wanted her feathers so she glided down to the hunter and offered to give him a few.  The hunter was so grateful that he pledged never to shoot at a hawk again.  He went off and shot deer instead.

Now consider two more stories:

Story A: Once there was a small country called Zerdia that learned to make the world’s smartest computer.  Zerdia sold one of its supercomputers to its neighbor, Gagrach, so Gagrach would promise never to attack Zerdia. But one day Zerdia was overwhelmed by a surprise attack from Gagrach.  As it capitulated the crippled government of Zerdia realized that the attacker’s missiles had been guided by Zerdian supercomputers.

Story B: Once there was a small country called Zerdia that learned to make the world’s smartest computer. One day Zerdia was attacked by its warlike neighbor, Gagrach.  But the missiles were badly aimed and the attack failed.  The Zerdian government realized that Gagrach wanted Zerdian computers so it offered to sell some of its computers to the country.  The government of Gagrach was very pleased.  It promised never to attack Zerdia again.

Which of Story A and Story B is a better analogy to Story 1? Is the best answer Story A, Story B, or both are equally analogous?

Before answering, recall 3 relevant examples, then provide your answer.

Full Qwen output (33.49 seconds): To determine which of **Story A** or **Story B** is a better analogy to **Story 1**, we need to compare the **structure, intent, and outcome** of the original story with the two alternatives. Let's first recall **three relevant examples** of analogical reasoning to guide our analysis.

---

### **Relevant Examples of Analogical Reasoning**

1. **The "Hawk and the Hunter" Analogy (from the original story):**  
   - **Structure:** A powerful entity (hawk) is targeted by a weaker one (hunter) who seeks a specific resource (feathers).  
   - **Outcome:** The hawk offers the resource to avoid conflict, and the hunter agrees to stop attacking.  
   - **Key Idea:** Offering a resource to prevent conflict, based on the perceived value of that resource.

2. **The "Tyrant and the People" Analogy (from political theory):**  
   - **Structure:** A ruler (tyrant) is feared by the people, who seek to avoid conflict.  
   - **Outcome:** The ruler offers a benefit (security, stability) to the people in exchange for loyalty.  
   - **Key Idea:** Power is maintained through the offer of mutual benefit.

3. **The "Nuclear Arms Race" Analogy (from international relations):**  
   - **Structure:** Two nations (A and B) possess powerful weapons (nuclear arms).  
   - **Outcome:** One nation offers to share its technology to prevent war, and the other agrees to disarm.  
   - **Key Idea:** Offering a resource (technology) to prevent conflict, based on the perceived threat of that resource.

---

### **Analysis of Story 1 (Original)**

- **Structure:** A powerful entity (hawk) is targeted by a weaker one (hunter) who seeks a specific resource (feathers).  
- **Outcome:** The hawk offers the resource to avoid conflict, and the hunter agrees to stop attacking.  
- **Key Idea:** Offering a resource to prevent conflict, based on the perceived value of that resource.

---

### **Analysis of Story A**

- **Structure:** A powerful entity (Zerdia) has a valuable resource (supercomputer) and sells it to a neighbor (Gagrach) in exchange for a promise of non-aggression.  
- **Outcome:** The promise is broken, and Zerdia is attacked, revealing that the attacker used the very resource Zerdia had sold.  
- **Key Idea:** Offering a resource to prevent conflict, but the resource is later used against the giver.

---

### **Analysis of Story B**

- **Structure:** A powerful entity (Zerdia) has a valuable resource (supercomputer) and is attacked by a neighbor (Gagrach).  
- **Outcome:** The attack fails due to poor targeting, and Zerdia offers the resource to prevent future attacks.  
- **Key Idea:** Offering a resource to prevent conflict, based on the perceived threat of that resource.

---

### **Comparison with Story 1**

- **Story A** mirrors **Story 1** in that both involve a powerful entity offering a resource to a weaker one to prevent conflict. However, in **Story A**, the resource is later used against the giver, which is a **negative outcome**. This contrasts with **Story 1**, where the offer is accepted and conflict is avoided.

- **Story B** also mirrors **Story 1** in that both involve a powerful entity offering a resource to a weaker one to prevent conflict. However, in **Story B**, the offer is made **after** the attack, and the outcome is **positive**—the attacker agrees to stop attacking.

- **Story 1** is a **positive outcome** where the offer is accepted and conflict is avoided. Therefore, **Story B** is more analogous to **Story 1** in terms of **structure and outcome**.

---

### **Conclusion**

**Story B** is the better analogy to **Story 1** because both involve a powerful entity offering a resource to a weaker one to prevent conflict, and both result in the weaker entity agreeing to stop attacking. In contrast, **Story A** ends in a negative outcome where the resource is used against the giver, which is not consistent with the positive resolution in **Story 1**.

### ✅ **Final Answer: Story B** is the better analogy to Story 1.
------------ Task 5 ------------
Prompt for task Task 5:
Consider the following story:

Story 1: Peter was a young man from Iceland who moved to Florida one summer. He was very self-conscious about his fair skin. Peter thought that people would not accept him unless he tanned himself golden-brown like everyone else. So Peter spent a whole day in the sun, trying to get a tan. He didn’t understand how dangerous the sun could be. Consequently, by evening he had second degree burns over most of his body and he had to go to the hospital. Peter decided that Florida was not for him and booked the next ocean liner back to Iceland. He spent the whole trip under a large umbrella keeping cool.

Now consider two more stories:

Story A: Quiggly Company was a small company that manufactured conventional electrical components. They had just started producing integrated circuits and decided that the real action in the integrated circuit market was in space manufacturing. But the market analysts gave them a stern warning. They said that space factories were too expensive and that the market was too competitive. If Quiggly went into space manufacturing, the analysts predicted they would lose everything and their stock would plunge. Quiggly Company was so annoyed at having to play it safe when everyone else had a chance to make a killing that they decided to go back to manufacturing conventional electric components.

Story B: Quiggly Company was a small company that manufactured electrical components. One year, Quiggly Co. began to get into the integrated circuit market. However, Quiggly Company felt that to be competitive it would have to have really sophisticated space factories, as did all the other manufacturers of integrated circuits. Thus, Quiggly put all its assets into having a space factory. The company just didn’t realize what a financial risk space manufacturing was. As a result, within six months, Quiggly Company had spent much more than they could afford and their stocks plunged to an all time low. Quiggly Co. decided to pull out of integrated circuits altogether and went back to making conventional electrical components.

Which of Story A and Story B is a better analogy to Story 1? Is the best answer Story A, Story B, or both are equally analogous?

Before answering, recall 3 relevant examples, then provide your answer.

Full Qwen output (29.73 seconds): To determine which of **Story A** or **Story B** is a better analogy to **Story 1**, we need to compare the **structure, decision-making process, and consequences** of the stories. Let's first recall **three relevant examples** from psychology and decision-making theory that will help us analyze the analogy:

---

### **1. The Dunning-Kruger Effect**  
This cognitive bias describes how people with low ability in a domain overestimate their own competence. In Story 1, Peter overestimates his ability to tan safely and ignores the risks, leading to a harmful outcome. Similarly, in **Story B**, Quiggly Company overestimates its ability to succeed in space manufacturing and ignores the financial risks, leading to a costly failure. This aligns with the Dunning-Kruger effect.

---

### **2. The Planning Fallacy**  
This is the tendency to underestimate the time, cost, or difficulty of future tasks. In **Story B**, Quiggly Company assumes that space manufacturing is just like other manufacturers and that they can afford the investment, not realizing the true financial risk. This is a classic example of the planning fallacy. In contrast, **Story A** shows Quiggly Company being cautious and avoiding the risky decision, which is more aligned with a realistic assessment.

---

### **3. The Risk Compensation Hypothesis**  
This theory suggests that people adjust their behavior in response to perceived risk. In **Story 1**, Peter increases his exposure to risk (sunbathing) because he believes he needs to look more "acceptable" to others. In **Story B**, Quiggly Company increases its exposure to risk (investing heavily in space manufacturing) because it believes it must compete with others. This is a direct parallel to the risk compensation hypothesis.

---

### **Analysis of the Stories in Relation to Story 1**

#### **Story 1 Summary**  
- Peter is self-conscious about his fair skin.  
- He believes he must tan to be accepted.  
- He ignores the risks of sun exposure.  
- He suffers severe burns and decides to leave Florida.  
- He avoids further risk by staying under an umbrella.

#### **Story A Summary**  
- Quiggly Company is cautious and avoids a risky market (space manufacturing).  
- They are advised by analysts to be cautious.  
- They choose to stay in the safer, conventional market.  
- No significant risk or failure is mentioned.

#### **Story B Summary**  
- Quiggly Company enters a risky market (space manufacturing).  
- They assume they can compete with others.  
- They invest heavily without realizing the financial risk.  
- They suffer a financial loss and exit the market.  
- They avoid further risk by pulling out.

---

### **Comparison with Story 1**

- **Story 1** involves a **personal decision** based on **social pressure** and **misunderstanding of risk**.  
- **Story B** mirrors this in terms of **misunderstanding risk**, **overestimating ability**, and **ignoring warnings**.  
- **Story A** is more about **caution and risk avoidance**, which is the opposite of what happens in Story 1.

---

### **Conclusion**

**Story B** is the better analogy to **Story 1** because both involve:

- **Misunderstanding the risks** of a new or unfamiliar situation.  
- **Overestimating one's ability** to handle the situation.  
- **Ignoring warnings or advice** from others.  
- **Suffering a negative consequence** due to poor decision-making.  
- **Deciding to exit or avoid the situation** after the negative outcome.

**Story A**, on the other hand, is more about **caution and risk avoidance**, which is the opposite of the behavior in Story 1.

---

### ✅ **Final Answer: Story B is a better analogy to Story 1.**
------------ Task 6 ------------
Prompt for task Task 6:
Consider the following story:

Story 1: Julius was a mule who discovered several pears sitting in a window sill.  He thought to himself, “These pears seem to be rotten.  Perhaps I’ll get some and find out if my prediction is correct.” However, the pears were too high for Julius.  And because he was hungry he felt too weak to jump up to them.  Naturally, this was rather disappointing.  He closed his eyes and went to sleep, dreaming about mountains of pears.

Now consider two more stories:

Story A: A girl named Cindy found some records she wanted at a record store.  She really wanted them but, needless to say, they were too expensive for her.  After brooding for a while, Cindy got over her disappointment. “These records are probably boring,” she thought.  “So even if I could afford them I wouldn’t listen to them.”

Story B: A girl named Cindy found some records she was curious about at a record store.   “These records look really bad,”  Cindy thought to herself.  “I think I’ll buy them so I can see if my hunch is right.” But, the records were too expensive for her.  After thinking it over, she saw there was no way she could afford them.  Needless to say, she became somewhat disappointed.

Which of Story A and Story B is a better analogy to Story 1? Is the best answer Story A, Story B, or both are equally analogous?

Before answering, recall 3 relevant examples, then provide your answer.

Full Qwen output (27.85 seconds): To determine which of **Story A** or **Story B** is a better analogy to **Story 1**, we need to compare the **structure, emotional arc, and reasoning** in each story. Let's first recall **three relevant examples** from psychology and behavioral economics that help us understand the emotional and cognitive processes involved in these stories.

---

### **Relevant Examples:**

1. **The Disappointment of Unmet Expectations (Psychology):**  
   When people expect something and it doesn't happen, they often experience disappointment. This is a common emotional response to unfulfilled desires. In Story 1, Julius expects to get the pears and is disappointed when he can't reach them. This aligns with the emotional arc of disappointment due to unmet expectations.

2. **Cognitive Dissonance (Social Psychology):**  
   When people face a conflict between their beliefs and actions, they may change their beliefs to reduce discomfort. In Story A, Cindy rationalizes her inability to buy the records by saying they are "boring," which is a way to reduce the dissonance between her desire and her financial reality.

3. **The Role of Self-Efficacy in Goal Pursuit (Behavioral Psychology):**  
   Self-efficacy refers to one's belief in their ability to achieve a goal. In Story 1, Julius feels too weak to jump up and get the pears, which reflects a lack of self-efficacy. In Story B, Cindy is disappointed because she can't afford the records, which is more about financial constraints than a lack of ability.

---

### **Comparison of Stories:**

#### **Story 1 (Julius and the Pears):**
- **Desire:** Julius wants the pears.
- **Obstacle:** He is too weak to reach them.
- **Emotion:** Disappointment.
- **Reasoning:** He gives up and dreams about the pears, showing a passive response to unmet desire.

#### **Story A (Cindy and the Records):**
- **Desire:** Cindy wants the records.
- **Obstacle:** They are too expensive.
- **Emotion:** Disappointment, but she rationalizes it by devaluing the records.
- **Reasoning:** She changes her belief about the records to reduce emotional discomfort.

#### **Story B (Cindy and the Records):**
- **Desire:** Cindy wants the records.
- **Obstacle:** They are too expensive.
- **Emotion:** Disappointment.
- **Reasoning:** She accepts the reality of the situation without rationalizing it.

---

### **Analysis:**

- **Story 1** and **Story B** share a **similar structure**: both involve a character who desires something, faces a **real obstacle** (physical or financial), and experiences **disappointment**. The emotional response is **passive** and **unresolved**.
  
- **Story A** differs in that Cindy **rationalizes** her disappointment by changing her belief about the value of the records. This is more about **cognitive dissonance** and **self-justification**, which is not present in Story 1.

- **Story 1** is more about **unmet desire due to physical or external limitations**, not about changing one's beliefs to cope with the situation.

---

### **Conclusion:**

**Story B** is the better analogy to **Story 1**. Both involve a character who desires something, faces a real obstacle (in Story 1, physical; in Story B, financial), and experiences disappointment without rationalizing or changing their beliefs. 

**Answer: Story B** is a better analogy to Story 1.
------------ Task 7 ------------
Prompt for task Task 7:
Consider the following story:

Story 1: Percy the mockingbird spent the whole warm season chirping and twittering.  When it began to get colder Percy visited a squirrel and sang a song for her, expecting to get some of the squirrel’s sunflower seeds in return.  However, the squirrel was very disappointed in him. “You are a terrible singer!” she yelled.  “I’m not giving you any of my wheat.” A tear  rolled down Percy’s cheek, and he vowed to give up singing for good.

Now consider two more stories:

Story A: Sam traveled all over the world buying beautiful things.  When he ran out of money he paid a visit to his mother.  However, she was not at all pleased with him. “While I have been hard at work you have been wasting your time,” she said.  Sam gave her a gift he bought in Tibet, hoping she would give him a loan in return.  But she was still not pleased.  “I will not give you any of my hard-earned money!” she exclaimed.

Story B: Sam traveled all over the world buying beautiful things.  When he ran out of money he paid a visit to his mother and gave her a gift he bought while in Tibet, hoping she would give him a loan in return.  However, his mother was not at all pleased.  “You don’t deserve any money of mine!” she exclaimed.  “This is a piece of junk!”

Which of Story A and Story B is a better analogy to Story 1? Is the best answer Story A, Story B, or both are equally analogous?

Before answering, recall 3 relevant examples, then provide your answer.

Full Qwen output (29.83 seconds): To determine which of **Story A** or **Story B** is a better analogy to **Story 1**, we need to compare the **structure, theme, and moral** of each story.

---

### **Step 1: Recall 3 Relevant Examples of Analogies**

1. **Analogies in Literature**: In *The Little Prince*, the rose and the baobab are analogies for love and responsibility.  
2. **Analogies in Everyday Life**: A **car** is an analogy for a **vehicle**.  
3. **Analogies in Fables**: In *Aesop’s Fables*, the **fox and the grapes** is an analogy for **denial of failure**.

These examples show that a good analogy should:
- Have a **similar structure** (e.g., a character's action and its consequence)
- Share a **common theme** (e.g., greed, disappointment, or unfulfilled expectations)
- Convey a **similar moral** (e.g., the consequences of selfishness or unrealistic expectations)

---

### **Step 2: Compare Story 1 with Story A and Story B**

#### **Story 1 Summary**:
- **Percy the mockingbird** sings for food (sunflower seeds) from a squirrel.
- The squirrel is **disappointed** and refuses to give food.
- Percy feels **disappointed** and **vows to stop singing**.

**Theme**: Expectation of reward for effort, disappointment, and the consequences of unmet expectations.

#### **Story A Summary**:
- **Sam** travels the world buying things.
- He visits his **mother** and gives her a gift (from Tibet).
- He **hopes for a loan** in return.
- His mother is **displeased** and refuses to give money.

**Theme**: Expectation of reward for effort, disappointment, and the consequences of unmet expectations.

#### **Story B Summary**:
- **Sam** travels the world buying things.
- He visits his **mother** and gives her a gift (from Tibet).
- He **hopes for a loan** in return.
- His mother is **displeased** and refuses to give money, calling the gift **junk**.

**Theme**: Expectation of reward for effort, disappointment, and the consequences of unmet expectations.  
**Additional Layer**: The mother **criticizes the gift**, implying **judgment of the gift itself**, not just the request.

---

### **Step 3: Determine Which Story is a Better Analogy**

- **Story 1** and **Story A** both involve:
  - A character (Percy/Sam) performing an action (singing/traveling).
  - Expecting a reward (food/loan).
  - Receiving **disappointment** and **refusal**.
  - The character feeling **disappointed** and **changing behavior**.

- **Story B** adds an extra layer:
  - The mother **judges the gift** (calls it "junk").
  - This introduces a **judgment of the gift itself**, not just the request.

This **extra layer** in **Story B** makes it **less analogous** to **Story 1**, where the **disappointment is about the expectation of reward**, not the **quality of the gift**.

---

### **Conclusion**

**Story A** is a **better analogy** to **Story 1** because it mirrors the **structure, theme, and moral** more closely. Both involve:
- A character performing an action.
- Expecting a reward.
- Receiving disappointment and refusal.
- The character feeling disheartened and changing behavior.

**Story B**, while similar, introduces an **additional element** (judgment of the gift) that is not present in Story 1.

---

### ✅ **Final Answer: Story A is a better analogy to Story 1.**
------------ Task 8 ------------
Prompt for task Task 8:
Consider the following story:

Story 1: A dog named Leonard was trotting along a dock holding a steak in his teeth. However, as he trotted he dropped it inadvertently and it disappeared into the lake. Thus, he was left without his dinner. Then Leonard saw another dog with a steak. Because he had lost his own steak he tried to take it. Unluckily, the other dog was much bigger than he was. Leonard ended up losing a tooth in the scuffle.

Now consider two more stories:

Story A: Charlie was walking through a hotel with an expensive pocket watch in his hand. Then he noticed another man with an expensive watch. Not realizing it was just his reflection, and since he was also quite greedy, Charlie reached out to take it. Unfortunately, as he opened his hand he dropped his own watch and both watches shattered on the floor. Consequently he was left with no watch at all.

Story B: Charlie was walking through a hotel with an expensive pocket watch in his hand. As he walked he accidently dropped it and it shattered on the floor. Consequently, he was left without a watch. Then Charlie saw another man with an expensive watch. Since he had broken his own watch he reached out to take it. Unfortunately, the man was a policeman.

Which of Story A and Story B is a better analogy to Story 1? Is the best answer Story A, Story B, or both are equally analogous?

Before answering, recall 3 relevant examples, then provide your answer.

Full Qwen output (30.76 seconds): To determine which of **Story A** or **Story B** is a better analogy to **Story 1**, we need to compare the **structure, sequence of events, and the moral or lesson** in each story.

---

### **Step 1: Recall 3 Relevant Examples of Analogies**

1. **An analogy is a comparison between two things, typically for the purpose of explanation or clarification.**  
2. **A good analogy preserves the structure and key elements of the original story.**  
3. **The analogy should reflect the same cause-effect relationships and moral or lesson.**

---

### **Step 2: Analyze Story 1**

**Story 1 Summary:**
- A dog (Leonard) has a steak.
- He drops it into the lake and loses it.
- He sees another dog with a steak.
- He tries to take it but loses a tooth in the scuffle.

**Key Elements:**
- Loss of possession (steak).
- Attempt to acquire another possession.
- Failure due to a physical or competitive disadvantage.
- Result: loss of both possessions (steak and a tooth).

**Moral/Lesson:** Greed or impatience can lead to loss, especially when one tries to take from another without considering the consequences.

---

### **Step 3: Compare with Story A**

**Story A Summary:**
- Charlie has an expensive watch.
- He sees a reflection (another man with a watch).
- He reaches out to take it, thinking it's real.
- He drops his own watch, and both shatter.

**Key Elements:**
- Loss of possession (watch).
- Misunderstanding (thinking it's another person's watch).
- Result: loss of both watches.

**Moral/Lesson:** Greed or misunderstanding can lead to loss, especially when one acts without clear perception.

**Comparison with Story 1:**
- Both involve a loss of possession.
- Both involve an attempt to acquire another possession.
- Both involve a misunderstanding or misjudgment.
- However, in Story 1, the second loss is due to a physical conflict, while in Story A, it's due to a misperception and accident.

**Conclusion:** Story A is **partially analogous**, but not fully, because the second loss in Story A is not due to a conflict with another person, but due to a misperception and accident.

---

### **Step 4: Compare with Story B**

**Story B Summary:**
- Charlie has an expensive watch.
- He drops it and it shatters.
- He sees another man with a watch.
- He tries to take it, but the man is a policeman.

**Key Elements:**
- Loss of possession (watch).
- Attempt to acquire another possession.
- Failure due to an external authority figure (policeman).
- Result: loss of both possessions (his own and the other's).

**Moral/Lesson:** Greed or impatience can lead to loss, especially when one tries to take from another without considering the consequences.

**Comparison with Story 1:**
- Both involve a loss of possession.
- Both involve an attempt to acquire another possession.
- Both involve a failure due to an external factor (in Story 1, the other dog; in Story B, the policeman).
- The sequence of events is more similar to Story 1: loss → attempt to acquire → failure due to an external factor.

**Conclusion:** Story B is **more analogous** to Story 1, as it preserves the structure and the cause-effect relationship more closely.

---

### **Final Answer:**

**Story B** is a better analogy to **Story 1**.

**Reasoning:**
- Both stories involve a loss of possession.
- Both involve an attempt to acquire another possession.
- Both involve a failure due to an external factor (the other dog in Story 1, the policeman in Story B).
- The sequence of events and the moral lesson are more closely aligned in Story B.

**Answer: Story B** is the better analogy to Story 1.
------------ Task 9 ------------
Prompt for task Task 9:
Consider the following story:

Story 1: Boris and Ivan thought well of one another’s skill in business and resolved to open up a store together.  As ill luck would have it, Ivan was quite absent-minded and he threw out a large amount of cash.  This annoyed Boris who therefore demanded that Ivan have nothing to do with the monetary matters of their new store.  Later, however, Ivan redeemed himself by selling his fancy new stereo set to replace the lost cash.

Now consider two more stories:

Story A: John and Christine loved each other and decided to be married.  Unfortunately, John discovered that Christine was a very reckless driver.  So he insisted that Christine never drive his new car.  This upset Christine so much that she dented John’s new car hoping that John would be hurt.

Story B: John and Christine loved each other and decided to be married.  Unfortunately, Christine was so reckless that she accidentally dented John’s new car.  This upset John, so he insisted that she never drive his car again.

Which of Story A and Story B is a better analogy to Story 1? Is the best answer Story A, Story B, or both are equally analogous?

Before answering, recall 3 relevant examples, then provide your answer.

Full Qwen output (33.46 seconds): To determine which of **Story A** or **Story B** is a better analogy to **Story 1**, we need to compare the **structure, cause-effect relationships, and the moral or lesson** in each story.

---

### **Relevant Examples to Recall:**

1. **The Parable of the Talents (Matthew 25:14–30)**  
   - A master gives his servants money (talents) to invest. One invests wisely, and one buries his money. The one who buried it is criticized for not using his talent.  
   - **Analogy**: This story involves a trust in a person's ability to manage resources, and a failure to do so leads to consequences. It's about **trust, responsibility, and consequences**.

2. **The Prodigal Son (Luke 15:11–32)**  
   - A son squanders his inheritance, returns home, and is forgiven. The father forgives him, but the older brother is upset.  
   - **Analogy**: This story involves **trust, betrayal, and redemption**. It shows how a person's actions (or inactions) can affect relationships and lead to change.

3. **The Good Samaritan (Luke 10:25–37)**  
   - A traveler is attacked and left for dead. A Samaritan helps him, showing compassion.  
   - **Analogy**: This story emphasizes **compassion, responsibility, and moral action** in the face of adversity.

---

### **Analysis of Story 1:**

- **Boris and Ivan** are business partners.
- **Ivan** is **absent-minded** and **loses money**.
- **Boris** is **annoyed** and **restricts Ivan’s access to money**.
- **Ivan redeems himself** by **selling a stereo** to replace the lost cash.

**Key elements**:
- Trust in business partnership.
- A mistake (Ivan’s carelessness) leads to a restriction.
- A redemption (Ivan’s effort to make amends) follows.

---

### **Analysis of Story A:**

- **John and Christine** are in a relationship.
- **Christine** is **reckless** and **damages John’s car**.
- **John** is **upset** and **restricts Christine’s access to his car**.
- **Christine** **dents the car again** in an act of revenge.

**Key elements**:
- Trust in a relationship.
- A mistake (recklessness) leads to a restriction.
- A **malicious act** (intentional damage) follows.

---

### **Analysis of Story B:**

- **John and Christine** are in a relationship.
- **Christine** is **reckless** and **accidentally dents John’s car**.
- **John** is **upset** and **restricts Christine’s access to his car**.

**Key elements**:
- Trust in a relationship.
- A mistake (recklessness) leads to a restriction.
- No **malicious intent**; the damage is **accidental**.

---

### **Comparison with Story 1:**

- **Story 1** involves a **mistake** (Ivan’s carelessness) that leads to a **restriction** (Boris’s demand), followed by a **redemption** (Ivan selling the stereo).
- **Story B** mirrors this structure: a **mistake** (Christine’s recklessness) leads to a **restriction** (John’s demand), and there is **no further action** (no redemption).
- **Story A** diverges by introducing **malicious intent** (Christine dents the car on purpose), which is **not present** in Story 1.

---

### **Conclusion:**

**Story B** is the **better analogy** to **Story 1** because both involve:
- A **trust-based relationship**.
- A **mistake** (carelessness or recklessness) that leads to a **restriction**.
- No **malicious intent**, and no **intentional harm**.

**Story A** introduces an **element of revenge** that is not present in Story 1, making it a less accurate analogy.

---

### ✅ **Final Answer: Story B is a better analogy to Story 1.**
------------ Task 10 ------------
Prompt for task Task 10:
Consider the following story:

Story 1: Two small countries, Bolon and Salam, were adjacent to a large, warlike country called Mayonia. Bolon decided to make the best of the situation by taking over Salam. Salam started looking for aid from other strong countries but soon Bolon succeeded in taking it over. Then victorious Bolon proposed to make a treaty with its warlike neighbor Mayonia. Bolon proposed to give Mayonia control over Salam in exchange for a guarantee that Bolon would remain independent. Mayonia responded by overrunning both Bolon and Salam. Bolon was so busy maintaining control of Salam, it could do nothing to stop Mayonia. Thereupon, Mayonia installed puppet governments in both Bolon and Salam, and took over the newspapers and radio stations.

Now consider two more stories:

Story A: Two seventh graders, Lincoln and Moreland, were walking to school together when they met Chad. Chad was a mean high school boy who was known to rob younger kids. Moreland was scared but he decided to make the best of the situation by offering to help Chad rob Lincoln in exchange for being left alone himself. But Lincoln overheard and started running to find a policeman. Immediately, Moreland took off after him and eventually succeeded in catching him. When Chad arrived he robbed both of them. And Moreland was so exhausted, he could do nothing to prevent it.

Story B: Two sixth-grade boys, Lincoln and Moreland were walking to school together when they met Chad. Chad was a mean high school boy who was known to rob younger kids. Moreland was scared but he decided to make the best of the situation by overpowering Lincoln. Immediately, Lincoln started running to find a policeman but Moreland ran after Lincoln and eventually succeeded in catching him. When Chad arrived Moreland offered to let him rob Lincoln in exchange for being left alone himself. But Chad robbed both of them. Moreland was so busy holding Lincoln down, he could do nothing to prevent it.

Which of Story A and Story B is a better analogy to Story 1? Is the best answer Story A, Story B, or both are equally analogous?

Before answering, recall 3 relevant examples, then provide your answer.

Full Qwen output (34.82 seconds): To determine which of **Story A** or **Story B** is a better analogy to **Story 1**, we need to compare the **structure, dynamics, and outcomes** of the stories. Let's first recall **three relevant examples** from political science and international relations that help us understand the analogy:

---

### **Example 1: The Balance of Power and Realpolitik**
In international relations, the **balance of power** is a concept where smaller states may form alliances or make strategic decisions to avoid being dominated by a more powerful state. This is similar to **Story 1**, where **Bolon** (a smaller state) attempts to **secure its independence** by **taking over Salam** and **negotiating with Mayonia** (a powerful, warlike state). This reflects **realpolitik**, where states act in their own self-interest, even if it involves **compromising with a stronger power**.

---

### **Example 2: The Domino Effect in Geopolitics**
The **domino effect** refers to how one event can lead to a chain reaction of similar events. In **Story 1**, **Bolon's** attempt to control **Salam** leads to **Mayonia's** intervention and eventual **domination of both**. This mirrors how **smaller states** may be **vulnerable to external powers** when they are **preoccupied with internal conflicts** or **alliances**.

---

### **Example 3: The Role of Internal Weakness in External Domination**
In **Story 1**, **Bolon** is **preoccupied with maintaining control over Salam**, which leaves it **vulnerable** to **Mayonia's** attack. This reflects how **internal instability or overextension** can lead to **external domination**. This is similar to how **internal conflict or distraction** can make a state an easy target for a more powerful adversary.

---

### **Now, Comparing Story A and Story B to Story 1**

Let’s break down the key elements of **Story 1** and compare them to **Story A** and **Story B**:

#### **Story 1 Key Elements:**
- **Bolon** (smaller state) takes over **Salam** (another small state).
- **Bolon** tries to **negotiate with Mayonia** (a powerful, warlike state) for **security**.
- **Bolon** is **preoccupied with controlling Salam**, leaving it **vulnerable**.
- **Mayonia** exploits this **weakness** and **overruns both Bolon and Salam**.
- **Mayonia** installs **puppet governments** and **controls media**.

#### **Story A:**
- **Moreland** (one of the boys) **offers to help Chad** (a bully) rob **Lincoln** in exchange for being left alone.
- **Lincoln** runs to find a policeman.
- **Moreland** chases Lincoln and **catches him**.
- **Chad** arrives and **robs both**.
- **Moreland** is **exhausted** and **can't stop Chad**.

#### **Story B:**
- **Moreland** **overpowers Lincoln**.
- **Lincoln** runs to find a policeman.
- **Moreland** chases and **catches Lincoln**.
- **Chad** arrives and **robs both**.
- **Moreland** is **busy holding Lincoln down** and **can't stop Chad**.

---

### **Analysis:**

- **Story A** reflects a **strategic alliance** (Moreland helping Chad to avoid being targeted), which is **similar to Bolon's attempt to negotiate with Mayonia**.
- **Story A** also shows **Moreland being preoccupied** (chasing Lincoln) and **unable to prevent the attack**, which mirrors **Bolon's preoccupation with Salam**.
- **Story B** shows **Moreland taking control of Lincoln** (like Bolon taking over Salam), but the **negotiation with Chad** happens **after** the conflict, which is **not analogous** to the **strategic negotiation** in Story 1.

---

### **Conclusion:**

**Story A** is a **better analogy** to **Story 1** because it reflects the **strategic decision-making**, **preoccupation with internal control**, and **vulnerability to external domination** that are central to the original story.

### ✅ **Final Answer: Story A** is the better analogy to Story 1.
------------ Task 11 ------------
Prompt for task Task 11:
Consider the following story:

Story 1: A farmer named Beedle had a choice apricot tree that he valued above all the rest in his garden.  Every year Beedle gave presents of fruit from this tree to everyone he knew. But one year the tree began to wither and there was no more of the wonderful fruit.  Everyone was very unhappy. The judge had enjoyed the apricots from the tree very much—so much so that he resolved to take the tree to his own garden to take care of it. He paid Beedle very well and had the tree moved to his own grounds.  Fortunately, as soon as it was transplanted, the tree bore delicious apricots again.  That very year, the fruit won first prize in the county fair.

Now consider two more stories:

Story A: Mr. Gerson had several pets but he valued the canary above all the rest.  Occasionally, he invited friends over to hear the canary sing. A wealthy businessman liked the canary’s songs so much that one autumn he decided he wanted the bird in his house in the city where he could enjoy it every day.  He paid Mr. Gerson very well and had the canary moved to his house. However, upon being moved the canary became fatally ill and there were no more of its beautiful songs.  Everyone was extremely disappointed.

Story B: Mr. Gerson had several pets but he valued the canary above all the rest.  Occasionally, he invited friends over to hear the canary sing. However, one autumn the canary became very ill and there were no more of its beautiful songs.   Everyone was extremely disappointed. A veterinarian  friend  had liked the canary’s songs  so much that he decided he would buy the canary and put it in his office where he could look after it.   He  paid  Mr. Gerson very well. Upon being moved, the canary sang beautiful songs again.

Which of Story A and Story B is a better analogy to Story 1? Is the best answer Story A, Story B, or both are equally analogous?

Before answering, recall 3 relevant examples, then provide your answer.

Full Qwen output (34.36 seconds): To determine which of **Story A** or **Story B** is a better analogy to **Story 1**, we need to compare the **structure, cause, and outcome** of each story. Let's first recall **three relevant examples** of analogical reasoning and then apply them to the stories.

---

### **Relevant Examples of Analogical Reasoning**

1. **Medical Diagnosis Analogy**  
   A doctor might compare a patient's symptoms to a known illness to make a diagnosis. This analogy relies on **similar cause-effect relationships** and **similar outcomes**.

2. **Engineering Design Analogy**  
   Engineers often use analogies to design new systems by comparing them to existing ones. For example, comparing a new bridge to an old one to understand how it might function. This analogy focuses on **structure and function**.

3. **Legal Case Analogy**  
   In law, judges sometimes use past cases to decide new ones. This analogy depends on **similar facts and outcomes**, even if the situations are not identical.

---

### **Analysis of Story 1**

- **Subject**: A farmer named Beedle has a valued apricot tree.
- **Cause**: The tree withers and stops producing fruit.
- **Action**: A judge takes the tree to his garden.
- **Outcome**: The tree is transplanted and begins to bear fruit again, winning a prize.

**Key elements**:  
- The tree is **valued**.  
- It **stops producing** due to an **external change** (withering).  
- A **third party** (the judge) **takes it away** and **restores its function**.  
- The **outcome is positive** and **unexpected**.

---

### **Analysis of Story A**

- **Subject**: Mr. Gerson has a valued canary.
- **Cause**: The canary becomes ill and stops singing.
- **Action**: A businessman takes the canary to his city home.
- **Outcome**: The canary becomes **fatally ill** and **no longer sings**.

**Key elements**:  
- The canary is **valued**.  
- It **stops producing** due to an **external change** (illness).  
- A **third party** (the businessman) **takes it away** and **fails to restore its function**.  
- The **outcome is negative** and **unexpected**.

---

### **Analysis of Story B**

- **Subject**: Mr. Gerson has a valued canary.
- **Cause**: The canary becomes ill and stops singing.
- **Action**: A veterinarian takes the canary to his office.
- **Outcome**: The canary **recovers** and **sings again**.

**Key elements**:  
- The canary is **valued**.  
- It **stops producing** due to an **external change** (illness).  
- A **third party** (the veterinarian) **takes it away** and **restores its function**.  
- The **outcome is positive** and **unexpected**.

---

### **Comparison with Story 1**

- **Story 1** and **Story B** both involve:
  - A **valued object** (tree/canary) that **stops functioning**.
  - A **third party** (judge/veterinarian) **takes it away**.
  - The **object is restored** and **functions again**.
  - The **outcome is positive** and **unexpected**.

- **Story 1** and **Story A** both involve:
  - A **valued object** (tree/canary) that **stops functioning**.
  - A **third party** (judge/businessman) **takes it away**.
  - The **object does not recover** and **fails to function**.
  - The **outcome is negative** and **unexpected**.

---

### **Conclusion**

**Story B** is the **better analogy** to **Story 1** because both stories share the **same structure** and **outcome**:
- A **valued object** stops functioning.
- A **third party** takes it away.
- The **object is restored** and **functions again**.
- The **outcome is positive** and **unexpected**.

**Story A**, while similar in structure, has a **negative outcome**, which is **not analogous** to the **positive outcome** in Story 1.

---

### ✅ **Final Answer: Story B is a better analogy to Story 1.**
------------ Task 12 ------------
Prompt for task Task 12:
Consider the following story:

Story 1: Morris was a simple-minded prisoner who loved to play the harmonica at night.  Finally, his cellmate got tired of this and demanded that he shut up.  He should always play during the day, the cellmate insisted. The next night, Morris escaped from prison and hid in a boxcar.  But then Morris remembered that his cellmate said he should play harmonica every day, so he started playing.  Immediately, Morris was nabbed by the cops.  Poor, simple-minded Morris wished he hadn’t paid any attention to his cellmate.  Back in his cell, he devoted himself to covering the walls with obscenities.

Now consider two more stories:

Story A: A little girl named Jenny wished she could run away from home.  She loved to play with her dog every day, but only in her neighbor’s yard.  Eventually, her neighbor got fed-up and told her to always play in her own yard. But Jenny refused to listen because she thought it was bad luck to play in her own yard.  The last time she did it her mother caught her right away and made her go to work.

Story B: A little girl named Jenny loved to play with her dog in her neighbor’s yard.  Eventually, the neighbor got fed-up and told her she should always play with her dog in her own yard. A few days later, Jenny snuck out of the house without doing her chores and hid at the playground.  But after a while she went home to play with her dog because she thought her neighbor said she should every day.  Right away her mother caught her and the little girl wished she hadn’t listened to her neighbor.

Which of Story A and Story B is a better analogy to Story 1? Is the best answer Story A, Story B, or both are equally analogous?

Before answering, recall 3 relevant examples, then provide your answer.

Full Qwen output (33.82 seconds): To determine which of **Story A** or **Story B** is a better analogy to **Story 1**, we need to compare the **structure, theme, and moral** of each story. Let's first recall **three relevant examples** from the field of **narrative structure and analogy** that will help us analyze this comparison.

---

### **Relevant Examples:**

1. **The Parable of the Prodigal Son (Biblical Story):**  
   This story involves a son who leaves home, makes poor decisions, and eventually returns to his father. The structure includes a **departure**, **consequence**, and **return**. It emphasizes **consequences of disobedience** and **repentance**. This is similar to **Story 1**, where Morris disobeys his cellmate and faces a consequence.

2. **The Tortoise and the Hare (Aesop’s Fables):**  
   This fable involves a **character who ignores advice** (the hare ignores the tortoise’s advice to be steady), leading to a **negative outcome**. The moral is about **ignoring wisdom** and **overconfidence**. This is similar to **Story 1**, where Morris ignores his cellmate’s advice and faces a consequence.

3. **The Boy Who Cried Wolf (Aesop’s Fables):**  
   This story involves a **character who disobeys a rule or advice**, leading to **loss of trust** and **consequences**. The moral is about **disregarding warnings** and **consequences of dishonesty**. This is similar to **Story 1**, where Morris disobeys and faces a consequence.

---

### **Analysis of Story 1:**

- **Main character:** Morris, a simple-minded prisoner.
- **Action:** He plays the harmonica at night, which his cellmate dislikes.
- **Advice:** Cellmate tells him to play during the day.
- **Disobedience:** Morris ignores the advice and plays at night.
- **Consequence:** He escapes, but then plays again (as per the advice), gets caught.
- **Moral:** Disobeying advice leads to negative consequences.

---

### **Analysis of Story A:**

- **Main character:** Jenny, a little girl who wants to run away.
- **Action:** She plays with her dog in the neighbor’s yard.
- **Advice:** Neighbor tells her to play in her own yard.
- **Disobedience:** Jenny refuses to listen, thinking it’s bad luck.
- **Consequence:** She sneaks out, gets caught, and is made to go to work.
- **Moral:** Disobeying advice leads to negative consequences.

---

### **Analysis of Story B:**

- **Main character:** Jenny, a little girl who loves playing with her dog.
- **Action:** She plays with her dog in the neighbor’s yard.
- **Advice:** Neighbor tells her to play in her own yard.
- **Disobedience:** Jenny ignores the advice and sneaks out.
- **Consequence:** She plays in her own yard (as per the advice), gets caught, and regrets it.
- **Moral:** Disobeying advice leads to negative consequences.

---

### **Comparison:**

- **Story 1** and **Story B** both involve a character who **ignores advice**, **acts on their own**, and **faces a consequence**. The **structure** is very similar: a **character disobeys**, **acts on their own**, and **faces a consequence**.
- **Story A** is similar, but the **consequence** is **more direct** (Jenny is caught immediately after sneaking out), whereas in **Story 1**, the consequence is **indirect** (Morris plays again, leading to his capture).
- **Story B** mirrors **Story 1** more closely in terms of **structure, motivation, and consequence**.

---

### **Conclusion:**

**Story B** is the **better analogy** to **Story 1**. Both involve a character who **ignores advice**, **acts on their own**, and **faces a consequence**. The **structure and moral** are more aligned between **Story 1** and **Story B** than between **Story 1** and **Story A**.

### ✅ **Final Answer: Story B** is a better analogy to Story 1.
------------ Task 13 ------------
Prompt for task Task 13:
Consider the following story:

Story 1: King Otto was a warmonger who was obsessed with conquest and riches. One year he decided to rebuild all the bridges of the kingdom to make them strong enough for all his armies. Otto’s counselor, the chamberlain, complained that he was spending too much money on the. bridges and not enough on actual military campaigns. Because of all the construction too many of the bridges were out of commission being worked on. Otto decided that the chamberlain was right and he abandoned the bridge project to mount a full-scale invasion of a neighboring country. Then one day when King Otto was traveling through his kingdom his carriage crashed through an unfinished bridge. He was severely injured but the mishap made it clear to him that he needed to balance his military and domestic expenditures. Also, he ordered the chamberlain to get him a new crown because the old one had gotten smashed in the crash.

Now consider two more stories:

Story A: Cornelius was an astronomer who thought about nothing but astronomy. He was obsessed with stars and galaxies. His wife Agatha complained that he was spending too much time on astronomy and not enough on maintaining his own house. As a result, the roof was gradually leaking more and more and the house was becoming almost unlivable. But Cornelius would not listen. Then, one evening when Cornelius was walking through his house, a rotten floor collapsed under his weight. Cornelius was severely injured but the accident showed him that Agatha had been right all along. He decided to try to balance his time between astronomy and maintaining his home.

Story B: Cornelius was an astronomer who thought about nothing but astronomy. He was obsessed with stars and galaxies. Gradually he was turning his home into an observatory. But before he was finished his wife Agatha complained that he was spending too much time renovating the house and not enough on his job which was astronomy. As a result, the house was no longer livable. Cornelius decided that Agatha was right and he went back to thinking about nothing but astronomy. Then, one evening when Cornelius was walking through his house, an unfinished floor collapsed under his weight. Cornelius was severely injured but the accident showed him that he should try to balance his time between astronomy and maintaining his home.

Which of Story A and Story B is a better analogy to Story 1? Is the best answer Story A, Story B, or both are equally analogous?

Before answering, recall 3 relevant examples, then provide your answer.

Full Qwen output (42.58 seconds): To determine which of **Story A** or **Story B** is a better analogy to **Story 1**, we need to compare the **structure, themes, and outcomes** of the stories. Let's first recall **three relevant examples** from real life or literature that illustrate the theme of **balancing priorities** through a **consequence-driven realization**.

---

### **Relevant Examples:**

1. **The Parable of the Prodigal Son (Biblical Story):**  
   A son spends all his inheritance on reckless living, neglecting his family and responsibilities. When he faces hardship, he realizes his mistakes and returns home, seeking reconciliation. This story shows how **neglecting responsibilities leads to consequences**, and **realization comes through hardship**.

2. **The Tale of the Three Little Pigs:**  
   The first two pigs build flimsy houses, while the third builds a strong one. When the wolf comes, only the third pig's house withstands the attack. This illustrates the **consequences of neglecting preparation** and the **importance of balancing short-term and long-term priorities**.

3. **The Story of the Boy Who Cried Wolf:**  
   A boy repeatedly lies about a wolf attack, and when a real wolf comes, no one believes him. This shows how **neglecting responsibility (lying)** leads to **consequences (failure to act in a crisis)**, and **realization comes through a critical event**.

---

### **Analysis of Story 1:**

- **King Otto** is a **warmonger** who **neglects domestic needs** (bridges) in favor of **military conquest**.
- His **counselor** points out the **imbalance**.
- Otto **ignores the warning** and continues his **obsession**.
- A **consequence** (bridge collapse) leads to **injury** and **realization**.
- He **adjusts his priorities** and **balances** military and domestic needs.

---

### **Comparison with Story A:**

- **Cornelius** neglects **house maintenance** in favor of **astronomy**.
- His **wife** points out the **imbalance**.
- Cornelius **ignores the warning**.
- A **consequence** (floor collapse) leads to **injury** and **realization**.
- He **adjusts his priorities** and **balances** astronomy and home maintenance.

**Key Similarities:**
- Both stories involve a **person neglecting domestic responsibilities** for a **personal obsession**.
- Both have a **counselor/wife** who **points out the imbalance**.
- Both have a **consequence** (accident) that leads to **injury** and **realization**.
- Both end with a **change in behavior** to **balance priorities**.

**Key Differences:**
- In **Story 1**, the **consequence** is a **bridge collapse** due to **construction**.
- In **Story A**, the **consequence** is a **floor collapse** due to **neglect**.
- In **Story 1**, the **king** is **injured**, and the **counselor** is **not injured**.
- In **Story A**, the **astronomer** is **injured**, and the **wife** is **not injured**.

---

### **Comparison with Story B:**

- **Cornelius** neglects **astronomy** in favor of **house renovation**.
- His **wife** points out the **imbalance**.
- Cornelius **ignores the warning** and **returns to astronomy**.
- A **consequence** (floor collapse) leads to **injury** and **realization**.
- He **adjusts his priorities** and **balances** astronomy and home maintenance.

**Key Similarities:**
- Both stories involve a **person neglecting one area** for another.
- Both have a **spouse** who **points out the imbalance**.
- Both have a **consequence** (accident) that leads to **injury** and **realization**.
- Both end with a **change in behavior** to **balance priorities**.

**Key Differences:**
- In **Story B**, the **neglect** is **not consistent**—Cornelius **switches** between neglecting astronomy and house maintenance.
- In **Story 1**, the **neglect is consistent**—Otto **neglects domestic needs** for **military conquest**.
- In **Story B**, the **consequence** is **not directly tied to the neglect** (he returns to astronomy, but the house is still in disrepair).
- In **Story 1**, the **consequence is directly tied to the neglect** (bridges are under construction, leading to a collapse).

---

### **Conclusion:**

**Story A** is a **better analogy** to **Story 1** because:

- It mirrors the **consistent neglect** of domestic responsibilities for a personal obsession.
- It includes a **counselor/wife** who **points out the imbalance**.
- It has a **direct consequence** (floor collapse) that leads to **injury** and **realization**.
- It ends with a **balanced approach** to both priorities.

**Story B**, while similar in some aspects, shows **inconsistent neglect** and a **less direct cause-effect relationship** between the neglect and the consequence.

---

### ✅ **Final Answer: Story A is a better analogy to Story 1.**
------------ Task 14 ------------
Prompt for task Task 14:
Consider the following story:

Story 1: Frederick the shepherd was tending his flock at the edge of a forest.  Suddenly, a lion appeared out of the forest.  Frederick was really scared so he started shouting to scare the lion away.  But the shouting did nothing but attract the lion’s attention and it began walking towards him.  He then realized he should have left it alone. To escape, Frederick gave the lion a lamb.  While the lion was occupied, he led the rest of the flock away.  Eventually, he guessed they were far enough away to be safe from the lion.  So he took a nap on the grass. However, when he awoke he noticed another lamb was missing and he could not find it anywhere!  At the next opportunity, Frederick bought a blunderbuss so he could better defend his flock in the future.

Now consider two more stories:

Story A: Zebediah, the old miser, was sitting on his back porch counting his money and he dozed off.  When he awoke he discovered that one bag of coins was missing.  He could not find the bag anywhere.  Zebediah figured that the thief was still nearby so he started yelling for whoever took the money to show his face. Suddenly, a beggar came out of the forsythia bushes and started walking towards the old man on the porch.  Zebediah was surprised and very frightened.  He wished he had left the beggar alone.  To escape, he threw a second bag of coins to the beggar.  While the beggar was occupied, Zebediah took the last few bags of money into the house and locked the door!

Story B: Zebediah, the old miser, was sitting on his back porch counting his money.  Suddenly, a beggar came out of the forsythia bushes.  Zebediah was very frightened so he started yelling for the beggar to go away.   The yelling only caught the beggar’s attention and he began walking towards the old man.  The miser wished he had left the beggar alone. To escape, Zebediah threw a bag of coins to the beggar.  While the beggar was occupied, Zebediah took the last few bags of money into the house and locked the door.  Zebediah figured that he was safe inside and he dozed off in an easy chair.  When he awoke he was surprised to discover another bag of coins was missing.  He could not find it anywhere!

Which of Story A and Story B is a better analogy to Story 1? Is the best answer Story A, Story B, or both are equally analogous?

Before answering, recall 3 relevant examples, then provide your answer.

Full Qwen output (42.96 seconds): To determine which of **Story A** or **Story B** is a better analogy to **Story 1**, we need to compare the **structure, sequence of events, and the moral or lesson** in each story. Let's first recall **three relevant examples** of analogies and then analyze the stories accordingly.

---

### **Relevant Examples of Analogies**

1. **"The Tortoise and the Hare" by Aesop**  
   - **Structure**: A race between a fast hare and a slow tortoise.  
   - **Lesson**: Slow and steady wins the race.  
   - **Analogy**: The story is used to illustrate the value of perseverance over overconfidence.

2. **"The Boy Who Cried Wolf" by Aesop**  
   - **Structure**: A shepherd boy repeatedly lies about a wolf attack, leading to a real wolf attack.  
   - **Lesson**: Lying leads to loss of trust.  
   - **Analogy**: The story is used to illustrate the consequences of dishonesty.

3. **"The Lion and the Mouse" by Aesop**  
   - **Structure**: A lion is caught in a trap and a mouse helps him escape.  
   - **Lesson**: Even the smallest creatures can help the largest.  
   - **Analogy**: The story is used to illustrate the value of kindness and the unexpected help from small beings.

---

### **Analysis of Story 1**

**Story 1**:  
- **Structure**: A shepherd (Frederick) is attacked by a lion. He tries to scare it away, fails, and then gives it a lamb to distract it. He escapes with the rest of the flock, but later finds a lamb missing. He then buys a blunderbuss for future protection.  
- **Lesson**: Sometimes, giving in to a threat can be a way to escape, but it may lead to new problems.  
- **Key elements**:  
  - A threat (lion) appears.  
  - The protagonist tries to scare it away.  
  - The threat approaches.  
  - The protagonist gives something (a lamb) to distract the threat.  
  - The protagonist escapes but later discovers a new problem (missing lamb).  
  - The protagonist takes action to prevent future problems (buys a blunderbuss).

---

### **Analysis of Story A**

**Story A**:  
- **Structure**: Zebediah, a miser, is counting money and dozes off. He wakes up to find a bag missing. He yells, a beggar appears, and he throws a bag to the beggar to distract him. He locks the door with the remaining money.  
- **Lesson**: Giving something to a threat can be a way to escape, but it may lead to new problems.  
- **Key elements**:  
  - A threat (beggar) appears.  
  - The protagonist tries to scare it away.  
  - The threat approaches.  
  - The protagonist gives something (a bag of coins) to distract the threat.  
  - The protagonist escapes but later discovers a new problem (another bag missing).  
  - The protagonist takes action to prevent future problems (locks the door).

---

### **Analysis of Story B**

**Story B**:  
- **Structure**: Zebediah, a miser, is counting money. A beggar appears, he yells, the beggar approaches, and he throws a bag of coins to distract him. He locks the door with the remaining money. Later, he dozes off and finds another bag missing.  
- **Lesson**: Similar to Story A, but the sequence is slightly different.  
- **Key elements**:  
  - A threat (beggar) appears.  
  - The protagonist tries to scare it away.  
  - The threat approaches.  
  - The protagonist gives something (a bag of coins) to distract the threat.  
  - The protagonist escapes but later discovers a new problem (another bag missing).  
  - The protagonist takes action to prevent future problems (locks the door).

---

### **Comparison with Story 1**

- **Story A** and **Story B** are very similar in structure and lesson.  
- However, **Story A** includes an initial event where Zebediah **dozes off** and **wakes up** to find a bag missing, which is **not present in Story B**.  
- In **Story 1**, Frederick **starts with a threat**, then **gives something to distract the threat**, and **later finds a missing item**.  
- **Story A** mirrors this structure more closely, as it includes the **initial missing item** (the bag of coins) before the threat appears.  
- **Story B** starts with the threat (the beggar) and then the missing item appears **after** the threat is dealt with, which is **less analogous** to Story 1.

---

### **Conclusion**

**Story A** is a **better analogy** to **Story 1** because it follows a **similar sequence of events**:  
1. A threat appears.  
2. The protagonist tries to scare it away.  
3. The threat approaches.  
4. The protagonist gives something to distract the threat.  
5. The protagonist escapes but later discovers a new problem.  
6. The protagonist takes action to prevent future problems.

**Story B** is **similar but not as analogous** because it **starts with the threat** rather than the missing item, which is a key element in Story 1.

---

### ✅ **Final Answer: Story A** is the better analogy to Story 1.
------------ Task 15 ------------
Prompt for task Task 15:
Consider the following story:

Story 1: Mark the chicken farmer was standing in the henhouse collecting eggs while his chickens were out in the yard. When his chickens returned, they all began to attack him, for some unknown reason. “You ungrateful beasts!” Mark screamed. The chickens chased him out of the henhouse and into the woods. While they were gone, a thief slipped into the yard and made off with the unguarded eggs. After he got out of the hospital, Mark quit chicken farming and went on a vacation in Africa.

Now consider two more stories:

Story A: A tidal wave hit a girl scout camp on the beach while everyone was away and washed away all of the sleeping bags. A short time later, Linda, the camp director, came back and discovered the tragedy. She stood on the beach thinking about what to do. While she was thinking, the girl scouts returned from hiking in the hills. Since they could not find their sleeping bags they attacked their director. What’ll we do now? Where will we sleep?...they said. “Why do you pester me when I am racking my brain to figure out what we are going to do?” the camp director screamed as she ran down the road. “Show a little appreciation!”

Story B: Linda, the director of a girl scout camp, was thinking about the camp on the beach while all the girls were hiking in the hills nearby. While she was standing there the girl scouts returned and they all started pestering her with questions about what was for dinner, could they go swimming, and so on. “Why do you pester me when I am racking my brain to figure out what we’re going to do?” Linda screamed as she ran off the beach and down the road. “Show a little appreciation!” The scouts followed her, still yelling. A short time later, a tidal wave hit the beach and washed away all the sleeping bags.

Which of Story A and Story B is a better analogy to Story 1? Is the best answer Story A, Story B, or both are equally analogous?

Before answering, recall 3 relevant examples, then provide your answer.

Full Qwen output (37.62 seconds): To determine which of **Story A** or **Story B** is a better analogy to **Story 1**, we need to compare the **structure, cause-effect relationships, and the sequence of events** in all three stories. Let's first recall **three relevant examples** from the field of **analogical reasoning** and **causal logic** that will help us analyze this comparison.

---

### **Relevant Examples from Analogical Reasoning and Causal Logic**

1. **The "Causal Chain" Analogy**  
   In reasoning, a good analogy preserves the **causal relationships** between events. For example, if a story describes a **cause** (e.g., a storm) leading to an **effect** (e.g., a flood), a good analogy should maintain that **cause-effect sequence**.

2. **The "Sequence of Events" Principle**  
   Analogies that preserve the **order of events** are more effective. If one story has an event A followed by event B, a good analogy should also have A followed by B, even if the specific details differ.

3. **The "Unintended Consequence" Pattern**  
   In some stories, an **unintended consequence** leads to a **chain of events**. For example, a person’s action leads to an unexpected outcome, which then causes further consequences. A good analogy should reflect this **unintended consequence** structure.

---

### **Analysis of the Stories**

#### **Story 1: Mark the Chicken Farmer**
- **Event 1**: Mark is collecting eggs in the henhouse.
- **Event 2**: Chickens return and attack him.
- **Event 3**: A thief takes advantage of the unguarded eggs.
- **Event 4**: Mark is injured and quits farming.

**Key Pattern**:  
- A **cause** (chickens attacking) leads to an **effect** (Mark being chased out).
- While Mark is distracted, an **unintended consequence** (a thief stealing eggs) occurs.
- The **sequence** is: **attack → distraction → theft**.

---

#### **Story A: Girl Scout Camp**
- **Event 1**: A tidal wave hits the camp and washes away sleeping bags.
- **Event 2**: Linda returns and discovers the tragedy.
- **Event 3**: Girl scouts return from hiking and attack Linda.
- **Event 4**: Linda is distracted and runs away, while the scouts follow.

**Key Pattern**:  
- A **cause** (tidal wave) leads to an **effect** (sleeping bags destroyed).
- While Linda is **distracted** (thinking about what to do), the **girl scouts attack** her.
- The **sequence** is: **tidal wave → Linda distracted → scouts attack**.

**Comparison to Story 1**:  
- The **cause-effect sequence** is similar: an **event** (tidal wave or chickens attacking) leads to a **distraction**, which allows an **unintended consequence** (theft or attack).
- The **sequence of events** is **similar** in that the **distraction** leads to an **attack** or **theft**.
- The **unintended consequence** (theft or attack) occurs **while the protagonist is distracted**.

---

#### **Story B: Girl Scout Camp**
- **Event 1**: Linda is thinking about the camp while the girls are hiking.
- **Event 2**: The girls return and pester Linda with questions.
- **Event 3**: Linda screams and runs away.
- **Event 4**: A tidal wave hits and washes away the sleeping bags.

**Key Pattern**:  
- The **girls pester Linda** while she is **distracted**.
- Linda **reacts** (screams and runs).
- **After** her reaction, a **tidal wave** hits and destroys the sleeping bags.

**Comparison to Story 1**:  
- The **sequence of events** is **reversed** compared to Story 1.
- In Story 1, the **attack** (chickens) happens **before** the **theft** (thief).
- In Story B, the **tidal wave** happens **after** the **attack** (girls pester Linda).
- The **unintended consequence** (tidal wave) occurs **after** the **distraction** and **attack**.

---

### **Conclusion**

- **Story A** preserves the **cause-effect sequence** and the **unintended consequence** pattern of **Story 1**.
- **Story B** reverses the **sequence of events**, making it a **less accurate analogy**.
- **Story A** better reflects the **causal chain** and **unintended consequence** structure of **Story 1**.

---

### ✅ **Final Answer: Story A is a better analogy to Story 1.**
------------ Task 16 ------------
Prompt for task Task 16:
Consider the following story:

Story 1: Two pioneers, Smith and Johnson, discovered a gorgeous little valley that was as yet unclaimed in Oregon Territory.  Each of them wanted the land for himself, so soon they were fighting over who saw it first. While they were fighting over it, Sheriff Jones came along and divided the land evenly between them.  In the end, Smith and Johnson realized that they should have done that on their own.  From that day forward they were the best of friends, and they helped build each others’ houses.

Now consider two more stories:

Story A: Betty and Norma were walking towards each other when they simultaneously discovered a twenty dollar bill on the floor.  Both of them wanted the money so soon they were arguing desperately over who saw it first. While they were busy arguing over the money, Lee came along and took it herself.  By the time Betty and Norma realized they should just divide it up, it was too late.

Story B: Betty and Norma were walking towards each other, when they simultaneously discovered a twenty dollar bill on the floor.  Both of them wanted the money so soon they were arguing desperately over who saw it first. While they were busy arguing, their teacher Mrs. Lee, came along, took the money and divided it between them.  Then Betty and Norma realized that they should have done that themselves.

Which of Story A and Story B is a better analogy to Story 1? Is the best answer Story A, Story B, or both are equally analogous?

Before answering, recall 3 relevant examples, then provide your answer.

Full Qwen output (33.69 seconds): To determine which of **Story A** or **Story B** is a better analogy to **Story 1**, we need to compare the **structure, outcome, and moral** of each story. Let's first recall **three relevant examples** that help clarify the concept of **analogous situations** and **moral lessons**.

---

### **Relevant Examples:**

1. **The Parable of the Talents (Matthew 25:14–30)**  
   - **Structure**: A master gives talents (money) to his servants. One invests and gains more, another buries his and gets nothing, and the third invests and gains even more.  
   - **Moral**: Use what you have been given.  
   - **Relevance**: This story involves **ownership, responsibility, and the consequences of action**—similar to the themes in Story 1 and the two other stories.

2. **The Story of the Good Samaritan (Luke 10:25–37)**  
   - **Structure**: A traveler is robbed and left for dead. A Samaritan helps him, while others ignore him.  
   - **Moral**: Show compassion to those in need, even if they are strangers.  
   - **Relevance**: This story emphasizes **helping others and taking initiative**, which is also present in Story 1 when the two pioneers help each other after the conflict.

3. **The Parable of the Prodigal Son (Luke 15:11–32)**  
   - **Structure**: A son leaves home, squanders his inheritance, and returns to his father, who forgives him.  
   - **Moral**: God forgives those who repent and return to Him.  
   - **Relevance**: This story involves **conflict, realization, and reconciliation**, which are central to the moral of Story 1.

---

### **Analysis of Story 1:**

- **Structure**: Two people (Smith and Johnson) discover a land, argue over who saw it first, and are resolved by a third party (Sheriff Jones) who divides the land.  
- **Moral**: It's better to resolve conflicts on your own rather than waiting for a third party.  
- **Outcome**: The conflict is resolved, and the two become friends and help each other.

---

### **Analysis of Story A:**

- **Structure**: Betty and Norma find a bill, argue over who saw it first, and while arguing, Lee takes the money.  
- **Moral**: It's too late to resolve the conflict once the third party has taken the money.  
- **Outcome**: The conflict is not resolved, and the money is lost.

---

### **Analysis of Story B:**

- **Structure**: Betty and Norma find a bill, argue over who saw it first, and while arguing, their teacher (Mrs. Lee) takes the money and divides it.  
- **Moral**: It's better to resolve conflicts on your own, even if a third party helps.  
- **Outcome**: The conflict is resolved, and the two realize they should have done it themselves.

---

### **Comparison to Story 1:**

- **Story 1** and **Story B** both involve:
  - Two people in conflict over a shared resource.
  - A third party intervenes and resolves the conflict.
  - The two parties later realize that they should have resolved the conflict themselves.
  - The resolution leads to friendship and mutual help.

- **Story A** differs in that:
  - The third party **takes the resource** rather than **resolving the conflict**.
  - The conflict is **not resolved**, and the resource is **lost**.
  - There is **no positive outcome** or **moral realization**.

---

### **Conclusion:**

**Story B** is the better analogy to **Story 1**. Both stories involve:
- A conflict over a shared resource.
- A third party intervening to resolve the conflict.
- A realization that the conflict could have been resolved on their own.
- A positive outcome (friendship, mutual help, or fair division).

**Story A**, on the other hand, ends in **loss and unresolved conflict**, which is not analogous to the **positive resolution** in Story 1.

---

### ✅ **Final Answer: Story B is a better analogy to Story 1.**
------------ Task 17 ------------
Prompt for task Task 17:
Consider the following story:

Story 1: Once there was a teacher named Mrs. Jackson who wanted a salary increase. One day, the principal said that he was increasing his own salary by 20 percent. However, he said, there was not enough money to give the teachers a salary increase. When Mrs. Jackson heard this she became so angry that she decided to take revenge. The next day, Mrs. Jackson used gasoline to set fire to the principal’s office. Then she went to a bar and got drunk.

Now consider two more stories:

Story A: McGhee was a sailor who wanted a few days of vacation on land. One day McGhee became so impatient that he tried to blow up the captain’s cabin using dynamite. After this incident, the captain announced that he would be taking a vacation in the mountains. However, he said, everyone else would have to remain on board to repair the ship.

Story B: McGhee was a sailor who wanted a few days of vacation on land. One day, the captain announced that he would be taking a vacation in the mountains. However, he said, everyone else would have to remain on the ship. After McGhee heard this he became so upset that he decided to get revenge. Within an hour McGhee blew up the captain’s cabin with dynamite.

Which of Story A and Story B is a better analogy to Story 1? Is the best answer Story A, Story B, or both are equally analogous?

Before answering, recall 3 relevant examples, then provide your answer.

Full Qwen output (34.36 seconds): To determine which of **Story A** or **Story B** is a better analogy to **Story 1**, we need to compare the **sequence of events**, **causal relationships**, and **motivations** in each story.

Let’s first recall **three relevant examples** from legal or logical reasoning that help us understand analogies and cause-effect relationships:

---

### **Example 1: Causality and Temporal Order**
In legal reasoning, the **order of events** is crucial. If a person commits a crime, the **cause and effect** must be clearly established. For example, if someone is accused of murder, the **sequence** of events (e.g., the victim was shot after the accused entered the room) is important to determine guilt.

**Relevance:** In Story 1, the **principal announces** the salary increase first, and **Mrs. Jackson reacts** afterward. This **temporal order** is important to understand the cause-effect relationship.

---

### **Example 2: Motivation and Reaction**
In legal or ethical reasoning, **intent and motivation** are key. If someone acts out of **anger or revenge**, that can influence the interpretation of their actions. For example, if a person throws a rock at a car because they are angry, the **intent** may affect the legal outcome.

**Relevance:** In Story 1, **Mrs. Jackson is angry** and **acts out of revenge**, which is a key part of the story. We need to find a story where the **reaction is based on a similar emotional response** to an earlier statement.

---

### **Example 3: Analogical Reasoning in Legal Cases**
In legal analogies, the **structure of the cause and effect** is often compared. For example, in a case where a person is accused of causing a fire, the **sequence of events** (e.g., the person was angry, then set fire) is compared to a similar case to determine if the reasoning is analogous.

**Relevance:** We are looking for a story where the **sequence of events** mirrors that of Story 1 — where a **statement is made**, and then a **reaction follows** based on **emotion or revenge**.

---

### **Comparison of Stories A and B with Story 1**

#### **Story 1:**
- **Principal says** he is increasing his own salary by 20%.
- **Principal says** there is not enough money for teachers.
- **Mrs. Jackson becomes angry** and **sets fire to the office**.
- **Mrs. Jackson gets drunk**.

**Sequence:**  
1. Statement (salary increase for principal)  
2. Statement (no increase for teachers)  
3. Reaction (anger and revenge)  
4. Further action (drunk)

#### **Story A:**
- **McGhee wants vacation on land.**
- **McGhee becomes impatient** and **blows up the captain’s cabin**.
- **Captain announces** he is going on vacation.
- **Everyone else must stay on board**.

**Sequence:**  
1. Desire (McGhee wants vacation)  
2. Action (blows up cabin)  
3. Statement (captain announces vacation)  
4. Statement (everyone else stays on board)

**Issue:** The **reaction (blowing up the cabin)** happens **before** the **statement** about the captain’s vacation. This **reverses the cause-effect** of Story 1.

#### **Story B:**
- **McGhee wants vacation on land.**
- **Captain announces** he is going on vacation.
- **Everyone else must stay on board.**
- **McGhee becomes upset** and **blows up the cabin**.

**Sequence:**  
1. Desire (McGhee wants vacation)  
2. Statement (captain announces vacation)  
3. Statement (everyone else stays on board)  
4. Reaction (anger and revenge)  
5. Action (blows up cabin)

**Match:** This **mirrors the sequence** of Story 1 — a **statement is made**, then a **reaction follows** based on **emotion or revenge**.

---

### **Conclusion:**

**Story B** is the **better analogy** to **Story 1** because it follows the **same sequence of events** and **causal relationships**. In both stories, a **statement is made**, and then a **reaction based on anger or revenge** follows.

**Answer: Story B** is the better analogy to Story 1.
------------ Task 18 ------------
Prompt for task Task 18:
Consider the following story:

Story 1: A cobra called Pierre was slithering through the brush when a falcon came towards it.  Pierre became frightened and struck, wounding the falcon in the abdomen.  To teach him a lesson, the falcon grabbed the cobra and flew away with it. Unfortunately for both of them, after they were high above the earth the wounded falcon became too weak to fly.  Consequently, they plummeted straight down to the earth and perished.  They landed, strangely enough, in the middle of an outdoor wedding ceremony.

Now consider two more stories:

Story A: Young Gene was walking home from school when he met a policeman.  Suddenly, the policeman grabbed him and drove away with him. Once they got onto the freeway, Gene panicked and hit the policeman in the side of the head.  Unfortunately, the policeman became too dizzy to drive.  Consequently, they ran off the road and died when they hit a wall.

Story B: Young Gene was walking home from school when a policeman approached him.  Suddenly Gene panicked and hit the policeman in the side of the head.  The policeman wanted to set the boy straight.  He grabbed Gene and drove away with him. Unfortunately, once they were on the road the policeman became too dizzy to drive. Consequently, they ran off the road and died when they hit a wall.

Which of Story A and Story B is a better analogy to Story 1? Is the best answer Story A, Story B, or both are equally analogous?

Before answering, recall 3 relevant examples, then provide your answer.

Full Qwen output (32.71 seconds): To determine which of **Story A** or **Story B** is a better analogy to **Story 1**, we need to compare the **structure, sequence of events, and causal relationships** in each story. Let's first recall **three relevant examples** of analogies and then apply them to the comparison.

---

### **Relevant Examples of Analogies**

1. **Structural Analogy**:  
   An analogy is **structurally analogous** if the **sequence of events and cause-effect relationships** are similar, even if the characters or settings differ.  
   *Example*:  
   - Story 1: A cobra attacks a falcon, the falcon retaliates, they both die in a crash.  
   - Story A: A boy attacks a policeman, the policeman retaliates, they both die in a crash.  
   → These are structurally analogous.

2. **Causal Chain Analogy**:  
   An analogy is **causally analogous** if the **cause-effect chain** is the same.  
   *Example*:  
   - In Story 1, the cobra's attack leads to the falcon's retaliation, which leads to their mutual death.  
   - In Story A, the boy's attack leads to the policeman's retaliation, which leads to their mutual death.  
   → These are causally analogous.

3. **Narrative Flow and Agency**:  
   An analogy is **narratively analogous** if the **narrative flow and the agency of the characters** are similar.  
   *Example*:  
   - In Story 1, the cobra acts first, then the falcon retaliates.  
   - In Story B, the boy acts first, then the policeman retaliates.  
   → These are narratively analogous.

---

### **Comparison of Story A and Story B with Story 1**

Let’s now compare **Story A** and **Story B** with **Story 1** using the above criteria.

#### **Story 1 Summary**:
- A cobra (Pierre) attacks a falcon.
- The falcon retaliates and carries the cobra away.
- The falcon becomes too weak to fly.
- They fall to their death.
- They land in the middle of a wedding.

#### **Story A Summary**:
- A boy (Gene) is grabbed by a policeman.
- Gene attacks the policeman.
- The policeman becomes too dizzy to drive.
- They crash and die.

#### **Story B Summary**:
- A boy (Gene) is approached by a policeman.
- Gene attacks the policeman.
- The policeman retaliates and carries the boy away.
- The policeman becomes too dizzy to drive.
- They crash and die.

---

### **Analysis**

- **Story A**:
  - The **sequence of events** is: Gene is grabbed → Gene attacks → Policeman becomes dizzy → Crash.
  - The **retaliation** is **not clearly stated** as being initiated by the policeman. It's implied that the policeman becomes dizzy as a result of the attack, but the **retaliation** is not explicitly described.
  - The **narrative flow** is **less clear** in terms of the policeman's agency.

- **Story B**:
  - The **sequence of events** is: Gene is approached → Gene attacks → Policeman retaliates → Policeman becomes dizzy → Crash.
  - The **retaliation** is **explicitly stated** (the policeman "wanted to set the boy straight").
  - The **narrative flow** is **clearer**, with both characters acting with **agency**.

---

### **Conclusion**

**Story B** is a **better analogy** to **Story 1** because:

- It **matches the structure** of the original story (attack → retaliation → mutual death).
- It **maintains the causal chain** (attack → retaliation → crash).
- It **preserves the narrative flow and agency** of both characters.
- It **explicitly describes the retaliation**, which is a key element in Story 1.

**Story A**, while similar in some ways, **lacks the explicit retaliation** and **is less narratively coherent** in terms of cause and effect.

---

### ✅ **Final Answer: Story B is a better analogy to Story 1.**
Total time for full run: 633.95 seconds.
