============================================================================================== 
Warning! Mixing Conda and module environments may lead to corruption of the
user environment. 
We do not recommend users mixing those two environments unless absolutely
necessary. Note that 
SURF does not provide any support for Conda environment.
For more information, please refer to our software policy page:
https://servicedesk.surf.nl/wiki/display/WIKI/Software+policy+Snellius#SoftwarepolicySnellius-UseofAnacondaandMinicondaenvironmentsonSnellius 

Remember that many packages have already been installed on the system and can
be loaded using 
the 'module load <package__name>' command. If you are uncertain if a package is
already available 
on the system, please use 'module avail' or 'module spider' to search for it.
============================================================================================== 
Loading model Qwen/Qwen3-8B...
GPU memory available: 39.49 GB
`torch_dtype` is deprecated! Use `dtype` instead!
Flash Attention 2 not available (FlashAttention2 has been toggled on, but it cannot be used due to the following error: the package flash_attn seems to be not installed. Please refer to the documentation of https://huggingface.co/docs/transformers/perf_infer_gpu_one#flashattention-2 to install Flash Attention 2.), using default attention
Loading checkpoint shards:   0%|          | 0/5 [00:00<?, ?it/s]Loading checkpoint shards:  20%|██        | 1/5 [00:04<00:19,  4.95s/it]Loading checkpoint shards:  40%|████      | 2/5 [00:09<00:14,  4.68s/it]Loading checkpoint shards:  60%|██████    | 3/5 [00:13<00:09,  4.55s/it]Loading checkpoint shards:  80%|████████  | 4/5 [00:17<00:04,  4.17s/it]Loading checkpoint shards: 100%|██████████| 5/5 [00:18<00:00,  3.17s/it]Loading checkpoint shards: 100%|██████████| 5/5 [00:18<00:00,  3.76s/it]
Model loaded with default attention
Model device: cuda:0
GPU memory allocated: 15.26 GB, reserved: 15.28 GB
Model loaded. Loading tokenizer...
Model Qwen/Qwen3-8B and tokenizer loaded.
Generating responses with model Qwen/Qwen3-8B...
------------ Task 1 ------------
Prompt for task Task 1:
Consider the following story:

Story 1: William was a patient in a psychiatric hospital who was confined indoors almost all the time. He could never pass the monthly room inspections so he hated them. He spent most of his time daydreaming about food. A few days before the April inspection William’s room was still a mess since he had done nothing but daydream. To provide William with an incentive, the nurse promised him some gingerbread from the cookie shop if he scrubbed his room and put it in order once and for all. William was overjoyed. But there was no longer enough time for him to put it in order. As a result, he did not pass the inspection and did not get any gingerbread. William sulked all day and slammed his door so hard the plaster cracked, but he still didn’t get any gingerbread.

Now consider two more stories:

Story A: Karen loved vacations and especially wanted to go to Hawaii.  But she wasn’t a good student, disliked school, and was failing because she was distracted with constant thoughts about traveling to Hawaii.  Karen’s father made her feel better by telling her that he would pay for a trip to Hawaii if she got better grades before she graduated from high school in a few weeks.  But she didn’t have enough time to bring up her grades before graduation, so didn’t get the opportunity to go to Hawaii.

Story B: Karen disliked high school so she always had trouble getting passing grades in her classes. Vacations were her favorite part of the school year. Not long before the end of her fourth year of school, Karen was not doing well at all because she despised school. To motivate her, Karen’s father promised her a trip to Hawaii if she would just pass enough of her classes to graduate. This made Karen extremely happy. During the last few weeks of school she spent most of her time dreaming about Hawaii and preparing for her trip there. Consequently, she failed to graduate and she did not get to go.

Which of Story A and Story B is a better analogy to Story 1? Is the best answer Story A, Story B, or both are equally analogous?

Before answering, recall 3 relevant examples, then provide your answer.

The following generation flags are not valid and may be ignored: ['temperature', 'top_k']. Set `TRANSFORMERS_VERBOSITY=info` for more details.
Full Qwen output (38.05 seconds): To determine which of **Story A** or **Story B** is a better analogy to **Story 1**, we need to compare the **structure, motivation, and outcome** of each story. Let's first recall **three relevant examples** from psychology and behavioral science that are relevant to this comparison:

---

### **1. The Marshmallow Experiment (Walter Mischel, 1960s)**  
This experiment demonstrated the concept of **delayed gratification**. Children were given the choice between a small reward immediately or a larger reward if they waited. Those who waited were more likely to achieve long-term success. This is relevant because it shows how **incentives** and **self-control** influence behavior, similar to how William and Karen are motivated by rewards.

---

### **2. The Stanford Prison Experiment (Philip Zimbardo, 1971)**  
This experiment showed how **environmental and situational factors** can influence behavior. It's not directly related to motivation, but it highlights how **external pressures and expectations** can shape actions, which is relevant to the **setting** and **incentive structures** in the stories.

---

### **3. The Self-Determination Theory (Deci & Ryan, 1985)**  
This theory emphasizes that **intrinsic motivation** (doing something for its own sake) is more effective and sustainable than **extrinsic motivation** (doing something for a reward). It's relevant because both stories involve **external incentives** (gingerbread, Hawaii trip), and the characters are **motivated by these rewards**, which may not align with their intrinsic desires.

---

Now, let's compare **Story 1** with **Story A** and **Story B**:

---

### **Story 1 Summary**  
- **William** is a psychiatric patient who is **confined indoors**, **hates inspections**, and **daydreams about food**.
- He is **motivated by a reward** (gingerbread) to clean his room.
- He **fails to clean in time**, **fails the inspection**, and **does not get the reward**.
- The **incentive is external**, and the **failure is due to time constraints**.

---

### **Story A Summary**  
- **Karen** is a student who **dislikes school**, is **distracted by thoughts of Hawaii**, and is **failing**.
- Her **father offers a reward** (trip to Hawaii) if she improves her grades.
- She **fails to improve in time**, **fails to graduate**, and **does not get the reward**.
- The **incentive is external**, and the **failure is due to time constraints**.

---

### **Story B Summary**  
- **Karen** is a student who **dislikes school**, is **distracted by thoughts of Hawaii**, and is **failing**.
- Her **father offers a reward** (trip to Hawaii) if she improves her grades.
- She **spends time preparing for the trip**, **fails to graduate**, and **does not get the reward**.
- The **incentive is external**, and the **failure is due to over-optimism or misjudgment**.

---

### **Comparison with Story 1**  
- **Story 1** and **Story A** both involve:
  - A **person who is not motivated by the task itself** (William by cleaning, Karen by school).
  - An **external reward** (gingerbread, Hawaii trip) that is **offered as an incentive**.
  - A **failure to meet the deadline**, leading to **no reward**.
  - The **failure is due to time constraints**.

- **Story 1** and **Story B** both involve:
  - A **person who is not motivated by the task itself**.
  - An **external reward**.
  - A **failure to meet the deadline**, leading to **no reward**.
  - However, in **Story B**, the **failure is due to over-optimism or misjudgment**, not time constraints.

---

### **Conclusion**  
**Story A** is a **better analogy** to **Story 1** because both involve:
- A **person who is not intrinsically motivated** by the task.
- An **external reward** offered as an incentive.
- A **failure to meet the deadline**, leading to **no reward**.
- The **failure is due to time constraints**, not over-optimism.

**Story B** is **less analogous** because the **failure is due to misjudgment** rather than time constraints, and the **behavioral outcome** (preparing for the trip) is different from the **behavioral outcome** in Story 1 (not cleaning the room).

---

### ✅ **Final Answer: Story A is a better analogy to Story 1.**
------------ Task 2 ------------
Prompt for task Task 2:
Consider the following story:

Story 1: Mr. Newton was the manager of a company that made razors. One year, an inventor in his company perfected a metal that would stay sharper than any previous razor. However, not long after that, Mr. Newton was using one of these new razors and he cut his neck rather severely. As a result of this incident the inventor recommended a safety feature that would protect people from injuring themselves. After what had happened, Mr. Newton considered the safety feature absolutely necessary. The incident had alarmed him so much that he began to produce the safety razor right away. Luckily, his neck did not get infected so everything was alright.

Now consider two more stories:

Story A: The Smith Tan Company sold sun lamps, with Ms. Boyce leading the firm’s installation of these lamps. One of the firm’s suppliers created a novel filament for these lamps; this filament generated more heat than past and current filaments.  Ms. Boyce got a bad burn when trying out one of these lamps.  She reported this to the firm, and the supplier proposed putting a label on the lamps, warning of the possibility of burns.  Ms. Boyce was convinced by her burn to get the company to quickly go ahead with the labels.

Story B: Ms. Boyce was in charge of installing sun lamps sold by Smith Tan Company. In 1980, a supplier for the company perfected a filament that could produce more intense heat than any previous filament. Because it was so hot, the supplier recommended a warning label that would protect people from hurting themselves with the new lamp. But Mrs. Boyce considered the labels unnecessary. It would be too much trouble to make them. But later, when she was using one of these new heat lamps herself, she was seriously burned. After this accident she was so frightened that she had the warning labels printed immediately.

Which of Story A and Story B is a better analogy to Story 1? Is the best answer Story A, Story B, or both are equally analogous?

Before answering, recall 3 relevant examples, then provide your answer.

Full Qwen output (28.87 seconds): To determine which of **Story A** or **Story B** is a better analogy to **Story 1**, we need to compare the **structure, cause-effect relationship, and the role of the incident in prompting a change** in both stories.

---

### **Relevant Examples from Psychological and Legal Literature**

1. **The "Hawthorne Effect"** – This refers to the phenomenon where individuals modify their behavior in response to being observed. While not directly related, it shows how **external events or awareness** can influence behavior, similar to how the incident in Story 1 and Stories A and B led to changes in policy or practice.

2. **The "Incident-Based Learning" Model** – This model suggests that **real-life incidents** often serve as catalysts for learning and change, especially in safety and organizational behavior. This is directly relevant to all three stories, as the incidents (cuts, burns) led to the implementation of safety measures.

3. **The "Just Culture" Framework** – This framework emphasizes that **incidents should be treated as learning opportunities**, not as blame. In all three stories, the incidents led to **improvements in safety practices**, aligning with the principles of a just culture.

---

### **Comparison of Stories**

#### **Story 1:**
- **Incident**: Mr. Newton cuts himself with a new razor.
- **Response**: The inventor recommends a safety feature.
- **Outcome**: Mr. Newton adopts the safety feature immediately.
- **Key Point**: The **incident directly leads to a change in practice**, and the **response is immediate and decisive**.

#### **Story A:**
- **Incident**: Ms. Boyce gets a burn from a new lamp.
- **Response**: The supplier recommends a warning label.
- **Outcome**: Ms. Boyce convinces the company to implement the label.
- **Key Point**: The **incident leads to a change**, but the **response is more collaborative** (supplier recommends, Ms. Boyce advocates).

#### **Story B:**
- **Incident**: Ms. Boyce gets a burn from a new lamp.
- **Response**: The supplier recommends a warning label, but she initially resists.
- **Outcome**: After the incident, she changes her mind and implements the label.
- **Key Point**: The **incident leads to a change**, but the **response is delayed and reactive** (initial resistance, then change after the incident).

---

### **Analysis**

- **Story 1** and **Story B** both involve an **incident that leads to a change in behavior or policy**.
- **Story 1** and **Story A** both involve a **recommendation from an external party** (inventor, supplier) that is **acted upon**.
- However, **Story B** most closely mirrors **Story 1** in terms of **structure and cause-effect**:
  - Both involve a **manager (Mr. Newton or Ms. Boyce)** who is **directly affected by the incident**.
  - Both involve a **recommendation from a supplier or inventor**.
  - Both involve a **change in policy or practice** after the incident.
  - Both involve a **personal experience** that leads to a **change in behavior**.

---

### **Conclusion**

**Story B** is the **better analogy** to **Story 1**. Both stories follow a similar **sequence of events**: an **incident occurs**, a **recommendation is made**, and the **manager reacts to the incident by implementing a safety measure**. The **personal experience of the manager** in both stories is the **key driver of the change**, making **Story B** the most analogous to **Story 1**.

**Answer: Story B** is the better analogy to Story 1.
------------ Task 3 ------------
Prompt for task Task 3:
Consider the following story:

Story 1: Joseph was a millionaire who hired a chauffeur to drive his Rolls-Royce. He used to brag to his wife that he would never be late for his conferences since he had hired a chauffeur. One morning when he was in a great hurry, he went to find the chauffeur. But he was asleep. He thought his services would not be needed that day. Thus Joseph was very late for his conference after all. To make sure this would not happen again, Joseph hired a second chauffeur. This turned out to be very expensive because the second chauffeur wanted a fancy uniform as well as a high salary.

Now consider two more stories:

Story A: A man called Alexander and his wife lived in a big house. Alexander’s friend often heard Alexander vaunt the fact that his wife cooked amazing food that he loved to eat. One day the wife expected her husband would be away, so she cooked a small amount of food for the baby and herself.  When Alexander came home there was no food left.  Disappointed and wanting to make sure to avoid hunger, Alexander got married to another woman in addition to his original wife.

Story B: Many years ago there was a man named Alexander who had two wives living in two houses: He liked to boast to a friend that with his two wives he would always eat well. One day when he was very hungry, Alexander went to his first wife. But she had only prepared enough for herself and their baby. She thought Alexander would eat with his other wife that day. Alexander then went to his second wife, but found she had already finished. She saw him go to the other house so she thought he was eating there. Thus Alexander went without any dinner at all.

Which of Story A and Story B is a better analogy to Story 1? Is the best answer Story A, Story B, or both are equally analogous?

Before answering, recall 3 relevant examples, then provide your answer.

Full Qwen output (33.95 seconds): To determine which of **Story A** or **Story B** is a better analogy to **Story 1**, we need to compare the **structure, cause, and consequence** of the events in each story. Let's first recall **three relevant examples** of analogies and then analyze the stories accordingly.

---

### **Relevant Examples of Analogies**

1. **The Parable of the Talents (Matthew 25:14–30)**  
   - **Structure**: A man gives his servants money (talents) to invest. One invests and gains more, while another buries his and returns the same.  
   - **Cause/Consequence**: The one who buried his talent is criticized for not using it.  
   - **Analogy**: This story is often used to illustrate the importance of using one's resources wisely. It's not a direct analogy, but it shares the theme of **misuse of resources** and **consequences of inaction**.

2. **The Parable of the Prodigal Son (Luke 15:11–32)**  
   - **Structure**: A son asks for his inheritance, squanders it, and returns home.  
   - **Cause/Consequence**: The son's actions lead to hardship, but he is forgiven.  
   - **Analogy**: This story is about **mistakes and redemption**, not directly analogous to Story 1, but it shares the theme of **consequences of poor decisions**.

3. **The Parable of the Unforgiving Servant (Matthew 18:21–35)**  
   - **Structure**: A servant is forgiven a large debt but then refuses to forgive a smaller debt owed to him.  
   - **Cause/Consequence**: The servant is punished for his lack of mercy.  
   - **Analogy**: This story emphasizes **justice and forgiveness**, not directly analogous to Story 1, but it shares the theme of **consequences of behavior**.

---

### **Analysis of Story 1**

- **Structure**: Joseph, a millionaire, hires a chauffeur to avoid being late. He becomes late because the chauffeur is asleep. He then hires a second chauffeur, which is more expensive.
- **Cause/Consequence**: Joseph's **overconfidence** in the first chauffeur leads to a **problem**. To fix it, he **adds more resources** (a second chauffeur), which **increases the cost**.
- **Theme**: **Over-reliance on a single solution**, leading to **increased complexity and cost**.

---

### **Analysis of Story A**

- **Structure**: Alexander boasts about his wife’s cooking. He comes home to find no food, so he marries another woman.
- **Cause/Consequence**: Alexander’s **overconfidence** in his wife’s cooking leads to **hunger**. To avoid this, he **adds another wife**, which **increases complexity**.
- **Theme**: **Over-reliance on a single solution**, leading to **increased complexity and cost**.

---

### **Analysis of Story B**

- **Structure**: Alexander boasts about having two wives to always eat well. He goes to the first wife, who has only prepared food for herself and the baby. He goes to the second wife, who has already finished and assumes he is eating with the first wife. He ends up with no food.
- **Cause/Consequence**: Alexander’s **overconfidence** in having two wives leads to **failure**. The **system fails** because of **miscommunication and assumption**.
- **Theme**: **Over-reliance on a system**, leading to **failure due to miscoordination**.

---

### **Comparison and Conclusion**

- **Story 1** and **Story A** both involve **overconfidence in a single solution**, leading to **failure**, and then **adding more resources** to fix the problem, which **increases complexity and cost**.
- **Story B** is more about **systemic failure due to miscommunication**, not just overconfidence in a single solution.

Therefore, **Story A** is a **better analogy** to **Story 1**, as both involve **overconfidence in a single solution**, **failure**, and **adding more resources to fix the problem**, which **increases complexity and cost**.

---

### ✅ **Final Answer: Story A** is a better analogy to Story 1.
------------ Task 4 ------------
Prompt for task Task 4:
Consider the following story:

Story 1: Karla, an old hawk, lived at the top of a tall oak tree.  One afternoon, she saw a hunter on the ground with a bow and some crude arrows that had no feathers.  The hunter took aim and shot at the hawk but missed.  Karla knew the hunter wanted her feathers so she glided down to the hunter and offered to give him a few.  The hunter was so grateful that he pledged never to shoot at a hawk again.  He went off and shot deer instead.

Now consider two more stories:

Story A: Once there was a small country called Zerdia that learned to make the world’s smartest computer.  Another country called Gagrach declared war on Zerdia and launched a missile attack that didn’t work because the missiles took a wrong trajectory.  The small country, Zerdia, had the smart computers that they assumed Gagrach was after, and Zerdia offered Gagrach a deal that pleased the Gagrach government enough to prevent new attacks.  The deal was to sell Gagrach a set of these machines.

Story B: Once there was a small country called Zerdia that learned to make the world’s smartest computer.  Zerdia sold one of its supercomputers to its neighbor, Gagrach, so Gagrach would promise never to attack Zerdia. But one day Zerdia was overwhelmed by a surprise attack from Gagrach.  As it capitulated, the crippled government of Zerdia realized that the attacker’s missiles had been guided by Zerdian supercomputers.

Which of Story A and Story B is a better analogy to Story 1? Is the best answer Story A, Story B, or both are equally analogous?

Before answering, recall 3 relevant examples, then provide your answer.

Full Qwen output (30.87 seconds): To determine which of **Story A** or **Story B** is a better analogy to **Story 1**, we need to compare the **structure, intent, and outcome** of the three stories. Let's first recall **three relevant examples** from political science or international relations that illustrate **deterrence, deception, and strategic bargaining**—concepts that are central to all three stories.

---

### **Relevant Examples:**

1. **The Cuban Missile Crisis (1962)**  
   - The U.S. and the Soviet Union engaged in a tense standoff over Soviet nuclear missiles in Cuba. The U.S. imposed a naval blockade, and the Soviets eventually agreed to remove the missiles in exchange for a U.S. promise not to invade Cuba. This is an example of **strategic bargaining** and **deterrence**.

2. **The 1979 U.S.-Soviet Intermediate-Range Nuclear Forces (INF) Treaty**  
   - This treaty aimed to reduce the number of nuclear weapons in Europe. It was a **mutual disarmament agreement** that involved **trust-building** and **strategic concessions** between two superpowers.

3. **The 1983 Able Archer Exercise**  
   - A NATO military exercise that was misinterpreted by the Soviet Union as a prelude to a nuclear attack. This led to a **near-catastrophic escalation** due to **miscommunication and distrust**, highlighting the **risks of miscalculation** in international relations.

---

### **Analysis of the Stories:**

#### **Story 1: Karla the Hawk**
- **Structure**: A predator (hawk) is targeted by a hunter who wants her feathers.
- **Intent**: The hawk offers the feathers to avoid being shot.
- **Outcome**: The hunter is deterred and shifts his target to deer.
- **Key Themes**: **Deterrence through concession**, **strategic bargaining**, **avoidance of conflict**.

#### **Story A: Zerdia and Gagrach**
- **Structure**: A small country (Zerdia) has a valuable asset (smart computer), and a larger country (Gagrach) attacks with faulty weapons.
- **Intent**: Zerdia offers the computer to Gagrach to prevent further attacks.
- **Outcome**: Gagrach is satisfied and stops attacking.
- **Key Themes**: **Deterrence through concession**, **strategic bargaining**, **avoidance of conflict**.

#### **Story B: Zerdia and Gagrach**
- **Structure**: Zerdia sells a computer to Gagrach, expecting deterrence.
- **Intent**: Zerdia believes the sale will prevent attacks.
- **Outcome**: Gagrach attacks anyway, and the attack is traced back to Zerdia’s own technology.
- **Key Themes**: **Miscalculation**, **deception**, **failure of deterrence**, **unintended consequences**.

---

### **Comparison to Story 1:**

- **Story A** mirrors **Story 1** in that both involve a **smaller entity offering a valuable asset to a larger, threatening entity** in order to **deter further aggression**. The outcome in both is **peaceful resolution** and **avoidance of conflict**.
  
- **Story B**, on the other hand, is the **opposite** of Story 1. It shows **failure of deterrence**, **miscalculation**, and **unintended consequences**. It does not align with the **peaceful resolution** and **strategic bargaining** seen in Story 1.

---

### **Conclusion:**

**Story A** is the better analogy to **Story 1**. Both involve **strategic bargaining**, **deterrence through concession**, and **peaceful resolution**. **Story B**, while also involving a similar setup, ends in **failure and unintended consequences**, which is not consistent with the outcome in Story 1.

### ✅ **Final Answer: Story A is a better analogy to Story 1.**
------------ Task 5 ------------
Prompt for task Task 5:
Consider the following story:

Story 1: Peter was a young man from Iceland who moved to Florida one summer. He was very self-conscious about his fair skin. Peter thought that people would not accept him unless he tanned himself golden-brown like everyone else. So Peter spent a whole day in the sun, trying to get a tan. He didn’t understand how dangerous the sun could be. Consequently, by evening he had second degree burns over most of his body and he had to go to the hospital. Peter decided that Florida was not for him and booked the next ocean liner back to Iceland. He spent the whole trip under a large umbrella keeping cool.

Now consider two more stories:

Story A: Quiggly Company was a small company that manufactured conventional electrical components. One year, Quiggly Co. began to get into the integrated circuit market. However, Quiggly Company felt that to be competitive it would have to have really sophisticated space factories, as did all the other manufacturers of integrated circuits. Quiggly decided to put all its assets into having a space factory. However, contrary to Quiggly’s knowledge, space manufacturing was a financial risk.  It turned out that within six months, Quiggly Company had spent much more than they could afford and their stocks plunged to an all time low. The company made a judgment call.  They pulled out of integrated circuits altogether in favor of their original business: making conventional electrical components.

Story B: Quiggly Company was a small company that manufactured conventional electrical components. They had just started producing integrated circuits and decided that the real action in the integrated circuit market was in space manufacturing. But the market analysts gave them a stern warning. They said that space factories were too expensive and that the market was too competitive. If Quiggly went into space manufacturing, the analysts predicted they would lose everything and their stock would plunge. Quiggly Company was so annoyed at having to play it safe when everyone else had a chance to make a killing that they decided to go back to manufacturing conventional electric components.

Which of Story A and Story B is a better analogy to Story 1? Is the best answer Story A, Story B, or both are equally analogous?

Before answering, recall 3 relevant examples, then provide your answer.

Full Qwen output (33.09 seconds): To determine which of **Story A** or **Story B** is a better analogy to **Story 1**, we need to compare the **structure, decision-making process, and consequences** of the stories. Let's first recall **three relevant examples** from psychology and decision-making theory that will help us analyze the analogy:

---

### **Example 1: The Dunning-Kruger Effect**
This cognitive bias describes how people with low ability at a task overestimate their own competence. In Story 1, Peter overestimates his ability to handle the sun and assumes that tanning is a simple, safe solution to being accepted. This mirrors the Dunning-Kruger effect, where Peter's lack of knowledge about sun safety leads to a dangerous decision.

---

### **Example 2: The Planning Fallacy**
This is the tendency to underestimate the time, cost, or difficulty of completing a task. In Story A, Quiggly Company invests heavily in space manufacturing without fully understanding the risks, leading to financial disaster. This is a classic example of the planning fallacy — they underestimated the complexity and cost of space manufacturing.

---

### **Example 3: The Availability Heuristic**
This is the mental shortcut where people make decisions based on the information that is most readily available to them. In Story 1, Peter assumes that tanning is the only way to be accepted, based on what he sees around him (others being tanned). In Story B, Quiggly Company ignores the analysts' warnings and decides to go back to their original business, possibly due to the availability of information that others were making money in space manufacturing.

---

### **Analysis of Story 1**
- **Peter** makes a **naive assumption** about the sun and tanning.
- He **ignores the risks** and **overestimates his ability** to handle the situation.
- He **fails to understand the consequences** of his actions.
- He **reacts to social pressure** (being accepted) and makes a **dangerous decision**.
- The **consequence** is **physical harm** and a **change in behavior** (leaving Florida).

---

### **Analysis of Story A**
- **Quiggly Company** makes a **risky investment** in space manufacturing.
- They **ignore expert warnings** and **overestimate the potential rewards**.
- They **underestimate the risks** and **overcommit resources**.
- The **consequence** is **financial loss** and a **reversion to their original business**.
- The **decision-making process** is **impulsive** and **based on assumptions**.

---

### **Analysis of Story B**
- **Quiggly Company** is **warned by analysts** about the risks of space manufacturing.
- They **ignore the warnings** and **make a decision based on frustration**.
- The **consequence** is **financial loss** and a **reversion to their original business**.
- The **decision-making process** is **reactive** and **emotional** (annoyed at being told to play it safe).

---

### **Comparison to Story 1**
- **Story 1** is about **personal risk-taking** based on **misunderstanding** and **social pressure**.
- **Story A** is about **business risk-taking** based on **overestimation of potential** and **underestimation of risk**.
- **Story B** is about **business risk-taking** based on **ignoring expert advice** and **emotional reaction**.

---

### **Conclusion**
**Story A** is a **better analogy** to **Story 1** because both involve:

- **Overestimating the benefits** of a risky action.
- **Underestimating the risks** involved.
- **Making a decision based on limited or incorrect information**.
- **Facing negative consequences** as a result.
- **Reverting to a safer or original course of action** after the consequences are realized.

While **Story B** also shares some similarities, it introduces an **external warning** (from analysts) that is not present in Story 1. Story 1 is more about **personal ignorance and social pressure**, which aligns more closely with the **naive decision-making** in Story A.

---

### ✅ **Final Answer: Story A is a better analogy to Story 1.**
------------ Task 6 ------------
Prompt for task Task 6:
Consider the following story:

Story 1: Julius was a mule who discovered several pears sitting in a window sill.  He thought to himself, “These pears seem to be rotten.  Perhaps I’ll get some and find out if my prediction is correct.” However, the pears were too high for Julius.  And because he was hungry he felt too weak to jump up to them.  Naturally, this was rather disappointing.  He closed his eyes and went to sleep, dreaming about mountains of pears.

Now consider two more stories:

Story A: A girl named Cindy glimpsed some records she was curious about at a record store.   Cindy didn’t think the records would be fun to listen to but wanted to purchase them to see whether they were or not.  Sadly, she saw there was no way she could afford them.

Story B: A girl named Cindy found some records she wanted at a record store.  She really wanted them but, needless to say, they were too expensive for her.  After brooding for a while, Cindy got over her disappointment. “These records are probably boring,” she thought.  “So even if I could afford them I wouldn’t listen to them.”

Which of Story A and Story B is a better analogy to Story 1? Is the best answer Story A, Story B, or both are equally analogous?

Before answering, recall 3 relevant examples, then provide your answer.

Full Qwen output (29.77 seconds): To determine which of **Story A** or **Story B** is a better analogy to **Story 1**, we need to compare the **structure, emotional arc, and underlying motivations** of the three stories.

---

### **Relevant Examples to Recall:**

1. **Example 1: The Farmer and the Apple Tree**  
   A farmer sees apples on a high tree, tries to reach them, fails, and gives up, deciding the apples are not worth the effort.  
   *This is similar to Story 1 in that the character tries to obtain something they desire but fails due to physical limitations, leading to disappointment and resignation.*

2. **Example 2: The Student and the Book**  
   A student wants to read a book but can't afford it. They decide not to buy it, thinking it might not be worth the cost.  
   *This is similar to Story A, where the character is unable to obtain something due to financial constraints and decides to forgo it.*

3. **Example 3: The Child and the Toy**  
   A child wants a toy but can't afford it. They try to rationalize it by saying the toy is not fun or not worth the money.  
   *This is similar to Story B, where the character gives up on the object of desire not because they can't afford it, but because they believe it's not worth it.*

---

### **Comparison of Stories:**

#### **Story 1: Julius and the Pears**
- **Desire:** Julius wants to eat the pears.
- **Obstacle:** He is too weak and too short to reach them.
- **Emotional Response:** He feels disappointment and gives up, dreaming about the pears.
- **Key Point:** The obstacle is **physical** (he can't reach the pears), and the emotional response is **disappointment and resignation**.

#### **Story A: Cindy and the Records (Cost Obstacle)**
- **Desire:** Cindy wants to buy the records.
- **Obstacle:** She can't afford them.
- **Emotional Response:** She feels disappointment but doesn't rationalize the desire.
- **Key Point:** The obstacle is **financial**, and the emotional response is **disappointment without rationalization**.

#### **Story B: Cindy and the Records (Rationalization Obstacle)**
- **Desire:** Cindy wants to buy the records.
- **Obstacle:** She can't afford them, but she rationalizes the desire by saying the records are boring.
- **Emotional Response:** She gives up, not because of the cost, but because of her own judgment.
- **Key Point:** The obstacle is **psychological** (rationalization), and the emotional response is **acceptance and resignation**.

---

### **Analysis:**

- **Story 1** is driven by **physical inability** (Julius can't reach the pears) and **emotional disappointment** (he gives up and dreams about them).
- **Story A** is driven by **financial inability** (Cindy can't afford the records) and **emotional disappointment** (she feels sad but doesn't rationalize).
- **Story B** is driven by **psychological rationalization** (Cindy decides the records are boring) and **emotional acceptance** (she gives up without feeling disappointment).

---

### **Conclusion:**

**Story A** is the **better analogy** to **Story 1**. Both involve a **desire for something unattainable due to a specific obstacle** (physical in Story 1, financial in Story A), and both result in **disappointment and resignation** without rationalization.

**Story B** is more about **rationalization** than **unmet desire**, which is not the core of Story 1.

---

### ✅ **Final Answer: Story A is a better analogy to Story 1.**
------------ Task 7 ------------
Prompt for task Task 7:
Consider the following story:

Story 1: Percy the mockingbird spent the whole warm season chirping and twittering.  When it began to get colder Percy visited a squirrel and sang a song for her, expecting to get some of the squirrel’s sunflower seeds in return.  However, the squirrel was very disappointed in him. “You are a terrible singer!” she yelled.  “I’m not giving you any of my wheat.” A tear  rolled down Percy’s cheek, and he vowed to give up singing for good.

Now consider two more stories:

Story A: Sam traveled all over the world buying beautiful things.  At some point he had no more money left.  He went home to see his mother.  He wanted to get a loan from her, so he presented her with a gift for her that he bought while in Tibet, hoping she would reciprocate with money.  His angry mother responded that the Tibetan gift was not worth anything.  “I will not give you any of my hard-earned money!” she exclaimed.

Story B: Sam traveled all over the world buying beautiful things.  When he ran out of money he paid a visit to his mother.  However, she was not at all pleased with him. “While I have been hard at work you have been wasting your time,” she said.  Sam gave her a gift he bought in Tibet, hoping she would give him a loan in return.  But she was still not pleased.  “I will not give you any of my hard-earned money!” she exclaimed.

Which of Story A and Story B is a better analogy to Story 1? Is the best answer Story A, Story B, or both are equally analogous?

Before answering, recall 3 relevant examples, then provide your answer.

Full Qwen output (39.70 seconds): To determine which of **Story A** or **Story B** is a better analogy to **Story 1**, we need to compare the **structure, intent, and outcome** of the stories. Let's first recall **three relevant examples** of analogies and then analyze the stories accordingly.

---

### **Relevant Examples of Analogies**

1. **The Parable of the Unjust Steward (Luke 16:1–13)**  
   - A man is given charge of his master’s property, but he squanders it. He then makes friends with debtors so that they will welcome him when he is in need.  
   - **Analogy**: The steward’s shrewdness is compared to the wisdom of using resources wisely.  
   - **Key Point**: The analogy is based on **intent and outcome**, not just the action.

2. **The Parable of the Talents (Matthew 25:14–30)**  
   - A master gives his servants talents (money) and expects them to invest and grow it. One servant buries his talent and returns it unchanged. The master is angry and takes the talent from him.  
   - **Analogy**: The servant’s inaction is compared to a failure to use one’s gifts.  
   - **Key Point**: The analogy is based on **responsibility and consequence**, not just the action itself.

3. **The Parable of the Prodigal Son (Luke 15:11–32)**  
   - A son asks for his inheritance, leaves home, squanders his money, and returns in poverty. His father forgives him and throws a feast.  
   - **Analogy**: The son’s behavior is compared to a failure in responsibility, but the father’s forgiveness is based on **repentance and love**.  
   - **Key Point**: The analogy is based on **behavior, consequence, and response**.

---

### **Analysis of Story 1**

- **Percy the mockingbird** sings for a reward (sunflower seeds) from a squirrel.
- **Expectation**: Percy expects reciprocity for his song.
- **Outcome**: The squirrel is **disappointed** and **rejects** Percy’s song, leading him to **vow to stop singing**.
- **Key Elements**:  
  - **Action**: Singing  
  - **Expectation**: Reciprocity  
  - **Outcome**: Disappointment and rejection  
  - **Emotion**: Disappointment, vow to change behavior

---

### **Analysis of Story A**

- **Sam** travels the world, buys beautiful things, and runs out of money.
- **Action**: He gives a gift (from Tibet) to his mother, hoping for a loan.
- **Expectation**: Reciprocity (money in return for the gift).
- **Outcome**: His mother **rejects** the gift and **refuses to give money**.
- **Key Elements**:  
  - **Action**: Giving a gift  
  - **Expectation**: Reciprocity  
  - **Outcome**: Disappointment and rejection  
  - **Emotion**: Anger, refusal to reciprocate

---

### **Analysis of Story B**

- **Sam** travels the world, buys beautiful things, and runs out of money.
- **Action**: He gives a gift (from Tibet) to his mother, hoping for a loan.
- **Expectation**: Reciprocity (money in return for the gift).
- **Outcome**: His mother **rejects** the gift and **refuses to give money**.
- **Key Elements**:  
  - **Action**: Giving a gift  
  - **Expectation**: Reciprocity  
  - **Outcome**: Disappointment and rejection  
  - **Emotion**: Anger, refusal to reciprocate  
  - **Additional Element**: The mother **criticizes** Sam for his behavior (wasting time), not just the gift.

---

### **Comparison with Story 1**

- **Story 1** focuses on **expectation of reciprocity** and **disappointment in the outcome**.
- **Story A** mirrors this structure: **expectation of reciprocity**, **disappointment**, and **rejection**.
- **Story B** adds an **additional layer** of **criticism** (the mother’s disapproval of Sam’s behavior), which is **not present in Story 1**.

---

### **Conclusion**

**Story A** is a **better analogy** to **Story 1** because it mirrors the **structure and emotional arc** of the original story. Both involve:

- A **request for reciprocity** (song for seeds, gift for money).
- **Disappointment** in the outcome.
- **Rejection** of the request.
- **Emotional consequence** (vow to stop singing, anger and refusal to give money).

**Story B**, while similar, introduces an **additional element** (the mother’s criticism of Sam’s behavior), which is **not present in Story 1**. This makes it **less analogous**.

---

### ✅ **Final Answer: Story A is a better analogy to Story 1.**
------------ Task 8 ------------
Prompt for task Task 8:
Consider the following story:

Story 1: A dog named Leonard was trotting along a dock holding a steak in his teeth. However, as he trotted he dropped it inadvertently and it disappeared into the lake. Thus, he was left without his dinner. Then Leonard saw another dog with a steak. Because he had lost his own steak he tried to take it. Unluckily, the other dog was much bigger than he was. Leonard ended up losing a tooth in the scuffle.

Now consider two more stories:

Story A: While making his way through a hotel lobby with an expensive pocket watch in his hand, Charlie accidently lost hold of it.  It fell to the floor and shattered, meaning no watch for Charlie. Charlie later saw a valuable watch on the wrist of another man, and reached out to grab it, only to discover that the man was a policeman wearing a uniform.

Story B: Charlie was walking through a hotel with an expensive pocket watch in his hand. Then he noticed another man with an expensive watch. Not realizing it was just his reflection, and since he was also quite greedy, Charlie reached out to take it. Unfortunately, as he opened his hand he dropped his own watch and both watches shattered on the floor. Consequently he was left with no watch at all.

Which of Story A and Story B is a better analogy to Story 1? Is the best answer Story A, Story B, or both are equally analogous?

Before answering, recall 3 relevant examples, then provide your answer.

Full Qwen output (36.70 seconds): To determine which of **Story A** or **Story B** is a better analogy to **Story 1**, we need to compare the **structure, themes, and outcomes** of the stories. Let's first recall **three relevant examples** from the field of **analogical reasoning** and **narrative structure** that will help us evaluate the analogy.

---

### **Relevant Examples from Analogical Reasoning**

1. **The "Lost Item" Analogy (from Cognitive Science):**  
   In cognitive science, analogies often involve **loss, desire, and conflict**. For example, the classic analogy of a person losing a valuable item and then attempting to take another person's item, only to face consequences, is used to illustrate **cognitive biases** like **loss aversion** and **greed**. This is similar to the structure of Story 1.

2. **The "Mirror Image" Analogy (from Psychology):**  
   In psychology, the **mirror image** is a common analogy used to describe **misinterpretation or misperception**. For instance, someone might mistake their reflection for another person and act accordingly. This is central to **Story B**, where Charlie mistakes his reflection for another man.

3. **The "Conflict of Interest" Analogy (from Legal Theory):**  
   In legal theory, analogies often involve **conflict of interest**, **unfair advantage**, and **consequences of greed**. This is similar to **Story A**, where Charlie attempts to take another person's item, only to discover that the person is a policeman, implying a **power imbalance** and **unfair attempt**.

---

### **Comparison of Stories**

Let’s now compare **Story 1** with **Story A** and **Story B** based on **structure, theme, and outcome**.

#### **Story 1 Summary:**
- A dog (Leonard) loses his steak.
- He sees another dog with a steak.
- He tries to take it, but the other dog is bigger.
- He loses a tooth in the scuffle.

**Key Elements:**
- **Loss of possession** (steak).
- **Desire for another's possession**.
- **Conflict due to power imbalance**.
- **Negative consequence** (losing a tooth).

#### **Story A Summary:**
- Charlie loses his pocket watch.
- He sees another man with a valuable watch.
- He tries to take it, but the man is a policeman.
- He is caught and possibly punished.

**Key Elements:**
- **Loss of possession** (watch).
- **Desire for another's possession**.
- **Conflict due to power imbalance** (policeman).
- **Negative consequence** (caught, possibly punished).

#### **Story B Summary:**
- Charlie has a watch.
- He sees another man with a watch.
- He mistakes the other man for his reflection.
- He reaches out, drops his own watch, and both shatter.
- He ends up with no watch.

**Key Elements:**
- **Loss of possession** (watch).
- **Desire for another's possession**.
- **Misinterpretation/misperception** (mirror image).
- **Negative consequence** (both watches destroyed).

---

### **Analysis**

- **Story 1** and **Story A** share the following:
  - A character loses an item.
  - They see another person with a similar item.
  - They attempt to take it.
  - There is a **power imbalance** (dog vs. bigger dog; Charlie vs. policeman).
  - There is a **negative consequence** (losing a tooth; being caught).

- **Story 1** and **Story B** share the following:
  - A character loses an item.
  - They see another person with a similar item.
  - They attempt to take it.
  - There is a **misinterpretation** (in Story B, it's a mirror; in Story 1, it's a physical conflict).
  - There is a **negative consequence** (losing a tooth; both watches destroyed).

---

### **Conclusion**

While **both** stories share some structural and thematic similarities with **Story 1**, **Story A** is a **better analogy** because it mirrors **Story 1** more closely in terms of:

- **Power imbalance** (dog vs. bigger dog; Charlie vs. policeman).
- **Attempt to take another's possession**.
- **Negative consequence** (losing a tooth; being caught).

**Story B**, while also somewhat analogous, introduces a **misinterpretation** (mirror image) that is not present in **Story 1**, making it a **less direct analogy**.

---

### ✅ **Final Answer: Story A is a better analogy to Story 1.**
------------ Task 9 ------------
Prompt for task Task 9:
Consider the following story:

Story 1: Boris and Ivan thought well of one another’s skill in business and resolved to open up a store together.  As ill luck would have it, Ivan was quite absent-minded and he threw out a large amount of cash.  This annoyed Boris who therefore demanded that Ivan have nothing to do with the monetary matters of their new store.  Later, however, Ivan redeemed himself by selling his fancy new stereo set to replace the lost cash.

Now consider two more stories:

Story A: John and Christine loved each other and decided to be married.  Unfortunately, John’s new car was dented as a result of Christine’s reckless driving.  John was upset and he banned her from driving his car.

Story B: John and Christine loved each other and decided to be married.  Unfortunately, John discovered that Christine was a very reckless driver.  So he insisted that Christine never drive his new car.  This upset Christine so much that she dented John’s new car hoping that John would be hurt.

Which of Story A and Story B is a better analogy to Story 1? Is the best answer Story A, Story B, or both are equally analogous?

Before answering, recall 3 relevant examples, then provide your answer.

Full Qwen output (33.54 seconds): To determine which of **Story A** or **Story B** is a better analogy to **Story 1**, we need to compare the **structure, cause-effect relationships, and the nature of the conflict** in each story.

---

### **Relevant Examples from Legal and Philosophical Reasoning**

1. **The "But-for" Test in Causation**  
   In legal reasoning, the "but-for" test is used to determine whether one event caused another. If the result would not have occurred **but for** the action, then the action is considered a cause.  
   - *Example:* If a person is injured because a car was not properly maintained, the lack of maintenance is a cause.  
   - *Application:* In Story 1, Ivan's absent-mindedness caused the loss of cash. In Story A, Christine's reckless driving caused the dent. In Story B, Christine's reckless driving was the cause, but the dent was a result of her **intent** to hurt John.

2. **Intentional vs. Unintentional Harm**  
   In moral and legal philosophy, the **intent** behind an action can significantly affect how it is judged.  
   - *Example:* A person who accidentally causes harm is treated differently from someone who intentionally causes harm.  
   - *Application:* In Story 1, Ivan's loss of cash was unintentional. In Story A, Christine's dent was unintentional. In Story B, Christine's dent was **intentional**—she did it to hurt John.

3. **Consequences of a Rule or Restriction**  
   When a rule is imposed due to a past event, the **consequences of that rule** can be either **preventive** or **reactive**.  
   - *Example:* A rule to prevent future harm is different from a rule that is a reaction to an intentional act.  
   - *Application:* In Story 1, Boris imposed a rule to prevent future losses. In Story A, John imposed a rule to prevent future damage. In Story B, John imposed a rule in response to an **intentional** act, which led to a **consequence** that was **intentional**.

---

### **Comparison of Stories**

#### **Story 1:**
- **Cause:** Ivan's absent-mindedness (unintentional) led to loss of cash.
- **Response:** Boris banned Ivan from handling money.
- **Resolution:** Ivan redeemed himself by selling a stereo to replace the lost cash.

#### **Story A:**
- **Cause:** Christine's reckless driving (unintentional) led to a dent in John's car.
- **Response:** John banned Christine from driving his car.
- **Resolution:** No further damage is mentioned.

#### **Story B:**
- **Cause:** Christine's reckless driving (unintentional) was known to John.
- **Response:** John banned Christine from driving his car.
- **Resolution:** Christine intentionally dented the car to hurt John.

---

### **Analysis**

- **Story 1** and **Story A** share a **similar structure**: an **unintentional act** leads to a **loss or damage**, which results in a **rule or restriction** to prevent future harm. There is **no intention to harm** in the outcome.
  
- **Story B** differs in that the **intentional act** (denting the car) is a **consequence of the rule**. The **rule** was imposed in response to an **unintentional act**, but the **result** was **intentional**. This creates a **circular or reactive cause-effect** that is not present in Story 1.

---

### **Conclusion**

**Story A** is the better analogy to **Story 1** because both involve:

- An **unintentional act** (Ivan's absent-mindedness; Christine's reckless driving),
- A **response** (Boris banning Ivan; John banning Christine),
- A **goal** to prevent future harm,
- No **intentional harm** in the outcome.

**Story B** introduces an **intentional act** (Christine denting the car) that is **not present in Story 1**, making it a less accurate analogy.

---

### ✅ **Final Answer: Story A is a better analogy to Story 1.**
------------ Task 10 ------------
Prompt for task Task 10:
Consider the following story:

Story 1: Two small countries, Bolon and Salam, were adjacent to a large, warlike country called Mayonia. Bolon decided to make the best of the situation by taking over Salam. Salam started looking for aid from other strong countries but soon Bolon succeeded in taking it over. Then victorious Bolon proposed to make a treaty with its warlike neighbor Mayonia. Bolon proposed to give Mayonia control over Salam in exchange for a guarantee that Bolon would remain independent. Mayonia responded by overrunning both Bolon and Salam. Bolon was so busy maintaining control of Salam, it could do nothing to stop Mayonia. Thereupon, Mayonia installed puppet governments in both Bolon and Salam, and took over the newspapers and radio stations.

Now consider two more stories:

Story A: Two sixth-graders, Lincoln and Moreland, were walking to school together when they met Chad. Chad was a mean high school boy who was known to rob younger kids. At that point Lincoln was attacked by Moreland, who was scared and had decided to make the best of the situation. Immediately, Lincoln started running to find a policeman but Moreland ran after Lincoln and eventually succeeded in catching him. When Chad arrived, Moreland said, “how about I let you rob Lincoln, and then you will leave me alone?” But Chad robbed both of them. Moreland could do nothing to prevent it as he was occupied with holding Lincoln down.

Story B: Two seventh graders, Lincoln and Moreland, were walking to school together when they met Chad. Chad was a mean high school boy who was known to rob younger kids. Moreland was scared but he decided to make the best of the situation by offering to help Chad rob Lincoln in exchange for being left alone himself. But Lincoln overheard and started running to find a policeman. Immediately, Moreland took off after him and eventually succeeded in catching him. When Chad arrived he robbed both of them. And Moreland was so exhausted, he could do nothing to prevent it.

Which of Story A and Story B is a better analogy to Story 1? Is the best answer Story A, Story B, or both are equally analogous?

Before answering, recall 3 relevant examples, then provide your answer.

Full Qwen output (38.98 seconds): To determine which of **Story A** or **Story B** is a better analogy to **Story 1**, we need to compare the **structure, motivations, and outcomes** of the stories. Let's first recall **three relevant examples** from political science and international relations that help us understand the dynamics in Story 1 and how they might map to the stories about Lincoln and Moreland.

---

### **Relevant Examples:**

1. **The Balance of Power (Realism in International Relations):**  
   In international relations, the concept of the **balance of power** suggests that states seek to prevent any one state from becoming too powerful. If a weaker state (like Salam) is taken over by a stronger state (Bolon), it may lead to a situation where the stronger state becomes a threat to its neighbors. This is similar to how **Moreland** in Story A tries to manipulate the situation to avoid being harmed, but ends up being exploited.

2. **Puppet States and Imperialism:**  
   In Story 1, **Mayonia** installs **puppet governments** in both **Bolon** and **Salam**, taking over **newspapers and radio stations**. This reflects the **imperialist** behavior of a dominant power that subjugates weaker states. In Story A, **Chad** robs both **Lincoln** and **Moreland**, and **Moreland** is too occupied to stop him, which mirrors the **helplessness** of a weaker party in the face of a stronger one.

3. **Co-optation and Compromise:**  
   In Story 1, **Bolon** tries to **make a treaty** with **Mayonia** by offering control over **Salam** in exchange for independence. This is a form of **co-optation**—a weaker state trying to **compromise** with a stronger one to avoid conflict. In Story B, **Moreland** offers to help **Chad** rob **Lincoln** in exchange for being left alone, which is a similar **compromise** strategy. However, this leads to **failure**, as **Chad** still robs both of them.

---

### **Comparison of Stories A and B with Story 1:**

Let’s now compare **Story A** and **Story B** with **Story 1** based on the key elements:

#### **1. Power Dynamics:**
- **Story 1:** Mayonia is the dominant, warlike power. Bolon and Salam are weaker states.
- **Story A:** Chad is the dominant, mean high school boy. Lincoln and Moreland are weaker.
- **Story B:** Same as Story A, but Moreland offers to help Chad rob Lincoln.

**Conclusion:** Both stories reflect the same **power dynamic**—a dominant actor (Chad/Mayonia) exploiting weaker actors (Lincoln/Bolon and Moreland/Salam).

#### **2. Strategy of the Weaker Party:**
- **Story 1:** Bolon tries to **make a treaty** with Mayonia to secure its independence.
- **Story A:** Moreland tries to **manipulate** Chad by offering to let him rob Lincoln in exchange for being left alone.
- **Story B:** Moreland **offers to help** Chad rob Lincoln in exchange for being left alone.

**Conclusion:** Both **Story A** and **Story B** involve **Moreland** trying to **manipulate** the dominant actor (Chad) to avoid harm. However, **Story B** is more **directly analogous** to **Story 1**, as it involves **Moreland** offering a **compromise** (helping Chad rob Lincoln) in exchange for safety, similar to **Bolon** offering control over Salam to Mayonia in exchange for independence.

#### **3. Outcome:**
- **Story 1:** Bolon and Salam are **overrun** by Mayonia, and puppet governments are installed.
- **Story A:** Moreland is **occupied** holding Lincoln down, and Chad robs both of them.
- **Story B:** Moreland is **exhausted** and **unable to prevent** Chad from robbing both of them.

**Conclusion:** Both stories end in **failure** for the weaker parties. However, **Story B** more closely mirrors the **strategic compromise** and **helplessness** of **Bolon** in Story 1.

---

### **Final Answer:**

**Story B** is the **better analogy** to **Story 1**.

**Reasoning:**  
- Both involve a **weaker party** (Bolon/Moreland) trying to **compromise** with a **dominant actor** (Mayonia/Chad) to avoid harm.
- Both result in the **weaker party being exploited** and **unable to prevent the dominant actor’s aggression**.
- **Story B** more closely mirrors the **strategic compromise** and **helplessness** seen in **Story 1**, making it a **better analogy**.

**Answer: Story B** is the better analogy to Story 1.
------------ Task 11 ------------
Prompt for task Task 11:
Consider the following story:

Story 1: A farmer named Beedle had a choice apricot tree that he valued above all the rest in his garden.  Every year Beedle gave presents of fruit from this tree to everyone he knew. But one year the tree began to wither and there was no more of the wonderful fruit.  Everyone was very unhappy. The judge had enjoyed the apricots from the tree very much—so much so that he resolved to take the tree to his own garden to take care of it. He paid Beedle very well and had the tree moved to his own grounds.  Fortunately, as soon as it was transplanted, the tree bore delicious apricots again.  That very year, the fruit won first prize in the county fair.

Now consider two more stories:

Story A: Mr. Gerson had several pets but his favorite was the canary.  Occasionally, he invited friends over to hear the canary sing. It happened at one point that people were sad that the canary could no longer sing because it was ill.  One who particularly liked the canary’s songs was a veterinarian who paid a lot of money to buy the canary and look after it in his office.  The canary resumed singing its songs once it was moved.

Story B: Mr. Gerson had several pets but he valued the canary above all the rest.  Occasionally, he invited friends over to hear the canary sing. A wealthy businessman liked the canary’s songs so much that one autumn he decided he wanted the bird in his house in the city where he could enjoy it every day.  He paid Mr. Gerson very well and had the canary moved to his house. However, upon being moved the canary became fatally ill and there were no more of its beautiful songs.  Everyone was extremely disappointed.

Which of Story A and Story B is a better analogy to Story 1? Is the best answer Story A, Story B, or both are equally analogous?

Before answering, recall 3 relevant examples, then provide your answer.

Full Qwen output (26.74 seconds): To determine which of **Story A** or **Story B** is a better analogy to **Story 1**, we need to compare the **structure, themes, and outcomes** of the three stories. Let's first recall **three relevant examples** from the field of **analogical reasoning** and **story structure** that will help us evaluate the analogy.

---

### **Three Relevant Examples from Analogical Reasoning:**

1. **The "Tree of Life" Analogy (from religious and philosophical texts):**  
   This analogy often involves a central, valued entity (like a tree) that is moved or transferred to a new environment, and its success or failure in the new environment reflects the value of the entity and the wisdom of the transfer. The key is whether the transfer leads to **continued flourishing** or **decline**.

2. **The "Gift of the Magi" (O. Henry):**  
   In this story, two lovers sacrifice their most valued possessions to give each other gifts. The analogy here is about **sacrifice, value, and the unintended consequences** of actions. It emphasizes **emotional value** and **intention**.

3. **The "Parable of the Talents" (from the Bible):**  
   This parable involves a master who entrusts his servants with resources. The one who invests wisely is rewarded, while the one who buries his talent is punished. The analogy here is about **responsibility, value, and the consequences of action**.

---

### **Analysis of the Stories:**

#### **Story 1 (The Apricot Tree):**
- **Structure:** A valued object (apricot tree) is moved to a new location.
- **Outcome:** The tree **thrives** in the new location, producing fruit and winning a prize.
- **Theme:** The **positive outcome** of transferring a valued object to a better environment.

#### **Story A (The Canary):**
- **Structure:** A valued pet (canary) is moved to a new location.
- **Outcome:** The canary **resumes singing** in the new location.
- **Theme:** The **positive outcome** of transferring a valued object to a better environment.

#### **Story B (The Canary):**
- **Structure:** A valued pet (canary) is moved to a new location.
- **Outcome:** The canary **dies** in the new location.
- **Theme:** The **negative outcome** of transferring a valued object to a worse environment.

---

### **Comparison to Story 1:**

- **Story A** mirrors **Story 1** in that both involve a **valued object** (tree or canary) being **moved** to a new location, and in both cases, the **object thrives** in the new environment.
- **Story B** is the **opposite** of Story 1 — the object **fails** in the new environment.

---

### **Conclusion:**

**Story A** is the **better analogy** to **Story 1**, because both involve a **valued object being moved to a new location and thriving**. The **structure, theme, and outcome** align closely.

**Story B**, while similar in structure, has a **negative outcome**, which is the **opposite** of what happens in Story 1. Therefore, it is **not a good analogy**.

---

### ✅ **Final Answer:**
**Story A** is a better analogy to Story 1.
------------ Task 12 ------------
Prompt for task Task 12:
Consider the following story:

Story 1: Morris was a simple-minded prisoner who loved to play the harmonica at night.  Finally, his cellmate got tired of this and demanded that he shut up.  He should always play during the day, the cellmate insisted. The next night, Morris escaped from prison and hid in a boxcar.  But then Morris remembered that his cellmate said he should play harmonica every day, so he started playing.  Immediately, Morris was nabbed by the cops.  Poor, simple-minded Morris wished he hadn’t paid any attention to his cellmate.  Back in his cell, he devoted himself to covering the walls with obscenities.

Now consider two more stories:

Story A: A little girl named Jenny spent a lot of time tussling with her dog every day, her favorite place being the yard of her fed-up neighbor. The neighbor said, “Please always spend time with your dog in your own yard.”  Jenny ran away from home one day without doing her chores.  At the playground, she stayed behind a wall so she wouldn’t be seen. Suddenly her neighbor’s voice echoed in her mind: “always spend time with your dog in your own yard”,  and Jenny returned home to do just that.  But Jenny regretted doing what the neighbor said because Jenny’s mother found her in the yard.

Story B: A little girl named Jenny wished she could run away from home.  She loved to play with her dog every day, but only in her neighbor’s yard.  Eventually, her neighbor got fed-up and told her to always play in her own yard. But Jenny refused to listen because she thought it was bad luck to play in her own yard.  The last time she did it her mother caught her right away and made her go to work.

Which of Story A and Story B is a better analogy to Story 1? Is the best answer Story A, Story B, or both are equally analogous?

Before answering, recall 3 relevant examples, then provide your answer.

Full Qwen output (40.66 seconds): To determine which of **Story A** or **Story B** is a better analogy to **Story 1**, we need to compare the **structure, theme, and moral** of each story. Let's first recall **three relevant examples** from the field of **narrative structure and analogy** that will help us analyze this comparison.

---

### **Relevant Examples:**

1. **The Parable of the Prodigal Son (Biblical Story):**  
   This story involves a son who leaves home, faces consequences, and eventually returns. The structure includes a **departure**, **consequence**, and **return**, with a moral about **repentance and forgiveness**. It mirrors the **journey of a character who acts on advice or a rule, faces consequences, and then returns to the original place**.

2. **The Tortoise and the Hare (Aesop’s Fable):**  
   This fable involves a **character who ignores advice or overconfidence**, leading to **failure**, and then **learning a lesson**. It emphasizes **heeding advice** and **patience**. The structure includes **disobedience**, **consequence**, and **lesson learned**.

3. **The Boy Who Cried Wolf (Aesop’s Fable):**  
   This story involves a **character who ignores a rule or advice**, leading to **consequences**, and then **realizing the importance of following rules**. It emphasizes **trust, consequences, and the importance of listening**.

---

### **Analysis of Story 1:**

- **Main Character:** Morris, a simple-minded prisoner.
- **Action:** He plays the harmonica at night, which his cellmate dislikes.
- **Advice Given:** Cellmate tells him to play during the day.
- **Morris’s Response:** He ignores the advice and plays at night.
- **Consequence:** He escapes, but then plays at night again, gets caught.
- **Moral:** Ignoring advice leads to negative consequences.

**Key Themes:**
- **Disobedience to advice**
- **Consequences of ignoring rules**
- **Simple-mindedness leading to poor decisions**
- **Return to the original situation after consequences**

---

### **Analysis of Story A:**

- **Main Character:** Jenny, a little girl who plays with her dog.
- **Action:** She plays in her neighbor’s yard, which the neighbor dislikes.
- **Advice Given:** Neighbor tells her to play in her own yard.
- **Jenny’s Response:** She ignores the advice and runs away.
- **Consequence:** She is caught by her mother after hearing the neighbor’s voice.
- **Moral:** Ignoring advice leads to being caught, but she returns to the original place.

**Key Themes:**
- **Disobedience to advice**
- **Consequences of ignoring rules**
- **Return to the original situation after consequences**
- **Internal voice reminding her of the rule**

---

### **Analysis of Story B:**

- **Main Character:** Jenny, a little girl who plays with her dog.
- **Action:** She plays in her neighbor’s yard, which the neighbor dislikes.
- **Advice Given:** Neighbor tells her to play in her own yard.
- **Jenny’s Response:** She refuses to listen, thinking it’s bad luck.
- **Consequence:** She is caught by her mother after playing in her own yard.
- **Moral:** Refusing to listen to advice leads to being caught, and she is punished.

**Key Themes:**
- **Disobedience to advice**
- **Consequences of ignoring rules**
- **Refusal to listen due to personal belief**
- **Punishment for disobedience**

---

### **Comparison and Conclusion:**

- **Story 1** and **Story A** both involve:
  - A character who **ignores advice**.
  - A **consequence** for that action.
  - A **return to the original situation** after the consequence.
  - A **moral about listening to advice**.

- **Story 1** and **Story B** both involve:
  - A character who **ignores advice**.
  - A **consequence** for that action.
  - A **punishment** for disobedience.

However, **Story A** more closely mirrors **Story 1** in terms of **structure and moral**:
- Both involve a **character who ignores advice**, leading to **consequences**, and then **returns to the original situation**.
- In **Story A**, the character is **reminded of the rule** by an internal voice, which is similar to how **Morris** is reminded of the rule by his cellmate.
- In **Story B**, the character **refuses to listen** for a **personal reason**, which is less aligned with the **simple-mindedness** of Morris.

---

### ✅ **Final Answer:**
**Story A** is the better analogy to **Story 1**. Both involve a character who ignores advice, faces consequences, and returns to the original situation, with a moral about the importance of listening to others. **Story B** is less analogous because it emphasizes **refusal based on personal belief**, which is not as central to the theme of **simple-mindedness and obedience** in Story 1.
------------ Task 13 ------------
Prompt for task Task 13:
Consider the following story:

Story 1: King Otto was a warmonger who was obsessed with conquest and riches. One year he decided to rebuild all the bridges of the kingdom to make them strong enough for all his armies. Otto’s counselor, the chamberlain, complained that he was spending too much money on the bridges and not enough on actual military campaigns. Because of all the construction too many of the bridges were out of commission being worked on. Otto decided that the chamberlain was right and he abandoned the bridge project to mount a full-scale invasion of a neighboring country. Then one day when King Otto was traveling through his kingdom his carriage crashed through an unfinished bridge. He was severely injured but the mishap made it clear to him that he needed to balance his military and domestic expenditures. Also, he ordered the chamberlain to get him a new crown because the old one had gotten smashed in the crash.

Now consider two more stories:

Story A: Cornelius was an astronomer, with stars and galaxies always on his mind, and was gradually working on turning his home into an observatory. In the midst of this remodeling, Agatha, the wife of Cornelius, griped about Cornelius focusing too much on the house renovation (which made the house unlivable) versus his job, which was astronomy. “Agatha is right”, Cornelius thought, and he went back to thinking about nothing but astronomy. However, when Cornelius was walking through his house one evening, his weight caused a floor still under construction to collapse. His resulting severe injury made Cornelius realize that he should try to do a better job at figuring out how much time to spend on astronomy versus fixing up his house.

Story B: Cornelius was an astronomer who thought about nothing but astronomy. He was obsessed with stars and galaxies. His wife Agatha complained that he was spending too much time on astronomy and not enough on maintaining his own house. As a result, the roof was gradually leaking more and more and the house was becoming almost unlivable. But Cornelius would not listen. Then, one evening when Cornelius was walking through his house, a rotten floor collapsed under his weight. Cornelius was severely injured but the accident showed him that Agatha had been right all along. He decided to try to balance his time between astronomy and maintaining his home.

Which of Story A and Story B is a better analogy to Story 1? Is the best answer Story A, Story B, or both are equally analogous?

Before answering, recall 3 relevant examples, then provide your answer.

Full Qwen output (40.52 seconds): To determine which of **Story A** or **Story B** is a better analogy to **Story 1**, we need to compare the **structure, cause, and lesson** of each story. Let's first recall **three relevant examples** from psychology and behavioral economics that help us understand the concept of **balancing priorities** and **learning from misfortune**.

---

### **Relevant Examples:**

1. **The Parable of the Prodigal Son (Biblical Story):**  
   This story illustrates the consequences of neglecting responsibilities (in this case, the father’s estate) in favor of personal indulgence. The son’s eventual return and realization of his mistakes mirror the idea of learning from misfortune and re-evaluating priorities.

2. **The Tale of the Three Musketeers (Alexandre Dumas):**  
   In this story, D'Artagnan and his companions must balance their loyalty to their king with their personal ambitions and duties. The story shows how neglecting one aspect of life (e.g., duty) can lead to personal and professional downfall, and how a crisis can force a re-evaluation of priorities.

3. **The Parable of the Talents (Biblical Story):**  
   This story emphasizes the importance of using one’s resources and time wisely. The one who buried his talent was criticized for not using it, while the one who invested it was rewarded. It reflects the idea that neglecting one’s responsibilities (in this case, managing resources) can lead to negative consequences.

---

### **Analysis of Story 1:**

- **Main Character:** King Otto, a warmonger obsessed with conquest and riches.
- **Action:** He decides to rebuild all bridges to support his military ambitions.
- **Conflict:** His counselor (chamberlain) criticizes the excessive spending on bridges and lack of military campaigns.
- **Climax:** A bridge collapses during a carriage ride, causing injury.
- **Conclusion:** Otto realizes the need to balance military and domestic spending and orders a new crown.

**Key Themes:**
- **Neglect of domestic needs in favor of military ambitions.**
- **A crisis (bridge collapse) forces a re-evaluation of priorities.**
- **The lesson is about balancing different aspects of leadership and governance.**

---

### **Analysis of Story A:**

- **Main Character:** Cornelius, an astronomer.
- **Action:** He remodels his house into an observatory, neglecting his home.
- **Conflict:** His wife Agatha criticizes his focus on the house over his job.
- **Climax:** A floor collapses under his weight, causing injury.
- **Conclusion:** Cornelius realizes the need to balance his time between astronomy and home maintenance.

**Key Themes:**
- **Neglect of domestic responsibilities in favor of personal passion.**
- **A crisis (floor collapse) forces a re-evaluation of priorities.**
- **The lesson is about balancing personal interests with practical responsibilities.**

---

### **Analysis of Story B:**

- **Main Character:** Cornelius, an astronomer.
- **Action:** He focuses solely on astronomy, neglecting his home.
- **Conflict:** His wife Agatha criticizes his neglect of home maintenance.
- **Climax:** A floor collapses under his weight, causing injury.
- **Conclusion:** Cornelius realizes the need to balance his time between astronomy and home maintenance.

**Key Themes:**
- **Neglect of domestic responsibilities in favor of personal passion.**
- **A crisis (floor collapse) forces a re-evaluation of priorities.**
- **The lesson is about balancing personal interests with practical responsibilities.**

---

### **Comparison with Story 1:**

- **Story A** and **Story B** are very similar in structure and theme, but they differ in the **cause of the neglect**:
  - In **Story A**, Cornelius initially listens to his wife and shifts focus to astronomy, but then neglects the house again.
  - In **Story B**, Cornelius ignores his wife’s concerns and continues to neglect the house, leading to the accident.

- **Story 1** shows **King Otto** initially **ignoring** his counselor’s concerns and **then** experiencing a crisis that leads to a realization.

- **Story B** is more analogous to **Story 1** because:
  - Both involve a **leader (or individual)** who **ignores advice** and **neglects a responsibility**.
  - Both involve a **crisis** (bridge collapse in Story 1, floor collapse in Story B) that leads to **injury** and a **realization**.
  - Both emphasize the **consequences of imbalance** and the **need for balance**.

- **Story A** is less analogous because Cornelius **initially listens** to his wife, which is not the case in Story 1, where King Otto **ignores** his counselor.

---

### ✅ **Final Answer:**

**Story B** is the better analogy to **Story 1**. Both involve a **leader (or individual)** who **ignores advice**, **neglects a responsibility**, and **experiences a crisis** that leads to **injury** and a **realization** about the need for **balance**. 

**Answer: Story B**.
------------ Task 14 ------------
Prompt for task Task 14:
Consider the following story:

Story 1: Frederick the shepherd was tending his flock at the edge of a forest.  Suddenly, a lion appeared out of the forest.  Frederick was really scared so he started shouting to scare the lion away.  But the shouting did nothing but attract the lion’s attention and it began walking towards him.  He then realized he should have left it alone. To escape, Frederick gave the lion a lamb.  While the lion was occupied, he led the rest of the flock away.  Eventually, he guessed they were far enough away to be safe from the lion.  So he took a nap on the grass. However, when he awoke he noticed another lamb was missing and he could not find it anywhere!  At the next opportunity, Frederick bought a blunderbuss so he could better defend his flock in the future.

Now consider two more stories:

Story A: Zebediah, the old miser, was sitting on his back porch counting his money. Zebediah was startled and scared when he saw the forsythia bushes move and a beggar emerge from them.  “Go away,” said Zebediah loudly.  This made the beggar look at him and start to make his way to the old miser.  “I shouldn’t have said anything,” Zebediah thought, “and I need to run away,” as he threw a bag of coins to the beggar.  The beggar grabbed for the bag, and Zebediah took the opportunity to run into the house and lock the door, hugging his last few bags of money.  Zebediah was able to fall asleep, since he figured that the beggar wouldn’t be able to get in.  But later, after getting up, he counted his bags again and one was gone, even though the door was still locked.

Story B: Zebediah, the old miser, was sitting on his back porch counting his money and he dozed off.  When he awoke he discovered that one bag of coins was missing.  He could not find the bag anywhere.  Zebediah figured that the thief was still nearby so he started yelling for whoever took the money to show his face. Suddenly, a beggar came out of the forsythia bushes and started walking towards the old man on the porch.  Zebediah was surprised and very frightened.  He wished he had left the beggar alone.  To escape, he threw a second bag of coins to the beggar.  While the beggar was occupied, Zebediah took the last few bags of money into the house and locked the door!

Which of Story A and Story B is a better analogy to Story 1? Is the best answer Story A, Story B, or both are equally analogous?

Before answering, recall 3 relevant examples, then provide your answer.

Full Qwen output (37.94 seconds): To determine which of **Story A** or **Story B** is a better analogy to **Story 1**, we need to compare the **structure, sequence of events, and the moral or lesson** in each story. Let's first recall **three relevant examples** from the field of **narrative structure and analogy** that will help us analyze this comparison.

---

### **Relevant Examples from Narrative Structure and Analogy**

1. **The "Hero’s Journey" Framework (Campbell, 1949)**  
   This model outlines a common narrative structure where a protagonist faces a challenge, overcomes it, and returns transformed. While not directly applicable to all stories, it helps identify the **sequence of events** and **causal relationships** in a narrative.

2. **The "Problem-Solution" Structure**  
   This is a common narrative pattern where a problem arises, the protagonist takes action, and a solution is found. This structure is useful for identifying **cause and effect** in stories, especially when comparing analogies.

3. **The "Fable" Genre (Aesop, etc.)**  
   Fables often use animals or characters to illustrate a moral lesson. They typically follow a **clear cause-effect sequence** and end with a **moral** or **lesson learned**. This is especially relevant to **Story 1**, which is a fable-like narrative.

---

### **Analysis of Story 1**

**Story 1** follows a clear **problem-solution** structure:

- **Problem**: A lion appears and threatens Frederick.
- **Action**: Frederick shouts, which attracts the lion.
- **Realization**: He realizes he should have left the lion alone.
- **Action**: He gives the lion a lamb to distract it.
- **Resolution**: He escapes with the flock, but later loses a lamb.
- **Conclusion**: He buys a blunderbuss to better defend himself in the future.

**Moral**: Sometimes, trying to deal with a problem head-on can lead to unintended consequences, and preparation is key.

---

### **Analysis of Story A**

**Story A** follows a **problem-solution** structure as well:

- **Problem**: A beggar appears and threatens Zebediah.
- **Action**: Zebediah shouts, which attracts the beggar.
- **Realization**: He realizes he should have left the beggar alone.
- **Action**: He throws a bag of coins to distract the beggar.
- **Resolution**: He locks the door and falls asleep.
- **Problem**: Later, he discovers a bag is missing.
- **Conclusion**: He is left vulnerable, and the thief remains.

**Moral**: Even when you try to outsmart a threat, you may still be vulnerable.

---

### **Analysis of Story B**

**Story B** also follows a **problem-solution** structure:

- **Problem**: Zebediah discovers a bag is missing.
- **Action**: He yells for the thief to show himself.
- **Problem**: A beggar appears and threatens him.
- **Realization**: He realizes he should have left the beggar alone.
- **Action**: He throws a bag of coins to distract the beggar.
- **Resolution**: He locks the door and takes the remaining money.
- **Conclusion**: He is left with fewer resources, but he is safer.

**Moral**: Sometimes, trying to confront a threat can lead to loss, but it can also lead to safety.

---

### **Comparison with Story 1**

- **Story A** mirrors **Story 1** in the following ways:
  - A threat appears (lion/beggar).
  - The protagonist reacts by shouting, which attracts the threat.
  - The protagonist realizes they should have left the threat alone.
  - The protagonist gives something (lamb/coins) to distract the threat.
  - The protagonist escapes, but later loses something.
  - The protagonist takes a defensive action (buying a blunderbuss in Story 1, locking the door in Story A).

- **Story B** is **less analogous** to **Story 1** because:
  - The **problem is discovered after the threat appears** (in Story 1, the lion appears first; in Story B, the missing bag is discovered first).
  - The **sequence of events is reversed**, which changes the **cause-effect relationship**.
  - The **moral** is slightly different, as Story B emphasizes **confrontation leading to loss**, while Story 1 emphasizes **preparation and caution**.

---

### **Conclusion**

**Story A** is the **better analogy** to **Story 1** because it follows a **similar sequence of events**, **causal relationships**, and **moral**. Both stories involve a **threat appearing**, a **misguided reaction**, a **distracting action**, and a **consequence** that leads to **loss or vulnerability**.

**Answer: Story A** is the better analogy to Story 1.
------------ Task 15 ------------
Prompt for task Task 15:
Consider the following story:

Story 1: Mark the chicken farmer was standing in the henhouse collecting eggs while his chickens were out in the yard. When his chickens returned, they all began to attack him, for some unknown reason. “You ungrateful beasts!” Mark screamed. The chickens chased him out of the henhouse and into the woods. While they were gone, a thief slipped into the yard and made off with the unguarded eggs. After he got out of the hospital, Mark quit chicken farming and went on a vacation in Africa.

Now consider two more stories:

Story A: Linda, the director of a girl scout camp, was thinking about the camp on the beach.  At the same time, all the girls were hiking in the hills nearby. While Linda was standing there she found herself pestered by the girl scouts showing up and asking questions about what was for dinner, could they go swimming, and so on. “Why do you pester me when I am racking my brain to figure out what we’re going to do?  Show a little appreciation!” Linda screamed as she ran off the beach and down the road. The scouts followed her, still yelling. A tidal wave hit the beach a short time later, washing away all the sleeping bags.

Story B: A tidal wave hit a girl scout camp on the beach while everyone was away and washed away all of the sleeping bags. A short time later, Linda, the camp director, came back and discovered the tragedy. She stood on the beach thinking about what to do. While she was thinking, the girl scouts returned from hiking in the hills. Since they could not find their sleeping bags they attacked their director. What’ll we do now? Where will we sleep?...they said. “Why do you pester me when I am racking my brain to figure out what we are going to do?” the camp director screamed as she ran down the road. “Show a little appreciation!”

Which of Story A and Story B is a better analogy to Story 1? Is the best answer Story A, Story B, or both are equally analogous?

Before answering, recall 3 relevant examples, then provide your answer.

Full Qwen output (38.46 seconds): To determine which of **Story A** or **Story B** is a better analogy to **Story 1**, we need to compare the **structure, cause-effect relationships, and the sequence of events** in each story. Let's first recall **three relevant examples** from the field of **analogical reasoning and narrative structure** that will help us analyze this comparison.

---

### **Relevant Examples from Analogical Reasoning**

1. **The "Causal Chain" in Analogies**  
   In analogical reasoning, the **cause-effect relationship** is crucial. A good analogy should mirror the **sequence of events and the causal logic** of the original story. For example, in the classic "boy who cried wolf" story, the **cause** is the boy's false alarm, and the **effect** is the villagers' loss of trust. A good analogy would preserve this **cause-effect chain**.

2. **The "Unexpected Consequence" Pattern**  
   Many stories, especially those used in moral or logical reasoning, rely on **unexpected consequences**. For instance, in the story of the **boy who cried wolf**, the **unexpected consequence** is the villagers’ disbelief, which leads to the boy’s downfall. A good analogy should reflect this **unexpected outcome** that follows from a prior action.

3. **The "Misplaced Responsibility" Pattern**  
   In some stories, the **misplaced responsibility** or **misunderstanding** leads to a chain of events. For example, in the **Three Little Pigs**, the **misplaced responsibility** of building a house leads to the wolf’s destruction. A good analogy should reflect this **misunderstanding or misplaced responsibility** that sets off the chain of events.

---

### **Analysis of Story 1**

**Story 1** follows this structure:

- **Cause**: Mark is collecting eggs while his chickens are out.
- **Event**: The chickens return and attack him.
- **Effect**: Mark is chased out of the henhouse.
- **Unexpected Consequence**: A thief takes advantage of the unguarded eggs.
- **Final Outcome**: Mark quits farming and goes on vacation.

The **key elements** are:
- **Misplaced responsibility** (chickens are not supposed to attack, but they do).
- **Unexpected consequence** (the thief takes advantage of the chaos).
- **Chain of events** that leads to a **change in behavior** (Mark quits farming).

---

### **Analysis of Story A**

**Story A**:

- **Cause**: Linda is thinking about the camp while the girls are hiking.
- **Event**: The girls return and pester her.
- **Effect**: Linda screams and runs away.
- **Unexpected Consequence**: A tidal wave hits and destroys the sleeping bags.

**Key elements**:
- **Misplaced responsibility** (Linda is not supposed to be alone while the girls are away).
- **Unexpected consequence** (the tidal wave hits, destroying the sleeping bags).
- **Chain of events** that leads to a **tragic outcome** (loss of sleeping bags).

This story **mirrors Story 1** in the following ways:
- A **person is left alone** while others are away.
- The **others return** and **interfere** with the person.
- An **unexpected event** (tidal wave) occurs, causing **damage**.
- The **person is blamed** or **screams** in frustration.

---

### **Analysis of Story B**

**Story B**:

- **Cause**: A tidal wave hits the camp while the girls are away.
- **Event**: The girls return and attack Linda.
- **Effect**: Linda screams and runs away.
- **Unexpected Consequence**: The girls attack her, not the tidal wave.

**Key elements**:
- **Unexpected event** (tidal wave) occurs.
- The **girls return** and **attack** the director.
- The **attack is a reaction** to the loss of sleeping bags.
- The **director is blamed** for the situation.

This story **differs from Story 1** in the following ways:
- The **tidal wave is the cause**, not the result of the girls’ return.
- The **girls attack** the director **after** the tidal wave, not **because** of it.
- The **chain of events** is **reversed** compared to Story 1.

---

### **Conclusion**

**Story A** is the **better analogy** to **Story 1** because:

- It preserves the **sequence of events** and **cause-effect relationships**.
- It includes the **misplaced responsibility**, **unexpected consequence**, and **chain of events**.
- The **director is blamed** for the situation, just as Mark is blamed for the chickens’ attack.

**Story B**, while involving similar characters and a similar **blaming** moment, **reverses the cause-effect chain**, making it a **less accurate analogy**.

---

### ✅ **Final Answer: Story A is a better analogy to Story 1.**
------------ Task 16 ------------
Prompt for task Task 16:
Consider the following story:

Story 1: Two pioneers, Smith and Johnson, discovered a gorgeous little valley that was as yet unclaimed in Oregon Territory.  Each of them wanted the land for himself, so soon they were fighting over who saw it first. While they were fighting over it, Sheriff Jones came along and divided the land evenly between them.  In the end, Smith and Johnson realized that they should have done that on their own.  From that day forward they were the best of friends, and they helped build each others’ houses.

Now consider two more stories:

Story A: Betty and Norma were walking towards each other, when they simultaneously discovered a twenty dollar bill on the floor.  Both of them wanted the money so soon they were arguing desperately over who saw it first. Betty and Norma realized—only after Lee came along, that they should have just divided it up, because that was precisely what Lee did for them, giving them each half.

Story B: Betty and Norma were walking towards each other when they simultaneously discovered a twenty dollar bill on the floor.  Both of them wanted the money so soon they were arguing desperately over who saw it first. While they were busy arguing over the money, Lee came along and took it herself.  By the time Betty and Norma realized they should just divide it up, it was too late.

Which of Story A and Story B is a better analogy to Story 1? Is the best answer Story A, Story B, or both are equally analogous?

Before answering, recall 3 relevant examples, then provide your answer.

Full Qwen output (28.00 seconds): To determine which of **Story A** or **Story B** is a better analogy to **Story 1**, we need to compare the **structure, outcome, and moral** of each story. Let's first recall **three relevant examples** that help clarify the concept of **analogous situations** and **moral lessons**.

---

### **Relevant Examples:**

1. **The Parable of the Two Brothers (Bible):**  
   Two brothers argue over a piece of land, and a wise man intervenes and divides it fairly. The brothers later realize that they should have done this themselves, and they become reconciled.  
   **Moral:** A third party can help resolve conflict and lead to mutual benefit.

2. **The Story of the Two Travelers and the Bridge (Aesop’s Fables):**  
   Two travelers argue over who should cross a bridge first. A third traveler intervenes and helps them both cross.  
   **Moral:** A neutral third party can mediate and help resolve conflict.

3. **The Tale of the Two Friends and the Treasure (Folklore):**  
   Two friends find a treasure and argue over who found it first. A third person intervenes and divides the treasure. The friends later realize they should have done this themselves and become closer.  
   **Moral:** A third party can help resolve conflict and strengthen relationships.

---

### **Comparison of Stories:**

#### **Story 1:**
- **Conflict:** Smith and Johnson argue over who saw the land first.
- **Resolution:** Sheriff Jones intervenes and divides the land.
- **Outcome:** They realize they should have done it themselves and become friends.
- **Moral:** A third party can help resolve conflict and lead to mutual benefit and friendship.

#### **Story A:**
- **Conflict:** Betty and Norma argue over who saw the money first.
- **Resolution:** Lee intervenes and divides the money.
- **Outcome:** They realize they should have done it themselves.
- **Moral:** A third party can help resolve conflict and lead to mutual benefit.

#### **Story B:**
- **Conflict:** Betty and Norma argue over who saw the money first.
- **Resolution:** Lee takes the money and leaves.
- **Outcome:** They realize they should have done it themselves, but it's too late.
- **Moral:** A third party can take advantage of a conflict, leading to loss and regret.

---

### **Analysis:**

- **Story A** mirrors **Story 1** in that a **third party (Lee)** intervenes and **fairly divides the resource**, leading to **mutual benefit and reconciliation**. This aligns with the **moral** and **structure** of Story 1, where the third party helps resolve the conflict and strengthens the relationship.

- **Story B**, on the other hand, diverges from Story 1. In Story B, the third party **does not mediate or divide the resource fairly**—instead, they **take it for themselves**, which leads to **loss and regret**. This is not analogous to Story 1, where the third party **helps** and **strengthens** the relationship.

---

### **Conclusion:**

**Story A** is the better analogy to **Story 1**, as both involve a **third party intervening to fairly divide a shared resource**, leading to **mutual benefit and reconciliation**. **Story B** diverges in that the third party **takes the resource** rather than **helping to divide it**, making it a less accurate analogy.

### ✅ **Final Answer: Story A is a better analogy to Story 1.**
------------ Task 17 ------------
Prompt for task Task 17:
Consider the following story:

Story 1: Once there was a teacher named Mrs. Jackson who wanted a salary increase. One day, the principal said that he was increasing his own salary by 20 percent. However, he said, there was not enough money to give the teachers a salary increase. When Mrs. Jackson heard this she became so angry that she decided to take revenge. The next day, Mrs. Jackson used gasoline to set fire to the principal’s office. Then she went to a bar and got drunk.

Now consider two more stories:

Story A: The captain of a ship announced that he would be taking a vacation in the mountains. McGhee was a sailor on that ship who himself wanted a few days of vacation on land. The captain made McGhee upset by requiring everyone else to remain on the ship.  The cabin of the captain was blown up by McGhee, who wanted to get back at the captain.

Story B: McGhee was a sailor who wanted a few days of vacation on land. One day McGhee became so impatient that he tried to blow up the captain’s cabin using dynamite. After this incident, the captain announced that he would be taking a vacation in the mountains. However, he said, everyone else would have to remain on board to repair the ship.

Which of Story A and Story B is a better analogy to Story 1? Is the best answer Story A, Story B, or both are equally analogous?

Before answering, recall 3 relevant examples, then provide your answer.

Full Qwen output (41.06 seconds): To determine which of **Story A** or **Story B** is a better analogy to **Story 1**, we need to compare the **structure, cause, and consequences** of the events in each story. Let's first recall **three relevant examples** of analogical reasoning and then apply them to the comparison.

---

### **Relevant Examples of Analogical Reasoning**

1. **Medical Diagnosis Analogy**:  
   A doctor might compare a patient's symptoms to those of a known illness to make a diagnosis. This analogy relies on **similar patterns of cause and effect**.

2. **Legal Case Analogy**:  
   In law, a judge might compare a new case to a previous one to determine how to rule. This analogy depends on **similar factual circumstances and outcomes**.

3. **Engineering Design Analogy**:  
   An engineer might use a known structure to design a new one, assuming similar forces and materials will behave similarly. This analogy is based on **similar functional relationships**.

---

### **Analysis of Story 1**

**Story 1** involves:
- A **teacher (Mrs. Jackson)** who is **disappointed** with a **salary decision**.
- The **principal** announces a **salary increase for himself** but **denies it for teachers**.
- Mrs. Jackson becomes **angry** and **avenges** by **setting fire to the principal’s office**.
- She then **gets drunk**.

**Key elements**:
- **Injustice** (salary increase for principal, not teachers)
- **Emotional reaction** (anger)
- **Retaliatory action** (setting fire)
- **Consequence** (drunkenness)

---

### **Analysis of Story A**

**Story A** involves:
- A **captain** announces a **vacation**.
- **McGhee**, a sailor, wants a **vacation on land**.
- The captain **requires others to stay** on the ship, which **upsets** McGhee.
- McGhee **blows up the captain’s cabin** as **revenge**.

**Key elements**:
- **Injustice** (captain gets vacation, others don’t)
- **Emotional reaction** (upset)
- **Retaliatory action** (blowing up cabin)
- **Consequence** (not explicitly stated, but implied)

---

### **Analysis of Story B**

**Story B** involves:
- **McGhee**, a sailor, wants a **vacation on land**.
- He **tries to blow up the captain’s cabin** out of **impatience**.
- After the incident, the **captain announces** a **vacation** but **requires others to stay** on the ship.

**Key elements**:
- **Retaliatory action** (blowing up cabin) **before** the captain announces the vacation.
- **Injustice** (captain gets vacation, others don’t) **after** the incident.
- **Emotional reaction** (impatience)
- **Consequence** (captain announces vacation, others stay)

---

### **Comparison with Story 1**

Let’s now compare **Story A** and **Story B** to **Story 1** using the **three examples** of analogical reasoning:

1. **Medical Diagnosis Analogy** (similar cause and effect):  
   - **Story 1** and **Story A** both involve **injustice**, **emotional reaction**, and **retaliatory action**.  
   - **Story B** has the **retaliatory action first**, which is **not the same sequence** as in Story 1.  
   → **Story A** is more analogous in terms of **cause and effect**.

2. **Legal Case Analogy** (similar factual circumstances):  
   - **Story 1** and **Story A** both involve a **leader (principal/captain)** making a **favorable decision for themselves**, while **others are denied**.  
   - **Story B** has the **retaliatory action first**, which **changes the sequence** of events.  
   → **Story A** is more analogous in terms of **factual circumstances**.

3. **Engineering Design Analogy** (similar functional relationships):  
   - **Story 1** and **Story A** both involve **a person (teacher/sailor)** reacting to **a decision that seems unfair**.  
   - **Story B** has the **retaliatory action first**, which **alters the functional relationship**.  
   → **Story A** is more analogous in terms of **functional relationships**.

---

### **Conclusion**

Based on the **structure, cause, and consequences**, **Story A** is a **better analogy** to **Story 1**. Both involve:
- A **leader** making a **favorable decision for themselves**.
- A **disappointed individual** who **reacts with anger**.
- A **retaliatory action** (fire or explosion).
- A **consequence** (drunkenness or others being required to stay).

**Story B**, while similar in some aspects, has a **different sequence of events** (retaliation before the injustice is revealed), which makes it **less analogous**.

---

### ✅ **Final Answer: Story A is a better analogy to Story 1.**
------------ Task 18 ------------
Prompt for task Task 18:
Consider the following story:

Story 1: A cobra called Pierre was slithering through the brush when a falcon came towards it.  Pierre became frightened and struck, wounding the falcon in the abdomen.  To teach him a lesson, the falcon grabbed the cobra and flew away with it. Unfortunately for both of them, after they were high above the earth the wounded falcon became too weak to fly.  Consequently, they plummeted straight down to the earth and perished.  They landed, strangely enough, in the middle of an outdoor wedding ceremony.

Now consider two more stories:

Story A: On his way home from school, Young Gene panicked as he was approached by a policeman.  Gene hit the policeman’s side of the head.  Gripping Gene’s arm, the policeman drove away with him, in order to set Gene straight. Once they were on the road, unfortunately, the policeman felt dizzy and wasn’t able to drive, and ran the car off the road. The policeman and Gene died when they hit a wall.

Story B: Young Gene was walking home from school when he met a policeman.  Suddenly, the policeman grabbed him and drove away with him. Once they got onto the freeway, Gene panicked and hit the policeman in the side of the head.  Unfortunately, the policeman became too dizzy to drive.  Consequently, they ran off the road and died when they hit a wall.

Which of Story A and Story B is a better analogy to Story 1? Is the best answer Story A, Story B, or both are equally analogous?

Before answering, recall 3 relevant examples, then provide your answer.

Full Qwen output (40.54 seconds): To determine which of **Story A** or **Story B** is a better analogy to **Story 1**, we need to compare the **structure, sequence of events, and cause-and-effect relationships** in each story. Let's first recall **three relevant examples** of analogies and then apply them to the stories.

---

### **Relevant Examples of Analogies**

1. **Structural Analogy**:  
   An analogy is a comparison between two things based on their **structure or sequence of events**. For example, comparing a story about a person falling from a height to a story about a building collapsing due to structural failure.

2. **Causal Chain Analogy**:  
   This involves comparing stories where the **cause-and-effect relationships** are similar. For instance, comparing a car accident caused by a sudden brake to a similar accident caused by a sudden stop in a different context.

3. **Role Reversal Analogy**:  
   This is when the **roles of the characters** are reversed in the analogy, but the **sequence of events** remains the same. For example, comparing a teacher punishing a student to a student punishing a teacher in a similar situation.

---

### **Analysis of Story 1**

- **Characters**: A cobra (Pierre) and a falcon.
- **Sequence of Events**:
  1. The cobra is approached by the falcon.
  2. The cobra strikes and wounds the falcon.
  3. The falcon grabs the cobra and flies away.
  4. The falcon becomes too weak to fly.
  5. They fall to the ground and die.
  6. They land in the middle of a wedding.

- **Key Elements**:
  - The **initiator** (cobra) acts first.
  - The **responder** (falcon) retaliates.
  - The **consequence** is mutual destruction due to the responder’s inability to continue the action.
  - The **unexpected ending** (landing in a wedding) adds a twist.

---

### **Analysis of Story A**

- **Characters**: Young Gene and a policeman.
- **Sequence of Events**:
  1. Gene is approached by a policeman.
  2. Gene hits the policeman.
  3. The policeman grabs Gene and drives away.
  4. The policeman becomes dizzy and crashes.
  5. Both die in a crash.

- **Key Elements**:
  - Gene acts first (aggression).
  - The policeman retaliates (arrest).
  - The consequence is mutual destruction due to the policeman’s inability to continue the action.
  - No unexpected ending.

---

### **Analysis of Story B**

- **Characters**: Young Gene and a policeman.
- **Sequence of Events**:
  1. Gene meets a policeman.
  2. The policeman grabs Gene and drives away.
  3. Gene hits the policeman.
  4. The policeman becomes dizzy and crashes.
  5. Both die in a crash.

- **Key Elements**:
  - The policeman acts first (arrest).
  - Gene retaliates (aggression).
  - The consequence is mutual destruction due to the policeman’s inability to continue the action.
  - No unexpected ending.

---

### **Comparison with Story 1**

- **Story A** mirrors **Story 1** in the following ways:
  - The **initiator** (Gene) acts first.
  - The **responder** (policeman) retaliates.
  - The **consequence** is mutual destruction due to the responder’s inability to continue the action.
  - The **sequence of events** is similar: aggression → retaliation → failure → mutual destruction.

- **Story B** mirrors **Story 1** in the following ways:
  - The **responder** (policeman) acts first.
  - The **initiator** (Gene) retaliates.
  - The **consequence** is mutual destruction due to the responder’s inability to continue the action.
  - The **sequence of events** is similar: retaliation → aggression → failure → mutual destruction.

- **Key Difference**:
  - In **Story 1**, the **initiator** (cobra) is the one who acts first.
  - In **Story A**, the **initiator** (Gene) is the one who acts first.
  - In **Story B**, the **responder** (policeman) is the one who acts first.

---

### **Conclusion**

- **Story A** is a **better analogy** to **Story 1** because it mirrors the **sequence of events** and **cause-and-effect relationships** more closely.
- In **Story 1**, the **initiator** (cobra) acts first, and the **responder** (falcon) retaliates.
- In **Story A**, the **initiator** (Gene) acts first, and the **responder** (policeman) retaliates.
- In **Story B**, the **responder** (policeman) acts first, and the **initiator** (Gene) retaliates — which is the **reverse** of the sequence in Story 1.

---

### ✅ **Final Answer: Story A is a better analogy to Story 1.**
Total time for full run: 658.67 seconds.
