============================================================================================== 
Warning! Mixing Conda and module environments may lead to corruption of the
user environment. 
We do not recommend users mixing those two environments unless absolutely
necessary. Note that 
SURF does not provide any support for Conda environment.
For more information, please refer to our software policy page:
https://servicedesk.surf.nl/wiki/display/WIKI/Software+policy+Snellius#SoftwarepolicySnellius-UseofAnacondaandMinicondaenvironmentsonSnellius 

Remember that many packages have already been installed on the system and can
be loaded using 
the 'module load <package__name>' command. If you are uncertain if a package is
already available 
on the system, please use 'module avail' or 'module spider' to search for it.
============================================================================================== 
Loading model Qwen/Qwen3-8B...
GPU memory available: 39.49 GB
`torch_dtype` is deprecated! Use `dtype` instead!
Flash Attention 2 not available (FlashAttention2 has been toggled on, but it cannot be used due to the following error: the package flash_attn seems to be not installed. Please refer to the documentation of https://huggingface.co/docs/transformers/perf_infer_gpu_one#flashattention-2 to install Flash Attention 2.), using default attention
Loading checkpoint shards:   0%|          | 0/5 [00:00<?, ?it/s]Loading checkpoint shards:  20%|██        | 1/5 [00:04<00:17,  4.39s/it]Loading checkpoint shards:  40%|████      | 2/5 [00:08<00:13,  4.41s/it]Loading checkpoint shards:  60%|██████    | 3/5 [00:13<00:08,  4.38s/it]Loading checkpoint shards:  80%|████████  | 4/5 [00:16<00:04,  4.03s/it]Loading checkpoint shards: 100%|██████████| 5/5 [00:18<00:00,  3.07s/it]Loading checkpoint shards: 100%|██████████| 5/5 [00:18<00:00,  3.60s/it]
Model loaded with default attention
Model device: cuda:0
GPU memory allocated: 15.26 GB, reserved: 15.26 GB
Model loaded. Loading tokenizer...
Model Qwen/Qwen3-8B and tokenizer loaded.
alph_0
a b c d e f g h i j k l m n o p q r s t u v w x y z
Problem type: larger_int - 1/20
trial 1 of 10...

=== PROMPT ===

Use the following alphabet to guess the missing piece.

a b c d e f g h i j k l m n o p q r s t u v w x y z

Note that the alphabet may be in an unfamiliar order. Complete the pattern using this order.

[f g h i] [e g h i]
[k m o q] [ ? ]

First, describe 3 relevant exemplars that are distinct from this problem. Then give the final answer. Answer with only the examples and the final answer with no further explanation. Put your final answer between double brackets.


--- TARGET LETTERS ---

['i', 'm', 'o', 'q']
The following generation flags are not valid and may be ignored: ['temperature', 'top_k']. Set `TRANSFORMERS_VERBOSITY=info` for more details.
Full Qwen output: **Exemplars:**

1. [a b c d] [b c d e]  
2. [x y z a] [y z a b]  
3. [m n o p] [n o p q]  

**Final Answer:**  
[[l n p r]]
Filtered Qwen output: l n p r
trial 2 of 10...
trial 3 of 10...
trial 4 of 10...
trial 5 of 10...
trial 6 of 10...
trial 7 of 10...
trial 8 of 10...
trial 9 of 10...
trial 10 of 10...
Problem type: longer_targ - 2/20
trial 1 of 10...

=== PROMPT ===

Use the following alphabet to guess the missing piece.

a b c d e f g h i j k l m n o p q r s t u v w x y z

Note that the alphabet may be in an unfamiliar order. Complete the pattern using this order.

[d e f g] [d e f h]
[c d e f g h i j] [ ? ]

First, describe 3 relevant exemplars that are distinct from this problem. Then give the final answer. Answer with only the examples and the final answer with no further explanation. Put your final answer between double brackets.


--- TARGET LETTERS ---

['c', 'd', 'e', 'f', 'g', 'h', 'i', 'k']
Full Qwen output: **Exemplars:**

1. [a b c] [a b d]  
2. [x y z] [x y w]  
3. [m n o p] [m n q]  

**Final Answer:**  
[[c d e f g h i j k]]
Filtered Qwen output: c d e f g h i j k
trial 2 of 10...
trial 3 of 10...
trial 4 of 10...
trial 5 of 10...
trial 6 of 10...
trial 7 of 10...
trial 8 of 10...
trial 9 of 10...
trial 10 of 10...
Problem type: group - 3/20
trial 1 of 10...

=== PROMPT ===

Use the following alphabet to guess the missing piece.

a b c d e f g h i j k l m n o p q r s t u v w x y z

Note that the alphabet may be in an unfamiliar order. Complete the pattern using this order.

[c d e f] [c d e f g]
[d d e e f f g g] [ ? ]

First, describe 3 relevant exemplars that are distinct from this problem. Then give the final answer. Answer with only the examples and the final answer with no further explanation. Put your final answer between double brackets.


--- TARGET LETTERS ---

['d', 'd', 'e', 'e', 'f', 'f', 'g', 'g', 'h', 'h']
Full Qwen output: [c d e f g] [c d e f g h]  
[d e f g h i] [ ? ]  
[a b c d e f] [a b c d e f g]  

[[d e f g h i j]]
Filtered Qwen output: d e f g h i j
trial 2 of 10...
trial 3 of 10...
trial 4 of 10...
trial 5 of 10...
trial 6 of 10...
trial 7 of 10...
trial 8 of 10...
trial 9 of 10...
trial 10 of 10...
Problem type: interleaved - 4/20
trial 1 of 10...

=== PROMPT ===

Use the following alphabet to guess the missing piece.

a b c d e f g h i j k l m n o p q r s t u v w x y z

Note that the alphabet may be in an unfamiliar order. Complete the pattern using this order.

[q r s t c] [q r s t u]
[p x h x i x j x k x] [ ? ]

First, describe 3 relevant exemplars that are distinct from this problem. Then give the final answer. Answer with only the examples and the final answer with no further explanation. Put your final answer between double brackets.


--- TARGET LETTERS ---

['g', 'x', 'h', 'x', 'i', 'x', 'j', 'x', 'k', 'x']
Full Qwen output: [q r s t c] [q r s t u]  
[p x h x i x j x k x] [ ? ]

**Examples:**

1. [a b c d] [a b c d e]  
2. [m n o p] [m n o p q]  
3. [x y z a] [x y z a b]  

[[p x h x i x j x k x l]]
Filtered Qwen output: p x h x i x j x k x l
trial 2 of 10...
trial 3 of 10...
trial 4 of 10...
trial 5 of 10...
trial 6 of 10...
trial 7 of 10...
trial 8 of 10...
trial 9 of 10...
trial 10 of 10...
Problem type: letter2num - 5/20
trial 1 of 10...

=== PROMPT ===

Use the following alphabet to guess the missing piece.

a b c d e f g h i j k l m n o p q r s t u v w x y z

Note that the alphabet may be in an unfamiliar order. Complete the pattern using this order.

[k l l m n o] [k l m n o]
[3 4 4 5 6 7] [ ? ]

First, describe 3 relevant exemplars that are distinct from this problem. Then give the final answer. Answer with only the examples and the final answer with no further explanation. Put your final answer between double brackets.


--- TARGET LETTERS ---

[np.int64(3), np.int64(4), np.int64(5), np.int64(6), np.int64(7)]
Full Qwen output: **Exemplars:**

1. [a b c] [a b]  
   [1 2 3] [ ? ]  

2. [x y z] [x y]  
   [24 25 26] [ ? ]  

3. [m n o p] [m n o]  
   [13 14 15 16] [ ? ]  

**Final Answer:**  
[[3 4 5]]
Filtered Qwen output: 3 4 5
trial 2 of 10...
trial 3 of 10...
trial 4 of 10...
trial 5 of 10...
trial 6 of 10...
trial 7 of 10...
trial 8 of 10...
trial 9 of 10...
trial 10 of 10...
Problem type: reverse - 6/20
trial 1 of 10...

=== PROMPT ===

Use the following alphabet to guess the missing piece.

a b c d e f g h i j k l m n o p q r s t u v w x y z

Note that the alphabet may be in an unfamiliar order. Complete the pattern using this order.

[b c d e e f] [b c d e f]
[h g g f e d] [ ? ]

First, describe 3 relevant exemplars that are distinct from this problem. Then give the final answer. Answer with only the examples and the final answer with no further explanation. Put your final answer between double brackets.


--- TARGET LETTERS ---

['h', 'g', 'f', 'e', 'd']
Full Qwen output: **Exemplars:**

1. [a b c] [a b c d]  
2. [x y z] [x y z a]  
3. [m n o p] [m n o p q]  

**Final Answer:**  
[[h g f e d]]
Filtered Qwen output: h g f e d
trial 2 of 10...
trial 3 of 10...
trial 4 of 10...
trial 5 of 10...
trial 6 of 10...
trial 7 of 10...
trial 8 of 10...
trial 9 of 10...
trial 10 of 10...
Problem type: 2gen_split1 - 7/20
trial 1 of 10...

=== PROMPT ===

Use the following alphabet to guess the missing piece.

a b c d e f g h i j k l m n o p q r s t u v w x y z

Note that the alphabet may be in an unfamiliar order. Complete the pattern using this order.

[l m n o] [k m n o]
[6 7 8 9 10 11 12 13] [ ? ]

First, describe 3 relevant exemplars that are distinct from this problem. Then give the final answer. Answer with only the examples and the final answer with no further explanation. Put your final answer between double brackets.


--- TARGET LETTERS ---

[np.int64(5), np.int64(7), np.int64(8), np.int64(9), np.int64(10), np.int64(11), np.int64(12), np.int64(13)]
Full Qwen output: **Exemplars:**

1. [a b c] [b c d]  
2. [x y z] [w x y]  
3. [1 2 3] [2 3 4]  

**Final Answer:**  
[[8 9 10]]
Filtered Qwen output: 8 9 10
trial 2 of 10...
trial 3 of 10...
trial 4 of 10...
trial 5 of 10...
trial 6 of 10...
trial 7 of 10...
trial 8 of 10...
trial 9 of 10...
trial 10 of 10...
Problem type: 2gen_split2 - 8/20
trial 1 of 10...

=== PROMPT ===

Use the following alphabet to guess the missing piece.

a b c d e f g h i j k l m n o p q r s t u v w x y z

Note that the alphabet may be in an unfamiliar order. Complete the pattern using this order.

[e f g h] [e f g i]
[y w u s] [ ? ]

First, describe 3 relevant exemplars that are distinct from this problem. Then give the final answer. Answer with only the examples and the final answer with no further explanation. Put your final answer between double brackets.


--- TARGET LETTERS ---

['y', 'w', 'u', 'q']
Full Qwen output: [e f g h] [e f g i]  
[y w u s] [ ? ]

**Examples:**

1. [a b c d] [a b c e]  
2. [m n o p] [m n o q]  
3. [x y z a] [x y z b]  

[[y w u r]]
Filtered Qwen output: y w u r
trial 2 of 10...
trial 3 of 10...
trial 4 of 10...
trial 5 of 10...
trial 6 of 10...
trial 7 of 10...
trial 8 of 10...
trial 9 of 10...
trial 10 of 10...
Problem type: 2gen_split3 - 9/20
trial 1 of 10...

=== PROMPT ===

Use the following alphabet to guess the missing piece.

a b c d e f g h i j k l m n o p q r s t u v w x y z

Note that the alphabet may be in an unfamiliar order. Complete the pattern using this order.

[s t u v c] [s t u v w]
[f x h x c x l x n x] [ ? ]

First, describe 3 relevant exemplars that are distinct from this problem. Then give the final answer. Answer with only the examples and the final answer with no further explanation. Put your final answer between double brackets.


--- TARGET LETTERS ---

['f', 'x', 'h', 'x', 'j', 'x', 'l', 'x', 'n', 'x']
Full Qwen output: **Exemplars:**

1. [a b c d] [a b c e]  
2. [x y z a] [x y z b]  
3. [m n o p] [m n o q]  

**Final Answer:**  
[[f x h x c x m x]]
Filtered Qwen output: f x h x c x m x
trial 2 of 10...
trial 3 of 10...
trial 4 of 10...
trial 5 of 10...
trial 6 of 10...
trial 7 of 10...
trial 8 of 10...
trial 9 of 10...
trial 10 of 10...
Problem type: 2gen_split4 - 10/20
trial 1 of 10...

=== PROMPT ===

Use the following alphabet to guess the missing piece.

a b c d e f g h i j k l m n o p q r s t u v w x y z

Note that the alphabet may be in an unfamiliar order. Complete the pattern using this order.

[g h i j] [f h i j]
[13 15 17 19] [ ? ]

First, describe 3 relevant exemplars that are distinct from this problem. Then give the final answer. Answer with only the examples and the final answer with no further explanation. Put your final answer between double brackets.


--- TARGET LETTERS ---

[np.int64(11), np.int64(15), np.int64(17), np.int64(19)]
Full Qwen output: **Exemplars:**

1. [a b c d] [b c d e] [1 2 3 4] [2 3 4 5]  
2. [x y z a] [y z a b] [24 25 26 1] [25 26 1 2]  
3. [m n o p] [n o p q] [13 14 15 16] [14 15 16 17]  

**Final Answer:**  
[[15 1
trial 2 of 10...
trial 3 of 10...
trial 4 of 10...
trial 5 of 10...
trial 6 of 10...
trial 7 of 10...
trial 8 of 10...
trial 9 of 10...
trial 10 of 10...
Problem type: 2gen_split5 - 11/20
trial 1 of 10...

=== PROMPT ===

Use the following alphabet to guess the missing piece.

a b c d e f g h i j k l m n o p q r s t u v w x y z

Note that the alphabet may be in an unfamiliar order. Complete the pattern using this order.

[s t u v] [s t u w]
[11 12 13 14 15 16 17 18] [ ? ]

First, describe 3 relevant exemplars that are distinct from this problem. Then give the final answer. Answer with only the examples and the final answer with no further explanation. Put your final answer between double brackets.


--- TARGET LETTERS ---

[np.int64(11), np.int64(12), np.int64(13), np.int64(14), np.int64(15), np.int64(16), np.int64(17), np.int64(19)]
Full Qwen output: **Exemplars:**

1. [a b c] [a b d]  
2. [x y z] [x y w]  
3. [m n o] [m n q]  

**Final Answer:**  
[[11 12 13 14 15 16 17 18] [11 12 13 14 15 16 17 19]]  

[[11 12 13 14 15 16 17 19]]
Filtered Qwen output: 11 12 13 14 15 16 17 18] [11 12 13 14 15 16 17 19
trial 2 of 10...
trial 3 of 10...
trial 4 of 10...
trial 5 of 10...
trial 6 of 10...
trial 7 of 10...
trial 8 of 10...
trial 9 of 10...
trial 10 of 10...
Problem type: 2gen_split6 - 12/20
trial 1 of 10...

=== PROMPT ===

Use the following alphabet to guess the missing piece.

a b c d e f g h i j k l m n o p q r s t u v w x y z

Note that the alphabet may be in an unfamiliar order. Complete the pattern using this order.

[m n o p] [m n o q]
[x x w w v v u u] [ ? ]

First, describe 3 relevant exemplars that are distinct from this problem. Then give the final answer. Answer with only the examples and the final answer with no further explanation. Put your final answer between double brackets.


--- TARGET LETTERS ---

['x', 'x', 'w', 'w', 'v', 'v', 't', 't']
Full Qwen output: [m n o p] [m n o q]  
[x x w w v v u u] [x x w w v v u u]  

[m n o p] [m n o q]  
[x x w w v v u u] [x x w w v v u u]  

[m n o p] [m n o q]  
[x x w w v v u u] [x x w w v v u u]  

[[x x w w v v u u]]
Filtered Qwen output: x x w w v v u u
trial 2 of 10...
trial 3 of 10...
trial 4 of 10...
trial 5 of 10...
trial 6 of 10...
trial 7 of 10...
trial 8 of 10...
trial 9 of 10...
trial 10 of 10...
Problem type: 2gensplit7 - 13/20
trial 1 of 10...

=== PROMPT ===

Use the following alphabet to guess the missing piece.

a b c d e f g h i j k l m n o p q r s t u v w x y z

Note that the alphabet may be in an unfamiliar order. Complete the pattern using this order.

[h k j i l] [h i j k l]
[f f e e d d b b c c] [ ? ]

First, describe 3 relevant exemplars that are distinct from this problem. Then give the final answer. Answer with only the examples and the final answer with no further explanation. Put your final answer between double brackets.


--- TARGET LETTERS ---

['f', 'f', 'e', 'e', 'd', 'd', 'c', 'c', 'b', 'b']
Full Qwen output: **Exemplars:**

1. [a b c] [b c d]  
2. [x y z] [y z a]  
3. [m n o p] [n o p q]  

**Final Answer:**  
[[d d c c a a]]
Filtered Qwen output: d d c c a a
trial 2 of 10...
trial 3 of 10...
trial 4 of 10...
trial 5 of 10...
trial 6 of 10...
trial 7 of 10...
trial 8 of 10...
trial 9 of 10...
trial 10 of 10...
Problem type: 3gen_split1 - 14/20
trial 1 of 10...

=== PROMPT ===

Use the following alphabet to guess the missing piece.

a b c d e f g h i j k l m n o p q r s t u v w x y z

Note that the alphabet may be in an unfamiliar order. Complete the pattern using this order.

[v w x y] [u w x y]
[22 0 21 0 20 0 19 0] [ ? ]

First, describe 3 relevant exemplars that are distinct from this problem. Then give the final answer. Answer with only the examples and the final answer with no further explanation. Put your final answer between double brackets.


--- TARGET LETTERS ---

[np.int64(23), '0', np.int64(21), '0', np.int64(20), '0', np.int64(19), '0']
Full Qwen output: **Exemplars:**

1. [a b c d] [b c d e]  
2. [1 2 3 4] [2 3 4 5]  
3. [x y z a] [y z a b]  

**Final Answer:**  
[[19 0 18 0 17 0 16 0]]
Filtered Qwen output: 19 0 18 0 17 0 16 0
trial 2 of 10...
trial 3 of 10...
trial 4 of 10...
trial 5 of 10...
trial 6 of 10...
trial 7 of 10...
trial 8 of 10...
trial 9 of 10...
trial 10 of 10...
Problem type: 3gen_split2 - 15/20
trial 1 of 10...

=== PROMPT ===

Use the following alphabet to guess the missing piece.

a b c d e f g h i j k l m n o p q r s t u v w x y z

Note that the alphabet may be in an unfamiliar order. Complete the pattern using this order.

[j m n o p] [l m n o p]
[p p x x e e x x f f x x g g x x h h x x i i x x j j x x k k x x l l x x] [ ? ]

First, describe 3 relevant exemplars that are distinct from this problem. Then give the final answer. Answer with only the examples and the final answer with no further explanation. Put your final answer between double brackets.


--- TARGET LETTERS ---

['d', 'd', 'x', 'x', 'e', 'e', 'x', 'x', 'f', 'f', 'x', 'x', 'g', 'g', 'x', 'x', 'h', 'h', 'x', 'x', 'i', 'i', 'x', 'x', 'j', 'j', 'x', 'x', 'k', 'k', 'x', 'x', 'l', 'l', 'x', 'x']
Full Qwen output: **Exemplars:**

1. [a b c] [b c d]  
2. [x y z] [y z a]  
3. [m n o] [n o p]  

**Final Answer:**  
[[k k x x l l x x m m x x n n x x o o x x p p x x]]
Filtered Qwen output: k k x x l l x x m m x x n n x x o o x x p p x x
trial 2 of 10...
trial 3 of 10...
trial 4 of 10...
trial 5 of 10...
trial 6 of 10...
trial 7 of 10...
trial 8 of 10...
trial 9 of 10...
trial 10 of 10...
Problem type: 3gen_split3 - 16/20
trial 1 of 10...

=== PROMPT ===

Use the following alphabet to guess the missing piece.

a b c d e f g h i j k l m n o p q r s t u v w x y z

Note that the alphabet may be in an unfamiliar order. Complete the pattern using this order.

[f g h i] [f g h j]
[2 4 6 8 10 12 14 16] [ ? ]

First, describe 3 relevant exemplars that are distinct from this problem. Then give the final answer. Answer with only the examples and the final answer with no further explanation. Put your final answer between double brackets.


--- TARGET LETTERS ---

[np.int64(2), np.int64(4), np.int64(6), np.int64(8), np.int64(10), np.int64(12), np.int64(14), np.int64(18)]
Full Qwen output: **Exemplars:**

1. [a b c d] [a b c e]  
2. [1 3 5 7 9] [? ]  
3. [x y z a] [x y z b]  

**Final Answer:**  
[[2 4 6 8 10 12 14 16 18]]
Filtered Qwen output: 2 4 6 8 10 12 14 16 18
trial 2 of 10...
trial 3 of 10...
trial 4 of 10...
trial 5 of 10...
trial 6 of 10...
trial 7 of 10...
trial 8 of 10...
trial 9 of 10...
trial 10 of 10...
Problem type: 3gen_split4 - 17/20
trial 1 of 10...

=== PROMPT ===

Use the following alphabet to guess the missing piece.

a b c d e f g h i j k l m n o p q r s t u v w x y z

Note that the alphabet may be in an unfamiliar order. Complete the pattern using this order.

[g k i j h] [g h i j k]
[10 15 14 13 12 11 16 9 8] [ ? ]

First, describe 3 relevant exemplars that are distinct from this problem. Then give the final answer. Answer with only the examples and the final answer with no further explanation. Put your final answer between double brackets.


--- TARGET LETTERS ---

[np.int64(16), np.int64(15), np.int64(14), np.int64(13), np.int64(12), np.int64(11), np.int64(10), np.int64(9), np.int64(8)]
Full Qwen output: **Exemplars:**

1. [a b c d] [a d c b]  
2. [x y z a] [x a z y]  
3. [m n o p] [m p o n]  

**Final Answer:**  
[[11 16 15 14 13 12 17 10 9]]
Filtered Qwen output: 11 16 15 14 13 12 17 10 9
trial 2 of 10...
trial 3 of 10...
trial 4 of 10...
trial 5 of 10...
trial 6 of 10...
trial 7 of 10...
trial 8 of 10...
trial 9 of 10...
trial 10 of 10...
Problem type: 3gen_split5 - 18/20
trial 1 of 10...

=== PROMPT ===

Use the following alphabet to guess the missing piece.

a b c d e f g h i j k l m n o p q r s t u v w x y z

Note that the alphabet may be in an unfamiliar order. Complete the pattern using this order.

[e f g h] [e f g i]
[8 0 9 0 10 0 11 0 12 0 13 0 14 0 15 0] [ ? ]

First, describe 3 relevant exemplars that are distinct from this problem. Then give the final answer. Answer with only the examples and the final answer with no further explanation. Put your final answer between double brackets.


--- TARGET LETTERS ---

[np.int64(8), '0', np.int64(9), '0', np.int64(10), '0', np.int64(11), '0', np.int64(12), '0', np.int64(13), '0', np.int64(14), '0', np.int64(16), '0']
Full Qwen output: **Exemplars:**

1. [a b c] [a b d]  
2. [x y z] [x y w]  
3. [m n o] [m n p]  

**Final Answer:**  
[[8 0 9 0 10 0 11 0 12 0 13 0 14 0 15 0 16 0 17 0 18 0 19 0]]
Filtered Qwen output: 8 0 9 0 10 0 11 0 12 0 13 0 14 0 15 0 16 0 17 0 18 0 19 0
trial 2 of 10...
trial 3 of 10...
trial 4 of 10...
trial 5 of 10...
trial 6 of 10...
trial 7 of 10...
trial 8 of 10...
trial 9 of 10...
trial 10 of 10...
Problem type: 3gen_split6 - 19/20
trial 1 of 10...

=== PROMPT ===

Use the following alphabet to guess the missing piece.

a b c d e f g h i j k l m n o p q r s t u v w x y z

Note that the alphabet may be in an unfamiliar order. Complete the pattern using this order.

[j g h i f] [f g h i j]
[r x t x p x n x l x] [ ? ]

First, describe 3 relevant exemplars that are distinct from this problem. Then give the final answer. Answer with only the examples and the final answer with no further explanation. Put your final answer between double brackets.


--- TARGET LETTERS ---

['t', 'x', 'r', 'x', 'p', 'x', 'n', 'x', 'l', 'x']
Full Qwen output: **Exemplars:**

1. [a b c] [c b a]  
2. [d e f g] [g f e d]  
3. [m n o p] [p o n m]  

**Final Answer:**  
[[k x n x m x]]
Filtered Qwen output: k x n x m x
trial 2 of 10...
trial 3 of 10...
trial 4 of 10...
trial 5 of 10...
trial 6 of 10...
trial 7 of 10...
trial 8 of 10...
trial 9 of 10...
trial 10 of 10...
Problem type: 3gensplit7 - 20/20
trial 1 of 10...

=== PROMPT ===

Use the following alphabet to guess the missing piece.

a b c d e f g h i j k l m n o p q r s t u v w x y z

Note that the alphabet may be in an unfamiliar order. Complete the pattern using this order.

[m n o p] [m n o p q]
[25 23 21] [ ? ]

First, describe 3 relevant exemplars that are distinct from this problem. Then give the final answer. Answer with only the examples and the final answer with no further explanation. Put your final answer between double brackets.


--- TARGET LETTERS ---

[np.int64(25), np.int64(23), np.int64(21), np.int64(19)]
Full Qwen output: **Exemplars:**

1. [a b c] [a b c d] [1 3 5] [?]
2. [x y z] [x y z a] [24 25 1] [?]
3. [f g h] [f g h i] [6 4 2] [?]

**Final Answer:**  
[[23 21 19]]
Filtered Qwen output: 23 21 19
trial 2 of 10...
trial 3 of 10...
trial 4 of 10...
trial 5 of 10...
trial 6 of 10...
trial 7 of 10...
trial 8 of 10...
trial 9 of 10...
trial 10 of 10...
alph_1
a b c d e f g h i j k l m n o p q r s t u v w x y z
Problem type: larger_int - 1/20
trial 1 of 10...

=== PROMPT ===

Use the following alphabet to guess the missing piece.

a b c d e f g h i j k l m n o p q r s t u v w x y z

Note that the alphabet may be in an unfamiliar order. Complete the pattern using this order.

[a b c d] [a b c e]
[e g i k] [ ? ]

First, describe 3 relevant exemplars that are distinct from this problem. Then give the final answer. Answer with only the examples and the final answer with no further explanation. Put your final answer between double brackets.


--- TARGET LETTERS ---

['e', 'g', 'i', 'm']
Full Qwen output: 1. [a b c d] [a b c e]  
2. [e g i k] [e g i m]  
3. [i k m o] [i k m q]  

[[e g i m]]
Filtered Qwen output: e g i m
trial 2 of 10...
trial 3 of 10...
trial 4 of 10...
trial 5 of 10...
trial 6 of 10...
trial 7 of 10...
trial 8 of 10...
trial 9 of 10...
trial 10 of 10...
Problem type: longer_targ - 2/20
trial 1 of 10...

=== PROMPT ===

Use the following alphabet to guess the missing piece.

a b c d e f g h i j k l m n o p q r s t u v w x y z

Note that the alphabet may be in an unfamiliar order. Complete the pattern using this order.

[g h i j] [g h i k]
[b c d e f g h i] [ ? ]

First, describe 3 relevant exemplars that are distinct from this problem. Then give the final answer. Answer with only the examples and the final answer with no further explanation. Put your final answer between double brackets.


--- TARGET LETTERS ---

['b', 'c', 'd', 'e', 'f', 'g', 'h', 'j']
Full Qwen output: **Exemplars:**

1. [a b c] [a b d]  
2. [x y z] [x y a]  
3. [m n o p] [m n q]  

**Final Answer:**  
[[b c d f]]
Filtered Qwen output: b c d f
trial 2 of 10...
trial 3 of 10...
trial 4 of 10...
trial 5 of 10...
trial 6 of 10...
trial 7 of 10...
trial 8 of 10...
trial 9 of 10...
trial 10 of 10...
Problem type: group - 3/20
trial 1 of 10...

=== PROMPT ===

Use the following alphabet to guess the missing piece.

a b c d e f g h i j k l m n o p q r s t u v w x y z

Note that the alphabet may be in an unfamiliar order. Complete the pattern using this order.

[b c d e] [a c d e]
[k k l l m m n n] [ ? ]

First, describe 3 relevant exemplars that are distinct from this problem. Then give the final answer. Answer with only the examples and the final answer with no further explanation. Put your final answer between double brackets.


--- TARGET LETTERS ---

['j', 'j', 'l', 'l', 'm', 'm', 'n', 'n']
Full Qwen output: [b c d e] [a c d e]  
[k k l l m m n n] [ ? ]

**Exemplars:**

1. [a b c d] [b c d e]  
2. [x y z a] [y z a b]  
3. [m n o p] [n o p q]  

[[k l m n]]
Filtered Qwen output: k l m n
trial 2 of 10...
trial 3 of 10...
trial 4 of 10...
trial 5 of 10...
trial 6 of 10...
trial 7 of 10...
trial 8 of 10...
trial 9 of 10...
trial 10 of 10...
Problem type: interleaved - 4/20
trial 1 of 10...

=== PROMPT ===

Use the following alphabet to guess the missing piece.

a b c d e f g h i j k l m n o p q r s t u v w x y z

Note that the alphabet may be in an unfamiliar order. Complete the pattern using this order.

[a b g d e] [a b c d e]
[j x k x l x m x p x] [ ? ]

First, describe 3 relevant exemplars that are distinct from this problem. Then give the final answer. Answer with only the examples and the final answer with no further explanation. Put your final answer between double brackets.


--- TARGET LETTERS ---

['j', 'x', 'k', 'x', 'l', 'x', 'm', 'x', 'n', 'x']
Full Qwen output: **Exemplars:**

1. [a b c] [a b c d]  
2. [x y z] [x y z a]  
3. [m n o p] [m n o p q]  

**Final Answer:**  
[[j x k x l x m x n x]]
Filtered Qwen output: j x k x l x m x n x
trial 2 of 10...
trial 3 of 10...
trial 4 of 10...
trial 5 of 10...
trial 6 of 10...
trial 7 of 10...
trial 8 of 10...
trial 9 of 10...
trial 10 of 10...
Problem type: letter2num - 5/20
trial 1 of 10...

=== PROMPT ===

Use the following alphabet to guess the missing piece.

a b c d e f g h i j k l m n o p q r s t u v w x y z

Note that the alphabet may be in an unfamiliar order. Complete the pattern using this order.

[h i j k] [h i j l]
[4 5 6 7] [ ? ]

First, describe 3 relevant exemplars that are distinct from this problem. Then give the final answer. Answer with only the examples and the final answer with no further explanation. Put your final answer between double brackets.


--- TARGET LETTERS ---

[np.int64(4), np.int64(5), np.int64(6), np.int64(8)]
Full Qwen output: **Exemplars:**

1. [a b c] [a b d]  
2. [x y z] [x y w]  
3. [m n o] [m n p]  

**Final Answer:**  
[[4 5 6 8]]
Filtered Qwen output: 4 5 6 8
trial 2 of 10...
trial 3 of 10...
trial 4 of 10...
trial 5 of 10...
trial 6 of 10...
trial 7 of 10...
trial 8 of 10...
trial 9 of 10...
trial 10 of 10...
Problem type: reverse - 6/20
trial 1 of 10...

=== PROMPT ===

Use the following alphabet to guess the missing piece.

a b c d e f g h i j k l m n o p q r s t u v w x y z

Note that the alphabet may be in an unfamiliar order. Complete the pattern using this order.

[v w w x y z] [v w x y z]
[n n m l k j] [ ? ]

First, describe 3 relevant exemplars that are distinct from this problem. Then give the final answer. Answer with only the examples and the final answer with no further explanation. Put your final answer between double brackets.


--- TARGET LETTERS ---

['n', 'm', 'l', 'k', 'j']
Full Qwen output: **Exemplars:**

1. [a b c] [a b]  
2. [x y z] [x]  
3. [m n o p] [m n o]  

**Final Answer:**  
[[n m l k]]
Filtered Qwen output: n m l k
trial 2 of 10...
trial 3 of 10...
trial 4 of 10...
trial 5 of 10...
trial 6 of 10...
trial 7 of 10...
trial 8 of 10...
trial 9 of 10...
trial 10 of 10...
Problem type: 2gen_split1 - 7/20
trial 1 of 10...

=== PROMPT ===

Use the following alphabet to guess the missing piece.

a b c d e f g h i j k l m n o p q r s t u v w x y z

Note that the alphabet may be in an unfamiliar order. Complete the pattern using this order.

[f n o p q] [m n o p q]
[14 16 18 20 9] [ ? ]

First, describe 3 relevant exemplars that are distinct from this problem. Then give the final answer. Answer with only the examples and the final answer with no further explanation. Put your final answer between double brackets.


--- TARGET LETTERS ---

[np.int64(14), np.int64(16), np.int64(18), np.int64(20), np.int64(22)]
Full Qwen output: **Exemplars:**

1. [a b c d e] [f g h i j] [1 2 3 4 5] [6 7 8 9 10]  
2. [x y z a b] [c d e f g] [24 25 26 1 2] [3 4 5 6 7]  
3. [k l m n o] [p q r s t] [11 12 13 14 15] [16 17 1
trial 2 of 10...
trial 3 of 10...
trial 4 of 10...
trial 5 of 10...
trial 6 of 10...
trial 7 of 10...
trial 8 of 10...
trial 9 of 10...
trial 10 of 10...
Problem type: 2gen_split2 - 8/20
trial 1 of 10...

=== PROMPT ===

Use the following alphabet to guess the missing piece.

a b c d e f g h i j k l m n o p q r s t u v w x y z

Note that the alphabet may be in an unfamiliar order. Complete the pattern using this order.

[o p q r] [o p q s]
[g x h x i x j x k x l x m x n x] [ ? ]

First, describe 3 relevant exemplars that are distinct from this problem. Then give the final answer. Answer with only the examples and the final answer with no further explanation. Put your final answer between double brackets.


--- TARGET LETTERS ---

['g', 'x', 'h', 'x', 'i', 'x', 'j', 'x', 'k', 'x', 'l', 'x', 'm', 'x', 'o', 'x']
Full Qwen output: **Examples:**

1. [a b c] [a b d]  
2. [x y z] [x y w]  
3. [m n o] [m n p]  

**Final Answer:**  
[[g x h x i x j x k x l x m x n x o x]]
Filtered Qwen output: g x h x i x j x k x l x m x n x o x
trial 2 of 10...
trial 3 of 10...
trial 4 of 10...
trial 5 of 10...
trial 6 of 10...
trial 7 of 10...
trial 8 of 10...
trial 9 of 10...
trial 10 of 10...
Problem type: 2gen_split3 - 9/20
trial 1 of 10...

=== PROMPT ===

Use the following alphabet to guess the missing piece.

a b c d e f g h i j k l m n o p q r s t u v w x y z

Note that the alphabet may be in an unfamiliar order. Complete the pattern using this order.

[a b b c d e] [a b c d e]
[f f x x g g x x h h x x h h x x i i x x j j x x] [ ? ]

First, describe 3 relevant exemplars that are distinct from this problem. Then give the final answer. Answer with only the examples and the final answer with no further explanation. Put your final answer between double brackets.


--- TARGET LETTERS ---

['f', 'f', 'x', 'x', 'g', 'g', 'x', 'x', 'h', 'h', 'x', 'x', 'i', 'i', 'x', 'x', 'j', 'j', 'x', 'x']
Full Qwen output: **Exemplars:**

1. [a a b b c c] [a b c]  
2. [x x y y z z] [x y z]  
3. [m m n n o o] [m n o]  

**Final Answer:**  
[[k k l l m m]]
Filtered Qwen output: k k l l m m
trial 2 of 10...
trial 3 of 10...
trial 4 of 10...
trial 5 of 10...
trial 6 of 10...
trial 7 of 10...
trial 8 of 10...
trial 9 of 10...
trial 10 of 10...
Problem type: 2gen_split4 - 10/20
trial 1 of 10...

=== PROMPT ===

Use the following alphabet to guess the missing piece.

a b c d e f g h i j k l m n o p q r s t u v w x y z

Note that the alphabet may be in an unfamiliar order. Complete the pattern using this order.

[i j k l] [i j k m]
[t t s s r r q q] [ ? ]

First, describe 3 relevant exemplars that are distinct from this problem. Then give the final answer. Answer with only the examples and the final answer with no further explanation. Put your final answer between double brackets.


--- TARGET LETTERS ---

['t', 't', 's', 's', 'r', 'r', 'p', 'p']
Full Qwen output: [i j k l] [i j k m]  
[t t s s r r q q] [ ? ]

**Exemplars:**

1. [a b c d] [a b c e]  
2. [x y z a] [x y z b]  
3. [m n o p] [m n o q]  

[[t t r r q q]]
Filtered Qwen output: t t r r q q
trial 2 of 10...
trial 3 of 10...
trial 4 of 10...
trial 5 of 10...
trial 6 of 10...
trial 7 of 10...
trial 8 of 10...
trial 9 of 10...
trial 10 of 10...
Problem type: 2gen_split5 - 11/20
trial 1 of 10...

=== PROMPT ===

Use the following alphabet to guess the missing piece.

a b c d e f g h i j k l m n o p q r s t u v w x y z

Note that the alphabet may be in an unfamiliar order. Complete the pattern using this order.

[t d e f g] [c d e f g]
[a x r x q x p x o x] [ ? ]

First, describe 3 relevant exemplars that are distinct from this problem. Then give the final answer. Answer with only the examples and the final answer with no further explanation. Put your final answer between double brackets.


--- TARGET LETTERS ---

['s', 'x', 'r', 'x', 'q', 'x', 'p', 'x', 'o', 'x']
Full Qwen output: **Exemplars:**

1. [a b c] [b c d]  
2. [x y z] [y z a]  
3. [m n o] [n o p]  

**Final Answer:**  
[[n o p]]
Filtered Qwen output: n o p
trial 2 of 10...
trial 3 of 10...
trial 4 of 10...
trial 5 of 10...
trial 6 of 10...
trial 7 of 10...
trial 8 of 10...
trial 9 of 10...
trial 10 of 10...
Problem type: 2gen_split6 - 12/20
trial 1 of 10...

=== PROMPT ===

Use the following alphabet to guess the missing piece.

a b c d e f g h i j k l m n o p q r s t u v w x y z

Note that the alphabet may be in an unfamiliar order. Complete the pattern using this order.

[d e f g g h] [d e f g h]
[o o p p q q r r s s t t t t u u v v w w] [ ? ]

First, describe 3 relevant exemplars that are distinct from this problem. Then give the final answer. Answer with only the examples and the final answer with no further explanation. Put your final answer between double brackets.


--- TARGET LETTERS ---

['o', 'o', 'p', 'p', 'q', 'q', 'r', 'r', 's', 's', 't', 't', 'u', 'u', 'v', 'v', 'w', 'w']
Full Qwen output: **Exemplars:**

1. [a b c] [a b c d]  
2. [x y z] [x y z a]  
3. [m n o p] [m n o p q]  

**Final Answer:**  
[[o o p p q q r r s s t t t t u u v v w w x x y y z z]]
Filtered Qwen output: o o p p q q r r s s t t t t u u v v w w x x y y z z
trial 2 of 10...
trial 3 of 10...
trial 4 of 10...
trial 5 of 10...
trial 6 of 10...
trial 7 of 10...
trial 8 of 10...
trial 9 of 10...
trial 10 of 10...
Problem type: 2gensplit7 - 13/20
trial 1 of 10...

=== PROMPT ===

Use the following alphabet to guess the missing piece.

a b c d e f g h i j k l m n o p q r s t u v w x y z

Note that the alphabet may be in an unfamiliar order. Complete the pattern using this order.

[v w x y] [u w x y]
[9 0 10 0 11 0 12 0] [ ? ]

First, describe 3 relevant exemplars that are distinct from this problem. Then give the final answer. Answer with only the examples and the final answer with no further explanation. Put your final answer between double brackets.


--- TARGET LETTERS ---

[np.int64(8), '0', np.int64(10), '0', np.int64(11), '0', np.int64(12), '0']
Full Qwen output: **Exemplars:**

1. [a b c] [b c d]  
2. [x y z] [y z a]  
3. [1 2 3] [2 3 1]  

**Final Answer:**  
[[8 0 9 0 10 0 11 0]]
Filtered Qwen output: 8 0 9 0 10 0 11 0
trial 2 of 10...
trial 3 of 10...
trial 4 of 10...
trial 5 of 10...
trial 6 of 10...
trial 7 of 10...
trial 8 of 10...
trial 9 of 10...
trial 10 of 10...
Problem type: 3gen_split1 - 14/20
trial 1 of 10...

=== PROMPT ===

Use the following alphabet to guess the missing piece.

a b c d e f g h i j k l m n o p q r s t u v w x y z

Note that the alphabet may be in an unfamiliar order. Complete the pattern using this order.

[l m n o] [k m n o]
[i x k x m x o x q x s x u x w x] [ ? ]

First, describe 3 relevant exemplars that are distinct from this problem. Then give the final answer. Answer with only the examples and the final answer with no further explanation. Put your final answer between double brackets.


--- TARGET LETTERS ---

['g', 'x', 'k', 'x', 'm', 'x', 'o', 'x', 'q', 'x', 's', 'x', 'u', 'x', 'w', 'x']
Full Qwen output: **Examples:**

1. [a b c] [b c d]  
2. [x y z] [w x y]  
3. [p q r] [o p q]  

**Final Answer:**  
[[r s t]]
Filtered Qwen output: r s t
trial 2 of 10...
trial 3 of 10...
trial 4 of 10...
trial 5 of 10...
trial 6 of 10...
trial 7 of 10...
trial 8 of 10...
trial 9 of 10...
trial 10 of 10...
Problem type: 3gen_split2 - 15/20
trial 1 of 10...

=== PROMPT ===

Use the following alphabet to guess the missing piece.

a b c d e f g h i j k l m n o p q r s t u v w x y z

Note that the alphabet may be in an unfamiliar order. Complete the pattern using this order.

[a b p d e] [a b c d e]
[3 0 5 0 7 0 4 0 11 0] [ ? ]

First, describe 3 relevant exemplars that are distinct from this problem. Then give the final answer. Answer with only the examples and the final answer with no further explanation. Put your final answer between double brackets.


--- TARGET LETTERS ---

[np.int64(3), '0', np.int64(5), '0', np.int64(7), '0', np.int64(9), '0', np.int64(11), '0']
Full Qwen output: **Exemplars:**

1. [a b c d] [a b c d e]  
2. [x y z] [x y z a]  
3. [m n o p q] [m n o p q r]  

**Final Answer:**  
[[3 0 5 0 7 0 4 0 11 0 6]]
Filtered Qwen output: 3 0 5 0 7 0 4 0 11 0 6
trial 2 of 10...
trial 3 of 10...
trial 4 of 10...
trial 5 of 10...
trial 6 of 10...
trial 7 of 10...
trial 8 of 10...
trial 9 of 10...
trial 10 of 10...
Problem type: 3gen_split3 - 16/20
trial 1 of 10...

=== PROMPT ===

Use the following alphabet to guess the missing piece.

a b c d e f g h i j k l m n o p q r s t u v w x y z

Note that the alphabet may be in an unfamiliar order. Complete the pattern using this order.

[m n o p w] [m n o p q]
[u u x x t t x x g g x x r r x x q q x x] [ ? ]

First, describe 3 relevant exemplars that are distinct from this problem. Then give the final answer. Answer with only the examples and the final answer with no further explanation. Put your final answer between double brackets.


--- TARGET LETTERS ---

['u', 'u', 'x', 'x', 't', 't', 'x', 'x', 's', 's', 'x', 'x', 'r', 'r', 'x', 'x', 'q', 'q', 'x', 'x']
Full Qwen output: **Exemplars:**

1. [a b c d] [a b c]  
2. [x y z a] [x y z]  
3. [p q r s] [p q r]  

**Final Answer:**  
[[u u x x t t x x g g x x r r x x q q x x]]
Filtered Qwen output: u u x x t t x x g g x x r r x x q q x x
trial 2 of 10...
trial 3 of 10...
trial 4 of 10...
trial 5 of 10...
trial 6 of 10...
trial 7 of 10...
trial 8 of 10...
trial 9 of 10...
trial 10 of 10...
Problem type: 3gen_split4 - 17/20
trial 1 of 10...

=== PROMPT ===

Use the following alphabet to guess the missing piece.

a b c d e f g h i j k l m n o p q r s t u v w x y z

Note that the alphabet may be in an unfamiliar order. Complete the pattern using this order.

[p q r s] [p q r t]
[16 0 15 0 14 0 13 0] [ ? ]

First, describe 3 relevant exemplars that are distinct from this problem. Then give the final answer. Answer with only the examples and the final answer with no further explanation. Put your final answer between double brackets.


--- TARGET LETTERS ---

[np.int64(16), '0', np.int64(15), '0', np.int64(14), '0', np.int64(12), '0']
Full Qwen output: **Exemplars:**

1. [a b c] [a b d]  
   [1 2 3] [ ? ]  

2. [x y z] [x y w]  
   [24 25 26] [ ? ]  

3. [m n o] [m n p]  
   [13 14 15] [ ? ]  

**Final Answer:**  
[[12]]
Filtered Qwen output: 12
trial 2 of 10...
trial 3 of 10...
trial 4 of 10...
trial 5 of 10...
trial 6 of 10...
trial 7 of 10...
trial 8 of 10...
trial 9 of 10...
trial 10 of 10...
Problem type: 3gen_split5 - 18/20
trial 1 of 10...

=== PROMPT ===

Use the following alphabet to guess the missing piece.

a b c d e f g h i j k l m n o p q r s t u v w x y z

Note that the alphabet may be in an unfamiliar order. Complete the pattern using this order.

[r p q o s] [o p q r s]
[k k m m o o i i g g] [ ? ]

First, describe 3 relevant exemplars that are distinct from this problem. Then give the final answer. Answer with only the examples and the final answer with no further explanation. Put your final answer between double brackets.


--- TARGET LETTERS ---

['o', 'o', 'm', 'm', 'k', 'k', 'i', 'i', 'g', 'g']
Full Qwen output: **Exemplars:**

1. [a b c] [b c d]  
2. [x y z] [y z a]  
3. [m n o] [n o p]  

**Final Answer:**  
[[g g i i k k m m o o]]
Filtered Qwen output: g g i i k k m m o o
trial 2 of 10...
trial 3 of 10...
trial 4 of 10...
trial 5 of 10...
trial 6 of 10...
trial 7 of 10...
trial 8 of 10...
trial 9 of 10...
trial 10 of 10...
Problem type: 3gen_split6 - 19/20
trial 1 of 10...

=== PROMPT ===

Use the following alphabet to guess the missing piece.

a b c d e f g h i j k l m n o p q r s t u v w x y z

Note that the alphabet may be in an unfamiliar order. Complete the pattern using this order.

[b b c d e f] [b c d e f]
[f f h h j j l l n n n n p p r r t t v v] [ ? ]

First, describe 3 relevant exemplars that are distinct from this problem. Then give the final answer. Answer with only the examples and the final answer with no further explanation. Put your final answer between double brackets.


--- TARGET LETTERS ---

['f', 'f', 'h', 'h', 'j', 'j', 'l', 'l', 'n', 'n', 'p', 'p', 'r', 'r', 't', 't', 'v', 'v']
Full Qwen output: **Examples:**

1. [a a b c d] [a b c d]  
2. [e e f g h] [e f g h]  
3. [i i j k l] [i j k l]  

**Final Answer:**  
[[n n o p q]]
Filtered Qwen output: n n o p q
trial 2 of 10...
trial 3 of 10...
trial 4 of 10...
trial 5 of 10...
trial 6 of 10...
trial 7 of 10...
trial 8 of 10...
trial 9 of 10...
trial 10 of 10...
Problem type: 3gensplit7 - 20/20
trial 1 of 10...

=== PROMPT ===

Use the following alphabet to guess the missing piece.

a b c d e f g h i j k l m n o p q r s t u v w x y z

Note that the alphabet may be in an unfamiliar order. Complete the pattern using this order.

[u v w x x y] [u v w x y]
[17 17 0 0 17 17 0 0 18 18 0 0 19 19 0 0 20 20 0 0 21 21 0 0] [ ? ]

First, describe 3 relevant exemplars that are distinct from this problem. Then give the final answer. Answer with only the examples and the final answer with no further explanation. Put your final answer between double brackets.


--- TARGET LETTERS ---

[np.int64(17), np.int64(17), '0', '0', np.int64(18), np.int64(18), '0', '0', np.int64(19), np.int64(19), '0', '0', np.int64(20), np.int64(20), '0', '0', np.int64(21), np.int64(21), '0', '0']
Full Qwen output: **Exemplars:**

1. [a b c d] [a b c d e]  
   [1 2 3 4] [1 2 3 4 5]

2. [x y z a b] [x y z a b c]  
   [24 25 26 1 2] [24 25 26 1 2 3]

3. [m n o p] [m n o p q]  
   [13 14 15 16] [13 14
trial 2 of 10...
trial 3 of 10...
trial 4 of 10...
trial 5 of 10...
trial 6 of 10...
trial 7 of 10...
trial 8 of 10...
trial 9 of 10...
trial 10 of 10...
alph_2
a b c d e f g h i j k l m n o p q r s t u v w x y z
Problem type: larger_int - 1/20
trial 1 of 10...

=== PROMPT ===

Use the following alphabet to guess the missing piece.

a b c d e f g h i j k l m n o p q r s t u v w x y z

Note that the alphabet may be in an unfamiliar order. Complete the pattern using this order.

[i b k l m] [i j k l m]
[p r t v e] [ ? ]

First, describe 3 relevant exemplars that are distinct from this problem. Then give the final answer. Answer with only the examples and the final answer with no further explanation. Put your final answer between double brackets.


--- TARGET LETTERS ---

['p', 'r', 't', 'v', 'x']
Full Qwen output: **Exemplars:**

1. [a b c] [a b c d]  
2. [x y z] [x y z a]  
3. [m n o p] [m n o p q]  

**Final Answer:**  
[[p r t v f]]
Filtered Qwen output: p r t v f
trial 2 of 10...
trial 3 of 10...
trial 4 of 10...
trial 5 of 10...
trial 6 of 10...
trial 7 of 10...
trial 8 of 10...
trial 9 of 10...
trial 10 of 10...
Problem type: longer_targ - 2/20
trial 1 of 10...

=== PROMPT ===

Use the following alphabet to guess the missing piece.

a b c d e f g h i j k l m n o p q r s t u v w x y z

Note that the alphabet may be in an unfamiliar order. Complete the pattern using this order.

[m n o p] [l n o p]
[r s t u v w x y] [ ? ]

First, describe 3 relevant exemplars that are distinct from this problem. Then give the final answer. Answer with only the examples and the final answer with no further explanation. Put your final answer between double brackets.


--- TARGET LETTERS ---

['q', 's', 't', 'u', 'v', 'w', 'x', 'y']
Full Qwen output: **Exemplars:**

1. [a b c] [b c d]  
2. [x y z] [y z a]  
3. [d e f g] [e f g h]  

**Final Answer:**  
[[q r s t u v w x]]
Filtered Qwen output: q r s t u v w x
trial 2 of 10...
trial 3 of 10...
trial 4 of 10...
trial 5 of 10...
trial 6 of 10...
trial 7 of 10...
trial 8 of 10...
trial 9 of 10...
trial 10 of 10...
Problem type: group - 3/20
trial 1 of 10...

=== PROMPT ===

Use the following alphabet to guess the missing piece.

a b c d e f g h i j k l m n o p q r s t u v w x y z

Note that the alphabet may be in an unfamiliar order. Complete the pattern using this order.

[r s t a v] [r s t u v]
[j j k k c c m m n n] [ ? ]

First, describe 3 relevant exemplars that are distinct from this problem. Then give the final answer. Answer with only the examples and the final answer with no further explanation. Put your final answer between double brackets.


--- TARGET LETTERS ---

['j', 'j', 'k', 'k', 'l', 'l', 'm', 'm', 'n', 'n']
Full Qwen output: [r s t a v] [r s t u v]  
[j j k k c c m m n n] [ ? ]

**Exemplars:**

1. [a b c d e] [a b c d e]  
2. [x y z a b] [x y z a b]  
3. [m n o p q] [m n o p q]  

[[j j k k c c m m o o]]
Filtered Qwen output: j j k k c c m m o o
trial 2 of 10...
trial 3 of 10...
trial 4 of 10...
trial 5 of 10...
trial 6 of 10...
trial 7 of 10...
trial 8 of 10...
trial 9 of 10...
trial 10 of 10...
Problem type: interleaved - 4/20
trial 1 of 10...

=== PROMPT ===

Use the following alphabet to guess the missing piece.

a b c d e f g h i j k l m n o p q r s t u v w x y z

Note that the alphabet may be in an unfamiliar order. Complete the pattern using this order.

[c d e f] [c d e g]
[o x p x q x r x] [ ? ]

First, describe 3 relevant exemplars that are distinct from this problem. Then give the final answer. Answer with only the examples and the final answer with no further explanation. Put your final answer between double brackets.


--- TARGET LETTERS ---

['o', 'x', 'p', 'x', 'q', 'x', 's', 'x']
Full Qwen output: [c d e f] [c d e g]  
[o x p x q x r x] [ ? ]

**Examples:**

1. [a b c d] [a b c e]  
2. [m n o p] [m n o q]  
3. [x y z a] [x y z b]  

[[o x q x r x s x]]
Filtered Qwen output: o x q x r x s x
trial 2 of 10...
trial 3 of 10...
trial 4 of 10...
trial 5 of 10...
trial 6 of 10...
trial 7 of 10...
trial 8 of 10...
trial 9 of 10...
trial 10 of 10...
Problem type: letter2num - 5/20
trial 1 of 10...

=== PROMPT ===

Use the following alphabet to guess the missing piece.

a b c d e f g h i j k l m n o p q r s t u v w x y z

Note that the alphabet may be in an unfamiliar order. Complete the pattern using this order.

[r s u t v] [r s t u v]
[5 9 7 8 6] [ ? ]

First, describe 3 relevant exemplars that are distinct from this problem. Then give the final answer. Answer with only the examples and the final answer with no further explanation. Put your final answer between double brackets.


--- TARGET LETTERS ---

[np.int64(5), np.int64(6), np.int64(7), np.int64(8), np.int64(9)]
Full Qwen output: **Exemplars:**

1. [a b c] [1 2 3]  
2. [x y z] [3 2 1]  
3. [m n o p] [4 5 6 7]  

**Final Answer:**  
[[5 9 7 8 6] [6 8 9 5 7]]
Filtered Qwen output: 5 9 7 8 6] [6 8 9 5 7
trial 2 of 10...
trial 3 of 10...
trial 4 of 10...
trial 5 of 10...
trial 6 of 10...
trial 7 of 10...
trial 8 of 10...
trial 9 of 10...
trial 10 of 10...
Problem type: reverse - 6/20
trial 1 of 10...

=== PROMPT ===

Use the following alphabet to guess the missing piece.

a b c d e f g h i j k l m n o p q r s t u v w x y z

Note that the alphabet may be in an unfamiliar order. Complete the pattern using this order.

[h i j k] [h i j k l]
[m l k j] [ ? ]

First, describe 3 relevant exemplars that are distinct from this problem. Then give the final answer. Answer with only the examples and the final answer with no further explanation. Put your final answer between double brackets.


--- TARGET LETTERS ---

['m', 'l', 'k', 'j', 'i']
Full Qwen output: [h i j k] [h i j k l]  
[m l k j] [ ? ]

**Examples:**

1. [a b c] [a b c d]  
2. [x y z] [x y z a]  
3. [p q r s] [p q r s t]  

[[m l k i]]
Filtered Qwen output: m l k i
trial 2 of 10...
trial 3 of 10...
trial 4 of 10...
trial 5 of 10...
trial 6 of 10...
trial 7 of 10...
trial 8 of 10...
trial 9 of 10...
trial 10 of 10...
Problem type: 2gen_split1 - 7/20
trial 1 of 10...

=== PROMPT ===

Use the following alphabet to guess the missing piece.

a b c d e f g h i j k l m n o p q r s t u v w x y z

Note that the alphabet may be in an unfamiliar order. Complete the pattern using this order.

[g h i j] [g h i k]
[n n p p r r t t] [ ? ]

First, describe 3 relevant exemplars that are distinct from this problem. Then give the final answer. Answer with only the examples and the final answer with no further explanation. Put your final answer between double brackets.


--- TARGET LETTERS ---

['n', 'n', 'p', 'p', 'r', 'r', 'v', 'v']
Full Qwen output: **Exemplars:**

1. [a b c d] [a b c e]  
2. [x y z a] [x y z b]  
3. [m n o p] [m n o q]  

**Final Answer:**  
[[n n p p r r v v]]
Filtered Qwen output: n n p p r r v v
trial 2 of 10...
trial 3 of 10...
trial 4 of 10...
trial 5 of 10...
trial 6 of 10...
trial 7 of 10...
trial 8 of 10...
trial 9 of 10...
trial 10 of 10...
Problem type: 2gen_split2 - 8/20
trial 1 of 10...

=== PROMPT ===

Use the following alphabet to guess the missing piece.

a b c d e f g h i j k l m n o p q r s t u v w x y z

Note that the alphabet may be in an unfamiliar order. Complete the pattern using this order.

[j k l m] [j k l n]
[f f e e d d c c] [ ? ]

First, describe 3 relevant exemplars that are distinct from this problem. Then give the final answer. Answer with only the examples and the final answer with no further explanation. Put your final answer between double brackets.


--- TARGET LETTERS ---

['f', 'f', 'e', 'e', 'd', 'd', 'b', 'b']
Full Qwen output: **Exemplars:**

1. [a b c] [a b d]  
2. [x y z] [x y w]  
3. [m n o] [m n p]  

**Final Answer:**  
[[f f e e d d b b]]
Filtered Qwen output: f f e e d d b b
trial 2 of 10...
trial 3 of 10...
trial 4 of 10...
trial 5 of 10...
trial 6 of 10...
trial 7 of 10...
trial 8 of 10...
trial 9 of 10...
trial 10 of 10...
Problem type: 2gen_split3 - 9/20
trial 1 of 10...

=== PROMPT ===

Use the following alphabet to guess the missing piece.

a b c d e f g h i j k l m n o p q r s t u v w x y z

Note that the alphabet may be in an unfamiliar order. Complete the pattern using this order.

[t q r s p] [p q r s t]
[l x m x n x o x s x q x r x p x t x] [ ? ]

First, describe 3 relevant exemplars that are distinct from this problem. Then give the final answer. Answer with only the examples and the final answer with no further explanation. Put your final answer between double brackets.


--- TARGET LETTERS ---

['l', 'x', 'm', 'x', 'n', 'x', 'o', 'x', 'p', 'x', 'q', 'x', 'r', 'x', 's', 'x', 't', 'x']
Full Qwen output: **Examples:**

1. [a b c] [b c a]  
2. [x y z] [z y x]  
3. [m n o p] [o p n m]  

**Final Answer:**  
[[n x o x p x q x r x s x t x]]
Filtered Qwen output: n x o x p x q x r x s x t x
trial 2 of 10...
trial 3 of 10...
trial 4 of 10...
trial 5 of 10...
trial 6 of 10...
trial 7 of 10...
trial 8 of 10...
trial 9 of 10...
trial 10 of 10...
Problem type: 2gen_split4 - 10/20
trial 1 of 10...

=== PROMPT ===

Use the following alphabet to guess the missing piece.

a b c d e f g h i j k l m n o p q r s t u v w x y z

Note that the alphabet may be in an unfamiliar order. Complete the pattern using this order.

[i j k l] [i j k l m]
[h x i x j x k x l x m x n x o x] [ ? ]

First, describe 3 relevant exemplars that are distinct from this problem. Then give the final answer. Answer with only the examples and the final answer with no further explanation. Put your final answer between double brackets.


--- TARGET LETTERS ---

['h', 'x', 'i', 'x', 'j', 'x', 'k', 'x', 'l', 'x', 'm', 'x', 'n', 'x', 'o', 'x', 'p', 'x']
Full Qwen output: **Exemplars:**

1. [a b c] [a b c d]  
2. [m n o] [m n o p]  
3. [x y z] [x y z a]  

**Final Answer:**  
[[h x i x j x k x l x m x n x o x p x]]
Filtered Qwen output: h x i x j x k x l x m x n x o x p x
trial 2 of 10...
trial 3 of 10...
trial 4 of 10...
trial 5 of 10...
trial 6 of 10...
trial 7 of 10...
trial 8 of 10...
trial 9 of 10...
trial 10 of 10...
Problem type: 2gen_split5 - 11/20
trial 1 of 10...

=== PROMPT ===

Use the following alphabet to guess the missing piece.

a b c d e f g h i j k l m n o p q r s t u v w x y z

Note that the alphabet may be in an unfamiliar order. Complete the pattern using this order.

[c d e f] [c d e f g]
[18 18 19 19 20 20 21 21] [ ? ]

First, describe 3 relevant exemplars that are distinct from this problem. Then give the final answer. Answer with only the examples and the final answer with no further explanation. Put your final answer between double brackets.


--- TARGET LETTERS ---

[np.int64(18), np.int64(18), np.int64(19), np.int64(19), np.int64(20), np.int64(20), np.int64(21), np.int64(21), np.int64(22), np.int64(22)]
Full Qwen output: **Exemplars:**

1. [a b c] [a b c d]  
2. [x y z] [x y z a]  
3. [m n o p] [m n o p q]  

**Final Answer:**  
[[18 18 19 19 20 20 21 21 22 22]]
Filtered Qwen output: 18 18 19 19 20 20 21 21 22 22
trial 2 of 10...
trial 3 of 10...
trial 4 of 10...
trial 5 of 10...
trial 6 of 10...
trial 7 of 10...
trial 8 of 10...
trial 9 of 10...
trial 10 of 10...
Problem type: 2gen_split6 - 12/20
trial 1 of 10...

=== PROMPT ===

Use the following alphabet to guess the missing piece.

a b c d e f g h i j k l m n o p q r s t u v w x y z

Note that the alphabet may be in an unfamiliar order. Complete the pattern using this order.

[d e f g h h] [d e f g h]
[e e g i k m o q s u] [ ? ]

First, describe 3 relevant exemplars that are distinct from this problem. Then give the final answer. Answer with only the examples and the final answer with no further explanation. Put your final answer between double brackets.


--- TARGET LETTERS ---

['e', 'g', 'i', 'k', 'm', 'o', 'q', 's', 'u']
Full Qwen output: **Exemplars:**

1. [a b c d e] [a b c d]  
2. [f g h i j] [f g h]  
3. [k l m n o] [k l m]  

**Final Answer:**  
[[e e g i k m o q s u v]]
Filtered Qwen output: e e g i k m o q s u v
trial 2 of 10...
trial 3 of 10...
trial 4 of 10...
trial 5 of 10...
trial 6 of 10...
trial 7 of 10...
trial 8 of 10...
trial 9 of 10...
trial 10 of 10...
Problem type: 2gensplit7 - 13/20
trial 1 of 10...

=== PROMPT ===

Use the following alphabet to guess the missing piece.

a b c d e f g h i j k l m n o p q r s t u v w x y z

Note that the alphabet may be in an unfamiliar order. Complete the pattern using this order.

[h i j k] [h i j l]
[b d f h j l n p] [ ? ]

First, describe 3 relevant exemplars that are distinct from this problem. Then give the final answer. Answer with only the examples and the final answer with no further explanation. Put your final answer between double brackets.


--- TARGET LETTERS ---

['b', 'd', 'f', 'h', 'j', 'l', 'n', 'r']
Full Qwen output: **Exemplars:**

1. [a b c] [a b d]  
2. [m n o] [m n p]  
3. [x y z] [x y a]  

**Final Answer:**  
[[b d f h j n p r]]
Filtered Qwen output: b d f h j n p r
trial 2 of 10...
trial 3 of 10...
trial 4 of 10...
trial 5 of 10...
trial 6 of 10...
trial 7 of 10...
trial 8 of 10...
trial 9 of 10...
trial 10 of 10...
Problem type: 3gen_split1 - 14/20
trial 1 of 10...

=== PROMPT ===

Use the following alphabet to guess the missing piece.

a b c d e f g h i j k l m n o p q r s t u v w x y z

Note that the alphabet may be in an unfamiliar order. Complete the pattern using this order.

[h i k j l] [h i j k l]
[8 8 6 6 7 7 5 5 4 4] [ ? ]

First, describe 3 relevant exemplars that are distinct from this problem. Then give the final answer. Answer with only the examples and the final answer with no further explanation. Put your final answer between double brackets.


--- TARGET LETTERS ---

[np.int64(8), np.int64(8), np.int64(7), np.int64(7), np.int64(6), np.int64(6), np.int64(5), np.int64(5), np.int64(4), np.int64(4)]
Full Qwen output: **Exemplars:**

1. [a b c d e] [a b c d e] [1 2 3 4 5] [1 2 3 4 5]  
2. [x y z a b] [x y z a b] [7 8 9 1 2] [7 8 9 1 2]  
3. [m n o p q] [m n o p q] [3 4 5 6 7] [3 4 5 6 7]  

**Final Answer:**
trial 2 of 10...
trial 3 of 10...
trial 4 of 10...
trial 5 of 10...
trial 6 of 10...
trial 7 of 10...
trial 8 of 10...
trial 9 of 10...
trial 10 of 10...
Problem type: 3gen_split2 - 15/20
trial 1 of 10...

=== PROMPT ===

Use the following alphabet to guess the missing piece.

a b c d e f g h i j k l m n o p q r s t u v w x y z

Note that the alphabet may be in an unfamiliar order. Complete the pattern using this order.

[r a t u v] [r s t u v]
[v x t x r x w x n x] [ ? ]

First, describe 3 relevant exemplars that are distinct from this problem. Then give the final answer. Answer with only the examples and the final answer with no further explanation. Put your final answer between double brackets.


--- TARGET LETTERS ---

['v', 'x', 't', 'x', 'r', 'x', 'p', 'x', 'n', 'x']
Full Qwen output: [r a t u v] [r s t u v]  
[v x t x r x w x n x] [ ? ]

**Exemplars:**

1. [a b c d e] [a b c d e]  
2. [x y z a b] [x y z a b]  
3. [m n o p q] [m n o p q]  

[[v x t x r x w x n x v]]
Filtered Qwen output: v x t x r x w x n x v
trial 2 of 10...
trial 3 of 10...
trial 4 of 10...
trial 5 of 10...
trial 6 of 10...
trial 7 of 10...
trial 8 of 10...
trial 9 of 10...
trial 10 of 10...
Problem type: 3gen_split3 - 16/20
trial 1 of 10...

=== PROMPT ===

Use the following alphabet to guess the missing piece.

a b c d e f g h i j k l m n o p q r s t u v w x y z

Note that the alphabet may be in an unfamiliar order. Complete the pattern using this order.

[m n o p] [m n o q]
[7 0 9 0 11 0 13 0] [ ? ]

First, describe 3 relevant exemplars that are distinct from this problem. Then give the final answer. Answer with only the examples and the final answer with no further explanation. Put your final answer between double brackets.


--- TARGET LETTERS ---

[np.int64(7), '0', np.int64(9), '0', np.int64(11), '0', np.int64(15), '0']
Full Qwen output: **Exemplars:**

1. [a b c] [a b d]  
2. [x y z] [x y v]  
3. [1 3 5] [1 3 7]  

**Final Answer:**  
[[7 0 9 0 11 0 13 0 15 0]]
Filtered Qwen output: 7 0 9 0 11 0 13 0 15 0
trial 2 of 10...
trial 3 of 10...
trial 4 of 10...
trial 5 of 10...
trial 6 of 10...
trial 7 of 10...
trial 8 of 10...
trial 9 of 10...
trial 10 of 10...
Problem type: 3gen_split4 - 17/20
trial 1 of 10...

=== PROMPT ===

Use the following alphabet to guess the missing piece.

a b c d e f g h i j k l m n o p q r s t u v w x y z

Note that the alphabet may be in an unfamiliar order. Complete the pattern using this order.

[b c c d e f] [b c d e f]
[11 11 0 0 11 11 0 0 12 12 0 0 13 13 0 0 14 14 0 0 15 15 0 0] [ ? ]

First, describe 3 relevant exemplars that are distinct from this problem. Then give the final answer. Answer with only the examples and the final answer with no further explanation. Put your final answer between double brackets.


--- TARGET LETTERS ---

[np.int64(11), np.int64(11), '0', '0', np.int64(12), np.int64(12), '0', '0', np.int64(13), np.int64(13), '0', '0', np.int64(14), np.int64(14), '0', '0', np.int64(15), np.int64(15), '0', '0']
Full Qwen output: **Exemplars:**

1. [a b c d] [a b c d e]  
2. [x y z a b] [x y z a b c]  
3. [m n o p q] [m n o p q r]  

**Final Answer:**  
[[11 11 0 0 11 11 0 0 12 12 0 0 13 13 0 0 14 14 0 0 15 15 0 0 16 1
trial 2 of 10...
trial 3 of 10...
trial 4 of 10...
trial 5 of 10...
trial 6 of 10...
trial 7 of 10...
trial 8 of 10...
trial 9 of 10...
trial 10 of 10...
Problem type: 3gen_split5 - 18/20
trial 1 of 10...

=== PROMPT ===

Use the following alphabet to guess the missing piece.

a b c d e f g h i j k l m n o p q r s t u v w x y z

Note that the alphabet may be in an unfamiliar order. Complete the pattern using this order.

[o p q r s s] [o p q r s]
[r r r r p p n n l l j j] [ ? ]

First, describe 3 relevant exemplars that are distinct from this problem. Then give the final answer. Answer with only the examples and the final answer with no further explanation. Put your final answer between double brackets.


--- TARGET LETTERS ---

['r', 'r', 'p', 'p', 'n', 'n', 'l', 'l', 'j', 'j']
Full Qwen output: **Exemplars:**

1. [a b c d e] [a b c d]  
2. [x y z x y] [x y z]  
3. [m n o p q] [m n o p]  

**Final Answer:**  
[[i j k l m]]
Filtered Qwen output: i j k l m
trial 2 of 10...
trial 3 of 10...
trial 4 of 10...
trial 5 of 10...
trial 6 of 10...
trial 7 of 10...
trial 8 of 10...
trial 9 of 10...
trial 10 of 10...
Problem type: 3gen_split6 - 19/20
trial 1 of 10...

=== PROMPT ===

Use the following alphabet to guess the missing piece.

a b c d e f g h i j k l m n o p q r s t u v w x y z

Note that the alphabet may be in an unfamiliar order. Complete the pattern using this order.

[b c d e] [b c d f]
[d d x x f f x x h h x x j j x x] [ ? ]

First, describe 3 relevant exemplars that are distinct from this problem. Then give the final answer. Answer with only the examples and the final answer with no further explanation. Put your final answer between double brackets.


--- TARGET LETTERS ---

['d', 'd', 'x', 'x', 'f', 'f', 'x', 'x', 'h', 'h', 'x', 'x', 'l', 'l', 'x', 'x']
Full Qwen output: **Exemplars:**

1. [a b c] [a b d]  
2. [x y z] [x y w]  
3. [m n o] [m n p]  

**Final Answer:**  
[[d d x x f f x x h h x x j j x x k k x x]]
Filtered Qwen output: d d x x f f x x h h x x j j x x k k x x
trial 2 of 10...
trial 3 of 10...
trial 4 of 10...
trial 5 of 10...
trial 6 of 10...
trial 7 of 10...
trial 8 of 10...
trial 9 of 10...
trial 10 of 10...
Problem type: 3gensplit7 - 20/20
trial 1 of 10...

=== PROMPT ===

Use the following alphabet to guess the missing piece.

a b c d e f g h i j k l m n o p q r s t u v w x y z

Note that the alphabet may be in an unfamiliar order. Complete the pattern using this order.

[a b c c d e] [a b c d e]
[p p x x r r x x t t x x v v x x x x x x x x x x] [ ? ]

First, describe 3 relevant exemplars that are distinct from this problem. Then give the final answer. Answer with only the examples and the final answer with no further explanation. Put your final answer between double brackets.


--- TARGET LETTERS ---

['p', 'p', 'x', 'x', 'r', 'r', 'x', 'x', 't', 't', 'x', 'x', 'v', 'v', 'x', 'x', 'x', 'x', 'x', 'x']
Full Qwen output: **Exemplars:**

1. [a b c d] [a b c d e]  
2. [x y z] [x y z a]  
3. [m n o p] [m n o p q]  

**Final Answer:**  
[[p p x x r r x x t t x x v v x x x x x x x x x x]] [p p x x r r x x t t x x v v x x x x x x x x x x p p x x r r x x t t x x v v x x x x x x
Filtered Qwen output: p p x x r r x x t t x x v v x x x x x x x x x x
trial 2 of 10...
trial 3 of 10...
trial 4 of 10...
trial 5 of 10...
trial 6 of 10...
trial 7 of 10...
trial 8 of 10...
trial 9 of 10...
trial 10 of 10...
alph_3
a b c d e f g h i j k l m n o p q r s t u v w x y z
Problem type: larger_int - 1/20
trial 1 of 10...

=== PROMPT ===

Use the following alphabet to guess the missing piece.

a b c d e f g h i j k l m n o p q r s t u v w x y z

Note that the alphabet may be in an unfamiliar order. Complete the pattern using this order.

[b c d e] [a c d e]
[i k m o] [ ? ]

First, describe 3 relevant exemplars that are distinct from this problem. Then give the final answer. Answer with only the examples and the final answer with no further explanation. Put your final answer between double brackets.


--- TARGET LETTERS ---

['g', 'k', 'm', 'o']
Full Qwen output: [b c d e] [a c d e]  
[i k m o] [ ? ]

**Examples:**

1. [a b c d] [a c d e]  
2. [e f g h] [e g h i]  
3. [m n o p] [m o p q]  

[[i k m o] [i m o q]]
Filtered Qwen output: i k m o] [i m o q
trial 2 of 10...
trial 3 of 10...
trial 4 of 10...
trial 5 of 10...
trial 6 of 10...
trial 7 of 10...
trial 8 of 10...
trial 9 of 10...
trial 10 of 10...
Problem type: longer_targ - 2/20
trial 1 of 10...

=== PROMPT ===

Use the following alphabet to guess the missing piece.

a b c d e f g h i j k l m n o p q r s t u v w x y z

Note that the alphabet may be in an unfamiliar order. Complete the pattern using this order.

[k l m n] [k l m o]
[n o p q r s t u] [ ? ]

First, describe 3 relevant exemplars that are distinct from this problem. Then give the final answer. Answer with only the examples and the final answer with no further explanation. Put your final answer between double brackets.


--- TARGET LETTERS ---

['n', 'o', 'p', 'q', 'r', 's', 't', 'v']
Full Qwen output: **Exemplars:**

1. [a b c] [a b d]  
2. [x y z] [x y a]  
3. [p q r s] [p q t]  

**Final Answer:**  
[[n o p q r s t u v]]
Filtered Qwen output: n o p q r s t u v
trial 2 of 10...
trial 3 of 10...
trial 4 of 10...
trial 5 of 10...
trial 6 of 10...
trial 7 of 10...
trial 8 of 10...
trial 9 of 10...
trial 10 of 10...
Problem type: group - 3/20
trial 1 of 10...

=== PROMPT ===

Use the following alphabet to guess the missing piece.

a b c d e f g h i j k l m n o p q r s t u v w x y z

Note that the alphabet may be in an unfamiliar order. Complete the pattern using this order.

[c u e f g] [c d e f g]
[r r s s t t u u g g] [ ? ]

First, describe 3 relevant exemplars that are distinct from this problem. Then give the final answer. Answer with only the examples and the final answer with no further explanation. Put your final answer between double brackets.


--- TARGET LETTERS ---

['r', 'r', 's', 's', 't', 't', 'u', 'u', 'v', 'v']
Full Qwen output: [c u e f g] [c d e f g]  
[r r s s t t u u g g] [ ? ]

**Exemplars:**

1. [a b c d e] [a b c d]  
2. [x y z a b] [x y z]  
3. [m n o p q] [m n o p]  

[[r r s s t t u u v v]]
Filtered Qwen output: r r s s t t u u v v
trial 2 of 10...
trial 3 of 10...
trial 4 of 10...
trial 5 of 10...
trial 6 of 10...
trial 7 of 10...
trial 8 of 10...
trial 9 of 10...
trial 10 of 10...
Problem type: interleaved - 4/20
trial 1 of 10...

=== PROMPT ===

Use the following alphabet to guess the missing piece.

a b c d e f g h i j k l m n o p q r s t u v w x y z

Note that the alphabet may be in an unfamiliar order. Complete the pattern using this order.

[q r s u t] [q r s t u]
[m x n x q x p x o x] [ ? ]

First, describe 3 relevant exemplars that are distinct from this problem. Then give the final answer. Answer with only the examples and the final answer with no further explanation. Put your final answer between double brackets.


--- TARGET LETTERS ---

['m', 'x', 'n', 'x', 'o', 'x', 'p', 'x', 'q', 'x']
Full Qwen output: **Exemplars:**

1. [a b c d] [a b c]  
2. [x y z a] [x y z]  
3. [p q r s] [p q r]  

**Final Answer:**  
[[m x n x o x]]
Filtered Qwen output: m x n x o x
trial 2 of 10...
trial 3 of 10...
trial 4 of 10...
trial 5 of 10...
trial 6 of 10...
trial 7 of 10...
trial 8 of 10...
trial 9 of 10...
trial 10 of 10...
Problem type: letter2num - 5/20
trial 1 of 10...

=== PROMPT ===

Use the following alphabet to guess the missing piece.

a b c d e f g h i j k l m n o p q r s t u v w x y z

Note that the alphabet may be in an unfamiliar order. Complete the pattern using this order.

[q r w t u] [q r s t u]
[9 10 5 12 13] [ ? ]

First, describe 3 relevant exemplars that are distinct from this problem. Then give the final answer. Answer with only the examples and the final answer with no further explanation. Put your final answer between double brackets.


--- TARGET LETTERS ---

[np.int64(9), np.int64(10), np.int64(11), np.int64(12), np.int64(13)]
Full Qwen output: **Exemplars:**

1. [a b c d e] [a b c d]  
2. [x y z a b] [x y z]  
3. [m n o p q] [m n o]  

**Final Answer:**  
[[9 10 5 12]]
Filtered Qwen output: 9 10 5 12
trial 2 of 10...
trial 3 of 10...
trial 4 of 10...
trial 5 of 10...
trial 6 of 10...
trial 7 of 10...
trial 8 of 10...
trial 9 of 10...
trial 10 of 10...
Problem type: reverse - 6/20
trial 1 of 10...

=== PROMPT ===

Use the following alphabet to guess the missing piece.

a b c d e f g h i j k l m n o p q r s t u v w x y z

Note that the alphabet may be in an unfamiliar order. Complete the pattern using this order.

[s t u v] [s t u w]
[h g f e] [ ? ]

First, describe 3 relevant exemplars that are distinct from this problem. Then give the final answer. Answer with only the examples and the final answer with no further explanation. Put your final answer between double brackets.


--- TARGET LETTERS ---

['h', 'g', 'f', 'd']
Full Qwen output: **Exemplars:**

1. [a b c d] [a b c e]  
2. [x y z a] [x y z b]  
3. [m n o p] [m n o q]  

**Final Answer:**  
[[h g f d]]
Filtered Qwen output: h g f d
trial 2 of 10...
trial 3 of 10...
trial 4 of 10...
trial 5 of 10...
trial 6 of 10...
trial 7 of 10...
trial 8 of 10...
trial 9 of 10...
trial 10 of 10...
Problem type: 2gen_split1 - 7/20
trial 1 of 10...

=== PROMPT ===

Use the following alphabet to guess the missing piece.

a b c d e f g h i j k l m n o p q r s t u v w x y z

Note that the alphabet may be in an unfamiliar order. Complete the pattern using this order.

[a b c d] [a b c e]
[m x o x q x s x] [ ? ]

First, describe 3 relevant exemplars that are distinct from this problem. Then give the final answer. Answer with only the examples and the final answer with no further explanation. Put your final answer between double brackets.


--- TARGET LETTERS ---

['m', 'x', 'o', 'x', 'q', 'x', 'u', 'x']
Full Qwen output: **Exemplars:**

1. [a b c d] [a b c e]  
2. [m n o p] [m n o q]  
3. [x y z a] [x y z b]  

**Final Answer:**  
[[m x o x r x]]
Filtered Qwen output: m x o x r x
trial 2 of 10...
trial 3 of 10...
trial 4 of 10...
trial 5 of 10...
trial 6 of 10...
trial 7 of 10...
trial 8 of 10...
trial 9 of 10...
trial 10 of 10...
Problem type: 2gen_split2 - 8/20
trial 1 of 10...

=== PROMPT ===

Use the following alphabet to guess the missing piece.

a b c d e f g h i j k l m n o p q r s t u v w x y z

Note that the alphabet may be in an unfamiliar order. Complete the pattern using this order.

[d e f g] [d e f g h]
[m x n x o x p x q x r x s x t x] [ ? ]

First, describe 3 relevant exemplars that are distinct from this problem. Then give the final answer. Answer with only the examples and the final answer with no further explanation. Put your final answer between double brackets.


--- TARGET LETTERS ---

['m', 'x', 'n', 'x', 'o', 'x', 'p', 'x', 'q', 'x', 'r', 'x', 's', 'x', 't', 'x', 'u', 'x']
Full Qwen output: **Examples:**

1. [a b c] [a b c d]  
2. [x y z] [x y z a]  
3. [p q r] [p q r s]  

**Final Answer:**  
[[m x n x o x p x q x r x s x t x u x]]
Filtered Qwen output: m x n x o x p x q x r x s x t x u x
trial 2 of 10...
trial 3 of 10...
trial 4 of 10...
trial 5 of 10...
trial 6 of 10...
trial 7 of 10...
trial 8 of 10...
trial 9 of 10...
trial 10 of 10...
Problem type: 2gen_split3 - 9/20
trial 1 of 10...

=== PROMPT ===

Use the following alphabet to guess the missing piece.

a b c d e f g h i j k l m n o p q r s t u v w x y z

Note that the alphabet may be in an unfamiliar order. Complete the pattern using this order.

[d e f g] [d e f g h]
[a x b x c x d x e x f x g x h x] [ ? ]

First, describe 3 relevant exemplars that are distinct from this problem. Then give the final answer. Answer with only the examples and the final answer with no further explanation. Put your final answer between double brackets.


--- TARGET LETTERS ---

['a', 'x', 'b', 'x', 'c', 'x', 'd', 'x', 'e', 'x', 'f', 'x', 'g', 'x', 'h', 'x', 'i', 'x']
Full Qwen output: **Exemplars:**

1. [a b c] [a b c d]  
2. [x y z] [x y z a]  
3. [m n o p] [m n o p q]  

**Final Answer:**  
[[a x b x c x d x e x f x g x h x i x j x k x l x m x n x o x p x q x r x s x t x u x v x w x]]
Filtered Qwen output: a x b x c x d x e x f x g x h x i x j x k x l x m x n x o x p x q x r x s x t x u x v x w x
trial 2 of 10...
trial 3 of 10...
trial 4 of 10...
trial 5 of 10...
trial 6 of 10...
trial 7 of 10...
trial 8 of 10...
trial 9 of 10...
trial 10 of 10...
Problem type: 2gen_split4 - 10/20
trial 1 of 10...

=== PROMPT ===

Use the following alphabet to guess the missing piece.

a b c d e f g h i j k l m n o p q r s t u v w x y z

Note that the alphabet may be in an unfamiliar order. Complete the pattern using this order.

[j k l m] [i k l m]
[m l k j i h g f] [ ? ]

First, describe 3 relevant exemplars that are distinct from this problem. Then give the final answer. Answer with only the examples and the final answer with no further explanation. Put your final answer between double brackets.


--- TARGET LETTERS ---

['n', 'l', 'k', 'j', 'i', 'h', 'g', 'f']
Full Qwen output: **Exemplars:**

1. [a b c] [b c d]  
2. [x y z] [y z a]  
3. [m n o] [n o p]  

**Final Answer:**  
[[h g f e]]
Filtered Qwen output: h g f e
trial 2 of 10...
trial 3 of 10...
trial 4 of 10...
trial 5 of 10...
trial 6 of 10...
trial 7 of 10...
trial 8 of 10...
trial 9 of 10...
trial 10 of 10...
Problem type: 2gen_split5 - 11/20
trial 1 of 10...

=== PROMPT ===

Use the following alphabet to guess the missing piece.

a b c d e f g h i j k l m n o p q r s t u v w x y z

Note that the alphabet may be in an unfamiliar order. Complete the pattern using this order.

[e f g h] [e f g h i]
[k k l l m m n n o o p p q q r r] [ ? ]

First, describe 3 relevant exemplars that are distinct from this problem. Then give the final answer. Answer with only the examples and the final answer with no further explanation. Put your final answer between double brackets.


--- TARGET LETTERS ---

['k', 'k', 'l', 'l', 'm', 'm', 'n', 'n', 'o', 'o', 'p', 'p', 'q', 'q', 'r', 'r', 's', 's']
Full Qwen output: **Exemplars:**

1. [a b c] [a b c d]  
2. [x y z] [x y z a]  
3. [m n o p] [m n o p q]  

**Final Answer:**  
[[k k l l m m n n o o p p q q r r s s t t u u v v w w x x y y z z]]
Filtered Qwen output: k k l l m m n n o o p p q q r r s s t t u u v v w w x x y y z z
trial 2 of 10...
trial 3 of 10...
trial 4 of 10...
trial 5 of 10...
trial 6 of 10...
trial 7 of 10...
trial 8 of 10...
trial 9 of 10...
trial 10 of 10...
Problem type: 2gen_split6 - 12/20
trial 1 of 10...

=== PROMPT ===

Use the following alphabet to guess the missing piece.

a b c d e f g h i j k l m n o p q r s t u v w x y z

Note that the alphabet may be in an unfamiliar order. Complete the pattern using this order.

[g g h i j k] [g h i j k]
[i x k x m x m x o x q x] [ ? ]

First, describe 3 relevant exemplars that are distinct from this problem. Then give the final answer. Answer with only the examples and the final answer with no further explanation. Put your final answer between double brackets.


--- TARGET LETTERS ---

['i', 'x', 'k', 'x', 'm', 'x', 'o', 'x', 'q', 'x']
Full Qwen output: **Examples:**

1. [a b c] [b c d]  
2. [d e f g] [e f g h]  
3. [m n o p] [n o p q]  

**Final Answer:**  
[[n o p q]]
Filtered Qwen output: n o p q
trial 2 of 10...
trial 3 of 10...
trial 4 of 10...
trial 5 of 10...
trial 6 of 10...
trial 7 of 10...
trial 8 of 10...
trial 9 of 10...
trial 10 of 10...
Problem type: 2gensplit7 - 13/20
trial 1 of 10...

=== PROMPT ===

Use the following alphabet to guess the missing piece.

a b c d e f g h i j k l m n o p q r s t u v w x y z

Note that the alphabet may be in an unfamiliar order. Complete the pattern using this order.

[t u v w] [t u v w x]
[21 21 22 22 23 23 24 24] [ ? ]

First, describe 3 relevant exemplars that are distinct from this problem. Then give the final answer. Answer with only the examples and the final answer with no further explanation. Put your final answer between double brackets.


--- TARGET LETTERS ---

[np.int64(21), np.int64(21), np.int64(22), np.int64(22), np.int64(23), np.int64(23), np.int64(24), np.int64(24), np.int64(25), np.int64(25)]
Full Qwen output: **Exemplars:**

1. [a b c] [a b c d]  
   [1 1 2 2 3 3 4 4] [ ? ]  

2. [x y z] [x y z a]  
   [24 24 25 25 26 26 1 1] [ ? ]  

3. [m n o p] [m n o p q]  
   [13 13 14 14 15 15 16 16] [ ?
trial 2 of 10...
trial 3 of 10...
trial 4 of 10...
trial 5 of 10...
trial 6 of 10...
trial 7 of 10...
trial 8 of 10...
trial 9 of 10...
trial 10 of 10...
Problem type: 3gen_split1 - 14/20
trial 1 of 10...

=== PROMPT ===

Use the following alphabet to guess the missing piece.

a b c d e f g h i j k l m n o p q r s t u v w x y z

Note that the alphabet may be in an unfamiliar order. Complete the pattern using this order.

[c e d f g] [c d e f g]
[7 7 8 8 9 9 12 12 11 11 10 10 13 13 14 14 15 15] [ ? ]

First, describe 3 relevant exemplars that are distinct from this problem. Then give the final answer. Answer with only the examples and the final answer with no further explanation. Put your final answer between double brackets.


--- TARGET LETTERS ---

[np.int64(7), np.int64(7), np.int64(8), np.int64(8), np.int64(9), np.int64(9), np.int64(10), np.int64(10), np.int64(11), np.int64(11), np.int64(12), np.int64(12), np.int64(13), np.int64(13), np.int64(14), np.int64(14), np.int64(15), np.int64(15)]
Full Qwen output: **Exemplars:**

1. [a b c d] [a b c d e]  
2. [x y z a b] [x y z a]  
3. [1 2 3 4 5] [1 2 3 4 5 6]  

**Final Answer:**  
[[7 7 8 8 9 9 12 12 11 11 10 10 13 13 14 14 15 15 16 16]]
Filtered Qwen output: 7 7 8 8 9 9 12 12 11 11 10 10 13 13 14 14 15 15 16 16
trial 2 of 10...
trial 3 of 10...
trial 4 of 10...
trial 5 of 10...
trial 6 of 10...
trial 7 of 10...
trial 8 of 10...
trial 9 of 10...
trial 10 of 10...
Problem type: 3gen_split2 - 15/20
trial 1 of 10...

=== PROMPT ===

Use the following alphabet to guess the missing piece.

a b c d e f g h i j k l m n o p q r s t u v w x y z

Note that the alphabet may be in an unfamiliar order. Complete the pattern using this order.

[v u t w x] [t u v w x]
[i o m k q g e c a] [ ? ]

First, describe 3 relevant exemplars that are distinct from this problem. Then give the final answer. Answer with only the examples and the final answer with no further explanation. Put your final answer between double brackets.


--- TARGET LETTERS ---

['q', 'o', 'm', 'k', 'i', 'g', 'e', 'c', 'a']
Full Qwen output: 1. [a b c d e] [b c d e f]  
2. [z y x w v] [y x w v u]  
3. [m n o p q] [n o p q r]  

[[k q m i a]]
Filtered Qwen output: k q m i a
trial 2 of 10...
trial 3 of 10...
trial 4 of 10...
trial 5 of 10...
trial 6 of 10...
trial 7 of 10...
trial 8 of 10...
trial 9 of 10...
trial 10 of 10...
Problem type: 3gen_split3 - 16/20
trial 1 of 10...

=== PROMPT ===

Use the following alphabet to guess the missing piece.

a b c d e f g h i j k l m n o p q r s t u v w x y z

Note that the alphabet may be in an unfamiliar order. Complete the pattern using this order.

[u v w x] [t v w x]
[18 0 19 0 20 0 21 0 22 0 23 0 24 0 25 0] [ ? ]

First, describe 3 relevant exemplars that are distinct from this problem. Then give the final answer. Answer with only the examples and the final answer with no further explanation. Put your final answer between double brackets.


--- TARGET LETTERS ---

[np.int64(17), '0', np.int64(19), '0', np.int64(20), '0', np.int64(21), '0', np.int64(22), '0', np.int64(23), '0', np.int64(24), '0', np.int64(25), '0']
Full Qwen output: **Exemplars:**

1. [a b c d] [b c d e]  
2. [x y z a] [y z a b]  
3. [m n o p] [n o p q]  

**Final Answer:**  
[[19 0 20 0 21 0 22 0 23 0 24 0 25 0]]
Filtered Qwen output: 19 0 20 0 21 0 22 0 23 0 24 0 25 0
trial 2 of 10...
trial 3 of 10...
trial 4 of 10...
trial 5 of 10...
trial 6 of 10...
trial 7 of 10...
trial 8 of 10...
trial 9 of 10...
trial 10 of 10...
Problem type: 3gen_split4 - 17/20
trial 1 of 10...

=== PROMPT ===

Use the following alphabet to guess the missing piece.

a b c d e f g h i j k l m n o p q r s t u v w x y z

Note that the alphabet may be in an unfamiliar order. Complete the pattern using this order.

[e f g h] [e f g i]
[z x v t r p n l] [ ? ]

First, describe 3 relevant exemplars that are distinct from this problem. Then give the final answer. Answer with only the examples and the final answer with no further explanation. Put your final answer between double brackets.


--- TARGET LETTERS ---

['z', 'x', 'v', 't', 'r', 'p', 'n', 'j']
Full Qwen output: [e f g h] [e f g i]  
[z x v t r p n l] [z x v t r o n m]  

[e f g h] [e f g i]  
[z x v t r p n l] [z x v t r o n m]  

[e f g h] [e f g i]  
[z x v t r p n l] [z x v t r o n m]  

[[z x v t r o n m]]
Filtered Qwen output: z x v t r o n m
trial 2 of 10...
trial 3 of 10...
trial 4 of 10...
trial 5 of 10...
trial 6 of 10...
trial 7 of 10...
trial 8 of 10...
trial 9 of 10...
trial 10 of 10...
Problem type: 3gen_split5 - 18/20
trial 1 of 10...

=== PROMPT ===

Use the following alphabet to guess the missing piece.

a b c d e f g h i j k l m n o p q r s t u v w x y z

Note that the alphabet may be in an unfamiliar order. Complete the pattern using this order.

[r s t u v v] [r s t u v]
[l l x x k k x x k k x x j j x x i i x x h h x x] [ ? ]

First, describe 3 relevant exemplars that are distinct from this problem. Then give the final answer. Answer with only the examples and the final answer with no further explanation. Put your final answer between double brackets.


--- TARGET LETTERS ---

['l', 'l', 'x', 'x', 'k', 'k', 'x', 'x', 'j', 'j', 'x', 'x', 'i', 'i', 'x', 'x', 'h', 'h', 'x', 'x']
Full Qwen output: **Exemplars:**

1. [a b c d e] [a b c d e]  
2. [x y z x y z] [x y z x y z]  
3. [m n o p q] [m n o p q]  

**Final Answer:**  
[[l l x x k k x x k k x x j j x x i i x x h h x x]]
Filtered Qwen output: l l x x k k x x k k x x j j x x i i x x h h x x
trial 2 of 10...
trial 3 of 10...
trial 4 of 10...
trial 5 of 10...
trial 6 of 10...
trial 7 of 10...
trial 8 of 10...
trial 9 of 10...
trial 10 of 10...
Problem type: 3gen_split6 - 19/20
trial 1 of 10...

=== PROMPT ===

Use the following alphabet to guess the missing piece.

a b c d e f g h i j k l m n o p q r s t u v w x y z

Note that the alphabet may be in an unfamiliar order. Complete the pattern using this order.

[a b c c d e] [a b c d e]
[k k j j i i h h g g f f e e d d c c c c] [ ? ]

First, describe 3 relevant exemplars that are distinct from this problem. Then give the final answer. Answer with only the examples and the final answer with no further explanation. Put your final answer between double brackets.


--- TARGET LETTERS ---

['k', 'k', 'j', 'j', 'i', 'i', 'h', 'h', 'g', 'g', 'f', 'f', 'e', 'e', 'd', 'd', 'c', 'c']
Full Qwen output: **Exemplars:**

1. [a b c d] [a b c d e]  
2. [x y z] [x y z a]  
3. [m n o p q] [m n o p q r]  

**Final Answer:**  
[[k k j j i i h h g g f f e e d d c c b b a a]]
Filtered Qwen output: k k j j i i h h g g f f e e d d c c b b a a
trial 2 of 10...
trial 3 of 10...
trial 4 of 10...
trial 5 of 10...
trial 6 of 10...
trial 7 of 10...
trial 8 of 10...
trial 9 of 10...
trial 10 of 10...
Problem type: 3gensplit7 - 20/20
trial 1 of 10...

=== PROMPT ===

Use the following alphabet to guess the missing piece.

a b c d e f g h i j k l m n o p q r s t u v w x y z

Note that the alphabet may be in an unfamiliar order. Complete the pattern using this order.

[c c d e f g] [c d e f g]
[d d x x e e x x f f x x g g x x h h x x i i x x i i x x j j x x k k x x l l x x] [ ? ]

First, describe 3 relevant exemplars that are distinct from this problem. Then give the final answer. Answer with only the examples and the final answer with no further explanation. Put your final answer between double brackets.


--- TARGET LETTERS ---

['d', 'd', 'x', 'x', 'e', 'e', 'x', 'x', 'f', 'f', 'x', 'x', 'g', 'g', 'x', 'x', 'h', 'h', 'x', 'x', 'i', 'i', 'x', 'x', 'j', 'j', 'x', 'x', 'k', 'k', 'x', 'x', 'l', 'l', 'x', 'x']
Full Qwen output: **Exemplars:**

1. [a a b b c c] [a b c]  
2. [x x y y z z] [x y z]  
3. [m m n n o o] [m n o]  

**Final Answer:**  
[[d d x x e e x x f f x x g g x x h h x x i i x x j j x x k k x x l l x x]] [d d x x e e x x f f x x g g x x h h x x i i x x j j x x k k
Filtered Qwen output: d d x x e e x x f f x x g g x x h h x x i i x x j j x x k k x x l l x x
trial 2 of 10...
trial 3 of 10...
trial 4 of 10...
trial 5 of 10...
trial 6 of 10...
trial 7 of 10...
trial 8 of 10...
trial 9 of 10...
trial 10 of 10...
alph_4
a b c d e f g h i j k l m n o p q r s t u v w x y z
Problem type: larger_int - 1/20
trial 1 of 10...

=== PROMPT ===

Use the following alphabet to guess the missing piece.

a b c d e f g h i j k l m n o p q r s t u v w x y z

Note that the alphabet may be in an unfamiliar order. Complete the pattern using this order.

[u v w x] [u v w x y]
[r t v x] [ ? ]

First, describe 3 relevant exemplars that are distinct from this problem. Then give the final answer. Answer with only the examples and the final answer with no further explanation. Put your final answer between double brackets.


--- TARGET LETTERS ---

['r', 't', 'v', 'x', 'z']
Full Qwen output: **Exemplars:**

1. [a b c] [a b c d]  
2. [m n o] [m n o p]  
3. [x y z] [x y z a]  

**Final Answer:**  
[[r t v y]]
Filtered Qwen output: r t v y
trial 2 of 10...
trial 3 of 10...
trial 4 of 10...
trial 5 of 10...
trial 6 of 10...
trial 7 of 10...
trial 8 of 10...
trial 9 of 10...
trial 10 of 10...
Problem type: longer_targ - 2/20
trial 1 of 10...

=== PROMPT ===

Use the following alphabet to guess the missing piece.

a b c d e f g h i j k l m n o p q r s t u v w x y z

Note that the alphabet may be in an unfamiliar order. Complete the pattern using this order.

[g h i j] [g h i k]
[b c d e f g h i] [ ? ]

First, describe 3 relevant exemplars that are distinct from this problem. Then give the final answer. Answer with only the examples and the final answer with no further explanation. Put your final answer between double brackets.


--- TARGET LETTERS ---

['b', 'c', 'd', 'e', 'f', 'g', 'h', 'j']
Full Qwen output: **Exemplars:**

1. [a b c] [a b d]  
2. [x y z] [x y a]  
3. [m n o p] [m n q]  

**Final Answer:**  
[[b c d f]]
Filtered Qwen output: b c d f
trial 2 of 10...
trial 3 of 10...
trial 4 of 10...
trial 5 of 10...
trial 6 of 10...
trial 7 of 10...
trial 8 of 10...
trial 9 of 10...
trial 10 of 10...
Problem type: group - 3/20
trial 1 of 10...

=== PROMPT ===

Use the following alphabet to guess the missing piece.

a b c d e f g h i j k l m n o p q r s t u v w x y z

Note that the alphabet may be in an unfamiliar order. Complete the pattern using this order.

[d b c a e] [a b c d e]
[e e h h g g f f i i] [ ? ]

First, describe 3 relevant exemplars that are distinct from this problem. Then give the final answer. Answer with only the examples and the final answer with no further explanation. Put your final answer between double brackets.


--- TARGET LETTERS ---

['e', 'e', 'f', 'f', 'g', 'g', 'h', 'h', 'i', 'i']
Full Qwen output: **Exemplars:**

1. [a b c] [b c d]  
2. [x y z] [y z a]  
3. [m n o p] [n o p q]  

**Final Answer:**  
[[e f g h i]]
Filtered Qwen output: e f g h i
trial 2 of 10...
trial 3 of 10...
trial 4 of 10...
trial 5 of 10...
trial 6 of 10...
trial 7 of 10...
trial 8 of 10...
trial 9 of 10...
trial 10 of 10...
Problem type: interleaved - 4/20
trial 1 of 10...

=== PROMPT ===

Use the following alphabet to guess the missing piece.

a b c d e f g h i j k l m n o p q r s t u v w x y z

Note that the alphabet may be in an unfamiliar order. Complete the pattern using this order.

[s t u v] [r t u v]
[r x s x t x u x] [ ? ]

First, describe 3 relevant exemplars that are distinct from this problem. Then give the final answer. Answer with only the examples and the final answer with no further explanation. Put your final answer between double brackets.


--- TARGET LETTERS ---

['q', 'x', 's', 'x', 't', 'x', 'u', 'x']
Full Qwen output: **Exemplars:**

1. [a b c] [b c d]  
2. [d e f] [e f g]  
3. [x y z] [y z a]  

**Final Answer:**  
[[r y s y t y u y]]
Filtered Qwen output: r y s y t y u y
trial 2 of 10...
trial 3 of 10...
trial 4 of 10...
trial 5 of 10...
trial 6 of 10...
trial 7 of 10...
trial 8 of 10...
trial 9 of 10...
trial 10 of 10...
Problem type: letter2num - 5/20
trial 1 of 10...

=== PROMPT ===

Use the following alphabet to guess the missing piece.

a b c d e f g h i j k l m n o p q r s t u v w x y z

Note that the alphabet may be in an unfamiliar order. Complete the pattern using this order.

[m n o p] [m n o q]
[4 5 6 7] [ ? ]

First, describe 3 relevant exemplars that are distinct from this problem. Then give the final answer. Answer with only the examples and the final answer with no further explanation. Put your final answer between double brackets.


--- TARGET LETTERS ---

[np.int64(4), np.int64(5), np.int64(6), np.int64(8)]
Full Qwen output: **Exemplars:**

1. [a b c] [a b d]  
   [1 2 3] [ ? ]  

2. [x y z] [x y a]  
   [9 10 11] [ ? ]  

3. [p q r] [p q s]  
   [16 17 18] [ ? ]  

**Final Answer:**  
[[ ? ]]  
[[ 19 ]]
Filtered Qwen output: ?
trial 2 of 10...
trial 3 of 10...
trial 4 of 10...
trial 5 of 10...
trial 6 of 10...
trial 7 of 10...
trial 8 of 10...
trial 9 of 10...
trial 10 of 10...
Problem type: reverse - 6/20
trial 1 of 10...

=== PROMPT ===

Use the following alphabet to guess the missing piece.

a b c d e f g h i j k l m n o p q r s t u v w x y z

Note that the alphabet may be in an unfamiliar order. Complete the pattern using this order.

[c b d e f] [b c d e f]
[t s r p q] [ ? ]

First, describe 3 relevant exemplars that are distinct from this problem. Then give the final answer. Answer with only the examples and the final answer with no further explanation. Put your final answer between double brackets.


--- TARGET LETTERS ---

['t', 's', 'r', 'q', 'p']
Full Qwen output: **Exemplars:**

1. [a b c] [b c d]  
2. [x y z] [y z a]  
3. [m n o] [n o p]  

**Final Answer:**  
[[s r q]]
Filtered Qwen output: s r q
trial 2 of 10...
trial 3 of 10...
trial 4 of 10...
trial 5 of 10...
trial 6 of 10...
trial 7 of 10...
trial 8 of 10...
trial 9 of 10...
trial 10 of 10...
Problem type: 2gen_split1 - 7/20
trial 1 of 10...

=== PROMPT ===

Use the following alphabet to guess the missing piece.

a b c d e f g h i j k l m n o p q r s t u v w x y z

Note that the alphabet may be in an unfamiliar order. Complete the pattern using this order.

[s t n v w] [s t u v w]
[m m l l x x j j i i] [ ? ]

First, describe 3 relevant exemplars that are distinct from this problem. Then give the final answer. Answer with only the examples and the final answer with no further explanation. Put your final answer between double brackets.


--- TARGET LETTERS ---

['m', 'm', 'l', 'l', 'k', 'k', 'j', 'j', 'i', 'i']
Full Qwen output: **Exemplars:**

1. [a b c] [a b c d]  
2. [x y z] [x y z a]  
3. [p q r s] [p q r s t]  

**Final Answer:**  
[[m m l l x x j j h h]]
Filtered Qwen output: m m l l x x j j h h
trial 2 of 10...
trial 3 of 10...
trial 4 of 10...
trial 5 of 10...
trial 6 of 10...
trial 7 of 10...
trial 8 of 10...
trial 9 of 10...
trial 10 of 10...
Problem type: 2gen_split2 - 8/20
trial 1 of 10...

=== PROMPT ===

Use the following alphabet to guess the missing piece.

a b c d e f g h i j k l m n o p q r s t u v w x y z

Note that the alphabet may be in an unfamiliar order. Complete the pattern using this order.

[c h i j k] [g h i j k]
[24 24 2 2 3 3 4 4 5 5] [ ? ]

First, describe 3 relevant exemplars that are distinct from this problem. Then give the final answer. Answer with only the examples and the final answer with no further explanation. Put your final answer between double brackets.


--- TARGET LETTERS ---

[np.int64(1), np.int64(1), np.int64(2), np.int64(2), np.int64(3), np.int64(3), np.int64(4), np.int64(4), np.int64(5), np.int64(5)]
Full Qwen output: **Exemplars:**

1. [a b c] [d e f] [1 2 3 4 5 6]  
2. [x y z] [a b c] [7 8 9 10 11 12]  
3. [m n o p] [q r s t] [13 14 15 16 17 18 19 20]  

**Final Answer:**  
[[18 18 1 1 2 2 3 3 4 4
trial 2 of 10...
trial 3 of 10...
trial 4 of 10...
trial 5 of 10...
trial 6 of 10...
trial 7 of 10...
trial 8 of 10...
trial 9 of 10...
trial 10 of 10...
Problem type: 2gen_split3 - 9/20
trial 1 of 10...

=== PROMPT ===

Use the following alphabet to guess the missing piece.

a b c d e f g h i j k l m n o p q r s t u v w x y z

Note that the alphabet may be in an unfamiliar order. Complete the pattern using this order.

[d g f e h] [d e f g h]
[p x q x s x r x t x u x v x w x x x] [ ? ]

First, describe 3 relevant exemplars that are distinct from this problem. Then give the final answer. Answer with only the examples and the final answer with no further explanation. Put your final answer between double brackets.


--- TARGET LETTERS ---

['p', 'x', 'q', 'x', 'r', 'x', 's', 'x', 't', 'x', 'u', 'x', 'v', 'x', 'w', 'x', 'x', 'x']
Full Qwen output: **Examples:**

1. [a b c] [a c b]  
2. [x y z] [z y x]  
3. [m n o p] [p o n m]  

**Final Answer:**  
[[p x q x s x r x t x u x v x w x x x] [p x q x s x r x t x u x v x w x x x]]
Filtered Qwen output: p x q x s x r x t x u x v x w x x x] [p x q x s x r x t x u x v x w x x x
trial 2 of 10...
trial 3 of 10...
trial 4 of 10...
trial 5 of 10...
trial 6 of 10...
trial 7 of 10...
trial 8 of 10...
trial 9 of 10...
trial 10 of 10...
Problem type: 2gen_split4 - 10/20
trial 1 of 10...

=== PROMPT ===

Use the following alphabet to guess the missing piece.

a b c d e f g h i j k l m n o p q r s t u v w x y z

Note that the alphabet may be in an unfamiliar order. Complete the pattern using this order.

[t u v v w x] [t u v w x]
[c c c c d d e e f f g g h h i i j j k k] [ ? ]

First, describe 3 relevant exemplars that are distinct from this problem. Then give the final answer. Answer with only the examples and the final answer with no further explanation. Put your final answer between double brackets.


--- TARGET LETTERS ---

['c', 'c', 'd', 'd', 'e', 'e', 'f', 'f', 'g', 'g', 'h', 'h', 'i', 'i', 'j', 'j', 'k', 'k']
Full Qwen output: **Exemplars:**

1. [a b c] [a b c d]  
2. [x y z] [x y z a]  
3. [m n o p] [m n o p q]  

**Final Answer:**  
[[c c c c d d e e f f g g h h i i j j k k l l]]
Filtered Qwen output: c c c c d d e e f f g g h h i i j j k k l l
trial 2 of 10...
trial 3 of 10...
trial 4 of 10...
trial 5 of 10...
trial 6 of 10...
trial 7 of 10...
trial 8 of 10...
trial 9 of 10...
trial 10 of 10...
Problem type: 2gen_split5 - 11/20
trial 1 of 10...

=== PROMPT ===

Use the following alphabet to guess the missing piece.

a b c d e f g h i j k l m n o p q r s t u v w x y z

Note that the alphabet may be in an unfamiliar order. Complete the pattern using this order.

[k l m n] [k l m o]
[l l n n p p r r] [ ? ]

First, describe 3 relevant exemplars that are distinct from this problem. Then give the final answer. Answer with only the examples and the final answer with no further explanation. Put your final answer between double brackets.


--- TARGET LETTERS ---

['l', 'l', 'n', 'n', 'p', 'p', 't', 't']
Full Qwen output: **Exemplars:**

1. [a b c] [a b d]  
2. [x y z] [x y a]  
3. [p q r] [p q s]  

**Final Answer:**  
[[l l o o q q s s]]
Filtered Qwen output: l l o o q q s s
trial 2 of 10...
trial 3 of 10...
trial 4 of 10...
trial 5 of 10...
trial 6 of 10...
trial 7 of 10...
trial 8 of 10...
trial 9 of 10...
trial 10 of 10...
Problem type: 2gen_split6 - 12/20
trial 1 of 10...

=== PROMPT ===

Use the following alphabet to guess the missing piece.

a b c d e f g h i j k l m n o p q r s t u v w x y z

Note that the alphabet may be in an unfamiliar order. Complete the pattern using this order.

[v w x t z] [v w x y z]
[d f h j l x p r t] [ ? ]

First, describe 3 relevant exemplars that are distinct from this problem. Then give the final answer. Answer with only the examples and the final answer with no further explanation. Put your final answer between double brackets.


--- TARGET LETTERS ---

['d', 'f', 'h', 'j', 'l', 'n', 'p', 'r', 't']
Full Qwen output: **Exemplars:**

1. [a b c d] [a b c e]  
2. [m n o p] [m n o q]  
3. [x y z a] [x y z b]  

**Final Answer:**  
[[d f h j n p r t]]
Filtered Qwen output: d f h j n p r t
trial 2 of 10...
trial 3 of 10...
trial 4 of 10...
trial 5 of 10...
trial 6 of 10...
trial 7 of 10...
trial 8 of 10...
trial 9 of 10...
trial 10 of 10...
Problem type: 2gensplit7 - 13/20
trial 1 of 10...

=== PROMPT ===

Use the following alphabet to guess the missing piece.

a b c d e f g h i j k l m n o p q r s t u v w x y z

Note that the alphabet may be in an unfamiliar order. Complete the pattern using this order.

[l m n o o p] [l m n o p]
[q q p p o o n n m m m m] [ ? ]

First, describe 3 relevant exemplars that are distinct from this problem. Then give the final answer. Answer with only the examples and the final answer with no further explanation. Put your final answer between double brackets.


--- TARGET LETTERS ---

['q', 'q', 'p', 'p', 'o', 'o', 'n', 'n', 'm', 'm']
Full Qwen output: **Exemplars:**

1. [a b c] [a b c d]  
2. [x y z] [x y z a]  
3. [m n o p] [m n o p q]  

**Final Answer:**  
[[q r s t]]
Filtered Qwen output: q r s t
trial 2 of 10...
trial 3 of 10...
trial 4 of 10...
trial 5 of 10...
trial 6 of 10...
trial 7 of 10...
trial 8 of 10...
trial 9 of 10...
trial 10 of 10...
Problem type: 3gen_split1 - 14/20
trial 1 of 10...

=== PROMPT ===

Use the following alphabet to guess the missing piece.

a b c d e f g h i j k l m n o p q r s t u v w x y z

Note that the alphabet may be in an unfamiliar order. Complete the pattern using this order.

[w u v t x] [t u v w x]
[o o x x m m x x n n x x l l x x k k x x] [ ? ]

First, describe 3 relevant exemplars that are distinct from this problem. Then give the final answer. Answer with only the examples and the final answer with no further explanation. Put your final answer between double brackets.


--- TARGET LETTERS ---

['o', 'o', 'x', 'x', 'n', 'n', 'x', 'x', 'm', 'm', 'x', 'x', 'l', 'l', 'x', 'x', 'k', 'k', 'x', 'x']
Full Qwen output: **Examples:**

1. [a b c d] [b c d e]  
2. [x y z a] [y z a b]  
3. [m n o p] [n o p q]  

**Final Answer:**  
[[o o x x m m x x n n x x l l x x k k x x]]
Filtered Qwen output: o o x x m m x x n n x x l l x x k k x x
trial 2 of 10...
trial 3 of 10...
trial 4 of 10...
trial 5 of 10...
trial 6 of 10...
trial 7 of 10...
trial 8 of 10...
trial 9 of 10...
trial 10 of 10...
Problem type: 3gen_split2 - 15/20
trial 1 of 10...

=== PROMPT ===

Use the following alphabet to guess the missing piece.

a b c d e f g h i j k l m n o p q r s t u v w x y z

Note that the alphabet may be in an unfamiliar order. Complete the pattern using this order.

[j k l m] [i k l m]
[10 0 12 0 14 0 16 0] [ ? ]

First, describe 3 relevant exemplars that are distinct from this problem. Then give the final answer. Answer with only the examples and the final answer with no further explanation. Put your final answer between double brackets.


--- TARGET LETTERS ---

[np.int64(8), '0', np.int64(12), '0', np.int64(14), '0', np.int64(16), '0']
Full Qwen output: **Exemplars:**

1. [a b c d] [b c d e]  
2. [x y z a] [y z a b]  
3. [m n o p] [n o p q]  

**Final Answer:**  
[[12 0 14 0 16 0 18 0]]
Filtered Qwen output: 12 0 14 0 16 0 18 0
trial 2 of 10...
trial 3 of 10...
trial 4 of 10...
trial 5 of 10...
trial 6 of 10...
trial 7 of 10...
trial 8 of 10...
trial 9 of 10...
trial 10 of 10...
Problem type: 3gen_split3 - 16/20
trial 1 of 10...

=== PROMPT ===

Use the following alphabet to guess the missing piece.

a b c d e f g h i j k l m n o p q r s t u v w x y z

Note that the alphabet may be in an unfamiliar order. Complete the pattern using this order.

[m n o p] [m n o q]
[6 6 5 5 4 4 3 3] [ ? ]

First, describe 3 relevant exemplars that are distinct from this problem. Then give the final answer. Answer with only the examples and the final answer with no further explanation. Put your final answer between double brackets.


--- TARGET LETTERS ---

[np.int64(6), np.int64(6), np.int64(5), np.int64(5), np.int64(4), np.int64(4), np.int64(2), np.int64(2)]
Full Qwen output: **Exemplars:**

1. [a b c] [a b d]  
   [1 1 2 2 3 3] [ ? ]  

2. [x y z] [x y w]  
   [3 3 2 2 1 1] [ ? ]  

3. [p q r] [p q s]  
   [4 4 3 3 2 2] [ ? ]  

**Final Answer:**  
[[4 4 3 3 2 2]]
Filtered Qwen output: 4 4 3 3 2 2
trial 2 of 10...
trial 3 of 10...
trial 4 of 10...
trial 5 of 10...
trial 6 of 10...
trial 7 of 10...
trial 8 of 10...
trial 9 of 10...
trial 10 of 10...
Problem type: 3gen_split4 - 17/20
trial 1 of 10...

=== PROMPT ===

Use the following alphabet to guess the missing piece.

a b c d e f g h i j k l m n o p q r s t u v w x y z

Note that the alphabet may be in an unfamiliar order. Complete the pattern using this order.

[s c d e f] [b c d e f]
[21 21 20 20 19 19 15 15 17 17] [ ? ]

First, describe 3 relevant exemplars that are distinct from this problem. Then give the final answer. Answer with only the examples and the final answer with no further explanation. Put your final answer between double brackets.


--- TARGET LETTERS ---

[np.int64(21), np.int64(21), np.int64(20), np.int64(20), np.int64(19), np.int64(19), np.int64(18), np.int64(18), np.int64(17), np.int64(17)]
Full Qwen output: **Exemplars:**

1. [a b c] [d e f] [1 2 3] [4 5 6]  
2. [x y z] [a b c] [24 25 26] [1 2 3]  
3. [m n o] [p q r] [13 14 15] [16 17 18]  

**Final Answer:**  
[[16 16 15 15 14 14 10 10 12
trial 2 of 10...
trial 3 of 10...
trial 4 of 10...
trial 5 of 10...
trial 6 of 10...
trial 7 of 10...
trial 8 of 10...
trial 9 of 10...
trial 10 of 10...
Problem type: 3gen_split5 - 18/20
trial 1 of 10...

=== PROMPT ===

Use the following alphabet to guess the missing piece.

a b c d e f g h i j k l m n o p q r s t u v w x y z

Note that the alphabet may be in an unfamiliar order. Complete the pattern using this order.

[r s t u] [q s t u]
[g g x x h h x x i i x x j j x x k k x x l l x x m m x x n n x x] [ ? ]

First, describe 3 relevant exemplars that are distinct from this problem. Then give the final answer. Answer with only the examples and the final answer with no further explanation. Put your final answer between double brackets.


--- TARGET LETTERS ---

['f', 'f', 'x', 'x', 'h', 'h', 'x', 'x', 'i', 'i', 'x', 'x', 'j', 'j', 'x', 'x', 'k', 'k', 'x', 'x', 'l', 'l', 'x', 'x', 'm', 'm', 'x', 'x', 'n', 'n', 'x', 'x']
Full Qwen output: [r s t u] [q s t u]  
[g g x x h h x x i i x x j j x x k k x x l l x x m m x x n n x x] [ ? ]

**Exemplars:**

1. [a b c d] [b c d e]  
2. [x y z a] [y z a b]  
3. [m n o p] [n o p q]  

[[o o x x p p x x q q x x r r x x s s x x t t x x u u x x
trial 2 of 10...
trial 3 of 10...
trial 4 of 10...
trial 5 of 10...
trial 6 of 10...
trial 7 of 10...
trial 8 of 10...
trial 9 of 10...
trial 10 of 10...
Problem type: 3gen_split6 - 19/20
trial 1 of 10...

=== PROMPT ===

Use the following alphabet to guess the missing piece.

a b c d e f g h i j k l m n o p q r s t u v w x y z

Note that the alphabet may be in an unfamiliar order. Complete the pattern using this order.

[v w x x y z] [v w x y z]
[19 19 21 21 23 23 23 23 25 25] [ ? ]

First, describe 3 relevant exemplars that are distinct from this problem. Then give the final answer. Answer with only the examples and the final answer with no further explanation. Put your final answer between double brackets.


--- TARGET LETTERS ---

[np.int64(19), np.int64(19), np.int64(21), np.int64(21), np.int64(23), np.int64(23), np.int64(25), np.int64(25)]
Full Qwen output: **Exemplars:**

1. [a b c] [a b c d] [1 2 3] [1 2 3 4]  
2. [x y z] [x y z a] [24 25 26] [24 25 26 1]  
3. [m n o p] [m n o p q] [13 14 15 16] [13 14 15 16 17]  

**Final Answer:**  
[[19 19
trial 2 of 10...
trial 3 of 10...
trial 4 of 10...
trial 5 of 10...
trial 6 of 10...
trial 7 of 10...
trial 8 of 10...
trial 9 of 10...
trial 10 of 10...
Problem type: 3gensplit7 - 20/20
trial 1 of 10...

=== PROMPT ===

Use the following alphabet to guess the missing piece.

a b c d e f g h i j k l m n o p q r s t u v w x y z

Note that the alphabet may be in an unfamiliar order. Complete the pattern using this order.

[t w v u x] [t u v w x]
[12 0 11 0 8 0 9 0 10 0] [ ? ]

First, describe 3 relevant exemplars that are distinct from this problem. Then give the final answer. Answer with only the examples and the final answer with no further explanation. Put your final answer between double brackets.


--- TARGET LETTERS ---

[np.int64(12), '0', np.int64(11), '0', np.int64(10), '0', np.int64(9), '0', np.int64(8), '0']
Full Qwen output: **Exemplars:**

1. [a b c d e] [a b c d e]  
   [1 2 3 4 5] [1 2 3 4 5]  

2. [x y z a b] [x y z a b]  
   [24 25 26 1 2] [24 25 26 1 2]  

3. [m n o p q] [m n o p q]  
   [13 14 15 16 17]
trial 2 of 10...
trial 3 of 10...
trial 4 of 10...
trial 5 of 10...
trial 6 of 10...
trial 7 of 10...
trial 8 of 10...
trial 9 of 10...
trial 10 of 10...
alph_5
a b c d e f g h i j k l m n o p q r s t u v w x y z
Problem type: larger_int - 1/20
trial 1 of 10...

=== PROMPT ===

Use the following alphabet to guess the missing piece.

a b c d e f g h i j k l m n o p q r s t u v w x y z

Note that the alphabet may be in an unfamiliar order. Complete the pattern using this order.

[i j k l] [i j k m]
[p r t v] [ ? ]

First, describe 3 relevant exemplars that are distinct from this problem. Then give the final answer. Answer with only the examples and the final answer with no further explanation. Put your final answer between double brackets.


--- TARGET LETTERS ---

['p', 'r', 't', 'x']
Full Qwen output: [i j k l] [i j k m]  
[p r t v] [p r t w]  

[p q r s] [p q r t]  
[d f h j] [d f h k]  

[a c e g] [a c e h]  

[[p r t w]]
Filtered Qwen output: p r t w
trial 2 of 10...
trial 3 of 10...
trial 4 of 10...
trial 5 of 10...
trial 6 of 10...
trial 7 of 10...
trial 8 of 10...
trial 9 of 10...
trial 10 of 10...
Problem type: longer_targ - 2/20
trial 1 of 10...

=== PROMPT ===

Use the following alphabet to guess the missing piece.

a b c d e f g h i j k l m n o p q r s t u v w x y z

Note that the alphabet may be in an unfamiliar order. Complete the pattern using this order.

[i j k l m m] [i j k l m]
[p q r r s t u v w x] [ ? ]

First, describe 3 relevant exemplars that are distinct from this problem. Then give the final answer. Answer with only the examples and the final answer with no further explanation. Put your final answer between double brackets.


--- TARGET LETTERS ---

['p', 'q', 'r', 's', 't', 'u', 'v', 'w', 'x']
Full Qwen output: **Exemplars:**

1. [a b c d e] [a b c d]  
2. [f g h i j] [f g h]  
3. [n o p q r] [n o p]  

**Final Answer:**  
[[p q r s t]]
Filtered Qwen output: p q r s t
trial 2 of 10...
trial 3 of 10...
trial 4 of 10...
trial 5 of 10...
trial 6 of 10...
trial 7 of 10...
trial 8 of 10...
trial 9 of 10...
trial 10 of 10...
Problem type: group - 3/20
trial 1 of 10...

=== PROMPT ===

Use the following alphabet to guess the missing piece.

a b c d e f g h i j k l m n o p q r s t u v w x y z

Note that the alphabet may be in an unfamiliar order. Complete the pattern using this order.

[c e d f g] [c d e f g]
[i i h h j j k k l l] [ ? ]

First, describe 3 relevant exemplars that are distinct from this problem. Then give the final answer. Answer with only the examples and the final answer with no further explanation. Put your final answer between double brackets.


--- TARGET LETTERS ---

['h', 'h', 'i', 'i', 'j', 'j', 'k', 'k', 'l', 'l']
Full Qwen output: **Exemplars:**

1. [a b c] [a c b]  
2. [x y z] [y z x]  
3. [m n o] [n o m]  

**Final Answer:**  
[[i h j k]]
Filtered Qwen output: i h j k
trial 2 of 10...
trial 3 of 10...
trial 4 of 10...
trial 5 of 10...
trial 6 of 10...
trial 7 of 10...
trial 8 of 10...
trial 9 of 10...
trial 10 of 10...
Problem type: interleaved - 4/20
trial 1 of 10...

=== PROMPT ===

Use the following alphabet to guess the missing piece.

a b c d e f g h i j k l m n o p q r s t u v w x y z

Note that the alphabet may be in an unfamiliar order. Complete the pattern using this order.

[n o p q] [m o p q]
[q x r x s x t x] [ ? ]

First, describe 3 relevant exemplars that are distinct from this problem. Then give the final answer. Answer with only the examples and the final answer with no further explanation. Put your final answer between double brackets.


--- TARGET LETTERS ---

['p', 'x', 'r', 'x', 's', 'x', 't', 'x']
Full Qwen output: **Exemplars:**

1. [a b c] [b c d]  
2. [x y z] [y z a]  
3. [d e f] [e f g]  

**Final Answer:**  
[[r x s x t x]]
Filtered Qwen output: r x s x t x
trial 2 of 10...
trial 3 of 10...
trial 4 of 10...
trial 5 of 10...
trial 6 of 10...
trial 7 of 10...
trial 8 of 10...
trial 9 of 10...
trial 10 of 10...
Problem type: letter2num - 5/20
trial 1 of 10...

=== PROMPT ===

Use the following alphabet to guess the missing piece.

a b c d e f g h i j k l m n o p q r s t u v w x y z

Note that the alphabet may be in an unfamiliar order. Complete the pattern using this order.

[t u v x w] [t u v w x]
[10 8 9 7 11] [ ? ]

First, describe 3 relevant exemplars that are distinct from this problem. Then give the final answer. Answer with only the examples and the final answer with no further explanation. Put your final answer between double brackets.


--- TARGET LETTERS ---

[np.int64(7), np.int64(8), np.int64(9), np.int64(10), np.int64(11)]
Full Qwen output: **Exemplars:**

1. [a b c d] [a b c]  
   [1 2 3 4] [ ? ]  

2. [x y z a] [x y z]  
   [5 6 7 8] [ ? ]  

3. [m n o p] [m n o]  
   [9 10 11 12] [ ? ]  

**Final Answer:**  
[[6]]
Filtered Qwen output: 6
trial 2 of 10...
trial 3 of 10...
trial 4 of 10...
trial 5 of 10...
trial 6 of 10...
trial 7 of 10...
trial 8 of 10...
trial 9 of 10...
trial 10 of 10...
Problem type: reverse - 6/20
trial 1 of 10...

=== PROMPT ===

Use the following alphabet to guess the missing piece.

a b c d e f g h i j k l m n o p q r s t u v w x y z

Note that the alphabet may be in an unfamiliar order. Complete the pattern using this order.

[b c d e] [a c d e]
[v u t s] [ ? ]

First, describe 3 relevant exemplars that are distinct from this problem. Then give the final answer. Answer with only the examples and the final answer with no further explanation. Put your final answer between double brackets.


--- TARGET LETTERS ---

['w', 'u', 't', 's']
Full Qwen output: [b c d e] [a c d e]  
[v u t s] [ ? ]

**Examples:**

1. [a b c d] [a b c]  
2. [e f g h] [e f g]  
3. [m n o p] [m n o]  

[[r s t u]]
Filtered Qwen output: r s t u
trial 2 of 10...
trial 3 of 10...
trial 4 of 10...
trial 5 of 10...
trial 6 of 10...
trial 7 of 10...
trial 8 of 10...
trial 9 of 10...
trial 10 of 10...
Problem type: 2gen_split1 - 7/20
trial 1 of 10...

=== PROMPT ===

Use the following alphabet to guess the missing piece.

a b c d e f g h i j k l m n o p q r s t u v w x y z

Note that the alphabet may be in an unfamiliar order. Complete the pattern using this order.

[q r s t] [q r s u]
[14 13 12 11] [ ? ]

First, describe 3 relevant exemplars that are distinct from this problem. Then give the final answer. Answer with only the examples and the final answer with no further explanation. Put your final answer between double brackets.


--- TARGET LETTERS ---

[np.int64(14), np.int64(13), np.int64(12), np.int64(10)]
Full Qwen output: **Exemplars:**

1. [a b c d] [a b c e]  
   [1 2 3 4] [ ? ]  

2. [x y z a] [x y z b]  
   [24 23 22 1] [ ? ]  

3. [m n o p] [m n o q]  
   [13 12 11 10] [ ? ]  

**Final Answer:**  
[[10]]
Filtered Qwen output: 10
trial 2 of 10...
trial 3 of 10...
trial 4 of 10...
trial 5 of 10...
trial 6 of 10...
trial 7 of 10...
trial 8 of 10...
trial 9 of 10...
trial 10 of 10...
Problem type: 2gen_split2 - 8/20
trial 1 of 10...

=== PROMPT ===

Use the following alphabet to guess the missing piece.

a b c d e f g h i j k l m n o p q r s t u v w x y z

Note that the alphabet may be in an unfamiliar order. Complete the pattern using this order.

[s t u v] [s t u v w]
[o o p p q q r r s s t t u u v v] [ ? ]

First, describe 3 relevant exemplars that are distinct from this problem. Then give the final answer. Answer with only the examples and the final answer with no further explanation. Put your final answer between double brackets.


--- TARGET LETTERS ---

['o', 'o', 'p', 'p', 'q', 'q', 'r', 'r', 's', 's', 't', 't', 'u', 'u', 'v', 'v', 'w', 'w']
Full Qwen output: **Exemplars:**

1. [a b c] [a b c d]  
2. [x y z] [x y z a]  
3. [m n o] [m n o p]  

**Final Answer:**  
[[o o p p q q r r s s t t u u v v w w]]
Filtered Qwen output: o o p p q q r r s s t t u u v v w w
trial 2 of 10...
trial 3 of 10...
trial 4 of 10...
trial 5 of 10...
trial 6 of 10...
trial 7 of 10...
trial 8 of 10...
trial 9 of 10...
trial 10 of 10...
Problem type: 2gen_split3 - 9/20
trial 1 of 10...

=== PROMPT ===

Use the following alphabet to guess the missing piece.

a b c d e f g h i j k l m n o p q r s t u v w x y z

Note that the alphabet may be in an unfamiliar order. Complete the pattern using this order.

[c d e f] [b d e f]
[22 0 23 0 24 0 25 0] [ ? ]

First, describe 3 relevant exemplars that are distinct from this problem. Then give the final answer. Answer with only the examples and the final answer with no further explanation. Put your final answer between double brackets.


--- TARGET LETTERS ---

[np.int64(21), '0', np.int64(23), '0', np.int64(24), '0', np.int64(25), '0']
Full Qwen output: **Exemplars:**

1. [a b c] [a c]  
2. [x y z] [x z]  
3. [m n o p] [m o p]  

**Final Answer:**  
[[22 0 23 0 24 0 25 0]]
Filtered Qwen output: 22 0 23 0 24 0 25 0
trial 2 of 10...
trial 3 of 10...
trial 4 of 10...
trial 5 of 10...
trial 6 of 10...
trial 7 of 10...
trial 8 of 10...
trial 9 of 10...
trial 10 of 10...
Problem type: 2gen_split4 - 10/20
trial 1 of 10...

=== PROMPT ===

Use the following alphabet to guess the missing piece.

a b c d e f g h i j k l m n o p q r s t u v w x y z

Note that the alphabet may be in an unfamiliar order. Complete the pattern using this order.

[g i h j k] [g h i j k]
[m m k k o o q q s s] [ ? ]

First, describe 3 relevant exemplars that are distinct from this problem. Then give the final answer. Answer with only the examples and the final answer with no further explanation. Put your final answer between double brackets.


--- TARGET LETTERS ---

['k', 'k', 'm', 'm', 'o', 'o', 'q', 'q', 's', 's']
Full Qwen output: 1. [a b c d e] [a b c d e]  
2. [x y z a b] [x y z a b]  
3. [p q r s t] [p q r s t]  

[[m m k k o o q q s s t t]]
Filtered Qwen output: m m k k o o q q s s t t
trial 2 of 10...
trial 3 of 10...
trial 4 of 10...
trial 5 of 10...
trial 6 of 10...
trial 7 of 10...
trial 8 of 10...
trial 9 of 10...
trial 10 of 10...
Problem type: 2gen_split5 - 11/20
trial 1 of 10...

=== PROMPT ===

Use the following alphabet to guess the missing piece.

a b c d e f g h i j k l m n o p q r s t u v w x y z

Note that the alphabet may be in an unfamiliar order. Complete the pattern using this order.

[w x y z] [v x y z]
[q o m k] [ ? ]

First, describe 3 relevant exemplars that are distinct from this problem. Then give the final answer. Answer with only the examples and the final answer with no further explanation. Put your final answer between double brackets.


--- TARGET LETTERS ---

['s', 'o', 'm', 'k']
Full Qwen output: **Exemplars:**

1. [a b c] [b c d]  
2. [m n o] [n o p]  
3. [x y z] [y z a]  

**Final Answer:**  
[[n o p]]
Filtered Qwen output: n o p
trial 2 of 10...
trial 3 of 10...
trial 4 of 10...
trial 5 of 10...
trial 6 of 10...
trial 7 of 10...
trial 8 of 10...
trial 9 of 10...
trial 10 of 10...
Problem type: 2gen_split6 - 12/20
trial 1 of 10...

=== PROMPT ===

Use the following alphabet to guess the missing piece.

a b c d e f g h i j k l m n o p q r s t u v w x y z

Note that the alphabet may be in an unfamiliar order. Complete the pattern using this order.

[l m n o] [l m n p]
[19 21 23] [ ? ]

First, describe 3 relevant exemplars that are distinct from this problem. Then give the final answer. Answer with only the examples and the final answer with no further explanation. Put your final answer between double brackets.


--- TARGET LETTERS ---

[np.int64(19), np.int64(21), np.int64(25)]
Full Qwen output: **Exemplars:**

1. [a b c] [a b d] [1 2 4]  
2. [x y z] [x y a] [24 25 1]  
3. [m n o] [m n p] [13 14 16]  

**Final Answer:**  
[[19 21 24]]
Filtered Qwen output: 19 21 24
trial 2 of 10...
trial 3 of 10...
trial 4 of 10...
trial 5 of 10...
trial 6 of 10...
trial 7 of 10...
trial 8 of 10...
trial 9 of 10...
trial 10 of 10...
Problem type: 2gensplit7 - 13/20
trial 1 of 10...

=== PROMPT ===

Use the following alphabet to guess the missing piece.

a b c d e f g h i j k l m n o p q r s t u v w x y z

Note that the alphabet may be in an unfamiliar order. Complete the pattern using this order.

[t u v w] [t u v w x]
[w w v v u u t t] [ ? ]

First, describe 3 relevant exemplars that are distinct from this problem. Then give the final answer. Answer with only the examples and the final answer with no further explanation. Put your final answer between double brackets.


--- TARGET LETTERS ---

['w', 'w', 'v', 'v', 'u', 'u', 't', 't', 's', 's']
Full Qwen output: **Exemplars:**

1. [a b c] [a b c d] [b c d e]  
2. [x y z] [x y z a] [y z a b]  
3. [m n o] [m n o p] [n o p q]  

**Final Answer:**  
[[v u t t]]
Filtered Qwen output: v u t t
trial 2 of 10...
trial 3 of 10...
trial 4 of 10...
trial 5 of 10...
trial 6 of 10...
trial 7 of 10...
trial 8 of 10...
trial 9 of 10...
trial 10 of 10...
Problem type: 3gen_split1 - 14/20
trial 1 of 10...

=== PROMPT ===

Use the following alphabet to guess the missing piece.

a b c d e f g h i j k l m n o p q r s t u v w x y z

Note that the alphabet may be in an unfamiliar order. Complete the pattern using this order.

[t u v w] [t u v x]
[i x h x g x f x e x d x c x b x] [ ? ]

First, describe 3 relevant exemplars that are distinct from this problem. Then give the final answer. Answer with only the examples and the final answer with no further explanation. Put your final answer between double brackets.


--- TARGET LETTERS ---

['i', 'x', 'h', 'x', 'g', 'x', 'f', 'x', 'e', 'x', 'd', 'x', 'c', 'x', 'a', 'x']
Full Qwen output: **Examples:**

1. [a b c] [a b d]  
2. [x y z] [x y w]  
3. [m n o] [m n p]  

**Final Answer:**  
[[i x h x g x f x e x d x c x b x a x]]
Filtered Qwen output: i x h x g x f x e x d x c x b x a x
trial 2 of 10...
trial 3 of 10...
trial 4 of 10...
trial 5 of 10...
trial 6 of 10...
trial 7 of 10...
trial 8 of 10...
trial 9 of 10...
trial 10 of 10...
Problem type: 3gen_split2 - 15/20
trial 1 of 10...

=== PROMPT ===

Use the following alphabet to guess the missing piece.

a b c d e f g h i j k l m n o p q r s t u v w x y z

Note that the alphabet may be in an unfamiliar order. Complete the pattern using this order.

[k l l m n o] [k l m n o]
[q q x x s s x x u u x x w w x x w w x x y y x x] [ ? ]

First, describe 3 relevant exemplars that are distinct from this problem. Then give the final answer. Answer with only the examples and the final answer with no further explanation. Put your final answer between double brackets.


--- TARGET LETTERS ---

['q', 'q', 'x', 'x', 's', 's', 'x', 'x', 'u', 'u', 'x', 'x', 'w', 'w', 'x', 'x', 'y', 'y', 'x', 'x']
Full Qwen output: **Exemplars:**

1. [a b c] [a b c d]  
2. [x y z] [x y z a]  
3. [m n o p] [m n o p q]  

**Final Answer:**  
[[q q x x s s x x u u x x w w x x w w x x y y x x]]
Filtered Qwen output: q q x x s s x x u u x x w w x x w w x x y y x x
trial 2 of 10...
trial 3 of 10...
trial 4 of 10...
trial 5 of 10...
trial 6 of 10...
trial 7 of 10...
trial 8 of 10...
trial 9 of 10...
trial 10 of 10...
Problem type: 3gen_split3 - 16/20
trial 1 of 10...

=== PROMPT ===

Use the following alphabet to guess the missing piece.

a b c d e f g h i j k l m n o p q r s t u v w x y z

Note that the alphabet may be in an unfamiliar order. Complete the pattern using this order.

[g h i j] [g h i k]
[e e x x g g x x i i x x k k x x] [ ? ]

First, describe 3 relevant exemplars that are distinct from this problem. Then give the final answer. Answer with only the examples and the final answer with no further explanation. Put your final answer between double brackets.


--- TARGET LETTERS ---

['e', 'e', 'x', 'x', 'g', 'g', 'x', 'x', 'i', 'i', 'x', 'x', 'm', 'm', 'x', 'x']
Full Qwen output: **Exemplars:**

1. [a b c] [a b d]  
2. [x y z] [x y w]  
3. [m n o] [m n p]  

**Final Answer:**  
[[e e x x g g x x i i x x k k x x m m]]
Filtered Qwen output: e e x x g g x x i i x x k k x x m m
trial 2 of 10...
trial 3 of 10...
trial 4 of 10...
trial 5 of 10...
trial 6 of 10...
trial 7 of 10...
trial 8 of 10...
trial 9 of 10...
trial 10 of 10...
Problem type: 3gen_split4 - 17/20
trial 1 of 10...

=== PROMPT ===

Use the following alphabet to guess the missing piece.

a b c d e f g h i j k l m n o p q r s t u v w x y z

Note that the alphabet may be in an unfamiliar order. Complete the pattern using this order.

[t u v w] [s u v w]
[19 19 0 0 20 20 0 0 21 21 0 0 22 22 0 0] [ ? ]

First, describe 3 relevant exemplars that are distinct from this problem. Then give the final answer. Answer with only the examples and the final answer with no further explanation. Put your final answer between double brackets.


--- TARGET LETTERS ---

[np.int64(18), np.int64(18), '0', '0', np.int64(20), np.int64(20), '0', '0', np.int64(21), np.int64(21), '0', '0', np.int64(22), np.int64(22), '0', '0']
Full Qwen output: **Exemplars:**

1. [a b c] [b c d]  
2. [x y z] [y z a]  
3. [m n o] [n o p]  

**Final Answer:**  
[[20 20 0 0 21 21 0 0 22 22 0 0 23 23 0 0]]  

[[20 20 0 0 21 21 0 0 22 22 0 0 23 23
Filtered Qwen output: 20 20 0 0 21 21 0 0 22 22 0 0 23 23 0 0
trial 2 of 10...
trial 3 of 10...
trial 4 of 10...
trial 5 of 10...
trial 6 of 10...
trial 7 of 10...
trial 8 of 10...
trial 9 of 10...
trial 10 of 10...
Problem type: 3gen_split5 - 18/20
trial 1 of 10...

=== PROMPT ===

Use the following alphabet to guess the missing piece.

a b c d e f g h i j k l m n o p q r s t u v w x y z

Note that the alphabet may be in an unfamiliar order. Complete the pattern using this order.

[m q o p n] [m n o p q]
[4 0 10 0 6 0 7 0 8 0 9 0 5 0 11 0 12 0] [ ? ]

First, describe 3 relevant exemplars that are distinct from this problem. Then give the final answer. Answer with only the examples and the final answer with no further explanation. Put your final answer between double brackets.


--- TARGET LETTERS ---

[np.int64(4), '0', np.int64(5), '0', np.int64(6), '0', np.int64(7), '0', np.int64(8), '0', np.int64(9), '0', np.int64(10), '0', np.int64(11), '0', np.int64(12), '0']
Full Qwen output: **Exemplars:**

1. [a b c] [d e f]  
2. [x y z] [a b c]  
3. [1 2 3] [4 5 6]  

**Final Answer:**  
[[4 0 10 0 6 0 7 0 8 0 9 0 5 0 11 0 12 0]]
Filtered Qwen output: 4 0 10 0 6 0 7 0 8 0 9 0 5 0 11 0 12 0
trial 2 of 10...
trial 3 of 10...
trial 4 of 10...
trial 5 of 10...
trial 6 of 10...
trial 7 of 10...
trial 8 of 10...
trial 9 of 10...
trial 10 of 10...
Problem type: 3gen_split6 - 19/20
trial 1 of 10...

=== PROMPT ===

Use the following alphabet to guess the missing piece.

a b c d e f g h i j k l m n o p q r s t u v w x y z

Note that the alphabet may be in an unfamiliar order. Complete the pattern using this order.

[p q r s] [o q r s]
[u u t t s s r r q q p p o o n n] [ ? ]

First, describe 3 relevant exemplars that are distinct from this problem. Then give the final answer. Answer with only the examples and the final answer with no further explanation. Put your final answer between double brackets.


--- TARGET LETTERS ---

['v', 'v', 't', 't', 's', 's', 'r', 'r', 'q', 'q', 'p', 'p', 'o', 'o', 'n', 'n']
Full Qwen output: **Exemplars:**

1. [a b c] [a c b]  
2. [x y z] [z y x]  
3. [m n o] [o n m]  

**Final Answer:**  
[[n n m m l l k k j j i i h h]]
Filtered Qwen output: n n m m l l k k j j i i h h
trial 2 of 10...
trial 3 of 10...
trial 4 of 10...
trial 5 of 10...
trial 6 of 10...
trial 7 of 10...
trial 8 of 10...
trial 9 of 10...
trial 10 of 10...
Problem type: 3gensplit7 - 20/20
trial 1 of 10...

=== PROMPT ===

Use the following alphabet to guess the missing piece.

a b c d e f g h i j k l m n o p q r s t u v w x y z

Note that the alphabet may be in an unfamiliar order. Complete the pattern using this order.

[m n o p] [m n o p q]
[b x d x f x h x j x l x n x p x] [ ? ]

First, describe 3 relevant exemplars that are distinct from this problem. Then give the final answer. Answer with only the examples and the final answer with no further explanation. Put your final answer between double brackets.


--- TARGET LETTERS ---

['b', 'x', 'd', 'x', 'f', 'x', 'h', 'x', 'j', 'x', 'l', 'x', 'n', 'x', 'p', 'x', 'r', 'x']
Full Qwen output: **Examples:**

1. [a b c] [a b c d]  
2. [x y z] [x y z a]  
3. [p q r s] [p q r s t]  

**Final Answer:**  
[[b x f x j x p x]]
Filtered Qwen output: b x f x j x p x
trial 2 of 10...
trial 3 of 10...
trial 4 of 10...
trial 5 of 10...
trial 6 of 10...
trial 7 of 10...
trial 8 of 10...
trial 9 of 10...
trial 10 of 10...
alph_6
a b c d e f g h i j k l m n o p q r s t u v w x y z
Problem type: larger_int - 1/20
trial 1 of 10...

=== PROMPT ===

Use the following alphabet to guess the missing piece.

a b c d e f g h i j k l m n o p q r s t u v w x y z

Note that the alphabet may be in an unfamiliar order. Complete the pattern using this order.

[l m n o] [l m n o p]
[g i k m] [ ? ]

First, describe 3 relevant exemplars that are distinct from this problem. Then give the final answer. Answer with only the examples and the final answer with no further explanation. Put your final answer between double brackets.


--- TARGET LETTERS ---

['g', 'i', 'k', 'm', 'o']
Full Qwen output: **Exemplars:**

1. [a b c] [a b c d]  
2. [x y z] [x y z a]  
3. [p q r s] [p q r s t]  

**Final Answer:**  
[[g i k m o]]
Filtered Qwen output: g i k m o
trial 2 of 10...
trial 3 of 10...
trial 4 of 10...
trial 5 of 10...
trial 6 of 10...
trial 7 of 10...
trial 8 of 10...
trial 9 of 10...
trial 10 of 10...
Problem type: longer_targ - 2/20
trial 1 of 10...

=== PROMPT ===

Use the following alphabet to guess the missing piece.

a b c d e f g h i j k l m n o p q r s t u v w x y z

Note that the alphabet may be in an unfamiliar order. Complete the pattern using this order.

[j k l m] [i k l m]
[m n o p q r s t] [ ? ]

First, describe 3 relevant exemplars that are distinct from this problem. Then give the final answer. Answer with only the examples and the final answer with no further explanation. Put your final answer between double brackets.


--- TARGET LETTERS ---

['l', 'n', 'o', 'p', 'q', 'r', 's', 't']
Full Qwen output: **Exemplars:**

1. [a b c] [b c d]  
2. [x y z] [y z a]  
3. [p q r s] [q r s t]  

**Final Answer:**  
[[n o p q r s t u]]
Filtered Qwen output: n o p q r s t u
trial 2 of 10...
trial 3 of 10...
trial 4 of 10...
trial 5 of 10...
trial 6 of 10...
trial 7 of 10...
trial 8 of 10...
trial 9 of 10...
trial 10 of 10...
Problem type: group - 3/20
trial 1 of 10...

=== PROMPT ===

Use the following alphabet to guess the missing piece.

a b c d e f g h i j k l m n o p q r s t u v w x y z

Note that the alphabet may be in an unfamiliar order. Complete the pattern using this order.

[e f g h m] [e f g h i]
[q q x x s s t t u u] [ ? ]

First, describe 3 relevant exemplars that are distinct from this problem. Then give the final answer. Answer with only the examples and the final answer with no further explanation. Put your final answer between double brackets.


--- TARGET LETTERS ---

['q', 'q', 'r', 'r', 's', 's', 't', 't', 'u', 'u']
Full Qwen output: [e f g h i j] [e f g h i j k]  
[m n o p q r] [m n o p q r s]  
[t u v w x y z] [t u v w x y z a]  

[[q q x x s s t t u u v v]]
Filtered Qwen output: q q x x s s t t u u v v
trial 2 of 10...
trial 3 of 10...
trial 4 of 10...
trial 5 of 10...
trial 6 of 10...
trial 7 of 10...
trial 8 of 10...
trial 9 of 10...
trial 10 of 10...
Problem type: interleaved - 4/20
trial 1 of 10...

=== PROMPT ===

Use the following alphabet to guess the missing piece.

a b c d e f g h i j k l m n o p q r s t u v w x y z

Note that the alphabet may be in an unfamiliar order. Complete the pattern using this order.

[s t u v] [r t u v]
[g x h x i x j x] [ ? ]

First, describe 3 relevant exemplars that are distinct from this problem. Then give the final answer. Answer with only the examples and the final answer with no further explanation. Put your final answer between double brackets.


--- TARGET LETTERS ---

['f', 'x', 'h', 'x', 'i', 'x', 'j', 'x']
Full Qwen output: **Exemplars:**

1. [a b c d] [b c d e]  
2. [f g h i] [g h i j]  
3. [m n o p] [n o p q]  

**Final Answer:**  
[[n o p q]]
Filtered Qwen output: n o p q
trial 2 of 10...
trial 3 of 10...
trial 4 of 10...
trial 5 of 10...
trial 6 of 10...
trial 7 of 10...
trial 8 of 10...
trial 9 of 10...
trial 10 of 10...
Problem type: letter2num - 5/20
trial 1 of 10...

=== PROMPT ===

Use the following alphabet to guess the missing piece.

a b c d e f g h i j k l m n o p q r s t u v w x y z

Note that the alphabet may be in an unfamiliar order. Complete the pattern using this order.

[c d e f] [b d e f]
[23 24 25 26] [ ? ]

First, describe 3 relevant exemplars that are distinct from this problem. Then give the final answer. Answer with only the examples and the final answer with no further explanation. Put your final answer between double brackets.


--- TARGET LETTERS ---

[np.int64(22), np.int64(24), np.int64(25), np.int64(26)]
Full Qwen output: **Exemplars:**

1. [a b c] [a c] [1 2 3] [1 3]  
2. [d e f g] [e f g] [4 5 6 7] [5 6 7]  
3. [h i j k] [i j k] [8 9 10 11] [9 10 11]  

**Final Answer:**  
[[24 25 26]]
Filtered Qwen output: 24 25 26
trial 2 of 10...
trial 3 of 10...
trial 4 of 10...
trial 5 of 10...
trial 6 of 10...
trial 7 of 10...
trial 8 of 10...
trial 9 of 10...
trial 10 of 10...
Problem type: reverse - 6/20
trial 1 of 10...

=== PROMPT ===

Use the following alphabet to guess the missing piece.

a b c d e f g h i j k l m n o p q r s t u v w x y z

Note that the alphabet may be in an unfamiliar order. Complete the pattern using this order.

[d e f g] [d e f g h]
[o n m l] [ ? ]

First, describe 3 relevant exemplars that are distinct from this problem. Then give the final answer. Answer with only the examples and the final answer with no further explanation. Put your final answer between double brackets.


--- TARGET LETTERS ---

['o', 'n', 'm', 'l', 'k']
Full Qwen output: [d e f g] [d e f g h]  
[o n m l] [ ? ]

**Examples:**

1. [a b c] [a b c d]  
2. [x y z] [x y z a]  
3. [m n o] [m n o p]  

[[o n m k]]
Filtered Qwen output: o n m k
trial 2 of 10...
trial 3 of 10...
trial 4 of 10...
trial 5 of 10...
trial 6 of 10...
trial 7 of 10...
trial 8 of 10...
trial 9 of 10...
trial 10 of 10...
Problem type: 2gen_split1 - 7/20
trial 1 of 10...

=== PROMPT ===

Use the following alphabet to guess the missing piece.

a b c d e f g h i j k l m n o p q r s t u v w x y z

Note that the alphabet may be in an unfamiliar order. Complete the pattern using this order.

[m n o p] [m n o q]
[e e g g i i k k] [ ? ]

First, describe 3 relevant exemplars that are distinct from this problem. Then give the final answer. Answer with only the examples and the final answer with no further explanation. Put your final answer between double brackets.


--- TARGET LETTERS ---

['e', 'e', 'g', 'g', 'i', 'i', 'm', 'm']
Full Qwen output: **Exemplars:**

1. [a b c d] [a b c e]  
2. [x y z a] [x y z b]  
3. [p q r s] [p q r t]  

**Final Answer:**  
[[e e g g i i m m]]
Filtered Qwen output: e e g g i i m m
trial 2 of 10...
trial 3 of 10...
trial 4 of 10...
trial 5 of 10...
trial 6 of 10...
trial 7 of 10...
trial 8 of 10...
trial 9 of 10...
trial 10 of 10...
Problem type: 2gen_split2 - 8/20
trial 1 of 10...

=== PROMPT ===

Use the following alphabet to guess the missing piece.

a b c d e f g h i j k l m n o p q r s t u v w x y z

Note that the alphabet may be in an unfamiliar order. Complete the pattern using this order.

[u w v x y] [u v w x y]
[n n p p r r v v t t] [ ? ]

First, describe 3 relevant exemplars that are distinct from this problem. Then give the final answer. Answer with only the examples and the final answer with no further explanation. Put your final answer between double brackets.


--- TARGET LETTERS ---

['n', 'n', 'p', 'p', 'r', 'r', 't', 't', 'v', 'v']
Full Qwen output: **Exemplars:**

1. [a b c d e] [a b c d e]  
2. [x y z a b] [x y z a b]  
3. [m n o p q] [m n o p q]  

**Final Answer:**  
[[n n q q s s v v t t]]
Filtered Qwen output: n n q q s s v v t t
trial 2 of 10...
trial 3 of 10...
trial 4 of 10...
trial 5 of 10...
trial 6 of 10...
trial 7 of 10...
trial 8 of 10...
trial 9 of 10...
trial 10 of 10...
Problem type: 2gen_split3 - 9/20
trial 1 of 10...

=== PROMPT ===

Use the following alphabet to guess the missing piece.

a b c d e f g h i j k l m n o p q r s t u v w x y z

Note that the alphabet may be in an unfamiliar order. Complete the pattern using this order.

[j k l m] [j k l n]
[p p q q r r s s t t u u v v w w] [ ? ]

First, describe 3 relevant exemplars that are distinct from this problem. Then give the final answer. Answer with only the examples and the final answer with no further explanation. Put your final answer between double brackets.


--- TARGET LETTERS ---

['p', 'p', 'q', 'q', 'r', 'r', 's', 's', 't', 't', 'u', 'u', 'v', 'v', 'x', 'x']
Full Qwen output: **Exemplars:**

1. [a b c] [a b d]  
2. [x y z] [x y w]  
3. [m n o] [m n p]  

**Final Answer:**  
[[p p q q r r s s t t u u v v x x]]
Filtered Qwen output: p p q q r r s s t t u u v v x x
trial 2 of 10...
trial 3 of 10...
trial 4 of 10...
trial 5 of 10...
trial 6 of 10...
trial 7 of 10...
trial 8 of 10...
trial 9 of 10...
trial 10 of 10...
Problem type: 2gen_split4 - 10/20
trial 1 of 10...

=== PROMPT ===

Use the following alphabet to guess the missing piece.

a b c d e f g h i j k l m n o p q r s t u v w x y z

Note that the alphabet may be in an unfamiliar order. Complete the pattern using this order.

[i j k l] [h j k l]
[7 9 11 13] [ ? ]

First, describe 3 relevant exemplars that are distinct from this problem. Then give the final answer. Answer with only the examples and the final answer with no further explanation. Put your final answer between double brackets.


--- TARGET LETTERS ---

[np.int64(5), np.int64(9), np.int64(11), np.int64(13)]
Full Qwen output: **Exemplars:**

1. [a b c] [x y z]  
2. [m n o] [q r s]  
3. [d e f] [v w x]  

**Final Answer:**  
[[8 10 12 14]]
Filtered Qwen output: 8 10 12 14
trial 2 of 10...
trial 3 of 10...
trial 4 of 10...
trial 5 of 10...
trial 6 of 10...
trial 7 of 10...
trial 8 of 10...
trial 9 of 10...
trial 10 of 10...
Problem type: 2gen_split5 - 11/20
trial 1 of 10...

=== PROMPT ===

Use the following alphabet to guess the missing piece.

a b c d e f g h i j k l m n o p q r s t u v w x y z

Note that the alphabet may be in an unfamiliar order. Complete the pattern using this order.

[i j n l m] [i j k l m]
[15 16 17 18 19 20 21 22 12] [ ? ]

First, describe 3 relevant exemplars that are distinct from this problem. Then give the final answer. Answer with only the examples and the final answer with no further explanation. Put your final answer between double brackets.


--- TARGET LETTERS ---

[np.int64(15), np.int64(16), np.int64(17), np.int64(18), np.int64(19), np.int64(20), np.int64(21), np.int64(22), np.int64(23)]
Full Qwen output: **Exemplars:**

1. [a b c] [a b d]  
2. [x y z] [x y w]  
3. [m n o] [m n p]  

**Final Answer:**  
[[12 13 14 15 16 17 18 19 20]]
Filtered Qwen output: 12 13 14 15 16 17 18 19 20
trial 2 of 10...
trial 3 of 10...
trial 4 of 10...
trial 5 of 10...
trial 6 of 10...
trial 7 of 10...
trial 8 of 10...
trial 9 of 10...
trial 10 of 10...
Problem type: 2gen_split6 - 12/20
trial 1 of 10...

=== PROMPT ===

Use the following alphabet to guess the missing piece.

a b c d e f g h i j k l m n o p q r s t u v w x y z

Note that the alphabet may be in an unfamiliar order. Complete the pattern using this order.

[v w x y] [v w x z]
[m k i g] [ ? ]

First, describe 3 relevant exemplars that are distinct from this problem. Then give the final answer. Answer with only the examples and the final answer with no further explanation. Put your final answer between double brackets.


--- TARGET LETTERS ---

['m', 'k', 'i', 'e']
Full Qwen output: **Exemplars:**

1. [a b c d] [a b c e]  
2. [x y z a] [x y z b]  
3. [p q r s] [p q r t]  

**Final Answer:**  
[[m k i h]]
Filtered Qwen output: m k i h
trial 2 of 10...
trial 3 of 10...
trial 4 of 10...
trial 5 of 10...
trial 6 of 10...
trial 7 of 10...
trial 8 of 10...
trial 9 of 10...
trial 10 of 10...
Problem type: 2gensplit7 - 13/20
trial 1 of 10...

=== PROMPT ===

Use the following alphabet to guess the missing piece.

a b c d e f g h i j k l m n o p q r s t u v w x y z

Note that the alphabet may be in an unfamiliar order. Complete the pattern using this order.

[s t u v] [s t u w]
[c e g i k m o q] [ ? ]

First, describe 3 relevant exemplars that are distinct from this problem. Then give the final answer. Answer with only the examples and the final answer with no further explanation. Put your final answer between double brackets.


--- TARGET LETTERS ---

['c', 'e', 'g', 'i', 'k', 'm', 'o', 's']
Full Qwen output: **Exemplars:**

1. [a b c d] [a b c e]  
2. [x y z] [x y z a]  
3. [m n o p] [m n o q]  

**Final Answer:**  
[[c e g k m o q s]]
Filtered Qwen output: c e g k m o q s
trial 2 of 10...
trial 3 of 10...
trial 4 of 10...
trial 5 of 10...
trial 6 of 10...
trial 7 of 10...
trial 8 of 10...
trial 9 of 10...
trial 10 of 10...
Problem type: 3gen_split1 - 14/20
trial 1 of 10...

=== PROMPT ===

Use the following alphabet to guess the missing piece.

a b c d e f g h i j k l m n o p q r s t u v w x y z

Note that the alphabet may be in an unfamiliar order. Complete the pattern using this order.

[k l m n] [j l m n]
[16 15 14 13 12 11 10 9] [ ? ]

First, describe 3 relevant exemplars that are distinct from this problem. Then give the final answer. Answer with only the examples and the final answer with no further explanation. Put your final answer between double brackets.


--- TARGET LETTERS ---

[np.int64(17), np.int64(15), np.int64(14), np.int64(13), np.int64(12), np.int64(11), np.int64(10), np.int64(9)]
Full Qwen output: **Exemplars:**

1. [a b c] [b c d]  
2. [x y z] [w x y]  
3. [m n o] [n o p]  

**Final Answer:**  
[[15 14 13 12 11 10 9 8]]
Filtered Qwen output: 15 14 13 12 11 10 9 8
trial 2 of 10...
trial 3 of 10...
trial 4 of 10...
trial 5 of 10...
trial 6 of 10...
trial 7 of 10...
trial 8 of 10...
trial 9 of 10...
trial 10 of 10...
Problem type: 3gen_split2 - 15/20
trial 1 of 10...

=== PROMPT ===

Use the following alphabet to guess the missing piece.

a b c d e f g h i j k l m n o p q r s t u v w x y z

Note that the alphabet may be in an unfamiliar order. Complete the pattern using this order.

[j k l m] [j k l n]
[12 12 0 0 13 13 0 0 14 14 0 0 15 15 0 0] [ ? ]

First, describe 3 relevant exemplars that are distinct from this problem. Then give the final answer. Answer with only the examples and the final answer with no further explanation. Put your final answer between double brackets.


--- TARGET LETTERS ---

[np.int64(12), np.int64(12), '0', '0', np.int64(13), np.int64(13), '0', '0', np.int64(14), np.int64(14), '0', '0', np.int64(16), np.int64(16), '0', '0']
Full Qwen output: **Exemplars:**

1. [a b c] [a b d]  
2. [x y z] [x y w]  
3. [m n o] [m n p]  

**Final Answer:**  
[[12 12 0 0 13 13 0 0 14 14 0 0 15 15 0 0 16 16 0 0]]  

[[12 12 0 0 13 13 0 0 14 14
Filtered Qwen output: 12 12 0 0 13 13 0 0 14 14 0 0 15 15 0 0 16 16 0 0
trial 2 of 10...
trial 3 of 10...
trial 4 of 10...
trial 5 of 10...
trial 6 of 10...
trial 7 of 10...
trial 8 of 10...
trial 9 of 10...
trial 10 of 10...
Problem type: 3gen_split3 - 16/20
trial 1 of 10...

=== PROMPT ===

Use the following alphabet to guess the missing piece.

a b c d e f g h i j k l m n o p q r s t u v w x y z

Note that the alphabet may be in an unfamiliar order. Complete the pattern using this order.

[v w x y] [v w x z]
[k k j j i i h h g g f f e e d d] [ ? ]

First, describe 3 relevant exemplars that are distinct from this problem. Then give the final answer. Answer with only the examples and the final answer with no further explanation. Put your final answer between double brackets.


--- TARGET LETTERS ---

['k', 'k', 'j', 'j', 'i', 'i', 'h', 'h', 'g', 'g', 'f', 'f', 'e', 'e', 'c', 'c']
Full Qwen output: **Exemplars:**

1. [a b c d] [a b c z]  
2. [x y z a] [x y z b]  
3. [m n o p] [m n o q]  

**Final Answer:**  
[[k k j j h h]]
Filtered Qwen output: k k j j h h
trial 2 of 10...
trial 3 of 10...
trial 4 of 10...
trial 5 of 10...
trial 6 of 10...
trial 7 of 10...
trial 8 of 10...
trial 9 of 10...
trial 10 of 10...
Problem type: 3gen_split4 - 17/20
trial 1 of 10...

=== PROMPT ===

Use the following alphabet to guess the missing piece.

a b c d e f g h i j k l m n o p q r s t u v w x y z

Note that the alphabet may be in an unfamiliar order. Complete the pattern using this order.

[f g h i] [f g h j]
[4 4 6 6 8 8 10 10] [ ? ]

First, describe 3 relevant exemplars that are distinct from this problem. Then give the final answer. Answer with only the examples and the final answer with no further explanation. Put your final answer between double brackets.


--- TARGET LETTERS ---

[np.int64(4), np.int64(4), np.int64(6), np.int64(6), np.int64(8), np.int64(8), np.int64(12), np.int64(12)]
Full Qwen output: **Exemplars:**

1. [a b c d] [a b c e]  
   [1 1 3 3 5 5] [ ? ]  

2. [x y z a] [x y z b]  
   [24 24 26 26 25 25] [ ? ]  

3. [m n o p] [m n o q]  
   [13 13 15 15 16 16] [ ? ]  

**Final Answer:**  
[[12 12
trial 2 of 10...
trial 3 of 10...
trial 4 of 10...
trial 5 of 10...
trial 6 of 10...
trial 7 of 10...
trial 8 of 10...
trial 9 of 10...
trial 10 of 10...
Problem type: 3gen_split5 - 18/20
trial 1 of 10...

=== PROMPT ===

Use the following alphabet to guess the missing piece.

a b c d e f g h i j k l m n o p q r s t u v w x y z

Note that the alphabet may be in an unfamiliar order. Complete the pattern using this order.

[g h i j] [g h i k]
[u u s s q q o o] [ ? ]

First, describe 3 relevant exemplars that are distinct from this problem. Then give the final answer. Answer with only the examples and the final answer with no further explanation. Put your final answer between double brackets.


--- TARGET LETTERS ---

['u', 'u', 's', 's', 'q', 'q', 'm', 'm']
Full Qwen output: 1. [a b c d] [a b c e]  
2. [x y z a] [x y z b]  
3. [m n o p] [m n o q]  

[[u u r r]]
Filtered Qwen output: u u r r
trial 2 of 10...
trial 3 of 10...
trial 4 of 10...
trial 5 of 10...
trial 6 of 10...
trial 7 of 10...
trial 8 of 10...
trial 9 of 10...
trial 10 of 10...
Problem type: 3gen_split6 - 19/20
trial 1 of 10...

=== PROMPT ===

Use the following alphabet to guess the missing piece.

a b c d e f g h i j k l m n o p q r s t u v w x y z

Note that the alphabet may be in an unfamiliar order. Complete the pattern using this order.

[g h i j] [g h i k]
[11 13 15 17 19 21 23] [ ? ]

First, describe 3 relevant exemplars that are distinct from this problem. Then give the final answer. Answer with only the examples and the final answer with no further explanation. Put your final answer between double brackets.


--- TARGET LETTERS ---

[np.int64(11), np.int64(13), np.int64(15), np.int64(17), np.int64(19), np.int64(21), np.int64(25)]
Full Qwen output: **Exemplars:**

1. [a b c d] [a b d]  
2. [x y z] [x z]  
3. [m n o p] [m n p]  

**Final Answer:**  
[[11 13 15 17 19 21 23] [11 13 15 17 19 23]]
Filtered Qwen output: 11 13 15 17 19 21 23] [11 13 15 17 19 23
trial 2 of 10...
trial 3 of 10...
trial 4 of 10...
trial 5 of 10...
trial 6 of 10...
trial 7 of 10...
trial 8 of 10...
trial 9 of 10...
trial 10 of 10...
Problem type: 3gensplit7 - 20/20
trial 1 of 10...

=== PROMPT ===

Use the following alphabet to guess the missing piece.

a b c d e f g h i j k l m n o p q r s t u v w x y z

Note that the alphabet may be in an unfamiliar order. Complete the pattern using this order.

[m n o p] [m n o q]
[1 0 2 0 3 0 4 0 5 0 6 0 7 0 8 0] [ ? ]

First, describe 3 relevant exemplars that are distinct from this problem. Then give the final answer. Answer with only the examples and the final answer with no further explanation. Put your final answer between double brackets.


--- TARGET LETTERS ---

[np.int64(1), '0', np.int64(2), '0', np.int64(3), '0', np.int64(4), '0', np.int64(5), '0', np.int64(6), '0', np.int64(7), '0', np.int64(9), '0']
Full Qwen output: **Exemplars:**

1. [a b c] [a b d]  
2. [x y z] [x y w]  
3. [1 2 3] [1 2 4]  

**Final Answer:**  
[[1 0 2 0 3 0 4 0 5 0 6 0 7 0 8 0 9 0]]
Filtered Qwen output: 1 0 2 0 3 0 4 0 5 0 6 0 7 0 8 0 9 0
trial 2 of 10...
trial 3 of 10...
trial 4 of 10...
trial 5 of 10...
trial 6 of 10...
trial 7 of 10...
trial 8 of 10...
trial 9 of 10...
trial 10 of 10...
Saved ./Qwen_Qwen3-8B_prob_predictions_multi_alph/gen/Qwen_Qwen3-8B_letterstring_results_1_multi_alph_gptprobs_analogical.npz
Total time: 4291.396631479263 seconds.
