============================================================================================== 
Warning! Mixing Conda and module environments may lead to corruption of the
user environment. 
We do not recommend users mixing those two environments unless absolutely
necessary. Note that 
SURF does not provide any support for Conda environment.
For more information, please refer to our software policy page:
https://servicedesk.surf.nl/wiki/display/WIKI/Software+policy+Snellius#SoftwarepolicySnellius-UseofAnacondaandMinicondaenvironmentsonSnellius 

Remember that many packages have already been installed on the system and can
be loaded using 
the 'module load <package__name>' command. If you are uncertain if a package is
already available 
on the system, please use 'module avail' or 'module spider' to search for it.
============================================================================================== 
Loading model Qwen/Qwen3-14B...
GPU memory available: 39.49 GB
`torch_dtype` is deprecated! Use `dtype` instead!
Flash Attention 2 not available (FlashAttention2 has been toggled on, but it cannot be used due to the following error: the package flash_attn seems to be not installed. Please refer to the documentation of https://huggingface.co/docs/transformers/perf_infer_gpu_one#flashattention-2 to install Flash Attention 2.), using default attention
Loading checkpoint shards:   0%|          | 0/8 [00:00<?, ?it/s]Loading checkpoint shards:  12%|█▎        | 1/8 [00:01<00:12,  1.72s/it]Loading checkpoint shards:  25%|██▌       | 2/8 [00:03<00:10,  1.73s/it]Loading checkpoint shards:  38%|███▊      | 3/8 [00:05<00:08,  1.73s/it]Loading checkpoint shards:  50%|█████     | 4/8 [00:06<00:06,  1.73s/it]Loading checkpoint shards:  62%|██████▎   | 5/8 [00:08<00:05,  1.72s/it]Loading checkpoint shards:  75%|███████▌  | 6/8 [00:10<00:03,  1.71s/it]Loading checkpoint shards:  88%|████████▊ | 7/8 [00:12<00:01,  1.71s/it]Loading checkpoint shards: 100%|██████████| 8/8 [00:12<00:00,  1.43s/it]Loading checkpoint shards: 100%|██████████| 8/8 [00:12<00:00,  1.61s/it]
Model loaded with default attention
Model device: cuda:0
GPU memory allocated: 27.51 GB, reserved: 27.51 GB
Model loaded. Loading tokenizer...
Model Qwen/Qwen3-14B and tokenizer loaded.
alph_0
a b c d e f g h i j k l m n o p q r s t u v w x y z
Problem type: larger_int - 1/20
trial 1 of 10...

=== PROMPT ===

Use the following alphabet to complete the pattern.

a b c d e f g h i j k l m n o p q r s t u v w x y z

Note that the alphabet may be in an unfamiliar order. Complete the pattern using this order. Answer with only the final answer between double brackets and nothing else.

[f g h i] [e g h i]
[k m o q] [

--- TARGET LETTERS ---

['i', 'm', 'o', 'q']
The following generation flags are not valid and may be ignored: ['temperature', 'top_k']. Set `TRANSFORMERS_VERBOSITY=info` for more details.
Full Qwen output: [j l n p]  

The pattern is based on shifting letters in the sequence. In the first pair:  
[f g h i] [e g h i] — the first letter of the first group (f) is shifted back by 1 to get the first letter of the second group (e). The rest of the letters remain the same.  

Applying the same logic to the second pair:  
[k m o q] — shift the first letter (k) back by 1 to get (j). The rest of the letters remain the same: l, n, p.  

Final answer:  
[[j
trial 2 of 10...
trial 3 of 10...
trial 4 of 10...
trial 5 of 10...
trial 6 of 10...
trial 7 of 10...
trial 8 of 10...
trial 9 of 10...
trial 10 of 10...
Problem type: longer_targ - 2/20
trial 1 of 10...

=== PROMPT ===

Use the following alphabet to complete the pattern.

a b c d e f g h i j k l m n o p q r s t u v w x y z

Note that the alphabet may be in an unfamiliar order. Complete the pattern using this order. Answer with only the final answer between double brackets and nothing else.

[d e f g] [d e f h]
[c d e f g h i j] [

--- TARGET LETTERS ---

['c', 'd', 'e', 'f', 'g', 'h', 'i', 'k']
Full Qwen output: [[c d e f g h i j k l m n o p q r s t u v w x y z]]
Filtered Qwen output: c d e f g h i j k l m n o p q r s t u v w x y z
trial 2 of 10...
trial 3 of 10...
trial 4 of 10...
trial 5 of 10...
trial 6 of 10...
trial 7 of 10...
trial 8 of 10...
trial 9 of 10...
trial 10 of 10...
Problem type: group - 3/20
trial 1 of 10...

=== PROMPT ===

Use the following alphabet to complete the pattern.

a b c d e f g h i j k l m n o p q r s t u v w x y z

Note that the alphabet may be in an unfamiliar order. Complete the pattern using this order. Answer with only the final answer between double brackets and nothing else.

[c d e f] [c d e f g]
[d d e e f f g g] [

--- TARGET LETTERS ---

['d', 'd', 'e', 'e', 'f', 'f', 'g', 'g', 'h', 'h']
Full Qwen output: [[d d e e f f g g] [d d e e f f g g h h]]
Filtered Qwen output: d d e e f f g g] [d d e e f f g g h h
trial 2 of 10...
trial 3 of 10...
trial 4 of 10...
trial 5 of 10...
trial 6 of 10...
trial 7 of 10...
trial 8 of 10...
trial 9 of 10...
trial 10 of 10...
Problem type: interleaved - 4/20
trial 1 of 10...

=== PROMPT ===

Use the following alphabet to complete the pattern.

a b c d e f g h i j k l m n o p q r s t u v w x y z

Note that the alphabet may be in an unfamiliar order. Complete the pattern using this order. Answer with only the final answer between double brackets and nothing else.

[q r s t c] [q r s t u]
[p x h x i x j x k x] [

--- TARGET LETTERS ---

['g', 'x', 'h', 'x', 'i', 'x', 'j', 'x', 'k', 'x']
Full Qwen output: [p x h x i x j x k x] [p x h x i x j x k x l]  

Final answer: [[p x h x i x j x k x l]]
Filtered Qwen output: p x h x i x j x k x l
trial 2 of 10...
trial 3 of 10...
trial 4 of 10...
trial 5 of 10...
trial 6 of 10...
trial 7 of 10...
trial 8 of 10...
trial 9 of 10...
trial 10 of 10...
Problem type: letter2num - 5/20
trial 1 of 10...

=== PROMPT ===

Use the following alphabet to complete the pattern.

a b c d e f g h i j k l m n o p q r s t u v w x y z

Note that the alphabet may be in an unfamiliar order. Complete the pattern using this order. Answer with only the final answer between double brackets and nothing else.

[k l l m n o] [k l m n o]
[3 4 4 5 6 7] [

--- TARGET LETTERS ---

[np.int64(3), np.int64(4), np.int64(5), np.int64(6), np.int64(7)]
Full Qwen output: [3 4 4 5 6 7] [3 4 5 6 7]  

Final answer: [[3 4 5 6 7]]
Filtered Qwen output: 3 4 5 6 7
trial 2 of 10...
trial 3 of 10...
trial 4 of 10...
trial 5 of 10...
trial 6 of 10...
trial 7 of 10...
trial 8 of 10...
trial 9 of 10...
trial 10 of 10...
Problem type: reverse - 6/20
trial 1 of 10...

=== PROMPT ===

Use the following alphabet to complete the pattern.

a b c d e f g h i j k l m n o p q r s t u v w x y z

Note that the alphabet may be in an unfamiliar order. Complete the pattern using this order. Answer with only the final answer between double brackets and nothing else.

[b c d e e f] [b c d e f]
[h g g f e d] [

--- TARGET LETTERS ---

['h', 'g', 'f', 'e', 'd']
Full Qwen output: [h g f e d c] [[h g f e d c]]
Filtered Qwen output: h g f e d c
trial 2 of 10...
trial 3 of 10...
trial 4 of 10...
trial 5 of 10...
trial 6 of 10...
trial 7 of 10...
trial 8 of 10...
trial 9 of 10...
trial 10 of 10...
Problem type: 2gen_split1 - 7/20
trial 1 of 10...

=== PROMPT ===

Use the following alphabet to complete the pattern.

a b c d e f g h i j k l m n o p q r s t u v w x y z

Note that the alphabet may be in an unfamiliar order. Complete the pattern using this order. Answer with only the final answer between double brackets and nothing else.

[l m n o] [k m n o]
[6 7 8 9 10 11 12 13] [

--- TARGET LETTERS ---

[np.int64(5), np.int64(7), np.int64(8), np.int64(9), np.int64(10), np.int64(11), np.int64(12), np.int64(13)]
Full Qwen output: [j k l m]  

[[j k l m]]
Filtered Qwen output: j k l m
trial 2 of 10...
trial 3 of 10...
trial 4 of 10...
trial 5 of 10...
trial 6 of 10...
trial 7 of 10...
trial 8 of 10...
trial 9 of 10...
trial 10 of 10...
Problem type: 2gen_split2 - 8/20
trial 1 of 10...

=== PROMPT ===

Use the following alphabet to complete the pattern.

a b c d e f g h i j k l m n o p q r s t u v w x y z

Note that the alphabet may be in an unfamiliar order. Complete the pattern using this order. Answer with only the final answer between double brackets and nothing else.

[e f g h] [e f g i]
[y w u s] [

--- TARGET LETTERS ---

['y', 'w', 'u', 'q']
Full Qwen output: [y w u s] [y w u t]  

**Answer:** [[y w u t]]
Filtered Qwen output: y w u t
trial 2 of 10...
trial 3 of 10...
trial 4 of 10...
trial 5 of 10...
trial 6 of 10...
trial 7 of 10...
trial 8 of 10...
trial 9 of 10...
trial 10 of 10...
Problem type: 2gen_split3 - 9/20
trial 1 of 10...

=== PROMPT ===

Use the following alphabet to complete the pattern.

a b c d e f g h i j k l m n o p q r s t u v w x y z

Note that the alphabet may be in an unfamiliar order. Complete the pattern using this order. Answer with only the final answer between double brackets and nothing else.

[s t u v c] [s t u v w]
[f x h x c x l x n x] [

--- TARGET LETTERS ---

['f', 'x', 'h', 'x', 'j', 'x', 'l', 'x', 'n', 'x']
Full Qwen output: [f x h x c x l x n x] [f x h x c x l x n x w]  

**Answer:** [[f x h x c x l x n x w]]
Filtered Qwen output: f x h x c x l x n x w
trial 2 of 10...
trial 3 of 10...
trial 4 of 10...
trial 5 of 10...
trial 6 of 10...
trial 7 of 10...
trial 8 of 10...
trial 9 of 10...
trial 10 of 10...
Problem type: 2gen_split4 - 10/20
trial 1 of 10...

=== PROMPT ===

Use the following alphabet to complete the pattern.

a b c d e f g h i j k l m n o p q r s t u v w x y z

Note that the alphabet may be in an unfamiliar order. Complete the pattern using this order. Answer with only the final answer between double brackets and nothing else.

[g h i j] [f h i j]
[13 15 17 19] [

--- TARGET LETTERS ---

[np.int64(11), np.int64(15), np.int64(17), np.int64(19)]
Full Qwen output: [d f g h]
trial 2 of 10...
trial 3 of 10...
trial 4 of 10...
trial 5 of 10...
trial 6 of 10...
trial 7 of 10...
trial 8 of 10...
trial 9 of 10...
trial 10 of 10...
Problem type: 2gen_split5 - 11/20
trial 1 of 10...

=== PROMPT ===

Use the following alphabet to complete the pattern.

a b c d e f g h i j k l m n o p q r s t u v w x y z

Note that the alphabet may be in an unfamiliar order. Complete the pattern using this order. Answer with only the final answer between double brackets and nothing else.

[s t u v] [s t u w]
[11 12 13 14 15 16 17 18] [

--- TARGET LETTERS ---

[np.int64(11), np.int64(12), np.int64(13), np.int64(14), np.int64(15), np.int64(16), np.int64(17), np.int64(19)]
Full Qwen output: [11 12 13 14 15 16 17 18] [11 12 13 19]  

Final answer: [[11 12 13 19]]
Filtered Qwen output: 11 12 13 19
trial 2 of 10...
trial 3 of 10...
trial 4 of 10...
trial 5 of 10...
trial 6 of 10...
trial 7 of 10...
trial 8 of 10...
trial 9 of 10...
trial 10 of 10...
Problem type: 2gen_split6 - 12/20
trial 1 of 10...

=== PROMPT ===

Use the following alphabet to complete the pattern.

a b c d e f g h i j k l m n o p q r s t u v w x y z

Note that the alphabet may be in an unfamiliar order. Complete the pattern using this order. Answer with only the final answer between double brackets and nothing else.

[m n o p] [m n o q]
[x x w w v v u u] [

--- TARGET LETTERS ---

['x', 'x', 'w', 'w', 'v', 'v', 't', 't']
Full Qwen output: [ x x w w v v u u ] [ x x w w v v u v ]  

**Final Answer:** [[x x w w v v u u] [x x w w v v u v]]
Filtered Qwen output: x x w w v v u u] [x x w w v v u v
trial 2 of 10...
trial 3 of 10...
trial 4 of 10...
trial 5 of 10...
trial 6 of 10...
trial 7 of 10...
trial 8 of 10...
trial 9 of 10...
trial 10 of 10...
Problem type: 2gensplit7 - 13/20
trial 1 of 10...

=== PROMPT ===

Use the following alphabet to complete the pattern.

a b c d e f g h i j k l m n o p q r s t u v w x y z

Note that the alphabet may be in an unfamiliar order. Complete the pattern using this order. Answer with only the final answer between double brackets and nothing else.

[h k j i l] [h i j k l]
[f f e e d d b b c c] [

--- TARGET LETTERS ---

['f', 'f', 'e', 'e', 'd', 'd', 'c', 'c', 'b', 'b']
Full Qwen output: [f f e e d d b b c c] [f e d b c]  

**Final Answer:** [[f e d b c]]
Filtered Qwen output: f e d b c
trial 2 of 10...
trial 3 of 10...
trial 4 of 10...
trial 5 of 10...
trial 6 of 10...
trial 7 of 10...
trial 8 of 10...
trial 9 of 10...
trial 10 of 10...
Problem type: 3gen_split1 - 14/20
trial 1 of 10...

=== PROMPT ===

Use the following alphabet to complete the pattern.

a b c d e f g h i j k l m n o p q r s t u v w x y z

Note that the alphabet may be in an unfamiliar order. Complete the pattern using this order. Answer with only the final answer between double brackets and nothing else.

[v w x y] [u w x y]
[22 0 21 0 20 0 19 0] [

--- TARGET LETTERS ---

[np.int64(23), '0', np.int64(21), '0', np.int64(20), '0', np.int64(19), '0']
Full Qwen output: [18 0 20 0 21 0 22 0]  

The pattern involves alternating letters from the given sequence and inserting a zero between each letter's position in the alphabet. The first sequence [v w x y] corresponds to positions 22, 23, 24, 25. The second sequence [u w x y] corresponds to positions 21, 23, 24, 25. The next logical sequence would be [t v w x], which corresponds to positions 20, 22, 23,
trial 2 of 10...
trial 3 of 10...
trial 4 of 10...
trial 5 of 10...
trial 6 of 10...
trial 7 of 10...
trial 8 of 10...
trial 9 of 10...
trial 10 of 10...
Problem type: 3gen_split2 - 15/20
trial 1 of 10...

=== PROMPT ===

Use the following alphabet to complete the pattern.

a b c d e f g h i j k l m n o p q r s t u v w x y z

Note that the alphabet may be in an unfamiliar order. Complete the pattern using this order. Answer with only the final answer between double brackets and nothing else.

[j m n o p] [l m n o p]
[p p x x e e x x f f x x g g x x h h x x i i x x j j x x k k x x l l x x] [

--- TARGET LETTERS ---

['d', 'd', 'x', 'x', 'e', 'e', 'x', 'x', 'f', 'f', 'x', 'x', 'g', 'g', 'x', 'x', 'h', 'h', 'x', 'x', 'i', 'i', 'x', 'x', 'j', 'j', 'x', 'x', 'k', 'k', 'x', 'x', 'l', 'l', 'x', 'x']
Full Qwen output: [[p p x x e e x x f f x x g g x x h h x x i i x x j j x x k k x x l l x x]]
Filtered Qwen output: p p x x e e x x f f x x g g x x h h x x i i x x j j x x k k x x l l x x
trial 2 of 10...
trial 3 of 10...
trial 4 of 10...
trial 5 of 10...
trial 6 of 10...
trial 7 of 10...
trial 8 of 10...
trial 9 of 10...
trial 10 of 10...
Problem type: 3gen_split3 - 16/20
trial 1 of 10...

=== PROMPT ===

Use the following alphabet to complete the pattern.

a b c d e f g h i j k l m n o p q r s t u v w x y z

Note that the alphabet may be in an unfamiliar order. Complete the pattern using this order. Answer with only the final answer between double brackets and nothing else.

[f g h i] [f g h j]
[2 4 6 8 10 12 14 16] [

--- TARGET LETTERS ---

[np.int64(2), np.int64(4), np.int64(6), np.int64(8), np.int64(10), np.int64(12), np.int64(14), np.int64(18)]
Full Qwen output: [f g h i] [f g h j]  
This pattern shows that the first group is [f, g, h, i], and the second group is [f, g, h, j]. The difference is that the last letter in the second group is changed from "i" to "j".

Applying the same logic to the numerical sequence:  
[2 4 6 8 10 12 14 16] [?

The first group is [2, 4, 6, 8, 10, 12, 14, 1
trial 2 of 10...
trial 3 of 10...
trial 4 of 10...
trial 5 of 10...
trial 6 of 10...
trial 7 of 10...
trial 8 of 10...
trial 9 of 10...
trial 10 of 10...
Problem type: 3gen_split4 - 17/20
trial 1 of 10...

=== PROMPT ===

Use the following alphabet to complete the pattern.

a b c d e f g h i j k l m n o p q r s t u v w x y z

Note that the alphabet may be in an unfamiliar order. Complete the pattern using this order. Answer with only the final answer between double brackets and nothing else.

[g k i j h] [g h i j k]
[10 15 14 13 12 11 16 9 8] [

--- TARGET LETTERS ---

[np.int64(16), np.int64(15), np.int64(14), np.int64(13), np.int64(12), np.int64(11), np.int64(10), np.int64(9), np.int64(8)]
Full Qwen output: [[g k i j h] [g h i j k] corresponds to [10 15 14 13 12 11 16 9 8]. Let's analyze the pattern.

First, map the letters to their positions in the given alphabet:

a b c d e f g h i j k l m n o p q r s t u v w x y z

Let’s assign positions from 1 to 26:

a=1, b=2, c=3, d=4, e=5, f=6, g=7,
trial 2 of 10...
trial 3 of 10...
trial 4 of 10...
trial 5 of 10...
trial 6 of 10...
trial 7 of 10...
trial 8 of 10...
trial 9 of 10...
trial 10 of 10...
Problem type: 3gen_split5 - 18/20
trial 1 of 10...

=== PROMPT ===

Use the following alphabet to complete the pattern.

a b c d e f g h i j k l m n o p q r s t u v w x y z

Note that the alphabet may be in an unfamiliar order. Complete the pattern using this order. Answer with only the final answer between double brackets and nothing else.

[e f g h] [e f g i]
[8 0 9 0 10 0 11 0 12 0 13 0 14 0 15 0] [

--- TARGET LETTERS ---

[np.int64(8), '0', np.int64(9), '0', np.int64(10), '0', np.int64(11), '0', np.int64(12), '0', np.int64(13), '0', np.int64(14), '0', np.int64(16), '0']
Full Qwen output: [[e f g j]]
Filtered Qwen output: e f g j
trial 2 of 10...
trial 3 of 10...
trial 4 of 10...
trial 5 of 10...
trial 6 of 10...
trial 7 of 10...
trial 8 of 10...
trial 9 of 10...
trial 10 of 10...
Problem type: 3gen_split6 - 19/20
trial 1 of 10...

=== PROMPT ===

Use the following alphabet to complete the pattern.

a b c d e f g h i j k l m n o p q r s t u v w x y z

Note that the alphabet may be in an unfamiliar order. Complete the pattern using this order. Answer with only the final answer between double brackets and nothing else.

[j g h i f] [f g h i j]
[r x t x p x n x l x] [

--- TARGET LETTERS ---

['t', 'x', 'r', 'x', 'p', 'x', 'n', 'x', 'l', 'x']
Full Qwen output: [**r x t x p x n x l x**] [**l x n x p x t x x r**]  

**Final Answer:** [[r x t x p x n x l x] [l x n x p x t x x r]]
Filtered Qwen output: r x t x p x n x l x] [l x n x p x t x x r
trial 2 of 10...
trial 3 of 10...
trial 4 of 10...
trial 5 of 10...
trial 6 of 10...
trial 7 of 10...
trial 8 of 10...
trial 9 of 10...
trial 10 of 10...
Problem type: 3gensplit7 - 20/20
trial 1 of 10...

=== PROMPT ===

Use the following alphabet to complete the pattern.

a b c d e f g h i j k l m n o p q r s t u v w x y z

Note that the alphabet may be in an unfamiliar order. Complete the pattern using this order. Answer with only the final answer between double brackets and nothing else.

[m n o p] [m n o p q]
[25 23 21] [

--- TARGET LETTERS ---

[np.int64(25), np.int64(23), np.int64(21), np.int64(19)]
Full Qwen output: [25 23 21 19]  

The pattern shows that each group adds the next letter in the sequence. The first group has 4 letters, the second has 5, so the next should have 6. The numbers decrease by 2 each time: 25, 23, 21, 19.

Final answer: [[25 23 21 19]]
Filtered Qwen output: 25 23 21 19
trial 2 of 10...
trial 3 of 10...
trial 4 of 10...
trial 5 of 10...
trial 6 of 10...
trial 7 of 10...
trial 8 of 10...
trial 9 of 10...
trial 10 of 10...
alph_1
a b c d e f g h i j k l m n o p q r s t u v w x y z
Problem type: larger_int - 1/20
trial 1 of 10...

=== PROMPT ===

Use the following alphabet to complete the pattern.

a b c d e f g h i j k l m n o p q r s t u v w x y z

Note that the alphabet may be in an unfamiliar order. Complete the pattern using this order. Answer with only the final answer between double brackets and nothing else.

[a b c d] [a b c e]
[e g i k] [

--- TARGET LETTERS ---

['e', 'g', 'i', 'm']
Full Qwen output: [e g i m]  

**Explanation:**  
Looking at the pattern:

- First group: [a b c d]  
- Second group: [a b c e] → The fourth letter changes from **d** to **e**

- Third group: [e g i k]  
- Fourth group: [e g i m] → The fourth letter changes from **k** to **m**

The pattern is that in each pair of groups, the fourth letter increases by 1 in the second group of each pair.  
So, the answer is **[e g i m]**.  

Final answer: [[e
trial 2 of 10...
trial 3 of 10...
trial 4 of 10...
trial 5 of 10...
trial 6 of 10...
trial 7 of 10...
trial 8 of 10...
trial 9 of 10...
trial 10 of 10...
Problem type: longer_targ - 2/20
trial 1 of 10...

=== PROMPT ===

Use the following alphabet to complete the pattern.

a b c d e f g h i j k l m n o p q r s t u v w x y z

Note that the alphabet may be in an unfamiliar order. Complete the pattern using this order. Answer with only the final answer between double brackets and nothing else.

[g h i j] [g h i k]
[b c d e f g h i] [

--- TARGET LETTERS ---

['b', 'c', 'd', 'e', 'f', 'g', 'h', 'j']
Full Qwen output: [[b c d e f g h j]]
Filtered Qwen output: b c d e f g h j
trial 2 of 10...
trial 3 of 10...
trial 4 of 10...
trial 5 of 10...
trial 6 of 10...
trial 7 of 10...
trial 8 of 10...
trial 9 of 10...
trial 10 of 10...
Problem type: group - 3/20
trial 1 of 10...

=== PROMPT ===

Use the following alphabet to complete the pattern.

a b c d e f g h i j k l m n o p q r s t u v w x y z

Note that the alphabet may be in an unfamiliar order. Complete the pattern using this order. Answer with only the final answer between double brackets and nothing else.

[b c d e] [a c d e]
[k k l l m m n n] [

--- TARGET LETTERS ---

['j', 'j', 'l', 'l', 'm', 'm', 'n', 'n']
Full Qwen output: [j j k k l l m m] 

The pattern shows that the second group is the same as the first group but with the first element moved to the end.  
So, [k k l l m m n n] becomes [j j k k l l m m].  

Final answer: [[j j k k l l m m]]
Filtered Qwen output: j j k k l l m m
trial 2 of 10...
trial 3 of 10...
trial 4 of 10...
trial 5 of 10...
trial 6 of 10...
trial 7 of 10...
trial 8 of 10...
trial 9 of 10...
trial 10 of 10...
Problem type: interleaved - 4/20
trial 1 of 10...

=== PROMPT ===

Use the following alphabet to complete the pattern.

a b c d e f g h i j k l m n o p q r s t u v w x y z

Note that the alphabet may be in an unfamiliar order. Complete the pattern using this order. Answer with only the final answer between double brackets and nothing else.

[a b g d e] [a b c d e]
[j x k x l x m x p x] [

--- TARGET LETTERS ---

['j', 'x', 'k', 'x', 'l', 'x', 'm', 'x', 'n', 'x']
Full Qwen output: [j x k x l x m x p x] [q x r x s x t x]  

Final answer: [[q x r x s x t x]]
Filtered Qwen output: q x r x s x t x
trial 2 of 10...
trial 3 of 10...
trial 4 of 10...
trial 5 of 10...
trial 6 of 10...
trial 7 of 10...
trial 8 of 10...
trial 9 of 10...
trial 10 of 10...
Problem type: letter2num - 5/20
trial 1 of 10...

=== PROMPT ===

Use the following alphabet to complete the pattern.

a b c d e f g h i j k l m n o p q r s t u v w x y z

Note that the alphabet may be in an unfamiliar order. Complete the pattern using this order. Answer with only the final answer between double brackets and nothing else.

[h i j k] [h i j l]
[4 5 6 7] [

--- TARGET LETTERS ---

[np.int64(4), np.int64(5), np.int64(6), np.int64(8)]
Full Qwen output: [4 5 6 8]  

The pattern follows the position of letters in the given alphabet. The first group [h i j k] corresponds to positions 4, 5, 6, 7. The second group [h i j l] corresponds to positions 4, 5, 6, 8. So the next group should be [4 5 6 8].  

Final answer: [[4 5 6 8]]
Filtered Qwen output: 4 5 6 8
trial 2 of 10...
trial 3 of 10...
trial 4 of 10...
trial 5 of 10...
trial 6 of 10...
trial 7 of 10...
trial 8 of 10...
trial 9 of 10...
trial 10 of 10...
Problem type: reverse - 6/20
trial 1 of 10...

=== PROMPT ===

Use the following alphabet to complete the pattern.

a b c d e f g h i j k l m n o p q r s t u v w x y z

Note that the alphabet may be in an unfamiliar order. Complete the pattern using this order. Answer with only the final answer between double brackets and nothing else.

[v w w x y z] [v w x y z]
[n n m l k j] [

--- TARGET LETTERS ---

['n', 'm', 'l', 'k', 'j']
Full Qwen output: [ n m l k j i ]
trial 2 of 10...
trial 3 of 10...
trial 4 of 10...
trial 5 of 10...
trial 6 of 10...
trial 7 of 10...
trial 8 of 10...
trial 9 of 10...
trial 10 of 10...
Problem type: 2gen_split1 - 7/20
trial 1 of 10...

=== PROMPT ===

Use the following alphabet to complete the pattern.

a b c d e f g h i j k l m n o p q r s t u v w x y z

Note that the alphabet may be in an unfamiliar order. Complete the pattern using this order. Answer with only the final answer between double brackets and nothing else.

[f n o p q] [m n o p q]
[14 16 18 20 9] [

--- TARGET LETTERS ---

[np.int64(14), np.int64(16), np.int64(18), np.int64(20), np.int64(22)]
Full Qwen output: To solve the analogy, we need to understand the relationship between the two groups of letters:  
**[f n o p q]** and **[m n o p q]**.

First, let's map the letters to their positions in the given alphabet:

Given alphabet:  
**a b c d e f g h i j k l m n o p q r s t u v w x y z**

Now, let's find the positions of the letters in the first group:  
- f = 6  
- n = 14  
- o = 15  
- p = 16  
-
trial 2 of 10...
trial 3 of 10...
trial 4 of 10...
trial 5 of 10...
trial 6 of 10...
trial 7 of 10...
trial 8 of 10...
trial 9 of 10...
trial 10 of 10...
Problem type: 2gen_split2 - 8/20
trial 1 of 10...

=== PROMPT ===

Use the following alphabet to complete the pattern.

a b c d e f g h i j k l m n o p q r s t u v w x y z

Note that the alphabet may be in an unfamiliar order. Complete the pattern using this order. Answer with only the final answer between double brackets and nothing else.

[o p q r] [o p q s]
[g x h x i x j x k x l x m x n x] [

--- TARGET LETTERS ---

['g', 'x', 'h', 'x', 'i', 'x', 'j', 'x', 'k', 'x', 'l', 'x', 'm', 'x', 'o', 'x']
Full Qwen output: [g x h x i x j x k x l x m x n x] [g x h x i x j x k x l x m x n y]  

Final answer: [[g x h x i x j x k x l x m x n y]]
Filtered Qwen output: g x h x i x j x k x l x m x n y
trial 2 of 10...
trial 3 of 10...
trial 4 of 10...
trial 5 of 10...
trial 6 of 10...
trial 7 of 10...
trial 8 of 10...
trial 9 of 10...
trial 10 of 10...
Problem type: 2gen_split3 - 9/20
trial 1 of 10...

=== PROMPT ===

Use the following alphabet to complete the pattern.

a b c d e f g h i j k l m n o p q r s t u v w x y z

Note that the alphabet may be in an unfamiliar order. Complete the pattern using this order. Answer with only the final answer between double brackets and nothing else.

[a b b c d e] [a b c d e]
[f f x x g g x x h h x x h h x x i i x x j j x x] [

--- TARGET LETTERS ---

['f', 'f', 'x', 'x', 'g', 'g', 'x', 'x', 'h', 'h', 'x', 'x', 'i', 'i', 'x', 'x', 'j', 'j', 'x', 'x']
Full Qwen output: [f f x x g g x x h h x x h h x x i i x x j j x x] [g g x x i i x x j j x x j j x x k k x x l l x x]
trial 2 of 10...
trial 3 of 10...
trial 4 of 10...
trial 5 of 10...
trial 6 of 10...
trial 7 of 10...
trial 8 of 10...
trial 9 of 10...
trial 10 of 10...
Problem type: 2gen_split4 - 10/20
trial 1 of 10...

=== PROMPT ===

Use the following alphabet to complete the pattern.

a b c d e f g h i j k l m n o p q r s t u v w x y z

Note that the alphabet may be in an unfamiliar order. Complete the pattern using this order. Answer with only the final answer between double brackets and nothing else.

[i j k l] [i j k m]
[t t s s r r q q] [

--- TARGET LETTERS ---

['t', 't', 's', 's', 'r', 'r', 'p', 'p']
Full Qwen output: [t t s s r r q q] [t t s s r r q p]  

**Final Answer:** [[t t s s r r q p]]
Filtered Qwen output: t t s s r r q p
trial 2 of 10...
trial 3 of 10...
trial 4 of 10...
trial 5 of 10...
trial 6 of 10...
trial 7 of 10...
trial 8 of 10...
trial 9 of 10...
trial 10 of 10...
Problem type: 2gen_split5 - 11/20
trial 1 of 10...

=== PROMPT ===

Use the following alphabet to complete the pattern.

a b c d e f g h i j k l m n o p q r s t u v w x y z

Note that the alphabet may be in an unfamiliar order. Complete the pattern using this order. Answer with only the final answer between double brackets and nothing else.

[t d e f g] [c d e f g]
[a x r x q x p x o x] [

--- TARGET LETTERS ---

['s', 'x', 'r', 'x', 'q', 'x', 'p', 'x', 'o', 'x']
Full Qwen output: [b x s x r x q x p x o x]
trial 2 of 10...
trial 3 of 10...
trial 4 of 10...
trial 5 of 10...
trial 6 of 10...
trial 7 of 10...
trial 8 of 10...
trial 9 of 10...
trial 10 of 10...
Problem type: 2gen_split6 - 12/20
trial 1 of 10...

=== PROMPT ===

Use the following alphabet to complete the pattern.

a b c d e f g h i j k l m n o p q r s t u v w x y z

Note that the alphabet may be in an unfamiliar order. Complete the pattern using this order. Answer with only the final answer between double brackets and nothing else.

[d e f g g h] [d e f g h]
[o o p p q q r r s s t t t t u u v v w w] [

--- TARGET LETTERS ---

['o', 'o', 'p', 'p', 'q', 'q', 'r', 'r', 's', 's', 't', 't', 'u', 'u', 'v', 'v', 'w', 'w']
Full Qwen output: [[o p q r s t u v w]]
Filtered Qwen output: o p q r s t u v w
trial 2 of 10...
trial 3 of 10...
trial 4 of 10...
trial 5 of 10...
trial 6 of 10...
trial 7 of 10...
trial 8 of 10...
trial 9 of 10...
trial 10 of 10...
Problem type: 2gensplit7 - 13/20
trial 1 of 10...

=== PROMPT ===

Use the following alphabet to complete the pattern.

a b c d e f g h i j k l m n o p q r s t u v w x y z

Note that the alphabet may be in an unfamiliar order. Complete the pattern using this order. Answer with only the final answer between double brackets and nothing else.

[v w x y] [u w x y]
[9 0 10 0 11 0 12 0] [

--- TARGET LETTERS ---

[np.int64(8), '0', np.int64(10), '0', np.int64(11), '0', np.int64(12), '0']
Full Qwen output: [8 0 9 0 10 0 11 0]  

The pattern shows that each letter in the first group is shifted backward by one in the alphabet, and the numbers follow the same pattern. The second group starts with "u" (which is 8 in the given alphabet order), and the numbers follow the same pattern: 8 0 9 0 10 0 11 0.

Final answer: [[8 0 9 0 10 0 11 0]]
Filtered Qwen output: 8 0 9 0 10 0 11 0
trial 2 of 10...
trial 3 of 10...
trial 4 of 10...
trial 5 of 10...
trial 6 of 10...
trial 7 of 10...
trial 8 of 10...
trial 9 of 10...
trial 10 of 10...
Problem type: 3gen_split1 - 14/20
trial 1 of 10...

=== PROMPT ===

Use the following alphabet to complete the pattern.

a b c d e f g h i j k l m n o p q r s t u v w x y z

Note that the alphabet may be in an unfamiliar order. Complete the pattern using this order. Answer with only the final answer between double brackets and nothing else.

[l m n o] [k m n o]
[i x k x m x o x q x s x u x w x] [

--- TARGET LETTERS ---

['g', 'x', 'k', 'x', 'm', 'x', 'o', 'x', 'q', 'x', 's', 'x', 'u', 'x', 'w', 'x']
Full Qwen output: [i x k x m x o x q x s x u x w x] [g x i x k x m x o x q x s x u x w x]  

**Answer:** [[i x k x m x o x q x s x u x w x] [g x i x k x m x o x q x s x u x w x]]
Filtered Qwen output: i x k x m x o x q x s x u x w x] [g x i x k x m x o x q x s x u x w x
trial 2 of 10...
trial 3 of 10...
trial 4 of 10...
trial 5 of 10...
trial 6 of 10...
trial 7 of 10...
trial 8 of 10...
trial 9 of 10...
trial 10 of 10...
Problem type: 3gen_split2 - 15/20
trial 1 of 10...

=== PROMPT ===

Use the following alphabet to complete the pattern.

a b c d e f g h i j k l m n o p q r s t u v w x y z

Note that the alphabet may be in an unfamiliar order. Complete the pattern using this order. Answer with only the final answer between double brackets and nothing else.

[a b p d e] [a b c d e]
[3 0 5 0 7 0 4 0 11 0] [

--- TARGET LETTERS ---

[np.int64(3), '0', np.int64(5), '0', np.int64(7), '0', np.int64(9), '0', np.int64(11), '0']
Full Qwen output: [[a b c d e f g h i j k l m n o p q r s t u v w x y z]]
Filtered Qwen output: a b c d e f g h i j k l m n o p q r s t u v w x y z
trial 2 of 10...
trial 3 of 10...
trial 4 of 10...
trial 5 of 10...
trial 6 of 10...
trial 7 of 10...
trial 8 of 10...
trial 9 of 10...
trial 10 of 10...
Problem type: 3gen_split3 - 16/20
trial 1 of 10...

=== PROMPT ===

Use the following alphabet to complete the pattern.

a b c d e f g h i j k l m n o p q r s t u v w x y z

Note that the alphabet may be in an unfamiliar order. Complete the pattern using this order. Answer with only the final answer between double brackets and nothing else.

[m n o p w] [m n o p q]
[u u x x t t x x g g x x r r x x q q x x] [

--- TARGET LETTERS ---

['u', 'u', 'x', 'x', 't', 't', 'x', 'x', 's', 's', 'x', 'x', 'r', 'r', 'x', 'x', 'q', 'q', 'x', 'x']
Full Qwen output: [[u u x x t t x x g g x x r r x x q q x x] [u u x x t t x x g g x x r r x x q q x x s s x x]]
Filtered Qwen output: u u x x t t x x g g x x r r x x q q x x] [u u x x t t x x g g x x r r x x q q x x s s x x
trial 2 of 10...
trial 3 of 10...
trial 4 of 10...
trial 5 of 10...
trial 6 of 10...
trial 7 of 10...
trial 8 of 10...
trial 9 of 10...
trial 10 of 10...
Problem type: 3gen_split4 - 17/20
trial 1 of 10...

=== PROMPT ===

Use the following alphabet to complete the pattern.

a b c d e f g h i j k l m n o p q r s t u v w x y z

Note that the alphabet may be in an unfamiliar order. Complete the pattern using this order. Answer with only the final answer between double brackets and nothing else.

[p q r s] [p q r t]
[16 0 15 0 14 0 13 0] [

--- TARGET LETTERS ---

[np.int64(16), '0', np.int64(15), '0', np.int64(14), '0', np.int64(12), '0']
Full Qwen output: [16 0 15 0 14 0 13 0] [16 0 15 0 14 0 12 0]  

Final answer: [[16 0 15 0 14 0 12 0]]
Filtered Qwen output: 16 0 15 0 14 0 12 0
trial 2 of 10...
trial 3 of 10...
trial 4 of 10...
trial 5 of 10...
trial 6 of 10...
trial 7 of 10...
trial 8 of 10...
trial 9 of 10...
trial 10 of 10...
Problem type: 3gen_split5 - 18/20
trial 1 of 10...

=== PROMPT ===

Use the following alphabet to complete the pattern.

a b c d e f g h i j k l m n o p q r s t u v w x y z

Note that the alphabet may be in an unfamiliar order. Complete the pattern using this order. Answer with only the final answer between double brackets and nothing else.

[r p q o s] [o p q r s]
[k k m m o o i i g g] [

--- TARGET LETTERS ---

['o', 'o', 'm', 'm', 'k', 'k', 'i', 'i', 'g', 'g']
Full Qwen output: [ k k m m o o i i g g ] [ i i k k m m o o g g ]  

**Final Answer:** [[i i k k m m o o g g]]
Filtered Qwen output: i i k k m m o o g g
trial 2 of 10...
trial 3 of 10...
trial 4 of 10...
trial 5 of 10...
trial 6 of 10...
trial 7 of 10...
trial 8 of 10...
trial 9 of 10...
trial 10 of 10...
Problem type: 3gen_split6 - 19/20
trial 1 of 10...

=== PROMPT ===

Use the following alphabet to complete the pattern.

a b c d e f g h i j k l m n o p q r s t u v w x y z

Note that the alphabet may be in an unfamiliar order. Complete the pattern using this order. Answer with only the final answer between double brackets and nothing else.

[b b c d e f] [b c d e f]
[f f h h j j l l n n n n p p r r t t v v] [

--- TARGET LETTERS ---

['f', 'f', 'h', 'h', 'j', 'j', 'l', 'l', 'n', 'n', 'p', 'p', 'r', 'r', 't', 't', 'v', 'v']
Full Qwen output: [f f h h j j l l n n n n p p r r t t v v] [f h j l n p r t v]  

**Answer:** [[f h j l n p r t v]]
Filtered Qwen output: f h j l n p r t v
trial 2 of 10...
trial 3 of 10...
trial 4 of 10...
trial 5 of 10...
trial 6 of 10...
trial 7 of 10...
trial 8 of 10...
trial 9 of 10...
trial 10 of 10...
Problem type: 3gensplit7 - 20/20
trial 1 of 10...

=== PROMPT ===

Use the following alphabet to complete the pattern.

a b c d e f g h i j k l m n o p q r s t u v w x y z

Note that the alphabet may be in an unfamiliar order. Complete the pattern using this order. Answer with only the final answer between double brackets and nothing else.

[u v w x x y] [u v w x y]
[17 17 0 0 17 17 0 0 18 18 0 0 19 19 0 0 20 20 0 0 21 21 0 0] [

--- TARGET LETTERS ---

[np.int64(17), np.int64(17), '0', '0', np.int64(18), np.int64(18), '0', '0', np.int64(19), np.int64(19), '0', '0', np.int64(20), np.int64(20), '0', '0', np.int64(21), np.int64(21), '0', '0']
Full Qwen output: [[u v w x y z]]
Filtered Qwen output: u v w x y z
trial 2 of 10...
trial 3 of 10...
trial 4 of 10...
trial 5 of 10...
trial 6 of 10...
trial 7 of 10...
trial 8 of 10...
trial 9 of 10...
trial 10 of 10...
alph_2
a b c d e f g h i j k l m n o p q r s t u v w x y z
Problem type: larger_int - 1/20
trial 1 of 10...

=== PROMPT ===

Use the following alphabet to complete the pattern.

a b c d e f g h i j k l m n o p q r s t u v w x y z

Note that the alphabet may be in an unfamiliar order. Complete the pattern using this order. Answer with only the final answer between double brackets and nothing else.

[i b k l m] [i j k l m]
[p r t v e] [

--- TARGET LETTERS ---

['p', 'r', 't', 'v', 'x']
Full Qwen output: [p r t v e] [p q r s t]  

**Final Answer:** [[p q r s t]]
Filtered Qwen output: p q r s t
trial 2 of 10...
trial 3 of 10...
trial 4 of 10...
trial 5 of 10...
trial 6 of 10...
trial 7 of 10...
trial 8 of 10...
trial 9 of 10...
trial 10 of 10...
Problem type: longer_targ - 2/20
trial 1 of 10...

=== PROMPT ===

Use the following alphabet to complete the pattern.

a b c d e f g h i j k l m n o p q r s t u v w x y z

Note that the alphabet may be in an unfamiliar order. Complete the pattern using this order. Answer with only the final answer between double brackets and nothing else.

[m n o p] [l n o p]
[r s t u v w x y] [

--- TARGET LETTERS ---

['q', 's', 't', 'u', 'v', 'w', 'x', 'y']
Full Qwen output: [[q r s t u v w x]]
Filtered Qwen output: q r s t u v w x
trial 2 of 10...
trial 3 of 10...
trial 4 of 10...
trial 5 of 10...
trial 6 of 10...
trial 7 of 10...
trial 8 of 10...
trial 9 of 10...
trial 10 of 10...
Problem type: group - 3/20
trial 1 of 10...

=== PROMPT ===

Use the following alphabet to complete the pattern.

a b c d e f g h i j k l m n o p q r s t u v w x y z

Note that the alphabet may be in an unfamiliar order. Complete the pattern using this order. Answer with only the final answer between double brackets and nothing else.

[r s t a v] [r s t u v]
[j j k k c c m m n n] [

--- TARGET LETTERS ---

['j', 'j', 'k', 'k', 'l', 'l', 'm', 'm', 'n', 'n']
Full Qwen output: [j j k k c c m m n n] [j j k k c c m m n n o o]  

**Final Answer:** [[j j k k c c m m n n] [j j k k c c m m n n o o]]
Filtered Qwen output: j j k k c c m m n n] [j j k k c c m m n n o o
trial 2 of 10...
trial 3 of 10...
trial 4 of 10...
trial 5 of 10...
trial 6 of 10...
trial 7 of 10...
trial 8 of 10...
trial 9 of 10...
trial 10 of 10...
Problem type: interleaved - 4/20
trial 1 of 10...

=== PROMPT ===

Use the following alphabet to complete the pattern.

a b c d e f g h i j k l m n o p q r s t u v w x y z

Note that the alphabet may be in an unfamiliar order. Complete the pattern using this order. Answer with only the final answer between double brackets and nothing else.

[c d e f] [c d e g]
[o x p x q x r x] [

--- TARGET LETTERS ---

['o', 'x', 'p', 'x', 'q', 'x', 's', 'x']
Full Qwen output: [o x p x q x r x] [o x p x q x r y]  

Final answer: [[o x p x q x r x] [o x p x q x r y]]  
Answer: [[o x p x q x r y]]
Filtered Qwen output: o x p x q x r x] [o x p x q x r y
trial 2 of 10...
trial 3 of 10...
trial 4 of 10...
trial 5 of 10...
trial 6 of 10...
trial 7 of 10...
trial 8 of 10...
trial 9 of 10...
trial 10 of 10...
Problem type: letter2num - 5/20
trial 1 of 10...

=== PROMPT ===

Use the following alphabet to complete the pattern.

a b c d e f g h i j k l m n o p q r s t u v w x y z

Note that the alphabet may be in an unfamiliar order. Complete the pattern using this order. Answer with only the final answer between double brackets and nothing else.

[r s u t v] [r s t u v]
[5 9 7 8 6] [

--- TARGET LETTERS ---

[np.int64(5), np.int64(6), np.int64(7), np.int64(8), np.int64(9)]
Full Qwen output: [5 9 7 8 6] [5 9 8 7 6]  

The pattern in the second group mirrors the first group's order. The first group is [r s u t v], and the second is [r s t u v]. The letters in the second group are rearranged in a different order, but the numbers follow the same pattern of rearrangement.  

Final answer: [[5 9 8 7 6]]  

[[5 9 8 7 6]]
Filtered Qwen output: 5 9 8 7 6
trial 2 of 10...
trial 3 of 10...
trial 4 of 10...
trial 5 of 10...
trial 6 of 10...
trial 7 of 10...
trial 8 of 10...
trial 9 of 10...
trial 10 of 10...
Problem type: reverse - 6/20
trial 1 of 10...

=== PROMPT ===

Use the following alphabet to complete the pattern.

a b c d e f g h i j k l m n o p q r s t u v w x y z

Note that the alphabet may be in an unfamiliar order. Complete the pattern using this order. Answer with only the final answer between double brackets and nothing else.

[h i j k] [h i j k l]
[m l k j] [

--- TARGET LETTERS ---

['m', 'l', 'k', 'j', 'i']
Full Qwen output: [m l k j] [m l k j i]  

Final answer: [[m l k j i]]
Filtered Qwen output: m l k j i
trial 2 of 10...
trial 3 of 10...
trial 4 of 10...
trial 5 of 10...
trial 6 of 10...
trial 7 of 10...
trial 8 of 10...
trial 9 of 10...
trial 10 of 10...
Problem type: 2gen_split1 - 7/20
trial 1 of 10...

=== PROMPT ===

Use the following alphabet to complete the pattern.

a b c d e f g h i j k l m n o p q r s t u v w x y z

Note that the alphabet may be in an unfamiliar order. Complete the pattern using this order. Answer with only the final answer between double brackets and nothing else.

[g h i j] [g h i k]
[n n p p r r t t] [

--- TARGET LETTERS ---

['n', 'n', 'p', 'p', 'r', 'r', 'v', 'v']
Full Qwen output: [[n n p p r r t t] [n n p p r r t s]]
Filtered Qwen output: n n p p r r t t] [n n p p r r t s
trial 2 of 10...
trial 3 of 10...
trial 4 of 10...
trial 5 of 10...
trial 6 of 10...
trial 7 of 10...
trial 8 of 10...
trial 9 of 10...
trial 10 of 10...
Problem type: 2gen_split2 - 8/20
trial 1 of 10...

=== PROMPT ===

Use the following alphabet to complete the pattern.

a b c d e f g h i j k l m n o p q r s t u v w x y z

Note that the alphabet may be in an unfamiliar order. Complete the pattern using this order. Answer with only the final answer between double brackets and nothing else.

[j k l m] [j k l n]
[f f e e d d c c] [

--- TARGET LETTERS ---

['f', 'f', 'e', 'e', 'd', 'd', 'b', 'b']
Full Qwen output: [f f e e d d c c] [f f e e d d c c b b]  

**Final Answer:** [[f f e e d d c c] [f f e e d d c c b b]]
Filtered Qwen output: f f e e d d c c] [f f e e d d c c b b
trial 2 of 10...
trial 3 of 10...
trial 4 of 10...
trial 5 of 10...
trial 6 of 10...
trial 7 of 10...
trial 8 of 10...
trial 9 of 10...
trial 10 of 10...
Problem type: 2gen_split3 - 9/20
trial 1 of 10...

=== PROMPT ===

Use the following alphabet to complete the pattern.

a b c d e f g h i j k l m n o p q r s t u v w x y z

Note that the alphabet may be in an unfamiliar order. Complete the pattern using this order. Answer with only the final answer between double brackets and nothing else.

[t q r s p] [p q r s t]
[l x m x n x o x s x q x r x p x t x] [

--- TARGET LETTERS ---

['l', 'x', 'm', 'x', 'n', 'x', 'o', 'x', 'p', 'x', 'q', 'x', 'r', 'x', 's', 'x', 't', 'x']
Full Qwen output: [[l x m x n x o x s x q x r x p x t x] [k x l x m x n x o x s x q x r x p x t x]]
Filtered Qwen output: l x m x n x o x s x q x r x p x t x] [k x l x m x n x o x s x q x r x p x t x
trial 2 of 10...
trial 3 of 10...
trial 4 of 10...
trial 5 of 10...
trial 6 of 10...
trial 7 of 10...
trial 8 of 10...
trial 9 of 10...
trial 10 of 10...
Problem type: 2gen_split4 - 10/20
trial 1 of 10...

=== PROMPT ===

Use the following alphabet to complete the pattern.

a b c d e f g h i j k l m n o p q r s t u v w x y z

Note that the alphabet may be in an unfamiliar order. Complete the pattern using this order. Answer with only the final answer between double brackets and nothing else.

[i j k l] [i j k l m]
[h x i x j x k x l x m x n x o x] [

--- TARGET LETTERS ---

['h', 'x', 'i', 'x', 'j', 'x', 'k', 'x', 'l', 'x', 'm', 'x', 'n', 'x', 'o', 'x', 'p', 'x']
Full Qwen output: [h x i x j x k x l x m x n x o x] [h x i x j x k x l x m x n x o x p x q x r x s x t x u x v x w x x y x z x]  

Final answer: [[h x i x j x k x l x m x n x o x] [h x i x j x k x l x m x n x o x p x q x r x s x t x u x v x w x x y x z x]]  

But since the question asks for only the final answer
Filtered Qwen output: h x i x j x k x l x m x n x o x] [h x i x j x k x l x m x n x o x p x q x r x s x t x u x v x w x x y x z x
trial 2 of 10...
trial 3 of 10...
trial 4 of 10...
trial 5 of 10...
trial 6 of 10...
trial 7 of 10...
trial 8 of 10...
trial 9 of 10...
trial 10 of 10...
Problem type: 2gen_split5 - 11/20
trial 1 of 10...

=== PROMPT ===

Use the following alphabet to complete the pattern.

a b c d e f g h i j k l m n o p q r s t u v w x y z

Note that the alphabet may be in an unfamiliar order. Complete the pattern using this order. Answer with only the final answer between double brackets and nothing else.

[c d e f] [c d e f g]
[18 18 19 19 20 20 21 21] [

--- TARGET LETTERS ---

[np.int64(18), np.int64(18), np.int64(19), np.int64(19), np.int64(20), np.int64(20), np.int64(21), np.int64(21), np.int64(22), np.int64(22)]
Full Qwen output: [[c d e f g h i j]]
Filtered Qwen output: c d e f g h i j
trial 2 of 10...
trial 3 of 10...
trial 4 of 10...
trial 5 of 10...
trial 6 of 10...
trial 7 of 10...
trial 8 of 10...
trial 9 of 10...
trial 10 of 10...
Problem type: 2gen_split6 - 12/20
trial 1 of 10...

=== PROMPT ===

Use the following alphabet to complete the pattern.

a b c d e f g h i j k l m n o p q r s t u v w x y z

Note that the alphabet may be in an unfamiliar order. Complete the pattern using this order. Answer with only the final answer between double brackets and nothing else.

[d e f g h h] [d e f g h]
[e e g i k m o q s u] [

--- TARGET LETTERS ---

['e', 'g', 'i', 'k', 'm', 'o', 'q', 's', 'u']
Full Qwen output: [[e e g i k m o q s u] [e e g i k m o q s u]]
Filtered Qwen output: e e g i k m o q s u] [e e g i k m o q s u
trial 2 of 10...
trial 3 of 10...
trial 4 of 10...
trial 5 of 10...
trial 6 of 10...
trial 7 of 10...
trial 8 of 10...
trial 9 of 10...
trial 10 of 10...
Problem type: 2gensplit7 - 13/20
trial 1 of 10...

=== PROMPT ===

Use the following alphabet to complete the pattern.

a b c d e f g h i j k l m n o p q r s t u v w x y z

Note that the alphabet may be in an unfamiliar order. Complete the pattern using this order. Answer with only the final answer between double brackets and nothing else.

[h i j k] [h i j l]
[b d f h j l n p] [

--- TARGET LETTERS ---

['b', 'd', 'f', 'h', 'j', 'l', 'n', 'r']
Full Qwen output: [b d f h j l n p] [b d f h j l n q]  

**Final Answer:** [[b d f h j l n p] [b d f h j l n q]]
Filtered Qwen output: b d f h j l n p] [b d f h j l n q
trial 2 of 10...
trial 3 of 10...
trial 4 of 10...
trial 5 of 10...
trial 6 of 10...
trial 7 of 10...
trial 8 of 10...
trial 9 of 10...
trial 10 of 10...
Problem type: 3gen_split1 - 14/20
trial 1 of 10...

=== PROMPT ===

Use the following alphabet to complete the pattern.

a b c d e f g h i j k l m n o p q r s t u v w x y z

Note that the alphabet may be in an unfamiliar order. Complete the pattern using this order. Answer with only the final answer between double brackets and nothing else.

[h i k j l] [h i j k l]
[8 8 6 6 7 7 5 5 4 4] [

--- TARGET LETTERS ---

[np.int64(8), np.int64(8), np.int64(7), np.int64(7), np.int64(6), np.int64(6), np.int64(5), np.int64(5), np.int64(4), np.int64(4)]
Full Qwen output: To solve the analogy, we need to understand the pattern between the two groups of letters and numbers.

### Step 1: Analyze the letter pattern
First group: **[h i k j l]**  
Second group: **[h i j k l]**

We can see that the second group is a rearrangement of the first group. Specifically, the order of **k** and **j** is swapped.

So the pattern is:  
**[h i k j l] → [h i j k l]**

This suggests that the letters are being reordered in a specific way.

### Step 2: Analy
trial 2 of 10...
trial 3 of 10...
trial 4 of 10...
trial 5 of 10...
trial 6 of 10...
trial 7 of 10...
trial 8 of 10...
trial 9 of 10...
trial 10 of 10...
Problem type: 3gen_split2 - 15/20
trial 1 of 10...

=== PROMPT ===

Use the following alphabet to complete the pattern.

a b c d e f g h i j k l m n o p q r s t u v w x y z

Note that the alphabet may be in an unfamiliar order. Complete the pattern using this order. Answer with only the final answer between double brackets and nothing else.

[r a t u v] [r s t u v]
[v x t x r x w x n x] [

--- TARGET LETTERS ---

['v', 'x', 't', 'x', 'r', 'x', 'p', 'x', 'n', 'x']
Full Qwen output: [v x t x r x w x n x] [v x t x r x w x n x]  

The pattern is repeating the same sequence.  

Final answer: [[v x t x r x w x n x]]
Filtered Qwen output: v x t x r x w x n x
trial 2 of 10...
trial 3 of 10...
trial 4 of 10...
trial 5 of 10...
trial 6 of 10...
trial 7 of 10...
trial 8 of 10...
trial 9 of 10...
trial 10 of 10...
Problem type: 3gen_split3 - 16/20
trial 1 of 10...

=== PROMPT ===

Use the following alphabet to complete the pattern.

a b c d e f g h i j k l m n o p q r s t u v w x y z

Note that the alphabet may be in an unfamiliar order. Complete the pattern using this order. Answer with only the final answer between double brackets and nothing else.

[m n o p] [m n o q]
[7 0 9 0 11 0 13 0] [

--- TARGET LETTERS ---

[np.int64(7), '0', np.int64(9), '0', np.int64(11), '0', np.int64(15), '0']
Full Qwen output: [[7 0 9 0 11 0 13 0 7 0 9 0 11 0 13 0]]
Filtered Qwen output: 7 0 9 0 11 0 13 0 7 0 9 0 11 0 13 0
trial 2 of 10...
trial 3 of 10...
trial 4 of 10...
trial 5 of 10...
trial 6 of 10...
trial 7 of 10...
trial 8 of 10...
trial 9 of 10...
trial 10 of 10...
Problem type: 3gen_split4 - 17/20
trial 1 of 10...

=== PROMPT ===

Use the following alphabet to complete the pattern.

a b c d e f g h i j k l m n o p q r s t u v w x y z

Note that the alphabet may be in an unfamiliar order. Complete the pattern using this order. Answer with only the final answer between double brackets and nothing else.

[b c c d e f] [b c d e f]
[11 11 0 0 11 11 0 0 12 12 0 0 13 13 0 0 14 14 0 0 15 15 0 0] [

--- TARGET LETTERS ---

[np.int64(11), np.int64(11), '0', '0', np.int64(12), np.int64(12), '0', '0', np.int64(13), np.int64(13), '0', '0', np.int64(14), np.int64(14), '0', '0', np.int64(15), np.int64(15), '0', '0']
Full Qwen output: [[b c d e f g]]
Filtered Qwen output: b c d e f g
trial 2 of 10...
trial 3 of 10...
trial 4 of 10...
trial 5 of 10...
trial 6 of 10...
trial 7 of 10...
trial 8 of 10...
trial 9 of 10...
trial 10 of 10...
Problem type: 3gen_split5 - 18/20
trial 1 of 10...

=== PROMPT ===

Use the following alphabet to complete the pattern.

a b c d e f g h i j k l m n o p q r s t u v w x y z

Note that the alphabet may be in an unfamiliar order. Complete the pattern using this order. Answer with only the final answer between double brackets and nothing else.

[o p q r s s] [o p q r s]
[r r r r p p n n l l j j] [

--- TARGET LETTERS ---

['r', 'r', 'p', 'p', 'n', 'n', 'l', 'l', 'j', 'j']
Full Qwen output: [[r r r r p p n n l l j j] [r r r r p p n n l l j j]]
Filtered Qwen output: r r r r p p n n l l j j] [r r r r p p n n l l j j
trial 2 of 10...
trial 3 of 10...
trial 4 of 10...
trial 5 of 10...
trial 6 of 10...
trial 7 of 10...
trial 8 of 10...
trial 9 of 10...
trial 10 of 10...
Problem type: 3gen_split6 - 19/20
trial 1 of 10...

=== PROMPT ===

Use the following alphabet to complete the pattern.

a b c d e f g h i j k l m n o p q r s t u v w x y z

Note that the alphabet may be in an unfamiliar order. Complete the pattern using this order. Answer with only the final answer between double brackets and nothing else.

[b c d e] [b c d f]
[d d x x f f x x h h x x j j x x] [

--- TARGET LETTERS ---

['d', 'd', 'x', 'x', 'f', 'f', 'x', 'x', 'h', 'h', 'x', 'x', 'l', 'l', 'x', 'x']
Full Qwen output: [d d x x f f x x h h x x j j x x] [d d x x g g x x i i x x k k x x]  

**Final Answer:** [[d d x x g g x x i i x x k k x x]]
Filtered Qwen output: d d x x g g x x i i x x k k x x
trial 2 of 10...
trial 3 of 10...
trial 4 of 10...
trial 5 of 10...
trial 6 of 10...
trial 7 of 10...
trial 8 of 10...
trial 9 of 10...
trial 10 of 10...
Problem type: 3gensplit7 - 20/20
trial 1 of 10...

=== PROMPT ===

Use the following alphabet to complete the pattern.

a b c d e f g h i j k l m n o p q r s t u v w x y z

Note that the alphabet may be in an unfamiliar order. Complete the pattern using this order. Answer with only the final answer between double brackets and nothing else.

[a b c c d e] [a b c d e]
[p p x x r r x x t t x x v v x x x x x x x x x x] [

--- TARGET LETTERS ---

['p', 'p', 'x', 'x', 'r', 'r', 'x', 'x', 't', 't', 'x', 'x', 'v', 'v', 'x', 'x', 'x', 'x', 'x', 'x']
Full Qwen output: [[p p x x r r x x t t x x v v x x x x x x x x x x] [p p x x r r x x t t x x v v x x x x x x x x x x x x x x x x x x x x x x x x x x x x x x x x x x x x x x x x x x x x x x x x x x x x x x x x x x x x x x x x x x x x x x x x x x x x x x x x x x x x x x x
trial 2 of 10...
trial 3 of 10...
trial 4 of 10...
trial 5 of 10...
trial 6 of 10...
trial 7 of 10...
trial 8 of 10...
trial 9 of 10...
trial 10 of 10...
alph_3
a b c d e f g h i j k l m n o p q r s t u v w x y z
Problem type: larger_int - 1/20
trial 1 of 10...

=== PROMPT ===

Use the following alphabet to complete the pattern.

a b c d e f g h i j k l m n o p q r s t u v w x y z

Note that the alphabet may be in an unfamiliar order. Complete the pattern using this order. Answer with only the final answer between double brackets and nothing else.

[b c d e] [a c d e]
[i k m o] [

--- TARGET LETTERS ---

['g', 'k', 'm', 'o']
Full Qwen output: [j k m n]  

**Explanation:**  
Looking at the pattern:

- First pair: [b c d e] [a c d e]  
  - The second group is the same as the first, but with **b** removed and **a** added.

- Second pair: [i k m o] [?]  
  - Following the same logic: remove **i** and add **j**.

So the completed pattern is:  
[b c d e] [a c d e] [i k m o] [j k m n]  

**Final answer:** [[j k m n]]
Filtered Qwen output: j k m n
trial 2 of 10...
trial 3 of 10...
trial 4 of 10...
trial 5 of 10...
trial 6 of 10...
trial 7 of 10...
trial 8 of 10...
trial 9 of 10...
trial 10 of 10...
Problem type: longer_targ - 2/20
trial 1 of 10...

=== PROMPT ===

Use the following alphabet to complete the pattern.

a b c d e f g h i j k l m n o p q r s t u v w x y z

Note that the alphabet may be in an unfamiliar order. Complete the pattern using this order. Answer with only the final answer between double brackets and nothing else.

[k l m n] [k l m o]
[n o p q r s t u] [

--- TARGET LETTERS ---

['n', 'o', 'p', 'q', 'r', 's', 't', 'v']
Full Qwen output: [n o p q r s t v]
trial 2 of 10...
trial 3 of 10...
trial 4 of 10...
trial 5 of 10...
trial 6 of 10...
trial 7 of 10...
trial 8 of 10...
trial 9 of 10...
trial 10 of 10...
Problem type: group - 3/20
trial 1 of 10...

=== PROMPT ===

Use the following alphabet to complete the pattern.

a b c d e f g h i j k l m n o p q r s t u v w x y z

Note that the alphabet may be in an unfamiliar order. Complete the pattern using this order. Answer with only the final answer between double brackets and nothing else.

[c u e f g] [c d e f g]
[r r s s t t u u g g] [

--- TARGET LETTERS ---

['r', 'r', 's', 's', 't', 't', 'u', 'u', 'v', 'v']
Full Qwen output: [r r s s t t u u g g] [r s t u g]  

**Final Answer:** [[r s t u g]]  
[[r s t u g]]
Filtered Qwen output: r s t u g
trial 2 of 10...
trial 3 of 10...
trial 4 of 10...
trial 5 of 10...
trial 6 of 10...
trial 7 of 10...
trial 8 of 10...
trial 9 of 10...
trial 10 of 10...
Problem type: interleaved - 4/20
trial 1 of 10...

=== PROMPT ===

Use the following alphabet to complete the pattern.

a b c d e f g h i j k l m n o p q r s t u v w x y z

Note that the alphabet may be in an unfamiliar order. Complete the pattern using this order. Answer with only the final answer between double brackets and nothing else.

[q r s u t] [q r s t u]
[m x n x q x p x o x] [

--- TARGET LETTERS ---

['m', 'x', 'n', 'x', 'o', 'x', 'p', 'x', 'q', 'x']
Full Qwen output: [m x n x q x p x o x] [m x n x q x p x o x]  

The pattern is repeating the same sequence. The first part is [q r s u t] followed by [q r s t u], which shows a slight rearrangement. However, in the second pattern, the sequence [m x n x q x p x o x] is repeated, so the next part should be the same.

Final answer: [[m x n x q x p x o x]]  
**Answer:** [[m x n x q x p x o x]]
Filtered Qwen output: m x n x q x p x o x
trial 2 of 10...
trial 3 of 10...
trial 4 of 10...
trial 5 of 10...
trial 6 of 10...
trial 7 of 10...
trial 8 of 10...
trial 9 of 10...
trial 10 of 10...
Problem type: letter2num - 5/20
trial 1 of 10...

=== PROMPT ===

Use the following alphabet to complete the pattern.

a b c d e f g h i j k l m n o p q r s t u v w x y z

Note that the alphabet may be in an unfamiliar order. Complete the pattern using this order. Answer with only the final answer between double brackets and nothing else.

[q r w t u] [q r s t u]
[9 10 5 12 13] [

--- TARGET LETTERS ---

[np.int64(9), np.int64(10), np.int64(11), np.int64(12), np.int64(13)]
Full Qwen output: To solve the analogy, we need to understand the relationship between the two groups of letters and numbers.

Given:
- First group: [q r w t u]
- Second group: [q r s t u]
- Corresponding number group: [9 10 5 12 13]

We are to find the number pattern that corresponds to the first letter group [q r w t u].

### Step 1: Map letters to their positions in the given alphabet
The given alphabet is:
a b c d e f g h i j k l m n o p q r s t u v w
trial 2 of 10...
trial 3 of 10...
trial 4 of 10...
trial 5 of 10...
trial 6 of 10...
trial 7 of 10...
trial 8 of 10...
trial 9 of 10...
trial 10 of 10...
Problem type: reverse - 6/20
trial 1 of 10...

=== PROMPT ===

Use the following alphabet to complete the pattern.

a b c d e f g h i j k l m n o p q r s t u v w x y z

Note that the alphabet may be in an unfamiliar order. Complete the pattern using this order. Answer with only the final answer between double brackets and nothing else.

[s t u v] [s t u w]
[h g f e] [

--- TARGET LETTERS ---

['h', 'g', 'f', 'd']
Full Qwen output: [h g f d]  

The pattern involves shifting the last letter in the first group by one position forward in the given alphabet.  

- [s t u v] → [s t u w] (v → w)  
- [h g f e] → [h g f d] (e → d)  

Final answer: [[h g f d]]
Filtered Qwen output: h g f d
trial 2 of 10...
trial 3 of 10...
trial 4 of 10...
trial 5 of 10...
trial 6 of 10...
trial 7 of 10...
trial 8 of 10...
trial 9 of 10...
trial 10 of 10...
Problem type: 2gen_split1 - 7/20
trial 1 of 10...

=== PROMPT ===

Use the following alphabet to complete the pattern.

a b c d e f g h i j k l m n o p q r s t u v w x y z

Note that the alphabet may be in an unfamiliar order. Complete the pattern using this order. Answer with only the final answer between double brackets and nothing else.

[a b c d] [a b c e]
[m x o x q x s x] [

--- TARGET LETTERS ---

['m', 'x', 'o', 'x', 'q', 'x', 'u', 'x']
Full Qwen output: [[m x o x q x s x] [m x o x q x s x]]
Filtered Qwen output: m x o x q x s x] [m x o x q x s x
trial 2 of 10...
trial 3 of 10...
trial 4 of 10...
trial 5 of 10...
trial 6 of 10...
trial 7 of 10...
trial 8 of 10...
trial 9 of 10...
trial 10 of 10...
Problem type: 2gen_split2 - 8/20
trial 1 of 10...

=== PROMPT ===

Use the following alphabet to complete the pattern.

a b c d e f g h i j k l m n o p q r s t u v w x y z

Note that the alphabet may be in an unfamiliar order. Complete the pattern using this order. Answer with only the final answer between double brackets and nothing else.

[d e f g] [d e f g h]
[m x n x o x p x q x r x s x t x] [

--- TARGET LETTERS ---

['m', 'x', 'n', 'x', 'o', 'x', 'p', 'x', 'q', 'x', 'r', 'x', 's', 'x', 't', 'x', 'u', 'x']
Full Qwen output: [m x n x o x p x q x r x s x t x] [m x n x o x p x q x r x s x t x u x]  

Final answer: [[m x n x o x p x q x r x s x t x u x]]  

Answer: [[m x n x o x p x q x r x s x t x u x]]
Filtered Qwen output: m x n x o x p x q x r x s x t x u x
trial 2 of 10...
trial 3 of 10...
trial 4 of 10...
trial 5 of 10...
trial 6 of 10...
trial 7 of 10...
trial 8 of 10...
trial 9 of 10...
trial 10 of 10...
Problem type: 2gen_split3 - 9/20
trial 1 of 10...

=== PROMPT ===

Use the following alphabet to complete the pattern.

a b c d e f g h i j k l m n o p q r s t u v w x y z

Note that the alphabet may be in an unfamiliar order. Complete the pattern using this order. Answer with only the final answer between double brackets and nothing else.

[d e f g] [d e f g h]
[a x b x c x d x e x f x g x h x] [

--- TARGET LETTERS ---

['a', 'x', 'b', 'x', 'c', 'x', 'd', 'x', 'e', 'x', 'f', 'x', 'g', 'x', 'h', 'x', 'i', 'x']
Full Qwen output: [b x c x d x e x f x g x h x i x]
trial 2 of 10...
trial 3 of 10...
trial 4 of 10...
trial 5 of 10...
trial 6 of 10...
trial 7 of 10...
trial 8 of 10...
trial 9 of 10...
trial 10 of 10...
Problem type: 2gen_split4 - 10/20
trial 1 of 10...

=== PROMPT ===

Use the following alphabet to complete the pattern.

a b c d e f g h i j k l m n o p q r s t u v w x y z

Note that the alphabet may be in an unfamiliar order. Complete the pattern using this order. Answer with only the final answer between double brackets and nothing else.

[j k l m] [i k l m]
[m l k j i h g f] [

--- TARGET LETTERS ---

['n', 'l', 'k', 'j', 'i', 'h', 'g', 'f']
Full Qwen output: [[m l k j i h g f] [n l k j i h g f]]
Filtered Qwen output: m l k j i h g f] [n l k j i h g f
trial 2 of 10...
trial 3 of 10...
trial 4 of 10...
trial 5 of 10...
trial 6 of 10...
trial 7 of 10...
trial 8 of 10...
trial 9 of 10...
trial 10 of 10...
Problem type: 2gen_split5 - 11/20
trial 1 of 10...

=== PROMPT ===

Use the following alphabet to complete the pattern.

a b c d e f g h i j k l m n o p q r s t u v w x y z

Note that the alphabet may be in an unfamiliar order. Complete the pattern using this order. Answer with only the final answer between double brackets and nothing else.

[e f g h] [e f g h i]
[k k l l m m n n o o p p q q r r] [

--- TARGET LETTERS ---

['k', 'k', 'l', 'l', 'm', 'm', 'n', 'n', 'o', 'o', 'p', 'p', 'q', 'q', 'r', 'r', 's', 's']
Full Qwen output: [k k l l m m n n o o p p q q r r s s t t u u v v w w x x y y z z]  

[[k k l l m m n n o o p p q q r r] [s s t t u u v v w w x x y y z z]]  

Final answer: [[k k l l m m n n o o p p q q r r] [s s t t u u v v w w x x y y z z]]  

[[k k l l m m n n o o p p q q r r
Filtered Qwen output: k k l l m m n n o o p p q q r r] [s s t t u u v v w w x x y y z z
trial 2 of 10...
trial 3 of 10...
trial 4 of 10...
trial 5 of 10...
trial 6 of 10...
trial 7 of 10...
trial 8 of 10...
trial 9 of 10...
trial 10 of 10...
Problem type: 2gen_split6 - 12/20
trial 1 of 10...

=== PROMPT ===

Use the following alphabet to complete the pattern.

a b c d e f g h i j k l m n o p q r s t u v w x y z

Note that the alphabet may be in an unfamiliar order. Complete the pattern using this order. Answer with only the final answer between double brackets and nothing else.

[g g h i j k] [g h i j k]
[i x k x m x m x o x q x] [

--- TARGET LETTERS ---

['i', 'x', 'k', 'x', 'm', 'x', 'o', 'x', 'q', 'x']
Full Qwen output: [[i x k x m x m x o x q x] [i x k x m x o x q x]]
Filtered Qwen output: i x k x m x m x o x q x] [i x k x m x o x q x
trial 2 of 10...
trial 3 of 10...
trial 4 of 10...
trial 5 of 10...
trial 6 of 10...
trial 7 of 10...
trial 8 of 10...
trial 9 of 10...
trial 10 of 10...
Problem type: 2gensplit7 - 13/20
trial 1 of 10...

=== PROMPT ===

Use the following alphabet to complete the pattern.

a b c d e f g h i j k l m n o p q r s t u v w x y z

Note that the alphabet may be in an unfamiliar order. Complete the pattern using this order. Answer with only the final answer between double brackets and nothing else.

[t u v w] [t u v w x]
[21 21 22 22 23 23 24 24] [

--- TARGET LETTERS ---

[np.int64(21), np.int64(21), np.int64(22), np.int64(22), np.int64(23), np.int64(23), np.int64(24), np.int64(24), np.int64(25), np.int64(25)]
Full Qwen output: [[t u v w x y z]]
Filtered Qwen output: t u v w x y z
trial 2 of 10...
trial 3 of 10...
trial 4 of 10...
trial 5 of 10...
trial 6 of 10...
trial 7 of 10...
trial 8 of 10...
trial 9 of 10...
trial 10 of 10...
Problem type: 3gen_split1 - 14/20
trial 1 of 10...

=== PROMPT ===

Use the following alphabet to complete the pattern.

a b c d e f g h i j k l m n o p q r s t u v w x y z

Note that the alphabet may be in an unfamiliar order. Complete the pattern using this order. Answer with only the final answer between double brackets and nothing else.

[c e d f g] [c d e f g]
[7 7 8 8 9 9 12 12 11 11 10 10 13 13 14 14 15 15] [

--- TARGET LETTERS ---

[np.int64(7), np.int64(7), np.int64(8), np.int64(8), np.int64(9), np.int64(9), np.int64(10), np.int64(10), np.int64(11), np.int64(11), np.int64(12), np.int64(12), np.int64(13), np.int64(13), np.int64(14), np.int64(14), np.int64(15), np.int64(15)]
Full Qwen output: [[c d e f g]]
Filtered Qwen output: c d e f g
trial 2 of 10...
trial 3 of 10...
trial 4 of 10...
trial 5 of 10...
trial 6 of 10...
trial 7 of 10...
trial 8 of 10...
trial 9 of 10...
trial 10 of 10...
Problem type: 3gen_split2 - 15/20
trial 1 of 10...

=== PROMPT ===

Use the following alphabet to complete the pattern.

a b c d e f g h i j k l m n o p q r s t u v w x y z

Note that the alphabet may be in an unfamiliar order. Complete the pattern using this order. Answer with only the final answer between double brackets and nothing else.

[v u t w x] [t u v w x]
[i o m k q g e c a] [

--- TARGET LETTERS ---

['q', 'o', 'm', 'k', 'i', 'g', 'e', 'c', 'a']
Full Qwen output: [**i o m k q g e c a**] [**o m k q g e c a i**]  

The second group is the first group shifted left by one position (with wrap-around).  

Final answer: [[i o m k q g e c a] [o m k q g e c a i]]  

Answer: [[i o m k q g e c a] [o m k q g e c a i]]
Filtered Qwen output: i o m k q g e c a] [o m k q g e c a i
trial 2 of 10...
trial 3 of 10...
trial 4 of 10...
trial 5 of 10...
trial 6 of 10...
trial 7 of 10...
trial 8 of 10...
trial 9 of 10...
trial 10 of 10...
Problem type: 3gen_split3 - 16/20
trial 1 of 10...

=== PROMPT ===

Use the following alphabet to complete the pattern.

a b c d e f g h i j k l m n o p q r s t u v w x y z

Note that the alphabet may be in an unfamiliar order. Complete the pattern using this order. Answer with only the final answer between double brackets and nothing else.

[u v w x] [t v w x]
[18 0 19 0 20 0 21 0 22 0 23 0 24 0 25 0] [

--- TARGET LETTERS ---

[np.int64(17), '0', np.int64(19), '0', np.int64(20), '0', np.int64(21), '0', np.int64(22), '0', np.int64(23), '0', np.int64(24), '0', np.int64(25), '0']
Full Qwen output: [s t u v w x]  

The pattern shows that each subsequent group is shifting the starting letter one position earlier in the alphabet. The first group starts at **u**, the second at **t**, so the next should start at **s**. Continuing the pattern:

- [u v w x]  
- [t v w x]  
- [s t u v w x]  

Final answer: [[s t u v w x]]
Filtered Qwen output: s t u v w x
trial 2 of 10...
trial 3 of 10...
trial 4 of 10...
trial 5 of 10...
trial 6 of 10...
trial 7 of 10...
trial 8 of 10...
trial 9 of 10...
trial 10 of 10...
Problem type: 3gen_split4 - 17/20
trial 1 of 10...

=== PROMPT ===

Use the following alphabet to complete the pattern.

a b c d e f g h i j k l m n o p q r s t u v w x y z

Note that the alphabet may be in an unfamiliar order. Complete the pattern using this order. Answer with only the final answer between double brackets and nothing else.

[e f g h] [e f g i]
[z x v t r p n l] [

--- TARGET LETTERS ---

['z', 'x', 'v', 't', 'r', 'p', 'n', 'j']
Full Qwen output: [z x v t r p n l] [z x v t r p n j]  

**Final Answer:** [[z x v t r p n l] [z x v t r p n j]]
Filtered Qwen output: z x v t r p n l] [z x v t r p n j
trial 2 of 10...
trial 3 of 10...
trial 4 of 10...
trial 5 of 10...
trial 6 of 10...
trial 7 of 10...
trial 8 of 10...
trial 9 of 10...
trial 10 of 10...
Problem type: 3gen_split5 - 18/20
trial 1 of 10...

=== PROMPT ===

Use the following alphabet to complete the pattern.

a b c d e f g h i j k l m n o p q r s t u v w x y z

Note that the alphabet may be in an unfamiliar order. Complete the pattern using this order. Answer with only the final answer between double brackets and nothing else.

[r s t u v v] [r s t u v]
[l l x x k k x x k k x x j j x x i i x x h h x x] [

--- TARGET LETTERS ---

['l', 'l', 'x', 'x', 'k', 'k', 'x', 'x', 'j', 'j', 'x', 'x', 'i', 'i', 'x', 'x', 'h', 'h', 'x', 'x']
Full Qwen output: [l l x x k k x x k k x x j j x x i i x x h h x x] [l l x x k k x x k k x x j j x x i i x x g g x x f f x x]  

**Final Answer:** [[l l x x k k x x k k x x j j x x i i x x g g x x f f x x]]  

[[l l x x k k x x k k x x j j x x i i x x g g x x f f x x]]
Filtered Qwen output: l l x x k k x x k k x x j j x x i i x x g g x x f f x x
trial 2 of 10...
trial 3 of 10...
trial 4 of 10...
trial 5 of 10...
trial 6 of 10...
trial 7 of 10...
trial 8 of 10...
trial 9 of 10...
trial 10 of 10...
Problem type: 3gen_split6 - 19/20
trial 1 of 10...

=== PROMPT ===

Use the following alphabet to complete the pattern.

a b c d e f g h i j k l m n o p q r s t u v w x y z

Note that the alphabet may be in an unfamiliar order. Complete the pattern using this order. Answer with only the final answer between double brackets and nothing else.

[a b c c d e] [a b c d e]
[k k j j i i h h g g f f e e d d c c c c] [

--- TARGET LETTERS ---

['k', 'k', 'j', 'j', 'i', 'i', 'h', 'h', 'g', 'g', 'f', 'f', 'e', 'e', 'd', 'd', 'c', 'c']
Full Qwen output: [k k j j i i h h g g f f e e d d c c c c] [k k j j i i h h g g f f e e d d c c c c b b]  

[[k k j j i i h h g g f f e e d d c c c c b b]]
Filtered Qwen output: k k j j i i h h g g f f e e d d c c c c b b
trial 2 of 10...
trial 3 of 10...
trial 4 of 10...
trial 5 of 10...
trial 6 of 10...
trial 7 of 10...
trial 8 of 10...
trial 9 of 10...
trial 10 of 10...
Problem type: 3gensplit7 - 20/20
trial 1 of 10...

=== PROMPT ===

Use the following alphabet to complete the pattern.

a b c d e f g h i j k l m n o p q r s t u v w x y z

Note that the alphabet may be in an unfamiliar order. Complete the pattern using this order. Answer with only the final answer between double brackets and nothing else.

[c c d e f g] [c d e f g]
[d d x x e e x x f f x x g g x x h h x x i i x x i i x x j j x x k k x x l l x x] [

--- TARGET LETTERS ---

['d', 'd', 'x', 'x', 'e', 'e', 'x', 'x', 'f', 'f', 'x', 'x', 'g', 'g', 'x', 'x', 'h', 'h', 'x', 'x', 'i', 'i', 'x', 'x', 'j', 'j', 'x', 'x', 'k', 'k', 'x', 'x', 'l', 'l', 'x', 'x']
Full Qwen output: [d d x x e e x x f f x x g g x x h h x x i i x x i i x x j j x x k k x x l l x x] [d d x x e e x x f f x x g g x x h h x x i i x x i i x x j j x x k k x x l l x x]  

Final answer: [[d d x x e e x x f f x x g g x x h h x x i i x x i i x x j j x x k k x x l l x x
trial 2 of 10...
trial 3 of 10...
trial 4 of 10...
trial 5 of 10...
trial 6 of 10...
trial 7 of 10...
trial 8 of 10...
trial 9 of 10...
trial 10 of 10...
alph_4
a b c d e f g h i j k l m n o p q r s t u v w x y z
Problem type: larger_int - 1/20
trial 1 of 10...

=== PROMPT ===

Use the following alphabet to complete the pattern.

a b c d e f g h i j k l m n o p q r s t u v w x y z

Note that the alphabet may be in an unfamiliar order. Complete the pattern using this order. Answer with only the final answer between double brackets and nothing else.

[u v w x] [u v w x y]
[r t v x] [

--- TARGET LETTERS ---

['r', 't', 'v', 'x', 'z']
Full Qwen output: [r t v x] [r t v x y]  

Final answer: [[r t v x y]]
Filtered Qwen output: r t v x y
trial 2 of 10...
trial 3 of 10...
trial 4 of 10...
trial 5 of 10...
trial 6 of 10...
trial 7 of 10...
trial 8 of 10...
trial 9 of 10...
trial 10 of 10...
Problem type: longer_targ - 2/20
trial 1 of 10...

=== PROMPT ===

Use the following alphabet to complete the pattern.

a b c d e f g h i j k l m n o p q r s t u v w x y z

Note that the alphabet may be in an unfamiliar order. Complete the pattern using this order. Answer with only the final answer between double brackets and nothing else.

[g h i j] [g h i k]
[b c d e f g h i] [

--- TARGET LETTERS ---

['b', 'c', 'd', 'e', 'f', 'g', 'h', 'j']
Full Qwen output: [[b c d e f g h j]]
Filtered Qwen output: b c d e f g h j
trial 2 of 10...
trial 3 of 10...
trial 4 of 10...
trial 5 of 10...
trial 6 of 10...
trial 7 of 10...
trial 8 of 10...
trial 9 of 10...
trial 10 of 10...
Problem type: group - 3/20
trial 1 of 10...

=== PROMPT ===

Use the following alphabet to complete the pattern.

a b c d e f g h i j k l m n o p q r s t u v w x y z

Note that the alphabet may be in an unfamiliar order. Complete the pattern using this order. Answer with only the final answer between double brackets and nothing else.

[d b c a e] [a b c d e]
[e e h h g g f f i i] [

--- TARGET LETTERS ---

['e', 'e', 'f', 'f', 'g', 'g', 'h', 'h', 'i', 'i']
Full Qwen output: [[f f l l k k j j m m]]
Filtered Qwen output: f f l l k k j j m m
trial 2 of 10...
trial 3 of 10...
trial 4 of 10...
trial 5 of 10...
trial 6 of 10...
trial 7 of 10...
trial 8 of 10...
trial 9 of 10...
trial 10 of 10...
Problem type: interleaved - 4/20
trial 1 of 10...

=== PROMPT ===

Use the following alphabet to complete the pattern.

a b c d e f g h i j k l m n o p q r s t u v w x y z

Note that the alphabet may be in an unfamiliar order. Complete the pattern using this order. Answer with only the final answer between double brackets and nothing else.

[s t u v] [r t u v]
[r x s x t x u x] [

--- TARGET LETTERS ---

['q', 'x', 's', 'x', 't', 'x', 'u', 'x']
Full Qwen output: [[q x r x s x t x u x v x]]
Filtered Qwen output: q x r x s x t x u x v x
trial 2 of 10...
trial 3 of 10...
trial 4 of 10...
trial 5 of 10...
trial 6 of 10...
trial 7 of 10...
trial 8 of 10...
trial 9 of 10...
trial 10 of 10...
Problem type: letter2num - 5/20
trial 1 of 10...

=== PROMPT ===

Use the following alphabet to complete the pattern.

a b c d e f g h i j k l m n o p q r s t u v w x y z

Note that the alphabet may be in an unfamiliar order. Complete the pattern using this order. Answer with only the final answer between double brackets and nothing else.

[m n o p] [m n o q]
[4 5 6 7] [

--- TARGET LETTERS ---

[np.int64(4), np.int64(5), np.int64(6), np.int64(8)]
Full Qwen output: [4 5 6 8]  

The pattern follows the position of letters in the given alphabet. The first group [m n o p] corresponds to positions 4, 5, 6, 7. The second group [m n o q] corresponds to positions 4, 5, 6, 8. So the next group should be [4 5 6 8].  

Final answer: [[4 5 6 8]]
Filtered Qwen output: 4 5 6 8
trial 2 of 10...
trial 3 of 10...
trial 4 of 10...
trial 5 of 10...
trial 6 of 10...
trial 7 of 10...
trial 8 of 10...
trial 9 of 10...
trial 10 of 10...
Problem type: reverse - 6/20
trial 1 of 10...

=== PROMPT ===

Use the following alphabet to complete the pattern.

a b c d e f g h i j k l m n o p q r s t u v w x y z

Note that the alphabet may be in an unfamiliar order. Complete the pattern using this order. Answer with only the final answer between double brackets and nothing else.

[c b d e f] [b c d e f]
[t s r p q] [

--- TARGET LETTERS ---

['t', 's', 'r', 'q', 'p']
Full Qwen output: [[s r p q o]]
Filtered Qwen output: s r p q o
trial 2 of 10...
trial 3 of 10...
trial 4 of 10...
trial 5 of 10...
trial 6 of 10...
trial 7 of 10...
trial 8 of 10...
trial 9 of 10...
trial 10 of 10...
Problem type: 2gen_split1 - 7/20
trial 1 of 10...

=== PROMPT ===

Use the following alphabet to complete the pattern.

a b c d e f g h i j k l m n o p q r s t u v w x y z

Note that the alphabet may be in an unfamiliar order. Complete the pattern using this order. Answer with only the final answer between double brackets and nothing else.

[s t n v w] [s t u v w]
[m m l l x x j j i i] [

--- TARGET LETTERS ---

['m', 'm', 'l', 'l', 'k', 'k', 'j', 'j', 'i', 'i']
Full Qwen output: [m m l l x x j j i i] [m m k k x x j j h h]  

**Final Answer:** [[m m k k x x j j h h]]
Filtered Qwen output: m m k k x x j j h h
trial 2 of 10...
trial 3 of 10...
trial 4 of 10...
trial 5 of 10...
trial 6 of 10...
trial 7 of 10...
trial 8 of 10...
trial 9 of 10...
trial 10 of 10...
Problem type: 2gen_split2 - 8/20
trial 1 of 10...

=== PROMPT ===

Use the following alphabet to complete the pattern.

a b c d e f g h i j k l m n o p q r s t u v w x y z

Note that the alphabet may be in an unfamiliar order. Complete the pattern using this order. Answer with only the final answer between double brackets and nothing else.

[c h i j k] [g h i j k]
[24 24 2 2 3 3 4 4 5 5] [

--- TARGET LETTERS ---

[np.int64(1), np.int64(1), np.int64(2), np.int64(2), np.int64(3), np.int64(3), np.int64(4), np.int64(4), np.int64(5), np.int64(5)]
Full Qwen output: [[l m n o p]]
Filtered Qwen output: l m n o p
trial 2 of 10...
trial 3 of 10...
trial 4 of 10...
trial 5 of 10...
trial 6 of 10...
trial 7 of 10...
trial 8 of 10...
trial 9 of 10...
trial 10 of 10...
Problem type: 2gen_split3 - 9/20
trial 1 of 10...

=== PROMPT ===

Use the following alphabet to complete the pattern.

a b c d e f g h i j k l m n o p q r s t u v w x y z

Note that the alphabet may be in an unfamiliar order. Complete the pattern using this order. Answer with only the final answer between double brackets and nothing else.

[d g f e h] [d e f g h]
[p x q x s x r x t x u x v x w x x x] [

--- TARGET LETTERS ---

['p', 'x', 'q', 'x', 'r', 'x', 's', 'x', 't', 'x', 'u', 'x', 'v', 'x', 'w', 'x', 'x', 'x']
Full Qwen output: [p x q x s x r x t x u x v x w x x x] [q x r x s x t x u x v x w x x x]  

Final answer: [[q x r x s x t x u x v x w x x x]]  
**[[q x r x s x t x u x v x w x x x]]**
Filtered Qwen output: q x r x s x t x u x v x w x x x
trial 2 of 10...
trial 3 of 10...
trial 4 of 10...
trial 5 of 10...
trial 6 of 10...
trial 7 of 10...
trial 8 of 10...
trial 9 of 10...
trial 10 of 10...
Problem type: 2gen_split4 - 10/20
trial 1 of 10...

=== PROMPT ===

Use the following alphabet to complete the pattern.

a b c d e f g h i j k l m n o p q r s t u v w x y z

Note that the alphabet may be in an unfamiliar order. Complete the pattern using this order. Answer with only the final answer between double brackets and nothing else.

[t u v v w x] [t u v w x]
[c c c c d d e e f f g g h h i i j j k k] [

--- TARGET LETTERS ---

['c', 'c', 'd', 'd', 'e', 'e', 'f', 'f', 'g', 'g', 'h', 'h', 'i', 'i', 'j', 'j', 'k', 'k']
Full Qwen output: [[c c c c d d e e f f g g h h i i j j k k] [c c c c d d e e f f g g h h i i j j k k l l]]
Filtered Qwen output: c c c c d d e e f f g g h h i i j j k k] [c c c c d d e e f f g g h h i i j j k k l l
trial 2 of 10...
trial 3 of 10...
trial 4 of 10...
trial 5 of 10...
trial 6 of 10...
trial 7 of 10...
trial 8 of 10...
trial 9 of 10...
trial 10 of 10...
Problem type: 2gen_split5 - 11/20
trial 1 of 10...

=== PROMPT ===

Use the following alphabet to complete the pattern.

a b c d e f g h i j k l m n o p q r s t u v w x y z

Note that the alphabet may be in an unfamiliar order. Complete the pattern using this order. Answer with only the final answer between double brackets and nothing else.

[k l m n] [k l m o]
[l l n n p p r r] [

--- TARGET LETTERS ---

['l', 'l', 'n', 'n', 'p', 'p', 't', 't']
Full Qwen output: [[l l n n p p r r] [l l n n p p r s]]
Filtered Qwen output: l l n n p p r r] [l l n n p p r s
trial 2 of 10...
trial 3 of 10...
trial 4 of 10...
trial 5 of 10...
trial 6 of 10...
trial 7 of 10...
trial 8 of 10...
trial 9 of 10...
trial 10 of 10...
Problem type: 2gen_split6 - 12/20
trial 1 of 10...

=== PROMPT ===

Use the following alphabet to complete the pattern.

a b c d e f g h i j k l m n o p q r s t u v w x y z

Note that the alphabet may be in an unfamiliar order. Complete the pattern using this order. Answer with only the final answer between double brackets and nothing else.

[v w x t z] [v w x y z]
[d f h j l x p r t] [

--- TARGET LETTERS ---

['d', 'f', 'h', 'j', 'l', 'n', 'p', 'r', 't']
Full Qwen output: [d f h j l x p r t] [d f h j l x p r t v]  

**Final Answer:** [[d f h j l x p r t] [d f h j l x p r t v]]
Filtered Qwen output: d f h j l x p r t] [d f h j l x p r t v
trial 2 of 10...
trial 3 of 10...
trial 4 of 10...
trial 5 of 10...
trial 6 of 10...
trial 7 of 10...
trial 8 of 10...
trial 9 of 10...
trial 10 of 10...
Problem type: 2gensplit7 - 13/20
trial 1 of 10...

=== PROMPT ===

Use the following alphabet to complete the pattern.

a b c d e f g h i j k l m n o p q r s t u v w x y z

Note that the alphabet may be in an unfamiliar order. Complete the pattern using this order. Answer with only the final answer between double brackets and nothing else.

[l m n o o p] [l m n o p]
[q q p p o o n n m m m m] [

--- TARGET LETTERS ---

['q', 'q', 'p', 'p', 'o', 'o', 'n', 'n', 'm', 'm']
Full Qwen output: [[q q p p o o n n m m m m] [l m n o p]]
Filtered Qwen output: q q p p o o n n m m m m] [l m n o p
trial 2 of 10...
trial 3 of 10...
trial 4 of 10...
trial 5 of 10...
trial 6 of 10...
trial 7 of 10...
trial 8 of 10...
trial 9 of 10...
trial 10 of 10...
Problem type: 3gen_split1 - 14/20
trial 1 of 10...

=== PROMPT ===

Use the following alphabet to complete the pattern.

a b c d e f g h i j k l m n o p q r s t u v w x y z

Note that the alphabet may be in an unfamiliar order. Complete the pattern using this order. Answer with only the final answer between double brackets and nothing else.

[w u v t x] [t u v w x]
[o o x x m m x x n n x x l l x x k k x x] [

--- TARGET LETTERS ---

['o', 'o', 'x', 'x', 'n', 'n', 'x', 'x', 'm', 'm', 'x', 'x', 'l', 'l', 'x', 'x', 'k', 'k', 'x', 'x']
Full Qwen output: [[o o x x m m x x n n x x l l x x k k x x] [o o x x l l x x k k x x m m x x n n x x]]
Filtered Qwen output: o o x x m m x x n n x x l l x x k k x x] [o o x x l l x x k k x x m m x x n n x x
trial 2 of 10...
trial 3 of 10...
trial 4 of 10...
trial 5 of 10...
trial 6 of 10...
trial 7 of 10...
trial 8 of 10...
trial 9 of 10...
trial 10 of 10...
Problem type: 3gen_split2 - 15/20
trial 1 of 10...

=== PROMPT ===

Use the following alphabet to complete the pattern.

a b c d e f g h i j k l m n o p q r s t u v w x y z

Note that the alphabet may be in an unfamiliar order. Complete the pattern using this order. Answer with only the final answer between double brackets and nothing else.

[j k l m] [i k l m]
[10 0 12 0 14 0 16 0] [

--- TARGET LETTERS ---

[np.int64(8), '0', np.int64(12), '0', np.int64(14), '0', np.int64(16), '0']
Full Qwen output: [10 0 12 0 14 0 16 0] [8 0 10 0 12 0 14 0]  

**Final Answer:** [[8 0 10 0 12 0 14 0]]
Filtered Qwen output: 8 0 10 0 12 0 14 0
trial 2 of 10...
trial 3 of 10...
trial 4 of 10...
trial 5 of 10...
trial 6 of 10...
trial 7 of 10...
trial 8 of 10...
trial 9 of 10...
trial 10 of 10...
Problem type: 3gen_split3 - 16/20
trial 1 of 10...

=== PROMPT ===

Use the following alphabet to complete the pattern.

a b c d e f g h i j k l m n o p q r s t u v w x y z

Note that the alphabet may be in an unfamiliar order. Complete the pattern using this order. Answer with only the final answer between double brackets and nothing else.

[m n o p] [m n o q]
[6 6 5 5 4 4 3 3] [

--- TARGET LETTERS ---

[np.int64(6), np.int64(6), np.int64(5), np.int64(5), np.int64(4), np.int64(4), np.int64(2), np.int64(2)]
Full Qwen output: [[m n o p] [m n o q] corresponds to the pattern of repeating letters with an increment in the last letter. Following the same logic, the next group would be [m n o r].]

[[m n o r]]
Filtered Qwen output: m n o p] [m n o q] corresponds to the pattern of repeating letters with an increment in the last letter. Following the same logic, the next group would be [m n o r].]

[[m n o r
trial 2 of 10...
trial 3 of 10...
trial 4 of 10...
trial 5 of 10...
trial 6 of 10...
trial 7 of 10...
trial 8 of 10...
trial 9 of 10...
trial 10 of 10...
Problem type: 3gen_split4 - 17/20
trial 1 of 10...

=== PROMPT ===

Use the following alphabet to complete the pattern.

a b c d e f g h i j k l m n o p q r s t u v w x y z

Note that the alphabet may be in an unfamiliar order. Complete the pattern using this order. Answer with only the final answer between double brackets and nothing else.

[s c d e f] [b c d e f]
[21 21 20 20 19 19 15 15 17 17] [

--- TARGET LETTERS ---

[np.int64(21), np.int64(21), np.int64(20), np.int64(20), np.int64(19), np.int64(19), np.int64(18), np.int64(18), np.int64(17), np.int64(17)]
Full Qwen output: [[a b c d e f]]
Filtered Qwen output: a b c d e f
trial 2 of 10...
trial 3 of 10...
trial 4 of 10...
trial 5 of 10...
trial 6 of 10...
trial 7 of 10...
trial 8 of 10...
trial 9 of 10...
trial 10 of 10...
Problem type: 3gen_split5 - 18/20
trial 1 of 10...

=== PROMPT ===

Use the following alphabet to complete the pattern.

a b c d e f g h i j k l m n o p q r s t u v w x y z

Note that the alphabet may be in an unfamiliar order. Complete the pattern using this order. Answer with only the final answer between double brackets and nothing else.

[r s t u] [q s t u]
[g g x x h h x x i i x x j j x x k k x x l l x x m m x x n n x x] [

--- TARGET LETTERS ---

['f', 'f', 'x', 'x', 'h', 'h', 'x', 'x', 'i', 'i', 'x', 'x', 'j', 'j', 'x', 'x', 'k', 'k', 'x', 'x', 'l', 'l', 'x', 'x', 'm', 'm', 'x', 'x', 'n', 'n', 'x', 'x']
Full Qwen output: [g g x x h h x x i i x x j j x x k k x x l l x x m m x x n n x x] [f f x x g g x x h h x x i i x x j j x x k k x x l l x x m m x x]  

Final answer: [[f f x x g g x x h h x x i i x x j j x x k k x x l l x x m m x x]]  

[[f f x x g g x x h h x x i i x x j j x x k
Filtered Qwen output: f f x x g g x x h h x x i i x x j j x x k k x x l l x x m m x x
trial 2 of 10...
trial 3 of 10...
trial 4 of 10...
trial 5 of 10...
trial 6 of 10...
trial 7 of 10...
trial 8 of 10...
trial 9 of 10...
trial 10 of 10...
Problem type: 3gen_split6 - 19/20
trial 1 of 10...

=== PROMPT ===

Use the following alphabet to complete the pattern.

a b c d e f g h i j k l m n o p q r s t u v w x y z

Note that the alphabet may be in an unfamiliar order. Complete the pattern using this order. Answer with only the final answer between double brackets and nothing else.

[v w x x y z] [v w x y z]
[19 19 21 21 23 23 23 23 25 25] [

--- TARGET LETTERS ---

[np.int64(19), np.int64(19), np.int64(21), np.int64(21), np.int64(23), np.int64(23), np.int64(25), np.int64(25)]
Full Qwen output: [19 19 21 21 23 23]
trial 2 of 10...
trial 3 of 10...
trial 4 of 10...
trial 5 of 10...
trial 6 of 10...
trial 7 of 10...
trial 8 of 10...
trial 9 of 10...
trial 10 of 10...
Problem type: 3gensplit7 - 20/20
trial 1 of 10...

=== PROMPT ===

Use the following alphabet to complete the pattern.

a b c d e f g h i j k l m n o p q r s t u v w x y z

Note that the alphabet may be in an unfamiliar order. Complete the pattern using this order. Answer with only the final answer between double brackets and nothing else.

[t w v u x] [t u v w x]
[12 0 11 0 8 0 9 0 10 0] [

--- TARGET LETTERS ---

[np.int64(12), '0', np.int64(11), '0', np.int64(10), '0', np.int64(9), '0', np.int64(8), '0']
Full Qwen output: [[t u v w x]]
Filtered Qwen output: t u v w x
trial 2 of 10...
trial 3 of 10...
trial 4 of 10...
trial 5 of 10...
trial 6 of 10...
trial 7 of 10...
trial 8 of 10...
trial 9 of 10...
trial 10 of 10...
alph_5
a b c d e f g h i j k l m n o p q r s t u v w x y z
Problem type: larger_int - 1/20
trial 1 of 10...

=== PROMPT ===

Use the following alphabet to complete the pattern.

a b c d e f g h i j k l m n o p q r s t u v w x y z

Note that the alphabet may be in an unfamiliar order. Complete the pattern using this order. Answer with only the final answer between double brackets and nothing else.

[i j k l] [i j k m]
[p r t v] [

--- TARGET LETTERS ---

['p', 'r', 't', 'x']
Full Qwen output: [p r t w]  

**Explanation:**  
In the first pair:  
- [i j k l] → [i j k m]  
  The pattern is that the last letter increases by 1 in the alphabet: l → m.

In the second pair:  
- [p r t v] → [p r t w]  
  Following the same logic, the last letter increases by 1: v → w.

Thus, the completed pattern is:  
[i j k l] [i j k m] [p r t v] [p r t w]  

**Final answer:** [[p
trial 2 of 10...
trial 3 of 10...
trial 4 of 10...
trial 5 of 10...
trial 6 of 10...
trial 7 of 10...
trial 8 of 10...
trial 9 of 10...
trial 10 of 10...
Problem type: longer_targ - 2/20
trial 1 of 10...

=== PROMPT ===

Use the following alphabet to complete the pattern.

a b c d e f g h i j k l m n o p q r s t u v w x y z

Note that the alphabet may be in an unfamiliar order. Complete the pattern using this order. Answer with only the final answer between double brackets and nothing else.

[i j k l m m] [i j k l m]
[p q r r s t u v w x] [

--- TARGET LETTERS ---

['p', 'q', 'r', 's', 't', 'u', 'v', 'w', 'x']
Full Qwen output: [p q r r s t u v w x] [p q r r s t u v]  

**Answer:** [[p q r r s t u v]]  

Final answer: [[p q r r s t u v]]
Filtered Qwen output: p q r r s t u v
trial 2 of 10...
trial 3 of 10...
trial 4 of 10...
trial 5 of 10...
trial 6 of 10...
trial 7 of 10...
trial 8 of 10...
trial 9 of 10...
trial 10 of 10...
Problem type: group - 3/20
trial 1 of 10...

=== PROMPT ===

Use the following alphabet to complete the pattern.

a b c d e f g h i j k l m n o p q r s t u v w x y z

Note that the alphabet may be in an unfamiliar order. Complete the pattern using this order. Answer with only the final answer between double brackets and nothing else.

[c e d f g] [c d e f g]
[i i h h j j k k l l] [

--- TARGET LETTERS ---

['h', 'h', 'i', 'i', 'j', 'j', 'k', 'k', 'l', 'l']
Full Qwen output: [i i h h j j k k l l] [i h j k l]  

**Final Answer:** [[i h j k l]]  
[[i h j k l]]
Filtered Qwen output: i h j k l
trial 2 of 10...
trial 3 of 10...
trial 4 of 10...
trial 5 of 10...
trial 6 of 10...
trial 7 of 10...
trial 8 of 10...
trial 9 of 10...
trial 10 of 10...
Problem type: interleaved - 4/20
trial 1 of 10...

=== PROMPT ===

Use the following alphabet to complete the pattern.

a b c d e f g h i j k l m n o p q r s t u v w x y z

Note that the alphabet may be in an unfamiliar order. Complete the pattern using this order. Answer with only the final answer between double brackets and nothing else.

[n o p q] [m o p q]
[q x r x s x t x] [

--- TARGET LETTERS ---

['p', 'x', 'r', 'x', 's', 'x', 't', 'x']
Full Qwen output: [[r x s x t x u x]]
Filtered Qwen output: r x s x t x u x
trial 2 of 10...
trial 3 of 10...
trial 4 of 10...
trial 5 of 10...
trial 6 of 10...
trial 7 of 10...
trial 8 of 10...
trial 9 of 10...
trial 10 of 10...
Problem type: letter2num - 5/20
trial 1 of 10...

=== PROMPT ===

Use the following alphabet to complete the pattern.

a b c d e f g h i j k l m n o p q r s t u v w x y z

Note that the alphabet may be in an unfamiliar order. Complete the pattern using this order. Answer with only the final answer between double brackets and nothing else.

[t u v x w] [t u v w x]
[10 8 9 7 11] [

--- TARGET LETTERS ---

[np.int64(7), np.int64(8), np.int64(9), np.int64(10), np.int64(11)]
Full Qwen output: The pattern involves mapping letters to their positions in the given alphabet:  
**a b c d e f g h i j k l m n o p q r s t u v w x y z**

Let's find the positions of the letters in the first group:  
- **t** is at position **20**  
- **u** is at position **21**  
- **v** is at position **22**  
- **x** is at position **24**  
- **w** is at position **23**

So the first group [t u v x w] corresponds to
trial 2 of 10...
trial 3 of 10...
trial 4 of 10...
trial 5 of 10...
trial 6 of 10...
trial 7 of 10...
trial 8 of 10...
trial 9 of 10...
trial 10 of 10...
Problem type: reverse - 6/20
trial 1 of 10...

=== PROMPT ===

Use the following alphabet to complete the pattern.

a b c d e f g h i j k l m n o p q r s t u v w x y z

Note that the alphabet may be in an unfamiliar order. Complete the pattern using this order. Answer with only the final answer between double brackets and nothing else.

[b c d e] [a c d e]
[v u t s] [

--- TARGET LETTERS ---

['w', 'u', 't', 's']
Full Qwen output: [w x y z]  

The pattern shows that the second group is the first group with the first element moved to the end.  
- [b c d e] → [a c d e] (a is moved to the end)  
- [v u t s] → [w x y z] (w is moved to the end)  

Final answer: [[w x y z]]
Filtered Qwen output: w x y z
trial 2 of 10...
trial 3 of 10...
trial 4 of 10...
trial 5 of 10...
trial 6 of 10...
trial 7 of 10...
trial 8 of 10...
trial 9 of 10...
trial 10 of 10...
Problem type: 2gen_split1 - 7/20
trial 1 of 10...

=== PROMPT ===

Use the following alphabet to complete the pattern.

a b c d e f g h i j k l m n o p q r s t u v w x y z

Note that the alphabet may be in an unfamiliar order. Complete the pattern using this order. Answer with only the final answer between double brackets and nothing else.

[q r s t] [q r s u]
[14 13 12 11] [

--- TARGET LETTERS ---

[np.int64(14), np.int64(13), np.int64(12), np.int64(10)]
Full Qwen output: [14 13 12 10]  

Final answer: [[14 13 12 10]]
Filtered Qwen output: 14 13 12 10
trial 2 of 10...
trial 3 of 10...
trial 4 of 10...
trial 5 of 10...
trial 6 of 10...
trial 7 of 10...
trial 8 of 10...
trial 9 of 10...
trial 10 of 10...
Problem type: 2gen_split2 - 8/20
trial 1 of 10...

=== PROMPT ===

Use the following alphabet to complete the pattern.

a b c d e f g h i j k l m n o p q r s t u v w x y z

Note that the alphabet may be in an unfamiliar order. Complete the pattern using this order. Answer with only the final answer between double brackets and nothing else.

[s t u v] [s t u v w]
[o o p p q q r r s s t t u u v v] [

--- TARGET LETTERS ---

['o', 'o', 'p', 'p', 'q', 'q', 'r', 'r', 's', 's', 't', 't', 'u', 'u', 'v', 'v', 'w', 'w']
Full Qwen output: [ o o p p q q r r s s t t u u v v w w ]  

Final answer: [[o o p p q q r r s s t t u u v v w w]]
Filtered Qwen output: o o p p q q r r s s t t u u v v w w
trial 2 of 10...
trial 3 of 10...
trial 4 of 10...
trial 5 of 10...
trial 6 of 10...
trial 7 of 10...
trial 8 of 10...
trial 9 of 10...
trial 10 of 10...
Problem type: 2gen_split3 - 9/20
trial 1 of 10...

=== PROMPT ===

Use the following alphabet to complete the pattern.

a b c d e f g h i j k l m n o p q r s t u v w x y z

Note that the alphabet may be in an unfamiliar order. Complete the pattern using this order. Answer with only the final answer between double brackets and nothing else.

[c d e f] [b d e f]
[22 0 23 0 24 0 25 0] [

--- TARGET LETTERS ---

[np.int64(21), '0', np.int64(23), '0', np.int64(24), '0', np.int64(25), '0']
Full Qwen output: [22 0 23 0 24 0 25 0] [21 0 23 0 24 0 25 0]  

**Final Answer:** [[21 0 23 0 24 0 25 0]]
Filtered Qwen output: 21 0 23 0 24 0 25 0
trial 2 of 10...
trial 3 of 10...
trial 4 of 10...
trial 5 of 10...
trial 6 of 10...
trial 7 of 10...
trial 8 of 10...
trial 9 of 10...
trial 10 of 10...
Problem type: 2gen_split4 - 10/20
trial 1 of 10...

=== PROMPT ===

Use the following alphabet to complete the pattern.

a b c d e f g h i j k l m n o p q r s t u v w x y z

Note that the alphabet may be in an unfamiliar order. Complete the pattern using this order. Answer with only the final answer between double brackets and nothing else.

[g i h j k] [g h i j k]
[m m k k o o q q s s] [

--- TARGET LETTERS ---

['k', 'k', 'm', 'm', 'o', 'o', 'q', 'q', 's', 's']
Full Qwen output: [m m k k o o q q s s] [m k o q s]  

**Final Answer:** [[m k o q s]]
Filtered Qwen output: m k o q s
trial 2 of 10...
trial 3 of 10...
trial 4 of 10...
trial 5 of 10...
trial 6 of 10...
trial 7 of 10...
trial 8 of 10...
trial 9 of 10...
trial 10 of 10...
Problem type: 2gen_split5 - 11/20
trial 1 of 10...

=== PROMPT ===

Use the following alphabet to complete the pattern.

a b c d e f g h i j k l m n o p q r s t u v w x y z

Note that the alphabet may be in an unfamiliar order. Complete the pattern using this order. Answer with only the final answer between double brackets and nothing else.

[w x y z] [v x y z]
[q o m k] [

--- TARGET LETTERS ---

['s', 'o', 'm', 'k']
Full Qwen output: [**i g e c**]  

The pattern involves subtracting 2 letters from the previous group in the sequence.  
- [w x y z] → [v x y z] (w → v, others stay the same)  
- [q o m k] → [i g e c] (q → i, o → g, m → e, k → c)  

Final answer: [[i g e c]]
Filtered Qwen output: i g e c
trial 2 of 10...
trial 3 of 10...
trial 4 of 10...
trial 5 of 10...
trial 6 of 10...
trial 7 of 10...
trial 8 of 10...
trial 9 of 10...
trial 10 of 10...
Problem type: 2gen_split6 - 12/20
trial 1 of 10...

=== PROMPT ===

Use the following alphabet to complete the pattern.

a b c d e f g h i j k l m n o p q r s t u v w x y z

Note that the alphabet may be in an unfamiliar order. Complete the pattern using this order. Answer with only the final answer between double brackets and nothing else.

[l m n o] [l m n p]
[19 21 23] [

--- TARGET LETTERS ---

[np.int64(19), np.int64(21), np.int64(25)]
Full Qwen output: [[l m n q]]
Filtered Qwen output: l m n q
trial 2 of 10...
trial 3 of 10...
trial 4 of 10...
trial 5 of 10...
trial 6 of 10...
trial 7 of 10...
trial 8 of 10...
trial 9 of 10...
trial 10 of 10...
Problem type: 2gensplit7 - 13/20
trial 1 of 10...

=== PROMPT ===

Use the following alphabet to complete the pattern.

a b c d e f g h i j k l m n o p q r s t u v w x y z

Note that the alphabet may be in an unfamiliar order. Complete the pattern using this order. Answer with only the final answer between double brackets and nothing else.

[t u v w] [t u v w x]
[w w v v u u t t] [

--- TARGET LETTERS ---

['w', 'w', 'v', 'v', 'u', 'u', 't', 't', 's', 's']
Full Qwen output: [[w w v v u u t t] [w w v v u u t t s s]]
Filtered Qwen output: w w v v u u t t] [w w v v u u t t s s
trial 2 of 10...
trial 3 of 10...
trial 4 of 10...
trial 5 of 10...
trial 6 of 10...
trial 7 of 10...
trial 8 of 10...
trial 9 of 10...
trial 10 of 10...
Problem type: 3gen_split1 - 14/20
trial 1 of 10...

=== PROMPT ===

Use the following alphabet to complete the pattern.

a b c d e f g h i j k l m n o p q r s t u v w x y z

Note that the alphabet may be in an unfamiliar order. Complete the pattern using this order. Answer with only the final answer between double brackets and nothing else.

[t u v w] [t u v x]
[i x h x g x f x e x d x c x b x] [

--- TARGET LETTERS ---

['i', 'x', 'h', 'x', 'g', 'x', 'f', 'x', 'e', 'x', 'd', 'x', 'c', 'x', 'a', 'x']
Full Qwen output: [i x h x g x f x e x d x c x b x] [i x h x g x f x e x d x c x b x]  

The pattern is repeating the same sequence.  

Final answer: [[i x h x g x f x e x d x c x b x] [i x h x g x f x e x d x c x b x]]
Filtered Qwen output: i x h x g x f x e x d x c x b x] [i x h x g x f x e x d x c x b x
trial 2 of 10...
trial 3 of 10...
trial 4 of 10...
trial 5 of 10...
trial 6 of 10...
trial 7 of 10...
trial 8 of 10...
trial 9 of 10...
trial 10 of 10...
Problem type: 3gen_split2 - 15/20
trial 1 of 10...

=== PROMPT ===

Use the following alphabet to complete the pattern.

a b c d e f g h i j k l m n o p q r s t u v w x y z

Note that the alphabet may be in an unfamiliar order. Complete the pattern using this order. Answer with only the final answer between double brackets and nothing else.

[k l l m n o] [k l m n o]
[q q x x s s x x u u x x w w x x w w x x y y x x] [

--- TARGET LETTERS ---

['q', 'q', 'x', 'x', 's', 's', 'x', 'x', 'u', 'u', 'x', 'x', 'w', 'w', 'x', 'x', 'y', 'y', 'x', 'x']
Full Qwen output: [[q q x x s s x x u u x x w w x x w w x x y y x x] [q q x x s s x x u u x x w w x x w w x x y y x x]]
Filtered Qwen output: q q x x s s x x u u x x w w x x w w x x y y x x] [q q x x s s x x u u x x w w x x w w x x y y x x
trial 2 of 10...
trial 3 of 10...
trial 4 of 10...
trial 5 of 10...
trial 6 of 10...
trial 7 of 10...
trial 8 of 10...
trial 9 of 10...
trial 10 of 10...
Problem type: 3gen_split3 - 16/20
trial 1 of 10...

=== PROMPT ===

Use the following alphabet to complete the pattern.

a b c d e f g h i j k l m n o p q r s t u v w x y z

Note that the alphabet may be in an unfamiliar order. Complete the pattern using this order. Answer with only the final answer between double brackets and nothing else.

[g h i j] [g h i k]
[e e x x g g x x i i x x k k x x] [

--- TARGET LETTERS ---

['e', 'e', 'x', 'x', 'g', 'g', 'x', 'x', 'i', 'i', 'x', 'x', 'm', 'm', 'x', 'x']
Full Qwen output: [[e e x x g g x x i i x x k k x x] [e e x x g g x x i i x x k k x x l l x x]]
Filtered Qwen output: e e x x g g x x i i x x k k x x] [e e x x g g x x i i x x k k x x l l x x
trial 2 of 10...
trial 3 of 10...
trial 4 of 10...
trial 5 of 10...
trial 6 of 10...
trial 7 of 10...
trial 8 of 10...
trial 9 of 10...
trial 10 of 10...
Problem type: 3gen_split4 - 17/20
trial 1 of 10...

=== PROMPT ===

Use the following alphabet to complete the pattern.

a b c d e f g h i j k l m n o p q r s t u v w x y z

Note that the alphabet may be in an unfamiliar order. Complete the pattern using this order. Answer with only the final answer between double brackets and nothing else.

[t u v w] [s u v w]
[19 19 0 0 20 20 0 0 21 21 0 0 22 22 0 0] [

--- TARGET LETTERS ---

[np.int64(18), np.int64(18), '0', '0', np.int64(20), np.int64(20), '0', '0', np.int64(21), np.int64(21), '0', '0', np.int64(22), np.int64(22), '0', '0']
Full Qwen output: [23 23 0 0 24 24 0 0 25 25 0 0 26 26 0 0]  

[[23 23 0 0 24 24 0 0 25 25 0 0 26 26 0 0]]
Filtered Qwen output: 23 23 0 0 24 24 0 0 25 25 0 0 26 26 0 0
trial 2 of 10...
trial 3 of 10...
trial 4 of 10...
trial 5 of 10...
trial 6 of 10...
trial 7 of 10...
trial 8 of 10...
trial 9 of 10...
trial 10 of 10...
Problem type: 3gen_split5 - 18/20
trial 1 of 10...

=== PROMPT ===

Use the following alphabet to complete the pattern.

a b c d e f g h i j k l m n o p q r s t u v w x y z

Note that the alphabet may be in an unfamiliar order. Complete the pattern using this order. Answer with only the final answer between double brackets and nothing else.

[m q o p n] [m n o p q]
[4 0 10 0 6 0 7 0 8 0 9 0 5 0 11 0 12 0] [

--- TARGET LETTERS ---

[np.int64(4), '0', np.int64(5), '0', np.int64(6), '0', np.int64(7), '0', np.int64(8), '0', np.int64(9), '0', np.int64(10), '0', np.int64(11), '0', np.int64(12), '0']
Full Qwen output: To solve this analogy, we need to understand the relationship between the two given patterns:

1. **First pattern (letters):** [m q o p n]  
2. **Second pattern (letters):** [m n o p q]  

Now, the second part of the question gives us a numerical pattern:

3. **Numerical pattern:** [4 0 10 0 6 0 7 0 8 0 9 0 5 0 11 0 12 0]  

We are to complete the pattern using the same logic as the letter pattern.
trial 2 of 10...
trial 3 of 10...
trial 4 of 10...
trial 5 of 10...
trial 6 of 10...
trial 7 of 10...
trial 8 of 10...
trial 9 of 10...
trial 10 of 10...
Problem type: 3gen_split6 - 19/20
trial 1 of 10...

=== PROMPT ===

Use the following alphabet to complete the pattern.

a b c d e f g h i j k l m n o p q r s t u v w x y z

Note that the alphabet may be in an unfamiliar order. Complete the pattern using this order. Answer with only the final answer between double brackets and nothing else.

[p q r s] [o q r s]
[u u t t s s r r q q p p o o n n] [

--- TARGET LETTERS ---

['v', 'v', 't', 't', 's', 's', 'r', 'r', 'q', 'q', 'p', 'p', 'o', 'o', 'n', 'n']
Full Qwen output: [[m m l l k k j j i i h h g g f f e e d d c c b b a a]]
Filtered Qwen output: m m l l k k j j i i h h g g f f e e d d c c b b a a
trial 2 of 10...
trial 3 of 10...
trial 4 of 10...
trial 5 of 10...
trial 6 of 10...
trial 7 of 10...
trial 8 of 10...
trial 9 of 10...
trial 10 of 10...
Problem type: 3gensplit7 - 20/20
trial 1 of 10...

=== PROMPT ===

Use the following alphabet to complete the pattern.

a b c d e f g h i j k l m n o p q r s t u v w x y z

Note that the alphabet may be in an unfamiliar order. Complete the pattern using this order. Answer with only the final answer between double brackets and nothing else.

[m n o p] [m n o p q]
[b x d x f x h x j x l x n x p x] [

--- TARGET LETTERS ---

['b', 'x', 'd', 'x', 'f', 'x', 'h', 'x', 'j', 'x', 'l', 'x', 'n', 'x', 'p', 'x', 'r', 'x']
Full Qwen output: [b x d x f x h x j x l x n x p x] [b x d x f x h x j x l x n x p x r x]  

Final answer: [[b x d x f x h x j x l x n x p x r x]]
Filtered Qwen output: b x d x f x h x j x l x n x p x r x
trial 2 of 10...
trial 3 of 10...
trial 4 of 10...
trial 5 of 10...
trial 6 of 10...
trial 7 of 10...
trial 8 of 10...
trial 9 of 10...
trial 10 of 10...
alph_6
a b c d e f g h i j k l m n o p q r s t u v w x y z
Problem type: larger_int - 1/20
trial 1 of 10...

=== PROMPT ===

Use the following alphabet to complete the pattern.

a b c d e f g h i j k l m n o p q r s t u v w x y z

Note that the alphabet may be in an unfamiliar order. Complete the pattern using this order. Answer with only the final answer between double brackets and nothing else.

[l m n o] [l m n o p]
[g i k m] [

--- TARGET LETTERS ---

['g', 'i', 'k', 'm', 'o']
Full Qwen output: [g i k m] [g i k m o]  

**Final Answer:** [[g i k m o]]
Filtered Qwen output: g i k m o
trial 2 of 10...
trial 3 of 10...
trial 4 of 10...
trial 5 of 10...
trial 6 of 10...
trial 7 of 10...
trial 8 of 10...
trial 9 of 10...
trial 10 of 10...
Problem type: longer_targ - 2/20
trial 1 of 10...

=== PROMPT ===

Use the following alphabet to complete the pattern.

a b c d e f g h i j k l m n o p q r s t u v w x y z

Note that the alphabet may be in an unfamiliar order. Complete the pattern using this order. Answer with only the final answer between double brackets and nothing else.

[j k l m] [i k l m]
[m n o p q r s t] [

--- TARGET LETTERS ---

['l', 'n', 'o', 'p', 'q', 'r', 's', 't']
Full Qwen output: [[n o p q r s t u]]
Filtered Qwen output: n o p q r s t u
trial 2 of 10...
trial 3 of 10...
trial 4 of 10...
trial 5 of 10...
trial 6 of 10...
trial 7 of 10...
trial 8 of 10...
trial 9 of 10...
trial 10 of 10...
Problem type: group - 3/20
trial 1 of 10...

=== PROMPT ===

Use the following alphabet to complete the pattern.

a b c d e f g h i j k l m n o p q r s t u v w x y z

Note that the alphabet may be in an unfamiliar order. Complete the pattern using this order. Answer with only the final answer between double brackets and nothing else.

[e f g h m] [e f g h i]
[q q x x s s t t u u] [

--- TARGET LETTERS ---

['q', 'q', 'r', 'r', 's', 's', 't', 't', 'u', 'u']
Full Qwen output: [q q x x s s t t u u] [q q x x s s t t u u v v]  

**Final Answer:** [[q q x x s s t t u u] [q q x x s s t t u u v v]]
Filtered Qwen output: q q x x s s t t u u] [q q x x s s t t u u v v
trial 2 of 10...
trial 3 of 10...
trial 4 of 10...
trial 5 of 10...
trial 6 of 10...
trial 7 of 10...
trial 8 of 10...
trial 9 of 10...
trial 10 of 10...
Problem type: interleaved - 4/20
trial 1 of 10...

=== PROMPT ===

Use the following alphabet to complete the pattern.

a b c d e f g h i j k l m n o p q r s t u v w x y z

Note that the alphabet may be in an unfamiliar order. Complete the pattern using this order. Answer with only the final answer between double brackets and nothing else.

[s t u v] [r t u v]
[g x h x i x j x] [

--- TARGET LETTERS ---

['f', 'x', 'h', 'x', 'i', 'x', 'j', 'x']
Full Qwen output: [g x h x i x j x] [f x g x h x i x j x]  

Final answer: [[f x g x h x i x j x]]
Filtered Qwen output: f x g x h x i x j x
trial 2 of 10...
trial 3 of 10...
trial 4 of 10...
trial 5 of 10...
trial 6 of 10...
trial 7 of 10...
trial 8 of 10...
trial 9 of 10...
trial 10 of 10...
Problem type: letter2num - 5/20
trial 1 of 10...

=== PROMPT ===

Use the following alphabet to complete the pattern.

a b c d e f g h i j k l m n o p q r s t u v w x y z

Note that the alphabet may be in an unfamiliar order. Complete the pattern using this order. Answer with only the final answer between double brackets and nothing else.

[c d e f] [b d e f]
[23 24 25 26] [

--- TARGET LETTERS ---

[np.int64(22), np.int64(24), np.int64(25), np.int64(26)]
Full Qwen output: [22 24 25 26]  

The pattern shows that the second group is the first group with the first element removed. So, [c d e f] becomes [b d e f], which means the first element "c" is removed and "b" is added. Following this logic, the next group should be [a c d e]. Converting these letters to their positions in the given alphabet:

a = 22  
c = 24  
d = 25  
e = 26  

Final answer: [[22 24 25 2
trial 2 of 10...
trial 3 of 10...
trial 4 of 10...
trial 5 of 10...
trial 6 of 10...
trial 7 of 10...
trial 8 of 10...
trial 9 of 10...
trial 10 of 10...
Problem type: reverse - 6/20
trial 1 of 10...

=== PROMPT ===

Use the following alphabet to complete the pattern.

a b c d e f g h i j k l m n o p q r s t u v w x y z

Note that the alphabet may be in an unfamiliar order. Complete the pattern using this order. Answer with only the final answer between double brackets and nothing else.

[d e f g] [d e f g h]
[o n m l] [

--- TARGET LETTERS ---

['o', 'n', 'm', 'l', 'k']
Full Qwen output: [ o n m l k ]  

Final answer: [[o n m l k]]
Filtered Qwen output: o n m l k
trial 2 of 10...
trial 3 of 10...
trial 4 of 10...
trial 5 of 10...
trial 6 of 10...
trial 7 of 10...
trial 8 of 10...
trial 9 of 10...
trial 10 of 10...
Problem type: 2gen_split1 - 7/20
trial 1 of 10...

=== PROMPT ===

Use the following alphabet to complete the pattern.

a b c d e f g h i j k l m n o p q r s t u v w x y z

Note that the alphabet may be in an unfamiliar order. Complete the pattern using this order. Answer with only the final answer between double brackets and nothing else.

[m n o p] [m n o q]
[e e g g i i k k] [

--- TARGET LETTERS ---

['e', 'e', 'g', 'g', 'i', 'i', 'm', 'm']
Full Qwen output: [[e e g g i i k k] [e e g g i i k k]]
Filtered Qwen output: e e g g i i k k] [e e g g i i k k
trial 2 of 10...
trial 3 of 10...
trial 4 of 10...
trial 5 of 10...
trial 6 of 10...
trial 7 of 10...
trial 8 of 10...
trial 9 of 10...
trial 10 of 10...
Problem type: 2gen_split2 - 8/20
trial 1 of 10...

=== PROMPT ===

Use the following alphabet to complete the pattern.

a b c d e f g h i j k l m n o p q r s t u v w x y z

Note that the alphabet may be in an unfamiliar order. Complete the pattern using this order. Answer with only the final answer between double brackets and nothing else.

[u w v x y] [u v w x y]
[n n p p r r v v t t] [

--- TARGET LETTERS ---

['n', 'n', 'p', 'p', 'r', 'r', 't', 't', 'v', 'v']
Full Qwen output: [ n n p p r r v v t t ] [ n p r v t ]  

**Final Answer:** [[n p r v t]]
Filtered Qwen output: n p r v t
trial 2 of 10...
trial 3 of 10...
trial 4 of 10...
trial 5 of 10...
trial 6 of 10...
trial 7 of 10...
trial 8 of 10...
trial 9 of 10...
trial 10 of 10...
Problem type: 2gen_split3 - 9/20
trial 1 of 10...

=== PROMPT ===

Use the following alphabet to complete the pattern.

a b c d e f g h i j k l m n o p q r s t u v w x y z

Note that the alphabet may be in an unfamiliar order. Complete the pattern using this order. Answer with only the final answer between double brackets and nothing else.

[j k l m] [j k l n]
[p p q q r r s s t t u u v v w w] [

--- TARGET LETTERS ---

['p', 'p', 'q', 'q', 'r', 'r', 's', 's', 't', 't', 'u', 'u', 'v', 'v', 'x', 'x']
Full Qwen output: [ p p q q r r s s t t u u v v w w ] [ p p q q r r s s t t u u v v w w x x ]  

Final answer: [[p p q q r r s s t t u u v v w w x x]]
Filtered Qwen output: p p q q r r s s t t u u v v w w x x
trial 2 of 10...
trial 3 of 10...
trial 4 of 10...
trial 5 of 10...
trial 6 of 10...
trial 7 of 10...
trial 8 of 10...
trial 9 of 10...
trial 10 of 10...
Problem type: 2gen_split4 - 10/20
trial 1 of 10...

=== PROMPT ===

Use the following alphabet to complete the pattern.

a b c d e f g h i j k l m n o p q r s t u v w x y z

Note that the alphabet may be in an unfamiliar order. Complete the pattern using this order. Answer with only the final answer between double brackets and nothing else.

[i j k l] [h j k l]
[7 9 11 13] [

--- TARGET LETTERS ---

[np.int64(5), np.int64(9), np.int64(11), np.int64(13)]
Full Qwen output: [5 7 9 11]  

The pattern shows that each group is a sequence of numbers increasing by 2. The first group is [7 9 11 13], and the previous group would be [5 7 9 11].  

Final answer: [[5 7 9 11]]
Filtered Qwen output: 5 7 9 11
trial 2 of 10...
trial 3 of 10...
trial 4 of 10...
trial 5 of 10...
trial 6 of 10...
trial 7 of 10...
trial 8 of 10...
trial 9 of 10...
trial 10 of 10...
Problem type: 2gen_split5 - 11/20
trial 1 of 10...

=== PROMPT ===

Use the following alphabet to complete the pattern.

a b c d e f g h i j k l m n o p q r s t u v w x y z

Note that the alphabet may be in an unfamiliar order. Complete the pattern using this order. Answer with only the final answer between double brackets and nothing else.

[i j n l m] [i j k l m]
[15 16 17 18 19 20 21 22 12] [

--- TARGET LETTERS ---

[np.int64(15), np.int64(16), np.int64(17), np.int64(18), np.int64(19), np.int64(20), np.int64(21), np.int64(22), np.int64(23)]
Full Qwen output: [15 16 17 18 19 20 21 22 12] corresponds to the letters [p q r s t u v w l]. The first sequence [i j n l m] maps to [9 10 13 12 11] based on the standard alphabet. The second sequence [i j k l m] maps to [9 10 11 12 13]. The pattern shows a shift from the first sequence to the second: the first sequence is [i j n l m] and
trial 2 of 10...
trial 3 of 10...
trial 4 of 10...
trial 5 of 10...
trial 6 of 10...
trial 7 of 10...
trial 8 of 10...
trial 9 of 10...
trial 10 of 10...
Problem type: 2gen_split6 - 12/20
trial 1 of 10...

=== PROMPT ===

Use the following alphabet to complete the pattern.

a b c d e f g h i j k l m n o p q r s t u v w x y z

Note that the alphabet may be in an unfamiliar order. Complete the pattern using this order. Answer with only the final answer between double brackets and nothing else.

[v w x y] [v w x z]
[m k i g] [

--- TARGET LETTERS ---

['m', 'k', 'i', 'e']
Full Qwen output: [ m k i e ]  

The pattern involves subtracting 2 letters from the last letter of the first group to get the second group.  
- From [v w x y], subtract 2 letters (y → z is +1, so subtract 2: y → x → w? No, better to look at positions).  
Using the standard alphabet:  
- v = 22, w = 23, x = 24, y = 25  
- v = 22, w = 23, x = 24, z = 26  

So the
trial 2 of 10...
trial 3 of 10...
trial 4 of 10...
trial 5 of 10...
trial 6 of 10...
trial 7 of 10...
trial 8 of 10...
trial 9 of 10...
trial 10 of 10...
Problem type: 2gensplit7 - 13/20
trial 1 of 10...

=== PROMPT ===

Use the following alphabet to complete the pattern.

a b c d e f g h i j k l m n o p q r s t u v w x y z

Note that the alphabet may be in an unfamiliar order. Complete the pattern using this order. Answer with only the final answer between double brackets and nothing else.

[s t u v] [s t u w]
[c e g i k m o q] [

--- TARGET LETTERS ---

['c', 'e', 'g', 'i', 'k', 'm', 'o', 's']
Full Qwen output: [c e g i k m o q] [c e g i k m o r]  

Final answer: [[c e g i k m o r]]
Filtered Qwen output: c e g i k m o r
trial 2 of 10...
trial 3 of 10...
trial 4 of 10...
trial 5 of 10...
trial 6 of 10...
trial 7 of 10...
trial 8 of 10...
trial 9 of 10...
trial 10 of 10...
Problem type: 3gen_split1 - 14/20
trial 1 of 10...

=== PROMPT ===

Use the following alphabet to complete the pattern.

a b c d e f g h i j k l m n o p q r s t u v w x y z

Note that the alphabet may be in an unfamiliar order. Complete the pattern using this order. Answer with only the final answer between double brackets and nothing else.

[k l m n] [j l m n]
[16 15 14 13 12 11 10 9] [

--- TARGET LETTERS ---

[np.int64(17), np.int64(15), np.int64(14), np.int64(13), np.int64(12), np.int64(11), np.int64(10), np.int64(9)]
Full Qwen output: [8 7 6 5]  

Final answer: [[8 7 6 5]]
Filtered Qwen output: 8 7 6 5
trial 2 of 10...
trial 3 of 10...
trial 4 of 10...
trial 5 of 10...
trial 6 of 10...
trial 7 of 10...
trial 8 of 10...
trial 9 of 10...
trial 10 of 10...
Problem type: 3gen_split2 - 15/20
trial 1 of 10...

=== PROMPT ===

Use the following alphabet to complete the pattern.

a b c d e f g h i j k l m n o p q r s t u v w x y z

Note that the alphabet may be in an unfamiliar order. Complete the pattern using this order. Answer with only the final answer between double brackets and nothing else.

[j k l m] [j k l n]
[12 12 0 0 13 13 0 0 14 14 0 0 15 15 0 0] [

--- TARGET LETTERS ---

[np.int64(12), np.int64(12), '0', '0', np.int64(13), np.int64(13), '0', '0', np.int64(14), np.int64(14), '0', '0', np.int64(16), np.int64(16), '0', '0']
Full Qwen output: [j k l m] [j k l n]  
[12 12 0 0 13 13 0 0 14 14 0 0 15 15 0 0] [**16 16 0 0**]  

Final answer: [[16 16 0 0]]
Filtered Qwen output: 16 16 0 0
trial 2 of 10...
trial 3 of 10...
trial 4 of 10...
trial 5 of 10...
trial 6 of 10...
trial 7 of 10...
trial 8 of 10...
trial 9 of 10...
trial 10 of 10...
Problem type: 3gen_split3 - 16/20
trial 1 of 10...

=== PROMPT ===

Use the following alphabet to complete the pattern.

a b c d e f g h i j k l m n o p q r s t u v w x y z

Note that the alphabet may be in an unfamiliar order. Complete the pattern using this order. Answer with only the final answer between double brackets and nothing else.

[v w x y] [v w x z]
[k k j j i i h h g g f f e e d d] [

--- TARGET LETTERS ---

['k', 'k', 'j', 'j', 'i', 'i', 'h', 'h', 'g', 'g', 'f', 'f', 'e', 'e', 'c', 'c']
Full Qwen output: [k k j j i i h h g g f f e e d d] [l l m m n n o o p p q q r r s s t t]  

Final answer: [[l l m m n n o o p p q q r r s s t t]]
Filtered Qwen output: l l m m n n o o p p q q r r s s t t
trial 2 of 10...
trial 3 of 10...
trial 4 of 10...
trial 5 of 10...
trial 6 of 10...
trial 7 of 10...
trial 8 of 10...
trial 9 of 10...
trial 10 of 10...
Problem type: 3gen_split4 - 17/20
trial 1 of 10...

=== PROMPT ===

Use the following alphabet to complete the pattern.

a b c d e f g h i j k l m n o p q r s t u v w x y z

Note that the alphabet may be in an unfamiliar order. Complete the pattern using this order. Answer with only the final answer between double brackets and nothing else.

[f g h i] [f g h j]
[4 4 6 6 8 8 10 10] [

--- TARGET LETTERS ---

[np.int64(4), np.int64(4), np.int64(6), np.int64(6), np.int64(8), np.int64(8), np.int64(12), np.int64(12)]
Full Qwen output: [[f g h k]]
Filtered Qwen output: f g h k
trial 2 of 10...
trial 3 of 10...
trial 4 of 10...
trial 5 of 10...
trial 6 of 10...
trial 7 of 10...
trial 8 of 10...
trial 9 of 10...
trial 10 of 10...
Problem type: 3gen_split5 - 18/20
trial 1 of 10...

=== PROMPT ===

Use the following alphabet to complete the pattern.

a b c d e f g h i j k l m n o p q r s t u v w x y z

Note that the alphabet may be in an unfamiliar order. Complete the pattern using this order. Answer with only the final answer between double brackets and nothing else.

[g h i j] [g h i k]
[u u s s q q o o] [

--- TARGET LETTERS ---

['u', 'u', 's', 's', 'q', 'q', 'm', 'm']
Full Qwen output: [[u u s s q q o o] [u u s s q q m m]]
Filtered Qwen output: u u s s q q o o] [u u s s q q m m
trial 2 of 10...
trial 3 of 10...
trial 4 of 10...
trial 5 of 10...
trial 6 of 10...
trial 7 of 10...
trial 8 of 10...
trial 9 of 10...
trial 10 of 10...
Problem type: 3gen_split6 - 19/20
trial 1 of 10...

=== PROMPT ===

Use the following alphabet to complete the pattern.

a b c d e f g h i j k l m n o p q r s t u v w x y z

Note that the alphabet may be in an unfamiliar order. Complete the pattern using this order. Answer with only the final answer between double brackets and nothing else.

[g h i j] [g h i k]
[11 13 15 17 19 21 23] [

--- TARGET LETTERS ---

[np.int64(11), np.int64(13), np.int64(15), np.int64(17), np.int64(19), np.int64(21), np.int64(25)]
Full Qwen output: [g h i j] [g h i k]  
The first group is [g h i j], and the second group is [g h i k]. The difference is that the last letter in the second group is **k** instead of **j**.

Now look at the numerical sequence:  
[11 13 15 17 19 21 23] [?

This is a sequence of odd numbers starting at 11:  
11, 13, 15, 17, 19, 21, 23,...

The
trial 2 of 10...
trial 3 of 10...
trial 4 of 10...
trial 5 of 10...
trial 6 of 10...
trial 7 of 10...
trial 8 of 10...
trial 9 of 10...
trial 10 of 10...
Problem type: 3gensplit7 - 20/20
trial 1 of 10...

=== PROMPT ===

Use the following alphabet to complete the pattern.

a b c d e f g h i j k l m n o p q r s t u v w x y z

Note that the alphabet may be in an unfamiliar order. Complete the pattern using this order. Answer with only the final answer between double brackets and nothing else.

[m n o p] [m n o q]
[1 0 2 0 3 0 4 0 5 0 6 0 7 0 8 0] [

--- TARGET LETTERS ---

[np.int64(1), '0', np.int64(2), '0', np.int64(3), '0', np.int64(4), '0', np.int64(5), '0', np.int64(6), '0', np.int64(7), '0', np.int64(9), '0']
Full Qwen output: [[1 0 2 0 3 0 4 0 5 0 6 0 7 0 8 0 9 0]]
Filtered Qwen output: 1 0 2 0 3 0 4 0 5 0 6 0 7 0 8 0 9 0
trial 2 of 10...
trial 3 of 10...
trial 4 of 10...
trial 5 of 10...
trial 6 of 10...
trial 7 of 10...
trial 8 of 10...
trial 9 of 10...
trial 10 of 10...
Saved ./Qwen_Qwen3-14B_prob_predictions_multi_alph/gen/Qwen_Qwen3-14B_letterstring_results_1_multi_alph_gptprobs_minimal.npz
Total time: 3301.4710836410522 seconds.
