============================================================================================== 
Warning! Mixing Conda and module environments may lead to corruption of the
user environment. 
We do not recommend users mixing those two environments unless absolutely
necessary. Note that 
SURF does not provide any support for Conda environment.
For more information, please refer to our software policy page:
https://servicedesk.surf.nl/wiki/display/WIKI/Software+policy+Snellius#SoftwarepolicySnellius-UseofAnacondaandMinicondaenvironmentsonSnellius 

Remember that many packages have already been installed on the system and can
be loaded using 
the 'module load <package__name>' command. If you are uncertain if a package is
already available 
on the system, please use 'module avail' or 'module spider' to search for it.
============================================================================================== 
Loading model Qwen/Qwen3-14B...
GPU memory available: 39.49 GB
`torch_dtype` is deprecated! Use `dtype` instead!
Flash Attention 2 not available (FlashAttention2 has been toggled on, but it cannot be used due to the following error: the package flash_attn seems to be not installed. Please refer to the documentation of https://huggingface.co/docs/transformers/perf_infer_gpu_one#flashattention-2 to install Flash Attention 2.), using default attention
Loading checkpoint shards:   0%|          | 0/8 [00:00<?, ?it/s]Loading checkpoint shards:  12%|█▎        | 1/8 [00:01<00:12,  1.73s/it]Loading checkpoint shards:  25%|██▌       | 2/8 [00:03<00:10,  1.74s/it]Loading checkpoint shards:  38%|███▊      | 3/8 [00:05<00:08,  1.74s/it]Loading checkpoint shards:  50%|█████     | 4/8 [00:06<00:06,  1.74s/it]Loading checkpoint shards:  62%|██████▎   | 5/8 [00:08<00:05,  1.73s/it]Loading checkpoint shards:  75%|███████▌  | 6/8 [00:10<00:03,  1.72s/it]Loading checkpoint shards:  88%|████████▊ | 7/8 [00:12<00:01,  1.72s/it]Loading checkpoint shards: 100%|██████████| 8/8 [00:12<00:00,  1.43s/it]Loading checkpoint shards: 100%|██████████| 8/8 [00:12<00:00,  1.61s/it]
Model loaded with default attention
Model device: cuda:0
GPU memory allocated: 27.51 GB, reserved: 27.51 GB
Model loaded. Loading tokenizer...
Model Qwen/Qwen3-14B and tokenizer loaded.
alph_0
a u c d e f g h i j k l m n o p q r s t b v w x y z
Problem type: larger_int - 1/20
trial 1 of 10...

=== PROMPT ===

Use the following alphabet to complete the pattern.

a u c d e f g h i j k l m n o p q r s t b v w x y z

Note that the alphabet may be in an unfamiliar order. Complete the pattern using this order. Answer with only the final answer between double brackets and nothing else.

[g h i j] [f h i j]
[d f h j] [

--- TARGET LETTERS ---

['u', 'f', 'h', 'j']
The following generation flags are not valid and may be ignored: ['temperature', 'top_k']. Set `TRANSFORMERS_VERBOSITY=info` for more details.
Full Qwen output: [**b d f h**]  

Final answer: [[b d f h]]
Filtered Qwen output: b d f h
trial 2 of 10...
trial 3 of 10...
trial 4 of 10...
trial 5 of 10...
trial 6 of 10...
trial 7 of 10...
trial 8 of 10...
trial 9 of 10...
trial 10 of 10...
Problem type: longer_targ - 2/20
trial 1 of 10...

=== PROMPT ===

Use the following alphabet to complete the pattern.

a u c d e f g h i j k l m n o p q r s t b v w x y z

Note that the alphabet may be in an unfamiliar order. Complete the pattern using this order. Answer with only the final answer between double brackets and nothing else.

[a u c c d e] [a u c d e]
[o p p q r s t b v w] [

--- TARGET LETTERS ---

['o', 'p', 'q', 'r', 's', 't', 'b', 'v', 'w']
Full Qwen output: [o p p q r s t b v w] [o p q r s t b v w]  

Final answer: [[o p q r s t b v w]]
Filtered Qwen output: o p q r s t b v w
trial 2 of 10...
trial 3 of 10...
trial 4 of 10...
trial 5 of 10...
trial 6 of 10...
trial 7 of 10...
trial 8 of 10...
trial 9 of 10...
trial 10 of 10...
Problem type: group - 3/20
trial 1 of 10...

=== PROMPT ===

Use the following alphabet to complete the pattern.

a u c d e f g h i j k l m n o p q r s t b v w x y z

Note that the alphabet may be in an unfamiliar order. Complete the pattern using this order. Answer with only the final answer between double brackets and nothing else.

[c d e f] [u d e f]
[w w x x y y z z] [

--- TARGET LETTERS ---

['v', 'v', 'x', 'x', 'y', 'y', 'z', 'z']
Full Qwen output: [[w x y z] [w x y z]]
Filtered Qwen output: w x y z] [w x y z
trial 2 of 10...
trial 3 of 10...
trial 4 of 10...
trial 5 of 10...
trial 6 of 10...
trial 7 of 10...
trial 8 of 10...
trial 9 of 10...
trial 10 of 10...
Problem type: interleaved - 4/20
trial 1 of 10...

=== PROMPT ===

Use the following alphabet to complete the pattern.

a u c d e f g h i j k l m n o p q r s t b v w x y z

Note that the alphabet may be in an unfamiliar order. Complete the pattern using this order. Answer with only the final answer between double brackets and nothing else.

[h i j n l] [h i j k l]
[l x v x w x x x y x] [

--- TARGET LETTERS ---

['b', 'x', 'v', 'x', 'w', 'x', 'x', 'x', 'y', 'x']
Full Qwen output: [[l x v x w x x x y x] [l x v x w x x x y x z]]
Filtered Qwen output: l x v x w x x x y x] [l x v x w x x x y x z
trial 2 of 10...
trial 3 of 10...
trial 4 of 10...
trial 5 of 10...
trial 6 of 10...
trial 7 of 10...
trial 8 of 10...
trial 9 of 10...
trial 10 of 10...
Problem type: letter2num - 5/20
trial 1 of 10...

=== PROMPT ===

Use the following alphabet to complete the pattern.

a u c d e f g h i j k l m n o p q r s t b v w x y z

Note that the alphabet may be in an unfamiliar order. Complete the pattern using this order. Answer with only the final answer between double brackets and nothing else.

[b v w x] [b v w y]
[1 2 3 4] [

--- TARGET LETTERS ---

[np.int64(1), np.int64(2), np.int64(3), np.int64(5)]
Full Qwen output: [b v w x] [b v w y]  
[1 2 3 4] [1 2 3 5]  

Following the pattern, the next group is: **[1 2 3 5]**

Final answer: [[1 2 3 5]]
Filtered Qwen output: 1 2 3 5
trial 2 of 10...
trial 3 of 10...
trial 4 of 10...
trial 5 of 10...
trial 6 of 10...
trial 7 of 10...
trial 8 of 10...
trial 9 of 10...
trial 10 of 10...
Problem type: reverse - 6/20
trial 1 of 10...

=== PROMPT ===

Use the following alphabet to complete the pattern.

a u c d e f g h i j k l m n o p q r s t b v w x y z

Note that the alphabet may be in an unfamiliar order. Complete the pattern using this order. Answer with only the final answer between double brackets and nothing else.

[e f g h h i] [e f g h i]
[w w v b t s] [

--- TARGET LETTERS ---

['w', 'v', 'b', 't', 's']
Full Qwen output: [[w v b t s]]
Filtered Qwen output: w v b t s
trial 2 of 10...
trial 3 of 10...
trial 4 of 10...
trial 5 of 10...
trial 6 of 10...
trial 7 of 10...
trial 8 of 10...
trial 9 of 10...
trial 10 of 10...
Problem type: 2gen_split1 - 7/20
trial 1 of 10...

=== PROMPT ===

Use the following alphabet to complete the pattern.

a u c d e f g h i j k l m n o p q r s t b v w x y z

Note that the alphabet may be in an unfamiliar order. Complete the pattern using this order. Answer with only the final answer between double brackets and nothing else.

[b t s v w] [s t b v w]
[q q k k m m o o i i] [

--- TARGET LETTERS ---

['i', 'i', 'k', 'k', 'm', 'm', 'o', 'o', 'q', 'q']
Full Qwen output: [q q k k m m o o i i] [q k m o i]  

[[q k m o i]]
Filtered Qwen output: q k m o i
trial 2 of 10...
trial 3 of 10...
trial 4 of 10...
trial 5 of 10...
trial 6 of 10...
trial 7 of 10...
trial 8 of 10...
trial 9 of 10...
trial 10 of 10...
Problem type: 2gen_split2 - 8/20
trial 1 of 10...

=== PROMPT ===

Use the following alphabet to complete the pattern.

a u c d e f g h i j k l m n o p q r s t b v w x y z

Note that the alphabet may be in an unfamiliar order. Complete the pattern using this order. Answer with only the final answer between double brackets and nothing else.

[a u w d e] [a u c d e]
[o x q x s x g x w x] [

--- TARGET LETTERS ---

['o', 'x', 'q', 'x', 's', 'x', 'b', 'x', 'w', 'x']
Full Qwen output: [o x q x s x g x w x] [o x q x r x s x g x w x]  

**Final Answer:** [[o x q x r x s x g x w x]]
Filtered Qwen output: o x q x r x s x g x w x
trial 2 of 10...
trial 3 of 10...
trial 4 of 10...
trial 5 of 10...
trial 6 of 10...
trial 7 of 10...
trial 8 of 10...
trial 9 of 10...
trial 10 of 10...
Problem type: 2gen_split3 - 9/20
trial 1 of 10...

=== PROMPT ===

Use the following alphabet to complete the pattern.

a u c d e f g h i j k l m n o p q r s t b v w x y z

Note that the alphabet may be in an unfamiliar order. Complete the pattern using this order. Answer with only the final answer between double brackets and nothing else.

[a u c d] [a u c d e]
[g x h x i x j x k x l x m x n x] [

--- TARGET LETTERS ---

['g', 'x', 'h', 'x', 'i', 'x', 'j', 'x', 'k', 'x', 'l', 'x', 'm', 'x', 'n', 'x', 'o', 'x']
Full Qwen output: [g x h x i x j x k x l x m x n x o x p x q x r x s x t x b x v x w x y x z]  

Final answer: [[g x h x i x j x k x l x m x n x o x p x q x r x s x t x b x v x w x y x z]]
Filtered Qwen output: g x h x i x j x k x l x m x n x o x p x q x r x s x t x b x v x w x y x z
trial 2 of 10...
trial 3 of 10...
trial 4 of 10...
trial 5 of 10...
trial 6 of 10...
trial 7 of 10...
trial 8 of 10...
trial 9 of 10...
trial 10 of 10...
Problem type: 2gen_split4 - 10/20
trial 1 of 10...

=== PROMPT ===

Use the following alphabet to complete the pattern.

a u c d e f g h i j k l m n o p q r s t b v w x y z

Note that the alphabet may be in an unfamiliar order. Complete the pattern using this order. Answer with only the final answer between double brackets and nothing else.

[c d e f] [c d e g]
[t t x x b b x x v v x x w w x x] [

--- TARGET LETTERS ---

['t', 't', 'x', 'x', 'b', 'b', 'x', 'x', 'v', 'v', 'x', 'x', 'x', 'x', 'x', 'x']
Full Qwen output: [t t x x b b x x v v x x w w x x] [t t x x b b x x v v x x w w x x v v]  

The pattern appears to repeat the segment [t t x x b b x x v v x x w w x x], and the next segment continues with [v v].  

Final answer: [[t t x x b b x x v v x x w w x x] [t t x x b b x x v v x x w w x x v v]]  

But since the question asks for the completion of the pattern after
Filtered Qwen output: t t x x b b x x v v x x w w x x] [t t x x b b x x v v x x w w x x v v
trial 2 of 10...
trial 3 of 10...
trial 4 of 10...
trial 5 of 10...
trial 6 of 10...
trial 7 of 10...
trial 8 of 10...
trial 9 of 10...
trial 10 of 10...
Problem type: 2gen_split5 - 11/20
trial 1 of 10...

=== PROMPT ===

Use the following alphabet to complete the pattern.

a u c d e f g h i j k l m n o p q r s t b v w x y z

Note that the alphabet may be in an unfamiliar order. Complete the pattern using this order. Answer with only the final answer between double brackets and nothing else.

[r c d e f] [u c d e f]
[y y x x w w v v d d] [

--- TARGET LETTERS ---

['y', 'y', 'x', 'x', 'w', 'w', 'v', 'v', 'b', 'b']
Full Qwen output: [z z y y x x w w v v u u]
trial 2 of 10...
trial 3 of 10...
trial 4 of 10...
trial 5 of 10...
trial 6 of 10...
trial 7 of 10...
trial 8 of 10...
trial 9 of 10...
trial 10 of 10...
Problem type: 2gen_split6 - 12/20
trial 1 of 10...

=== PROMPT ===

Use the following alphabet to complete the pattern.

a u c d e f g h i j k l m n o p q r s t b v w x y z

Note that the alphabet may be in an unfamiliar order. Complete the pattern using this order. Answer with only the final answer between double brackets and nothing else.

[d e f h g] [d e f g h]
[19 17 21 23 25] [

--- TARGET LETTERS ---

[np.int64(17), np.int64(19), np.int64(21), np.int64(23), np.int64(25)]
Full Qwen output: To solve the analogy, we need to understand the pattern between the two groups of letters and numbers.

### Step 1: Understand the letter order
The given alphabet is:

**a u c d e f g h i j k l m n o p q r s t b v w x y z**

We'll assign positions to each letter based on this order:

1. a  
2. u  
3. c  
4. d  
5. e  
6. f  
7. g  
8. h  
9. i  
10. j  
11. k  
12. l  
13
trial 2 of 10...
trial 3 of 10...
trial 4 of 10...
trial 5 of 10...
trial 6 of 10...
trial 7 of 10...
trial 8 of 10...
trial 9 of 10...
trial 10 of 10...
Problem type: 2gensplit7 - 13/20
trial 1 of 10...

=== PROMPT ===

Use the following alphabet to complete the pattern.

a u c d e f g h i j k l m n o p q r s t b v w x y z

Note that the alphabet may be in an unfamiliar order. Complete the pattern using this order. Answer with only the final answer between double brackets and nothing else.

[b v w x] [b v w y]
[11 13 15 17] [

--- TARGET LETTERS ---

[np.int64(11), np.int64(13), np.int64(15), np.int64(19)]
Full Qwen output: [11 13 15 19]
trial 2 of 10...
trial 3 of 10...
trial 4 of 10...
trial 5 of 10...
trial 6 of 10...
trial 7 of 10...
trial 8 of 10...
trial 9 of 10...
trial 10 of 10...
Problem type: 3gen_split1 - 14/20
trial 1 of 10...

=== PROMPT ===

Use the following alphabet to complete the pattern.

a u c d e f g h i j k l m n o p q r s t b v w x y z

Note that the alphabet may be in an unfamiliar order. Complete the pattern using this order. Answer with only the final answer between double brackets and nothing else.

[a u c d] [a u c e]
[7 0 6 0 5 0 4 0] [

--- TARGET LETTERS ---

[np.int64(7), '0', np.int64(6), '0', np.int64(5), '0', np.int64(3), '0']
Full Qwen output: To solve the analogy, we need to understand the pattern between the two given letter groups and apply it to the number sequence.

### Step 1: Analyze the letter pattern
Given:
- First group: **[a u c d]**
- Second group: **[a u c e]**

We can see that the first three letters are the same in both groups: **a u c**, and the fourth letter changes from **d** to **e**.

So, the pattern is:  
**[a u c X]** where **X** changes from **d** to **e**.

### Step 2
trial 2 of 10...
trial 3 of 10...
trial 4 of 10...
trial 5 of 10...
trial 6 of 10...
trial 7 of 10...
trial 8 of 10...
trial 9 of 10...
trial 10 of 10...
Problem type: 3gen_split2 - 15/20
trial 1 of 10...

=== PROMPT ===

Use the following alphabet to complete the pattern.

a u c d e f g h i j k l m n o p q r s t b v w x y z

Note that the alphabet may be in an unfamiliar order. Complete the pattern using this order. Answer with only the final answer between double brackets and nothing else.

[q r s t] [q r s t b]
[r r x x s s x x t t x x b b x x v v x x w w x x x x x x y y x x] [

--- TARGET LETTERS ---

['r', 'r', 'x', 'x', 's', 's', 'x', 'x', 't', 't', 'x', 'x', 'b', 'b', 'x', 'x', 'v', 'v', 'x', 'x', 'w', 'w', 'x', 'x', 'x', 'x', 'x', 'x', 'y', 'y', 'x', 'x', 'z', 'z', 'x', 'x']
Full Qwen output: [[r r x x s s x x t t x x b b x x v v x x w w x x x x x x y y x x] [r r x x s s x x t t x x b b x x v v x x w w x x x x x x y y x x]]
Filtered Qwen output: r r x x s s x x t t x x b b x x v v x x w w x x x x x x y y x x] [r r x x s s x x t t x x b b x x v v x x w w x x x x x x y y x x
trial 2 of 10...
trial 3 of 10...
trial 4 of 10...
trial 5 of 10...
trial 6 of 10...
trial 7 of 10...
trial 8 of 10...
trial 9 of 10...
trial 10 of 10...
Problem type: 3gen_split3 - 16/20
trial 1 of 10...

=== PROMPT ===

Use the following alphabet to complete the pattern.

a u c d e f g h i j k l m n o p q r s t b v w x y z

Note that the alphabet may be in an unfamiliar order. Complete the pattern using this order. Answer with only the final answer between double brackets and nothing else.

[e f g h q] [e f g h i]
[9 11 13 15 17 19 21 23 12] [

--- TARGET LETTERS ---

[np.int64(9), np.int64(11), np.int64(13), np.int64(15), np.int64(17), np.int64(19), np.int64(21), np.int64(23), np.int64(25)]
Full Qwen output: [[e f g h i j k l m]]
Filtered Qwen output: e f g h i j k l m
trial 2 of 10...
trial 3 of 10...
trial 4 of 10...
trial 5 of 10...
trial 6 of 10...
trial 7 of 10...
trial 8 of 10...
trial 9 of 10...
trial 10 of 10...
Problem type: 3gen_split4 - 17/20
trial 1 of 10...

=== PROMPT ===

Use the following alphabet to complete the pattern.

a u c d e f g h i j k l m n o p q r s t b v w x y z

Note that the alphabet may be in an unfamiliar order. Complete the pattern using this order. Answer with only the final answer between double brackets and nothing else.

[q r s t] [q r s b]
[24 23 22 21 20 19 18 17] [

--- TARGET LETTERS ---

[np.int64(24), np.int64(23), np.int64(22), np.int64(21), np.int64(20), np.int64(19), np.int64(18), np.int64(16)]
Full Qwen output: [24 23 22 21 20 19 18 17] [24 23 22 21]  

Final answer: [[q r s t] [q r s b]] → [[24 23 22 21 20 19 18 17] [24 23 22 21]]  

Answer: [[24 23 22 21 20 19 18 17] [24 23
Filtered Qwen output: q r s t] [q r s b
trial 2 of 10...
trial 3 of 10...
trial 4 of 10...
trial 5 of 10...
trial 6 of 10...
trial 7 of 10...
trial 8 of 10...
trial 9 of 10...
trial 10 of 10...
Problem type: 3gen_split5 - 18/20
trial 1 of 10...

=== PROMPT ===

Use the following alphabet to complete the pattern.

a u c d e f g h i j k l m n o p q r s t b v w x y z

Note that the alphabet may be in an unfamiliar order. Complete the pattern using this order. Answer with only the final answer between double brackets and nothing else.

[e f g i h] [e f g h i]
[14 0 16 0 15 0 17 0 18 0 19 0 20 0 21 0 22 0] [

--- TARGET LETTERS ---

[np.int64(14), '0', np.int64(15), '0', np.int64(16), '0', np.int64(17), '0', np.int64(18), '0', np.int64(19), '0', np.int64(20), '0', np.int64(21), '0', np.int64(22), '0']
Full Qwen output: [[e f g h i j k l m n o p q r s t b v w x y z]]
Filtered Qwen output: e f g h i j k l m n o p q r s t b v w x y z
trial 2 of 10...
trial 3 of 10...
trial 4 of 10...
trial 5 of 10...
trial 6 of 10...
trial 7 of 10...
trial 8 of 10...
trial 9 of 10...
trial 10 of 10...
Problem type: 3gen_split6 - 19/20
trial 1 of 10...

=== PROMPT ===

Use the following alphabet to complete the pattern.

a u c d e f g h i j k l m n o p q r s t b v w x y z

Note that the alphabet may be in an unfamiliar order. Complete the pattern using this order. Answer with only the final answer between double brackets and nothing else.

[u c d e] [u c d f]
[y x w x b x s x] [

--- TARGET LETTERS ---

['y', 'x', 'w', 'x', 'b', 'x', 'q', 'x']
Full Qwen output: [y x w x b x s x] [y x w x b x s y]  

Final answer: [[y x w x b x s y]]
Filtered Qwen output: y x w x b x s y
trial 2 of 10...
trial 3 of 10...
trial 4 of 10...
trial 5 of 10...
trial 6 of 10...
trial 7 of 10...
trial 8 of 10...
trial 9 of 10...
trial 10 of 10...
Problem type: 3gensplit7 - 20/20
trial 1 of 10...

=== PROMPT ===

Use the following alphabet to complete the pattern.

a u c d e f g h i j k l m n o p q r s t b v w x y z

Note that the alphabet may be in an unfamiliar order. Complete the pattern using this order. Answer with only the final answer between double brackets and nothing else.

[a u c d e e] [a u c d e]
[19 17 15 15 13 11] [

--- TARGET LETTERS ---

[np.int64(19), np.int64(17), np.int64(15), np.int64(13), np.int64(11)]
Full Qwen output: [19 17 15 15 13]
trial 2 of 10...
trial 3 of 10...
trial 4 of 10...
trial 5 of 10...
trial 6 of 10...
trial 7 of 10...
trial 8 of 10...
trial 9 of 10...
trial 10 of 10...
alph_1
a l c d e f g h i j k b m n o p q r s t u v w x y z
Problem type: larger_int - 1/20
trial 1 of 10...

=== PROMPT ===

Use the following alphabet to complete the pattern.

a l c d e f g h i j k b m n o p q r s t u v w x y z

Note that the alphabet may be in an unfamiliar order. Complete the pattern using this order. Answer with only the final answer between double brackets and nothing else.

[k o m n b] [k b m n o]
[l d f j h] [

--- TARGET LETTERS ---

['l', 'd', 'f', 'h', 'j']
Full Qwen output: [ l d f j h ] [ l h d f j ]  

**Final Answer:** [[l h d f j]]
Filtered Qwen output: l h d f j
trial 2 of 10...
trial 3 of 10...
trial 4 of 10...
trial 5 of 10...
trial 6 of 10...
trial 7 of 10...
trial 8 of 10...
trial 9 of 10...
trial 10 of 10...
Problem type: longer_targ - 2/20
trial 1 of 10...

=== PROMPT ===

Use the following alphabet to complete the pattern.

a l c d e f g h i j k b m n o p q r s t u v w x y z

Note that the alphabet may be in an unfamiliar order. Complete the pattern using this order. Answer with only the final answer between double brackets and nothing else.

[q r u t s] [q r s t u]
[a l c d f e g h i] [

--- TARGET LETTERS ---

['a', 'l', 'c', 'd', 'e', 'f', 'g', 'h', 'i']
Full Qwen output: [b m n o p]
trial 2 of 10...
trial 3 of 10...
trial 4 of 10...
trial 5 of 10...
trial 6 of 10...
trial 7 of 10...
trial 8 of 10...
trial 9 of 10...
trial 10 of 10...
Problem type: group - 3/20
trial 1 of 10...

=== PROMPT ===

Use the following alphabet to complete the pattern.

a l c d e f g h i j k b m n o p q r s t u v w x y z

Note that the alphabet may be in an unfamiliar order. Complete the pattern using this order. Answer with only the final answer between double brackets and nothing else.

[a l c d] [a l c e]
[p p q q r r s s] [

--- TARGET LETTERS ---

['p', 'p', 'q', 'q', 'r', 'r', 't', 't']
Full Qwen output: [[p p q q r r s s] [t t u u v v w w]]
Filtered Qwen output: p p q q r r s s] [t t u u v v w w
trial 2 of 10...
trial 3 of 10...
trial 4 of 10...
trial 5 of 10...
trial 6 of 10...
trial 7 of 10...
trial 8 of 10...
trial 9 of 10...
trial 10 of 10...
Problem type: interleaved - 4/20
trial 1 of 10...

=== PROMPT ===

Use the following alphabet to complete the pattern.

a l c d e f g h i j k b m n o p q r s t u v w x y z

Note that the alphabet may be in an unfamiliar order. Complete the pattern using this order. Answer with only the final answer between double brackets and nothing else.

[l c d e] [l c d e f]
[a x l x c x d x] [

--- TARGET LETTERS ---

['a', 'x', 'l', 'x', 'c', 'x', 'd', 'x', 'e', 'x']
Full Qwen output: [[a x l x c x d x e x]]
Filtered Qwen output: a x l x c x d x e x
trial 2 of 10...
trial 3 of 10...
trial 4 of 10...
trial 5 of 10...
trial 6 of 10...
trial 7 of 10...
trial 8 of 10...
trial 9 of 10...
trial 10 of 10...
Problem type: letter2num - 5/20
trial 1 of 10...

=== PROMPT ===

Use the following alphabet to complete the pattern.

a l c d e f g h i j k b m n o p q r s t u v w x y z

Note that the alphabet may be in an unfamiliar order. Complete the pattern using this order. Answer with only the final answer between double brackets and nothing else.

[t u w v x] [t u v w x]
[2 1 3 4 5] [

--- TARGET LETTERS ---

[np.int64(1), np.int64(2), np.int64(3), np.int64(4), np.int64(5)]
Full Qwen output: [2 1 4 3 5]  

The pattern involves reversing the order of the second and third elements in the sequence.  

Original: [t u w v x]  
Positions: [1 2 3 4 5]  

After swapping positions 3 and 4: [t u v w x]  
Positions: [1 2 4 3 5]  

So the answer is: **[2 1 4 3 5]**  

Final answer: [[2 1 4 3 5]]
Filtered Qwen output: 2 1 4 3 5
trial 2 of 10...
trial 3 of 10...
trial 4 of 10...
trial 5 of 10...
trial 6 of 10...
trial 7 of 10...
trial 8 of 10...
trial 9 of 10...
trial 10 of 10...
Problem type: reverse - 6/20
trial 1 of 10...

=== PROMPT ===

Use the following alphabet to complete the pattern.

a l c d e f g h i j k b m n o p q r s t u v w x y z

Note that the alphabet may be in an unfamiliar order. Complete the pattern using this order. Answer with only the final answer between double brackets and nothing else.

[u v w x] [t v w x]
[d c l a] [

--- TARGET LETTERS ---

['e', 'c', 'l', 'a']
Full Qwen output: [b c l a]  

The pattern involves reversing the order of the letters in the first group to get the second group.  
- [u v w x] → [x w v u] (not the case)  
- [t v w x] → [x w v t] (not the case)  
- [d c l a] → [a l c d] (reversed)  

So, the second group is the reverse of the first group.  
Therefore, the missing group is the reverse of [d c l a], which is [a l c d].  

Final answer: [[a
trial 2 of 10...
trial 3 of 10...
trial 4 of 10...
trial 5 of 10...
trial 6 of 10...
trial 7 of 10...
trial 8 of 10...
trial 9 of 10...
trial 10 of 10...
Problem type: 2gen_split1 - 7/20
trial 1 of 10...

=== PROMPT ===

Use the following alphabet to complete the pattern.

a l c d e f g h i j k b m n o p q r s t u v w x y z

Note that the alphabet may be in an unfamiliar order. Complete the pattern using this order. Answer with only the final answer between double brackets and nothing else.

[l c d e] [l c d e f]
[9 11 13 15] [

--- TARGET LETTERS ---

[np.int64(9), np.int64(11), np.int64(13), np.int64(15), np.int64(17)]
Full Qwen output: [9 11 13 15 17]  

Final answer: [[9 11 13 15 17]]
Filtered Qwen output: 9 11 13 15 17
trial 2 of 10...
trial 3 of 10...
trial 4 of 10...
trial 5 of 10...
trial 6 of 10...
trial 7 of 10...
trial 8 of 10...
trial 9 of 10...
trial 10 of 10...
Problem type: 2gen_split2 - 8/20
trial 1 of 10...

=== PROMPT ===

Use the following alphabet to complete the pattern.

a l c d e f g h i j k b m n o p q r s t u v w x y z

Note that the alphabet may be in an unfamiliar order. Complete the pattern using this order. Answer with only the final answer between double brackets and nothing else.

[l a c d e] [a l c d e]
[i x o x k x b x m x n x j x p x q x] [

--- TARGET LETTERS ---

['i', 'x', 'j', 'x', 'k', 'x', 'b', 'x', 'm', 'x', 'n', 'x', 'o', 'x', 'p', 'x', 'q', 'x']
Full Qwen output: [i x o x k x b x m x n x j x p x q x] [x o x k x b x m x n x j x p x q x i]  

Final answer: [[i x o x k x b x m x n x j x p x q x] [x o x k x b x m x n x j x p x q x i]]  

But since the question asks for the completion of the second part of the pattern, and the first part is:  
[i x o x k x b x m x n x j x p x q x] [**
Filtered Qwen output: i x o x k x b x m x n x j x p x q x] [x o x k x b x m x n x j x p x q x i
trial 2 of 10...
trial 3 of 10...
trial 4 of 10...
trial 5 of 10...
trial 6 of 10...
trial 7 of 10...
trial 8 of 10...
trial 9 of 10...
trial 10 of 10...
Problem type: 2gen_split3 - 9/20
trial 1 of 10...

=== PROMPT ===

Use the following alphabet to complete the pattern.

a l c d e f g h i j k b m n o p q r s t u v w x y z

Note that the alphabet may be in an unfamiliar order. Complete the pattern using this order. Answer with only the final answer between double brackets and nothing else.

[h i j k] [g i j k]
[l l x x c c x x d d x x e e x x] [

--- TARGET LETTERS ---

['a', 'a', 'x', 'x', 'c', 'c', 'x', 'x', 'd', 'd', 'x', 'x', 'e', 'e', 'x', 'x']
Full Qwen output: [[l l x x c c x x d d x x e e x x] [m m x x d d x x e e x x f f x x]]
Filtered Qwen output: l l x x c c x x d d x x e e x x] [m m x x d d x x e e x x f f x x
trial 2 of 10...
trial 3 of 10...
trial 4 of 10...
trial 5 of 10...
trial 6 of 10...
trial 7 of 10...
trial 8 of 10...
trial 9 of 10...
trial 10 of 10...
Problem type: 2gen_split4 - 10/20
trial 1 of 10...

=== PROMPT ===

Use the following alphabet to complete the pattern.

a l c d e f g h i j k b m n o p q r s t u v w x y z

Note that the alphabet may be in an unfamiliar order. Complete the pattern using this order. Answer with only the final answer between double brackets and nothing else.

[z j k b m] [i j k b m]
[o o n n m m a a k k] [

--- TARGET LETTERS ---

['o', 'o', 'n', 'n', 'm', 'm', 'b', 'b', 'k', 'k']
Full Qwen output: [**o o n n m m a a k k**] [**l l m m n n o o p p**]  

Final answer: [[z j k b m] [i j k b m]] [[o o n n m m a a k k] [l l m m n n o o p p]]  

But since the question asks to complete the pattern and answer with only the final answer between double brackets, and the second part is incomplete, the likely intended answer is:

[[z j k b m] [i j k b m]] [[o o n n m m a a k
Filtered Qwen output: z j k b m] [i j k b m
trial 2 of 10...
trial 3 of 10...
trial 4 of 10...
trial 5 of 10...
trial 6 of 10...
trial 7 of 10...
trial 8 of 10...
trial 9 of 10...
trial 10 of 10...
Problem type: 2gen_split5 - 11/20
trial 1 of 10...

=== PROMPT ===

Use the following alphabet to complete the pattern.

a l c d e f g h i j k b m n o p q r s t u v w x y z

Note that the alphabet may be in an unfamiliar order. Complete the pattern using this order. Answer with only the final answer between double brackets and nothing else.

[a l c d] [a l c d e]
[s x r x q x p x] [

--- TARGET LETTERS ---

['s', 'x', 'r', 'x', 'q', 'x', 'p', 'x', 'o', 'x']
Full Qwen output: [s x r x q x p x] [s x r x q x p x o]  

Final answer: [[s x r x q x p x o]]
Filtered Qwen output: s x r x q x p x o
trial 2 of 10...
trial 3 of 10...
trial 4 of 10...
trial 5 of 10...
trial 6 of 10...
trial 7 of 10...
trial 8 of 10...
trial 9 of 10...
trial 10 of 10...
Problem type: 2gen_split6 - 12/20
trial 1 of 10...

=== PROMPT ===

Use the following alphabet to complete the pattern.

a l c d e f g h i j k b m n o p q r s t u v w x y z

Note that the alphabet may be in an unfamiliar order. Complete the pattern using this order. Answer with only the final answer between double brackets and nothing else.

[k b m n] [j b m n]
[d d e e f f g g h h i i j j k k] [

--- TARGET LETTERS ---

['c', 'c', 'e', 'e', 'f', 'f', 'g', 'g', 'h', 'h', 'i', 'i', 'j', 'j', 'k', 'k']
Full Qwen output: [c c d d e e f f g g h h i i j j k k]
trial 2 of 10...
trial 3 of 10...
trial 4 of 10...
trial 5 of 10...
trial 6 of 10...
trial 7 of 10...
trial 8 of 10...
trial 9 of 10...
trial 10 of 10...
Problem type: 2gensplit7 - 13/20
trial 1 of 10...

=== PROMPT ===

Use the following alphabet to complete the pattern.

a l c d e f g h i j k b m n o p q r s t u v w x y z

Note that the alphabet may be in an unfamiliar order. Complete the pattern using this order. Answer with only the final answer between double brackets and nothing else.

[b m n o] [b m n p]
[17 0 18 0 19 0 20 0] [

--- TARGET LETTERS ---

[np.int64(17), '0', np.int64(18), '0', np.int64(19), '0', np.int64(21), '0']
Full Qwen output: [b m n o] [b m n p]  
[17 0 18 0 19 0 20 0] [17 0 18 0 19 0 21 0]  

The pattern is adding 1 to the last letter in the sequence.  
So, the next sequence is: **[b m n q]**

Final answer: [[b m n q]]
Filtered Qwen output: b m n q
trial 2 of 10...
trial 3 of 10...
trial 4 of 10...
trial 5 of 10...
trial 6 of 10...
trial 7 of 10...
trial 8 of 10...
trial 9 of 10...
trial 10 of 10...
Problem type: 3gen_split1 - 14/20
trial 1 of 10...

=== PROMPT ===

Use the following alphabet to complete the pattern.

a l c d e f g h i j k b m n o p q r s t u v w x y z

Note that the alphabet may be in an unfamiliar order. Complete the pattern using this order. Answer with only the final answer between double brackets and nothing else.

[k b m n] [k b m o]
[i x k x m x o x q x s x u x w x] [

--- TARGET LETTERS ---

['i', 'x', 'k', 'x', 'm', 'x', 'o', 'x', 'q', 'x', 's', 'x', 'u', 'x', 'y', 'x']
Full Qwen output: [i x k x m x o x q x s x u x w x] [i x k x m x o x q x s x u x w x y x]  

Final answer: [[i x k x m x o x q x s x u x w x y x]]
Filtered Qwen output: i x k x m x o x q x s x u x w x y x
trial 2 of 10...
trial 3 of 10...
trial 4 of 10...
trial 5 of 10...
trial 6 of 10...
trial 7 of 10...
trial 8 of 10...
trial 9 of 10...
trial 10 of 10...
Problem type: 3gen_split2 - 15/20
trial 1 of 10...

=== PROMPT ===

Use the following alphabet to complete the pattern.

a l c d e f g h i j k b m n o p q r s t u v w x y z

Note that the alphabet may be in an unfamiliar order. Complete the pattern using this order. Answer with only the final answer between double brackets and nothing else.

[h i j k] [h i j k b]
[16 0 18 0 20 0 22 0] [

--- TARGET LETTERS ---

[np.int64(16), '0', np.int64(18), '0', np.int64(20), '0', np.int64(22), '0', np.int64(24), '0']
Full Qwen output: [[h i j k b m]]
Filtered Qwen output: h i j k b m
trial 2 of 10...
trial 3 of 10...
trial 4 of 10...
trial 5 of 10...
trial 6 of 10...
trial 7 of 10...
trial 8 of 10...
trial 9 of 10...
trial 10 of 10...
Problem type: 3gen_split3 - 16/20
trial 1 of 10...

=== PROMPT ===

Use the following alphabet to complete the pattern.

a l c d e f g h i j k b m n o p q r s t u v w x y z

Note that the alphabet may be in an unfamiliar order. Complete the pattern using this order. Answer with only the final answer between double brackets and nothing else.

[a l c d] [a l c d e]
[u u x x t t x x s s x x r r x x] [

--- TARGET LETTERS ---

['u', 'u', 'x', 'x', 't', 't', 'x', 'x', 's', 's', 'x', 'x', 'r', 'r', 'x', 'x', 'q', 'q', 'x', 'x']
Full Qwen output: [u u x x t t x x s s x x r r x x] [u u x x q q x x o o x x m m x x]  

[[u u x x q q x x o o x x m m x x]]
Filtered Qwen output: u u x x q q x x o o x x m m x x
trial 2 of 10...
trial 3 of 10...
trial 4 of 10...
trial 5 of 10...
trial 6 of 10...
trial 7 of 10...
trial 8 of 10...
trial 9 of 10...
trial 10 of 10...
Problem type: 3gen_split4 - 17/20
trial 1 of 10...

=== PROMPT ===

Use the following alphabet to complete the pattern.

a l c d e f g h i j k b m n o p q r s t u v w x y z

Note that the alphabet may be in an unfamiliar order. Complete the pattern using this order. Answer with only the final answer between double brackets and nothing else.

[g h i r k] [g h i j k]
[20 0 4 0 3 0 2 0 1 0] [

--- TARGET LETTERS ---

[np.int64(5), '0', np.int64(4), '0', np.int64(3), '0', np.int64(2), '0', np.int64(1), '0']
Full Qwen output: [[g h i j k]]
Filtered Qwen output: g h i j k
trial 2 of 10...
trial 3 of 10...
trial 4 of 10...
trial 5 of 10...
trial 6 of 10...
trial 7 of 10...
trial 8 of 10...
trial 9 of 10...
trial 10 of 10...
Problem type: 3gen_split5 - 18/20
trial 1 of 10...

=== PROMPT ===

Use the following alphabet to complete the pattern.

a l c d e f g h i j k b m n o p q r s t u v w x y z

Note that the alphabet may be in an unfamiliar order. Complete the pattern using this order. Answer with only the final answer between double brackets and nothing else.

[o p q r] [o p q s]
[j j h h f f d d] [

--- TARGET LETTERS ---

['j', 'j', 'h', 'h', 'f', 'f', 'l', 'l']
Full Qwen output: [j j h h f f d d] [j j h h f f d e]  

**Final Answer:** [[j j h h f f d d] [j j h h f f d e]]
Filtered Qwen output: j j h h f f d d] [j j h h f f d e
trial 2 of 10...
trial 3 of 10...
trial 4 of 10...
trial 5 of 10...
trial 6 of 10...
trial 7 of 10...
trial 8 of 10...
trial 9 of 10...
trial 10 of 10...
Problem type: 3gen_split6 - 19/20
trial 1 of 10...

=== PROMPT ===

Use the following alphabet to complete the pattern.

a l c d e f g h i j k b m n o p q r s t u v w x y z

Note that the alphabet may be in an unfamiliar order. Complete the pattern using this order. Answer with only the final answer between double brackets and nothing else.

[l c d e] [a c d e]
[g g i i k k m m o o q q s s u u] [

--- TARGET LETTERS ---

['e', 'e', 'i', 'i', 'k', 'k', 'm', 'm', 'o', 'o', 'q', 'q', 's', 's', 'u', 'u']
Full Qwen output: [g g i i k k m m o o q q s s u u] [n n p p r r t t v v x x z z]  

Final answer: [[n n p p r r t t v v x x z z]]
Filtered Qwen output: n n p p r r t t v v x x z z
trial 2 of 10...
trial 3 of 10...
trial 4 of 10...
trial 5 of 10...
trial 6 of 10...
trial 7 of 10...
trial 8 of 10...
trial 9 of 10...
trial 10 of 10...
Problem type: 3gensplit7 - 20/20
trial 1 of 10...

=== PROMPT ===

Use the following alphabet to complete the pattern.

a l c d e f g h i j k b m n o p q r s t u v w x y z

Note that the alphabet may be in an unfamiliar order. Complete the pattern using this order. Answer with only the final answer between double brackets and nothing else.

[f g h i] [e g h i]
[2 2 0 0 3 3 0 0 4 4 0 0 5 5 0 0] [

--- TARGET LETTERS ---

[np.int64(1), np.int64(1), '0', '0', np.int64(3), np.int64(3), '0', '0', np.int64(4), np.int64(4), '0', '0', np.int64(5), np.int64(5), '0', '0']
Full Qwen output: [[d g h i]]
Filtered Qwen output: d g h i
trial 2 of 10...
trial 3 of 10...
trial 4 of 10...
trial 5 of 10...
trial 6 of 10...
trial 7 of 10...
trial 8 of 10...
trial 9 of 10...
trial 10 of 10...
alph_2
a b c d e f g h i j k l m n o p q r w t u v s x y z
Problem type: larger_int - 1/20
trial 1 of 10...

=== PROMPT ===

Use the following alphabet to complete the pattern.

a b c d e f g h i j k l m n o p q r w t u v s x y z

Note that the alphabet may be in an unfamiliar order. Complete the pattern using this order. Answer with only the final answer between double brackets and nothing else.

[t u v s] [t u v s x]
[i k m o] [

--- TARGET LETTERS ---

['i', 'k', 'm', 'o', 'q']
Full Qwen output: [i k m o] [i k m o p]  

Final answer: [[i k m o] [i k m o p]]
Filtered Qwen output: i k m o] [i k m o p
trial 2 of 10...
trial 3 of 10...
trial 4 of 10...
trial 5 of 10...
trial 6 of 10...
trial 7 of 10...
trial 8 of 10...
trial 9 of 10...
trial 10 of 10...
Problem type: longer_targ - 2/20
trial 1 of 10...

=== PROMPT ===

Use the following alphabet to complete the pattern.

a b c d e f g h i j k l m n o p q r w t u v s x y z

Note that the alphabet may be in an unfamiliar order. Complete the pattern using this order. Answer with only the final answer between double brackets and nothing else.

[n o p q] [n o p r]
[q r w t u v s x] [

--- TARGET LETTERS ---

['q', 'r', 'w', 't', 'u', 'v', 's', 'y']
Full Qwen output: [[q r w t u v s y]]
Filtered Qwen output: q r w t u v s y
trial 2 of 10...
trial 3 of 10...
trial 4 of 10...
trial 5 of 10...
trial 6 of 10...
trial 7 of 10...
trial 8 of 10...
trial 9 of 10...
trial 10 of 10...
Problem type: group - 3/20
trial 1 of 10...

=== PROMPT ===

Use the following alphabet to complete the pattern.

a b c d e f g h i j k l m n o p q r w t u v s x y z

Note that the alphabet may be in an unfamiliar order. Complete the pattern using this order. Answer with only the final answer between double brackets and nothing else.

[p q r w] [p q r w t]
[u u v v s s x x] [

--- TARGET LETTERS ---

['u', 'u', 'v', 'v', 's', 's', 'x', 'x', 'y', 'y']
Full Qwen output: [[u u v v s s x x y y z z]]
Filtered Qwen output: u u v v s s x x y y z z
trial 2 of 10...
trial 3 of 10...
trial 4 of 10...
trial 5 of 10...
trial 6 of 10...
trial 7 of 10...
trial 8 of 10...
trial 9 of 10...
trial 10 of 10...
Problem type: interleaved - 4/20
trial 1 of 10...

=== PROMPT ===

Use the following alphabet to complete the pattern.

a b c d e f g h i j k l m n o p q r w t u v s x y z

Note that the alphabet may be in an unfamiliar order. Complete the pattern using this order. Answer with only the final answer between double brackets and nothing else.

[d u v s x] [t u v s x]
[g x t x u x v x s x] [

--- TARGET LETTERS ---

['w', 'x', 't', 'x', 'u', 'x', 'v', 'x', 's', 'x']
Full Qwen output: [**g x t x u x v x s x**] [**x t x u x v x s x**]  

Final answer: [[g x t x u x v x s x] [x t x u x v x s x]]
Filtered Qwen output: g x t x u x v x s x] [x t x u x v x s x
trial 2 of 10...
trial 3 of 10...
trial 4 of 10...
trial 5 of 10...
trial 6 of 10...
trial 7 of 10...
trial 8 of 10...
trial 9 of 10...
trial 10 of 10...
Problem type: letter2num - 5/20
trial 1 of 10...

=== PROMPT ===

Use the following alphabet to complete the pattern.

a b c d e f g h i j k l m n o p q r w t u v s x y z

Note that the alphabet may be in an unfamiliar order. Complete the pattern using this order. Answer with only the final answer between double brackets and nothing else.

[u v s x] [u v s y]
[22 23 24 25] [

--- TARGET LETTERS ---

[np.int64(22), np.int64(23), np.int64(24), np.int64(26)]
Full Qwen output: [22 23 24 26]
trial 2 of 10...
trial 3 of 10...
trial 4 of 10...
trial 5 of 10...
trial 6 of 10...
trial 7 of 10...
trial 8 of 10...
trial 9 of 10...
trial 10 of 10...
Problem type: reverse - 6/20
trial 1 of 10...

=== PROMPT ===

Use the following alphabet to complete the pattern.

a b c d e f g h i j k l m n o p q r w t u v s x y z

Note that the alphabet may be in an unfamiliar order. Complete the pattern using this order. Answer with only the final answer between double brackets and nothing else.

[v s s x y z] [v s x y z]
[i h g f e e] [

--- TARGET LETTERS ---

['i', 'h', 'g', 'f', 'e']
Full Qwen output: [i h g f e d] [[i h g f e d]]
Filtered Qwen output: i h g f e d
trial 2 of 10...
trial 3 of 10...
trial 4 of 10...
trial 5 of 10...
trial 6 of 10...
trial 7 of 10...
trial 8 of 10...
trial 9 of 10...
trial 10 of 10...
Problem type: 2gen_split1 - 7/20
trial 1 of 10...

=== PROMPT ===

Use the following alphabet to complete the pattern.

a b c d e f g h i j k l m n o p q r w t u v s x y z

Note that the alphabet may be in an unfamiliar order. Complete the pattern using this order. Answer with only the final answer between double brackets and nothing else.

[r s x y z] [v s x y z]
[h h j j c c n n p p] [

--- TARGET LETTERS ---

['h', 'h', 'j', 'j', 'l', 'l', 'n', 'n', 'p', 'p']
Full Qwen output: [h h j j c c n n p p] [l l k k f f q q t t]  

**Final Answer:** [[l l k k f f q q t t]]
Filtered Qwen output: l l k k f f q q t t
trial 2 of 10...
trial 3 of 10...
trial 4 of 10...
trial 5 of 10...
trial 6 of 10...
trial 7 of 10...
trial 8 of 10...
trial 9 of 10...
trial 10 of 10...
Problem type: 2gen_split2 - 8/20
trial 1 of 10...

=== PROMPT ===

Use the following alphabet to complete the pattern.

a b c d e f g h i j k l m n o p q r w t u v s x y z

Note that the alphabet may be in an unfamiliar order. Complete the pattern using this order. Answer with only the final answer between double brackets and nothing else.

[o p q r j] [o p q r w]
[z z a a x x s s v v] [

--- TARGET LETTERS ---

['z', 'z', 'y', 'y', 'x', 'x', 's', 's', 'v', 'v']
Full Qwen output: [z z a a x x s s v v] [z z a a x x s s v v]  

[[z z a a x x s s v v] [z z a a x x s s v v]]
Filtered Qwen output: z z a a x x s s v v] [z z a a x x s s v v
trial 2 of 10...
trial 3 of 10...
trial 4 of 10...
trial 5 of 10...
trial 6 of 10...
trial 7 of 10...
trial 8 of 10...
trial 9 of 10...
trial 10 of 10...
Problem type: 2gen_split3 - 9/20
trial 1 of 10...

=== PROMPT ===

Use the following alphabet to complete the pattern.

a b c d e f g h i j k l m n o p q r w t u v s x y z

Note that the alphabet may be in an unfamiliar order. Complete the pattern using this order. Answer with only the final answer between double brackets and nothing else.

[p q r w] [p q r t]
[c x d x e x f x g x h x i x j x] [

--- TARGET LETTERS ---

['c', 'x', 'd', 'x', 'e', 'x', 'f', 'x', 'g', 'x', 'h', 'x', 'i', 'x', 'k', 'x']
Full Qwen output: [c x d x e x f x g x h x i x j x] [c x d x e x f x g x h x i x j x k x]  

Final answer: [[c x d x e x f x g x h x i x j x k x]]  

Answer: [[c x d x e x f x g x h x i x j x k x]]
Filtered Qwen output: c x d x e x f x g x h x i x j x k x
trial 2 of 10...
trial 3 of 10...
trial 4 of 10...
trial 5 of 10...
trial 6 of 10...
trial 7 of 10...
trial 8 of 10...
trial 9 of 10...
trial 10 of 10...
Problem type: 2gen_split4 - 10/20
trial 1 of 10...

=== PROMPT ===

Use the following alphabet to complete the pattern.

a b c d e f g h i j k l m n o p q r w t u v s x y z

Note that the alphabet may be in an unfamiliar order. Complete the pattern using this order. Answer with only the final answer between double brackets and nothing else.

[w w t u v s] [w t u v s]
[j x k x l x m x n x n x o x p x q x r x] [

--- TARGET LETTERS ---

['j', 'x', 'k', 'x', 'l', 'x', 'm', 'x', 'n', 'x', 'o', 'x', 'p', 'x', 'q', 'x', 'r', 'x']
Full Qwen output: [j x k x l x m x n x n x o x p x q x r x] [k x l x m x n x o x p x q x r x s x]  

Final answer: [[j x k x l x m x n x n x o x p x q x r x] [k x l x m x n x o x p x q x r x s x]]
Filtered Qwen output: j x k x l x m x n x n x o x p x q x r x] [k x l x m x n x o x p x q x r x s x
trial 2 of 10...
trial 3 of 10...
trial 4 of 10...
trial 5 of 10...
trial 6 of 10...
trial 7 of 10...
trial 8 of 10...
trial 9 of 10...
trial 10 of 10...
Problem type: 2gen_split5 - 11/20
trial 1 of 10...

=== PROMPT ===

Use the following alphabet to complete the pattern.

a b c d e f g h i j k l m n o p q r w t u v s x y z

Note that the alphabet may be in an unfamiliar order. Complete the pattern using this order. Answer with only the final answer between double brackets and nothing else.

[d e f g h h] [d e f g h]
[21 21 22 22 23 23 23 23 24 24 25 25] [

--- TARGET LETTERS ---

[np.int64(21), np.int64(21), np.int64(22), np.int64(22), np.int64(23), np.int64(23), np.int64(24), np.int64(24), np.int64(25), np.int64(25)]
Full Qwen output: [[d e f g h h] [d e f g h]]  
[[21 21 22 22 23 23 23 23 24 24 25 25] [21 21 22 22 23 23 23 23 24 24 25 25]]  

The pattern is repeating the same sequence of numbers. The final answer is:

[[21 21 22 22 23 23 23
Filtered Qwen output: d e f g h h] [d e f g h
trial 2 of 10...
trial 3 of 10...
trial 4 of 10...
trial 5 of 10...
trial 6 of 10...
trial 7 of 10...
trial 8 of 10...
trial 9 of 10...
trial 10 of 10...
Problem type: 2gen_split6 - 12/20
trial 1 of 10...

=== PROMPT ===

Use the following alphabet to complete the pattern.

a b c d e f g h i j k l m n o p q r w t u v s x y z

Note that the alphabet may be in an unfamiliar order. Complete the pattern using this order. Answer with only the final answer between double brackets and nothing else.

[u v s x] [t v s x]
[c e g i k m o q] [

--- TARGET LETTERS ---

['a', 'e', 'g', 'i', 'k', 'm', 'o', 'q']
Full Qwen output: [d f h j l n p r]  

[[d f h j l n p r]]
Filtered Qwen output: d f h j l n p r
trial 2 of 10...
trial 3 of 10...
trial 4 of 10...
trial 5 of 10...
trial 6 of 10...
trial 7 of 10...
trial 8 of 10...
trial 9 of 10...
trial 10 of 10...
Problem type: 2gensplit7 - 13/20
trial 1 of 10...

=== PROMPT ===

Use the following alphabet to complete the pattern.

a b c d e f g h i j k l m n o p q r w t u v s x y z

Note that the alphabet may be in an unfamiliar order. Complete the pattern using this order. Answer with only the final answer between double brackets and nothing else.

[f g h j i] [f g h i j]
[i k m w q o u s y] [

--- TARGET LETTERS ---

['i', 'k', 'm', 'o', 'q', 'w', 'u', 's', 'y']
Full Qwen output: [i k m w q o u s y] [i k m w q o u s y]
trial 2 of 10...
trial 3 of 10...
trial 4 of 10...
trial 5 of 10...
trial 6 of 10...
trial 7 of 10...
trial 8 of 10...
trial 9 of 10...
trial 10 of 10...
Problem type: 3gen_split1 - 14/20
trial 1 of 10...

=== PROMPT ===

Use the following alphabet to complete the pattern.

a b c d e f g h i j k l m n o p q r w t u v s x y z

Note that the alphabet may be in an unfamiliar order. Complete the pattern using this order. Answer with only the final answer between double brackets and nothing else.

[w t u v] [w t u s]
[19 19 18 18 17 17 16 16] [

--- TARGET LETTERS ---

[np.int64(19), np.int64(19), np.int64(18), np.int64(18), np.int64(17), np.int64(17), np.int64(15), np.int64(15)]
Full Qwen output: [19 19 18 18 17 17 16 16] [15 15 14 14]  

Final answer: [[w t u s] [w t u v]] → [[15 15 14 14] [19 19 18 18]]  
But since the question asks to complete the pattern using the given order and the numbers are already provided, the next logical step is to continue the pattern of decreasing by 1 and repeating twice.

Final answer: [[15 1
Filtered Qwen output: w t u s] [w t u v
trial 2 of 10...
trial 3 of 10...
trial 4 of 10...
trial 5 of 10...
trial 6 of 10...
trial 7 of 10...
trial 8 of 10...
trial 9 of 10...
trial 10 of 10...
Problem type: 3gen_split2 - 15/20
trial 1 of 10...

=== PROMPT ===

Use the following alphabet to complete the pattern.

a b c d e f g h i j k l m n o p q r w t u v s x y z

Note that the alphabet may be in an unfamiliar order. Complete the pattern using this order. Answer with only the final answer between double brackets and nothing else.

[h i j k] [h i j k l]
[s x u x w x q x] [

--- TARGET LETTERS ---

['s', 'x', 'u', 'x', 'w', 'x', 'q', 'x', 'o', 'x']
Full Qwen output: [s x u x w x q x] [s x u x w x q x r]  

Final answer: [[s x u x w x q x r]]
Filtered Qwen output: s x u x w x q x r
trial 2 of 10...
trial 3 of 10...
trial 4 of 10...
trial 5 of 10...
trial 6 of 10...
trial 7 of 10...
trial 8 of 10...
trial 9 of 10...
trial 10 of 10...
Problem type: 3gen_split3 - 16/20
trial 1 of 10...

=== PROMPT ===

Use the following alphabet to complete the pattern.

a b c d e f g h i j k l m n o p q r w t u v s x y z

Note that the alphabet may be in an unfamiliar order. Complete the pattern using this order. Answer with only the final answer between double brackets and nothing else.

[p o q r w] [o p q r w]
[19 0 21 0 25 0 23 0] [

--- TARGET LETTERS ---

[np.int64(19), '0', np.int64(21), '0', np.int64(23), '0', np.int64(25), '0']
Full Qwen output: To solve the analogy, we need to understand the pattern between the two groups of letters and numbers.

### Step 1: Understand the letter sequence
Given alphabet order:
**a b c d e f g h i j k l m n o p q r w t u v s x y z**

We'll use this order to find the positions of the letters.

### Step 2: Map letters to their positions
Let's assign positions from 1 to 26 based on the given order:

1. a  
2. b  
3. c  
4. d  
5. e  
6. f  
7
trial 2 of 10...
trial 3 of 10...
trial 4 of 10...
trial 5 of 10...
trial 6 of 10...
trial 7 of 10...
trial 8 of 10...
trial 9 of 10...
trial 10 of 10...
Problem type: 3gen_split4 - 17/20
trial 1 of 10...

=== PROMPT ===

Use the following alphabet to complete the pattern.

a b c d e f g h i j k l m n o p q r w t u v s x y z

Note that the alphabet may be in an unfamiliar order. Complete the pattern using this order. Answer with only the final answer between double brackets and nothing else.

[r w t u] [q w t u]
[20 20 0 0 21 21 0 0 22 22 0 0 23 23 0 0] [

--- TARGET LETTERS ---

[np.int64(19), np.int64(19), '0', '0', np.int64(21), np.int64(21), '0', '0', np.int64(22), np.int64(22), '0', '0', np.int64(23), np.int64(23), '0', '0']
Full Qwen output: [24 24 0 0 25 25 0 0]  

[[24 24 0 0 25 25 0 0]]
Filtered Qwen output: 24 24 0 0 25 25 0 0
trial 2 of 10...
trial 3 of 10...
trial 4 of 10...
trial 5 of 10...
trial 6 of 10...
trial 7 of 10...
trial 8 of 10...
trial 9 of 10...
trial 10 of 10...
Problem type: 3gen_split5 - 18/20
trial 1 of 10...

=== PROMPT ===

Use the following alphabet to complete the pattern.

a b c d e f g h i j k l m n o p q r w t u v s x y z

Note that the alphabet may be in an unfamiliar order. Complete the pattern using this order. Answer with only the final answer between double brackets and nothing else.

[c d e f] [b d e f]
[s s u u w w q q] [

--- TARGET LETTERS ---

['y', 'y', 'u', 'u', 'w', 'w', 'q', 'q']
Full Qwen output: [s s u u w w q q] [s s u u w w q q]  

The pattern is repeating the same sequence in both parts. The first part is [c d e f] and the second part is [b d e f], which are not exact repeats but share some elements. However, in the second set, [s s u u w w q q] is repeated as the second part. So the pattern is repeating the same sequence.

Final answer: [[s s u u w w q q] [s s u u w w q q]]  

But since the question asks to complete the pattern
Filtered Qwen output: s s u u w w q q] [s s u u w w q q
trial 2 of 10...
trial 3 of 10...
trial 4 of 10...
trial 5 of 10...
trial 6 of 10...
trial 7 of 10...
trial 8 of 10...
trial 9 of 10...
trial 10 of 10...
Problem type: 3gen_split6 - 19/20
trial 1 of 10...

=== PROMPT ===

Use the following alphabet to complete the pattern.

a b c d e f g h i j k l m n o p q r w t u v s x y z

Note that the alphabet may be in an unfamiliar order. Complete the pattern using this order. Answer with only the final answer between double brackets and nothing else.

[a q r w t] [p q r w t]
[g g x x k k x x m m x x o o x x q q x x] [

--- TARGET LETTERS ---

['i', 'i', 'x', 'x', 'k', 'k', 'x', 'x', 'm', 'm', 'x', 'x', 'o', 'o', 'x', 'x', 'q', 'q', 'x', 'x']
Full Qwen output: [[g g x x k k x x m m x x o o x x q q x x] [g g x x k k x x m m x x o o x x q q x x]]
Filtered Qwen output: g g x x k k x x m m x x o o x x q q x x] [g g x x k k x x m m x x o o x x q q x x
trial 2 of 10...
trial 3 of 10...
trial 4 of 10...
trial 5 of 10...
trial 6 of 10...
trial 7 of 10...
trial 8 of 10...
trial 9 of 10...
trial 10 of 10...
Problem type: 3gensplit7 - 20/20
trial 1 of 10...

=== PROMPT ===

Use the following alphabet to complete the pattern.

a b c d e f g h i j k l m n o p q r w t u v s x y z

Note that the alphabet may be in an unfamiliar order. Complete the pattern using this order. Answer with only the final answer between double brackets and nothing else.

[j k l m] [i k l m]
[q q x x w w x x u u x x s s x x] [

--- TARGET LETTERS ---

['o', 'o', 'x', 'x', 'w', 'w', 'x', 'x', 'u', 'u', 'x', 'x', 's', 's', 'x', 'x']
Full Qwen output: [ q q x x w w x x u u x x s s x x ] [ r r x x v v x x t t x x r r x x ]  

Final answer: [[r r x x v v x x t t x x r r x x]]
Filtered Qwen output: r r x x v v x x t t x x r r x x
trial 2 of 10...
trial 3 of 10...
trial 4 of 10...
trial 5 of 10...
trial 6 of 10...
trial 7 of 10...
trial 8 of 10...
trial 9 of 10...
trial 10 of 10...
alph_3
a b c d e f g h i j k l m n o p y r s t u v w x q z
Problem type: larger_int - 1/20
trial 1 of 10...

=== PROMPT ===

Use the following alphabet to complete the pattern.

a b c d e f g h i j k l m n o p y r s t u v w x q z

Note that the alphabet may be in an unfamiliar order. Complete the pattern using this order. Answer with only the final answer between double brackets and nothing else.

[v w x q] [v w x z]
[f h j l] [

--- TARGET LETTERS ---

['f', 'h', 'j', 'n']
Full Qwen output: [f h j l] [f h j n]  

**Answer:** [[f h j l] [f h j n]]
Filtered Qwen output: f h j l] [f h j n
trial 2 of 10...
trial 3 of 10...
trial 4 of 10...
trial 5 of 10...
trial 6 of 10...
trial 7 of 10...
trial 8 of 10...
trial 9 of 10...
trial 10 of 10...
Problem type: longer_targ - 2/20
trial 1 of 10...

=== PROMPT ===

Use the following alphabet to complete the pattern.

a b c d e f g h i j k l m n o p y r s t u v w x q z

Note that the alphabet may be in an unfamiliar order. Complete the pattern using this order. Answer with only the final answer between double brackets and nothing else.

[n y p o r] [n o p y r]
[k l m n r p y o s] [

--- TARGET LETTERS ---

['k', 'l', 'm', 'n', 'o', 'p', 'y', 'r', 's']
Full Qwen output: [k l m n r p y o s] [k l m n r p y o s]  

The second group is the same as the first group, so the pattern is repeating.  

Final answer: [[k l m n r p y o s]]
Filtered Qwen output: k l m n r p y o s
trial 2 of 10...
trial 3 of 10...
trial 4 of 10...
trial 5 of 10...
trial 6 of 10...
trial 7 of 10...
trial 8 of 10...
trial 9 of 10...
trial 10 of 10...
Problem type: group - 3/20
trial 1 of 10...

=== PROMPT ===

Use the following alphabet to complete the pattern.

a b c d e f g h i j k l m n o p y r s t u v w x q z

Note that the alphabet may be in an unfamiliar order. Complete the pattern using this order. Answer with only the final answer between double brackets and nothing else.

[u v w x] [u v w x q]
[t t u u v v w w] [

--- TARGET LETTERS ---

['t', 't', 'u', 'u', 'v', 'v', 'w', 'w', 'x', 'x']
Full Qwen output: [t t u u v v w w] [t t u u v v w w q]  

Final answer: [[t t u u v v w w] [t t u u v v w w q]]
Filtered Qwen output: t t u u v v w w] [t t u u v v w w q
trial 2 of 10...
trial 3 of 10...
trial 4 of 10...
trial 5 of 10...
trial 6 of 10...
trial 7 of 10...
trial 8 of 10...
trial 9 of 10...
trial 10 of 10...
Problem type: interleaved - 4/20
trial 1 of 10...

=== PROMPT ===

Use the following alphabet to complete the pattern.

a b c d e f g h i j k l m n o p y r s t u v w x q z

Note that the alphabet may be in an unfamiliar order. Complete the pattern using this order. Answer with only the final answer between double brackets and nothing else.

[l m n o] [l m n p]
[v x w x x x q x] [

--- TARGET LETTERS ---

['v', 'x', 'w', 'x', 'x', 'x', 'z', 'x']
Full Qwen output: [[v x w x x x q x] [v x w x x x q y]]
Filtered Qwen output: v x w x x x q x] [v x w x x x q y
trial 2 of 10...
trial 3 of 10...
trial 4 of 10...
trial 5 of 10...
trial 6 of 10...
trial 7 of 10...
trial 8 of 10...
trial 9 of 10...
trial 10 of 10...
Problem type: letter2num - 5/20
trial 1 of 10...

=== PROMPT ===

Use the following alphabet to complete the pattern.

a b c d e f g h i j k l m n o p y r s t u v w x q z

Note that the alphabet may be in an unfamiliar order. Complete the pattern using this order. Answer with only the final answer between double brackets and nothing else.

[u v w x] [u v w x q]
[12 13 14 15] [

--- TARGET LETTERS ---

[np.int64(12), np.int64(13), np.int64(14), np.int64(15), np.int64(16)]
Full Qwen output: [12 13 14 15 16]  

The pattern adds the next letter in the given alphabet sequence. The first group is [u v w x], and the second group is [u v w x q], which adds "q" to the end. Following this logic, the next group should be [u v w x q z], but since the numerical pattern is [12 13 14 15] [12 13 14 15 16], the next number is 16.

Final answer: [[12 1
trial 2 of 10...
trial 3 of 10...
trial 4 of 10...
trial 5 of 10...
trial 6 of 10...
trial 7 of 10...
trial 8 of 10...
trial 9 of 10...
trial 10 of 10...
Problem type: reverse - 6/20
trial 1 of 10...

=== PROMPT ===

Use the following alphabet to complete the pattern.

a b c d e f g h i j k l m n o p y r s t u v w x q z

Note that the alphabet may be in an unfamiliar order. Complete the pattern using this order. Answer with only the final answer between double brackets and nothing else.

[u j w x q] [u v w x q]
[n m y k j] [

--- TARGET LETTERS ---

['n', 'm', 'l', 'k', 'j']
Full Qwen output: [n m y k j] [n o y l k]  

Final answer: [[n o y l k]]
Filtered Qwen output: n o y l k
trial 2 of 10...
trial 3 of 10...
trial 4 of 10...
trial 5 of 10...
trial 6 of 10...
trial 7 of 10...
trial 8 of 10...
trial 9 of 10...
trial 10 of 10...
Problem type: 2gen_split1 - 7/20
trial 1 of 10...

=== PROMPT ===

Use the following alphabet to complete the pattern.

a b c d e f g h i j k l m n o p y r s t u v w x q z

Note that the alphabet may be in an unfamiliar order. Complete the pattern using this order. Answer with only the final answer between double brackets and nothing else.

[p z r s t] [p y r s t]
[f x r x j x l x n x] [

--- TARGET LETTERS ---

['f', 'x', 'h', 'x', 'j', 'x', 'l', 'x', 'n', 'x']
Full Qwen output: [f x r x j x l x n x] [f w r w j w l w n w]  

**Final Answer:** [[f w r w j w l w n w]]
Filtered Qwen output: f w r w j w l w n w
trial 2 of 10...
trial 3 of 10...
trial 4 of 10...
trial 5 of 10...
trial 6 of 10...
trial 7 of 10...
trial 8 of 10...
trial 9 of 10...
trial 10 of 10...
Problem type: 2gen_split2 - 8/20
trial 1 of 10...

=== PROMPT ===

Use the following alphabet to complete the pattern.

a b c d e f g h i j k l m n o p y r s t u v w x q z

Note that the alphabet may be in an unfamiliar order. Complete the pattern using this order. Answer with only the final answer between double brackets and nothing else.

[v w x x q z] [v w x q z]
[p x y x r x r x s x t x u x v x w x x x] [

--- TARGET LETTERS ---

['p', 'x', 'y', 'x', 'r', 'x', 's', 'x', 't', 'x', 'u', 'x', 'v', 'x', 'w', 'x', 'x', 'x']
Full Qwen output: [[p x y x r x r x s x t x u x v x w x x x] [p x y x r x r x s x t x u x v x w x x]]
Filtered Qwen output: p x y x r x r x s x t x u x v x w x x x] [p x y x r x r x s x t x u x v x w x x
trial 2 of 10...
trial 3 of 10...
trial 4 of 10...
trial 5 of 10...
trial 6 of 10...
trial 7 of 10...
trial 8 of 10...
trial 9 of 10...
trial 10 of 10...
Problem type: 2gen_split3 - 9/20
trial 1 of 10...

=== PROMPT ===

Use the following alphabet to complete the pattern.

a b c d e f g h i j k l m n o p y r s t u v w x q z

Note that the alphabet may be in an unfamiliar order. Complete the pattern using this order. Answer with only the final answer between double brackets and nothing else.

[i j k k l m] [i j k l m]
[y x r x s x s x t x u x v x w x x x q x] [

--- TARGET LETTERS ---

['y', 'x', 'r', 'x', 's', 'x', 't', 'x', 'u', 'x', 'v', 'x', 'w', 'x', 'x', 'x', 'q', 'x']
Full Qwen output: [y x r x s x s x t x u x v x w x x x q x] [z x r x s x s x t x u x v x w x x x q x]  

**Final Answer:**  
[[y x r x s x s x t x u x v x w x x x q x] [z x r x s x s x t x u x v x w x x x q x]]
Filtered Qwen output: y x r x s x s x t x u x v x w x x x q x] [z x r x s x s x t x u x v x w x x x q x
trial 2 of 10...
trial 3 of 10...
trial 4 of 10...
trial 5 of 10...
trial 6 of 10...
trial 7 of 10...
trial 8 of 10...
trial 9 of 10...
trial 10 of 10...
Problem type: 2gen_split4 - 10/20
trial 1 of 10...

=== PROMPT ===

Use the following alphabet to complete the pattern.

a b c d e f g h i j k l m n o p y r s t u v w x q z

Note that the alphabet may be in an unfamiliar order. Complete the pattern using this order. Answer with only the final answer between double brackets and nothing else.

[v w x q] [v w x z]
[t s r y p o n m] [

--- TARGET LETTERS ---

['t', 's', 'r', 'y', 'p', 'o', 'n', 'l']
Full Qwen output: [t s r y p o n l]  

[[t s r y p o n l]]
Filtered Qwen output: t s r y p o n l
trial 2 of 10...
trial 3 of 10...
trial 4 of 10...
trial 5 of 10...
trial 6 of 10...
trial 7 of 10...
trial 8 of 10...
trial 9 of 10...
trial 10 of 10...
Problem type: 2gen_split5 - 11/20
trial 1 of 10...

=== PROMPT ===

Use the following alphabet to complete the pattern.

a b c d e f g h i j k l m n o p y r s t u v w x q z

Note that the alphabet may be in an unfamiliar order. Complete the pattern using this order. Answer with only the final answer between double brackets and nothing else.

[v w w x q z] [v w x q z]
[p p p p y y r r s s t t u u v v w w x x] [

--- TARGET LETTERS ---

['p', 'p', 'y', 'y', 'r', 'r', 's', 's', 't', 't', 'u', 'u', 'v', 'v', 'w', 'w', 'x', 'x']
Full Qwen output: [ppppyyyyrrss ttuuvvwwxx]  

Final answer: [[ppppyyyyrrss ttuuvvwwxx]]
Filtered Qwen output: ppppyyyyrrss ttuuvvwwxx
trial 2 of 10...
trial 3 of 10...
trial 4 of 10...
trial 5 of 10...
trial 6 of 10...
trial 7 of 10...
trial 8 of 10...
trial 9 of 10...
trial 10 of 10...
Problem type: 2gen_split6 - 12/20
trial 1 of 10...

=== PROMPT ===

Use the following alphabet to complete the pattern.

a b c d e f g h i j k l m n o p y r s t u v w x q z

Note that the alphabet may be in an unfamiliar order. Complete the pattern using this order. Answer with only the final answer between double brackets and nothing else.

[o p y r] [n p y r]
[c x e x g x i x] [

--- TARGET LETTERS ---

['a', 'x', 'e', 'x', 'g', 'x', 'i', 'x']
Full Qwen output: [[c x e x g x i x] [e x g x i x k x]]
Filtered Qwen output: c x e x g x i x] [e x g x i x k x
trial 2 of 10...
trial 3 of 10...
trial 4 of 10...
trial 5 of 10...
trial 6 of 10...
trial 7 of 10...
trial 8 of 10...
trial 9 of 10...
trial 10 of 10...
Problem type: 2gensplit7 - 13/20
trial 1 of 10...

=== PROMPT ===

Use the following alphabet to complete the pattern.

a b c d e f g h i j k l m n o p y r s t u v w x q z

Note that the alphabet may be in an unfamiliar order. Complete the pattern using this order. Answer with only the final answer between double brackets and nothing else.

[m m n o p y] [m n o p y]
[9 9 10 10 11 11 12 12 12 12 13 13] [

--- TARGET LETTERS ---

[np.int64(9), np.int64(9), np.int64(10), np.int64(10), np.int64(11), np.int64(11), np.int64(12), np.int64(12), np.int64(13), np.int64(13)]
Full Qwen output: [[m n o p y]]
Filtered Qwen output: m n o p y
trial 2 of 10...
trial 3 of 10...
trial 4 of 10...
trial 5 of 10...
trial 6 of 10...
trial 7 of 10...
trial 8 of 10...
trial 9 of 10...
trial 10 of 10...
Problem type: 3gen_split1 - 14/20
trial 1 of 10...

=== PROMPT ===

Use the following alphabet to complete the pattern.

a b c d e f g h i j k l m n o p y r s t u v w x q z

Note that the alphabet may be in an unfamiliar order. Complete the pattern using this order. Answer with only the final answer between double brackets and nothing else.

[u v w x] [u v w q]
[18 18 19 19 20 20 21 21 22 22 23 23 24 24 25 25] [

--- TARGET LETTERS ---

[np.int64(18), np.int64(18), np.int64(19), np.int64(19), np.int64(20), np.int64(20), np.int64(21), np.int64(21), np.int64(22), np.int64(22), np.int64(23), np.int64(23), np.int64(24), np.int64(24), np.int64(26), np.int64(26)]
Full Qwen output: [[u v w q]]
Filtered Qwen output: u v w q
trial 2 of 10...
trial 3 of 10...
trial 4 of 10...
trial 5 of 10...
trial 6 of 10...
trial 7 of 10...
trial 8 of 10...
trial 9 of 10...
trial 10 of 10...
Problem type: 3gen_split2 - 15/20
trial 1 of 10...

=== PROMPT ===

Use the following alphabet to complete the pattern.

a b c d e f g h i j k l m n o p y r s t u v w x q z

Note that the alphabet may be in an unfamiliar order. Complete the pattern using this order. Answer with only the final answer between double brackets and nothing else.

[j k l m] [j k l n]
[u s y o m k i g] [

--- TARGET LETTERS ---

['u', 's', 'y', 'o', 'm', 'k', 'i', 'e']
Full Qwen output: [u s y o m k i h]  

**Final Answer:** [[u s y o m k i h]]
Filtered Qwen output: u s y o m k i h
trial 2 of 10...
trial 3 of 10...
trial 4 of 10...
trial 5 of 10...
trial 6 of 10...
trial 7 of 10...
trial 8 of 10...
trial 9 of 10...
trial 10 of 10...
Problem type: 3gen_split3 - 16/20
trial 1 of 10...

=== PROMPT ===

Use the following alphabet to complete the pattern.

a b c d e f g h i j k l m n o p y r s t u v w x q z

Note that the alphabet may be in an unfamiliar order. Complete the pattern using this order. Answer with only the final answer between double brackets and nothing else.

[m n o p] [m n o y]
[2 0 3 0 4 0 5 0 6 0 7 0 8 0 9 0] [

--- TARGET LETTERS ---

[np.int64(2), '0', np.int64(3), '0', np.int64(4), '0', np.int64(5), '0', np.int64(6), '0', np.int64(7), '0', np.int64(8), '0', np.int64(10), '0']
Full Qwen output: [[m n o p] [m n o y] corresponds to the pattern where the first group is a sequence of consecutive letters, and the second group replaces the last letter with a different one (p → y). Following this pattern, the second group should be [m n o p] with the last letter replaced by y, resulting in [m n o y]. The numerical sequence follows a similar pattern: [2 0 3 0 4 0 5 0 6 0 7 0 8 0 9 0] ends with 9 0, so the next group would
trial 2 of 10...
trial 3 of 10...
trial 4 of 10...
trial 5 of 10...
trial 6 of 10...
trial 7 of 10...
trial 8 of 10...
trial 9 of 10...
trial 10 of 10...
Problem type: 3gen_split4 - 17/20
trial 1 of 10...

=== PROMPT ===

Use the following alphabet to complete the pattern.

a b c d e f g h i j k l m n o p y r s t u v w x q z

Note that the alphabet may be in an unfamiliar order. Complete the pattern using this order. Answer with only the final answer between double brackets and nothing else.

[r s t v u] [r s t u v]
[e o m k i g y c a] [

--- TARGET LETTERS ---

['y', 'o', 'm', 'k', 'i', 'g', 'e', 'c', 'a']
Full Qwen output: [e o m k i g y c a] [e o m k i g y c a]  

The pattern is repeating the same sequence.  

Final answer: [[e o m k i g y c a] [e o m k i g y c a]]
Filtered Qwen output: e o m k i g y c a] [e o m k i g y c a
trial 2 of 10...
trial 3 of 10...
trial 4 of 10...
trial 5 of 10...
trial 6 of 10...
trial 7 of 10...
trial 8 of 10...
trial 9 of 10...
trial 10 of 10...
Problem type: 3gen_split5 - 18/20
trial 1 of 10...

=== PROMPT ===

Use the following alphabet to complete the pattern.

a b c d e f g h i j k l m n o p y r s t u v w x q z

Note that the alphabet may be in an unfamiliar order. Complete the pattern using this order. Answer with only the final answer between double brackets and nothing else.

[w x q z] [v x q z]
[o o x x n n x x m m x x l l x x] [

--- TARGET LETTERS ---

['p', 'p', 'x', 'x', 'n', 'n', 'x', 'x', 'm', 'm', 'x', 'x', 'l', 'l', 'x', 'x']
Full Qwen output: [ k k x x j j x x i i x x h h x x ]  

[[k k x x j j x x i i x x h h x x]]
Filtered Qwen output: k k x x j j x x i i x x h h x x
trial 2 of 10...
trial 3 of 10...
trial 4 of 10...
trial 5 of 10...
trial 6 of 10...
trial 7 of 10...
trial 8 of 10...
trial 9 of 10...
trial 10 of 10...
Problem type: 3gen_split6 - 19/20
trial 1 of 10...

=== PROMPT ===

Use the following alphabet to complete the pattern.

a b c d e f g h i j k l m n o p y r s t u v w x q z

Note that the alphabet may be in an unfamiliar order. Complete the pattern using this order. Answer with only the final answer between double brackets and nothing else.

[u v w x] [t v w x]
[p p o o n n m m l l k k j j i i] [

--- TARGET LETTERS ---

['y', 'y', 'o', 'o', 'n', 'n', 'm', 'm', 'l', 'l', 'k', 'k', 'j', 'j', 'i', 'i']
Full Qwen output: [q q r r s s t t u u v v w w x x]
trial 2 of 10...
trial 3 of 10...
trial 4 of 10...
trial 5 of 10...
trial 6 of 10...
trial 7 of 10...
trial 8 of 10...
trial 9 of 10...
trial 10 of 10...
Problem type: 3gensplit7 - 20/20
trial 1 of 10...

=== PROMPT ===

Use the following alphabet to complete the pattern.

a b c d e f g h i j k l m n o p y r s t u v w x q z

Note that the alphabet may be in an unfamiliar order. Complete the pattern using this order. Answer with only the final answer between double brackets and nothing else.

[o p y r] [n p y r]
[h h x x i i x x j j x x k k x x l l x x m m x x n n x x o o x x] [

--- TARGET LETTERS ---

['g', 'g', 'x', 'x', 'i', 'i', 'x', 'x', 'j', 'j', 'x', 'x', 'k', 'k', 'x', 'x', 'l', 'l', 'x', 'x', 'm', 'm', 'x', 'x', 'n', 'n', 'x', 'x', 'o', 'o', 'x', 'x']
Full Qwen output: [[h h x x i i x x j j x x k k x x l l x x m m x x n n x x o o x x] [p p x x q q x x r r x x s s x x t t x x u u x x v v x x w w x x]]
Filtered Qwen output: h h x x i i x x j j x x k k x x l l x x m m x x n n x x o o x x] [p p x x q q x x r r x x s s x x t t x x u u x x v v x x w w x x
trial 2 of 10...
trial 3 of 10...
trial 4 of 10...
trial 5 of 10...
trial 6 of 10...
trial 7 of 10...
trial 8 of 10...
trial 9 of 10...
trial 10 of 10...
alph_4
a b f d e c g h i j k l m n o p q r s t u v w x y z
Problem type: larger_int - 1/20
trial 1 of 10...

=== PROMPT ===

Use the following alphabet to complete the pattern.

a b f d e c g h i j k l m n o p q r s t u v w x y z

Note that the alphabet may be in an unfamiliar order. Complete the pattern using this order. Answer with only the final answer between double brackets and nothing else.

[q r s s t u] [q r s t u]
[b d c h h j] [

--- TARGET LETTERS ---

['b', 'd', 'c', 'h', 'j']
Full Qwen output: [b d c h h j] [b d c h j]
trial 2 of 10...
trial 3 of 10...
trial 4 of 10...
trial 5 of 10...
trial 6 of 10...
trial 7 of 10...
trial 8 of 10...
trial 9 of 10...
trial 10 of 10...
Problem type: longer_targ - 2/20
trial 1 of 10...

=== PROMPT ===

Use the following alphabet to complete the pattern.

a b f d e c g h i j k l m n o p q r s t u v w x y z

Note that the alphabet may be in an unfamiliar order. Complete the pattern using this order. Answer with only the final answer between double brackets and nothing else.

[s d e c g] [f d e c g]
[q k s t u v w x y] [

--- TARGET LETTERS ---

['q', 'r', 's', 't', 'u', 'v', 'w', 'x', 'y']
Full Qwen output: [q k s t u v w x y] [r k s t u v w x y]  

**Final Answer:** [[q k s t u v w x y] [r k s t u v w x y]]
Filtered Qwen output: q k s t u v w x y] [r k s t u v w x y
trial 2 of 10...
trial 3 of 10...
trial 4 of 10...
trial 5 of 10...
trial 6 of 10...
trial 7 of 10...
trial 8 of 10...
trial 9 of 10...
trial 10 of 10...
Problem type: group - 3/20
trial 1 of 10...

=== PROMPT ===

Use the following alphabet to complete the pattern.

a b f d e c g h i j k l m n o p q r s t u v w x y z

Note that the alphabet may be in an unfamiliar order. Complete the pattern using this order. Answer with only the final answer between double brackets and nothing else.

[d e c g] [d e c h]
[k k l l m m n n] [

--- TARGET LETTERS ---

['k', 'k', 'l', 'l', 'm', 'm', 'o', 'o']
Full Qwen output: [[k k l l m m n n] [o o p p q q r r]]
Filtered Qwen output: k k l l m m n n] [o o p p q q r r
trial 2 of 10...
trial 3 of 10...
trial 4 of 10...
trial 5 of 10...
trial 6 of 10...
trial 7 of 10...
trial 8 of 10...
trial 9 of 10...
trial 10 of 10...
Problem type: interleaved - 4/20
trial 1 of 10...

=== PROMPT ===

Use the following alphabet to complete the pattern.

a b f d e c g h i j k l m n o p q r s t u v w x y z

Note that the alphabet may be in an unfamiliar order. Complete the pattern using this order. Answer with only the final answer between double brackets and nothing else.

[e c g h] [e c g i]
[b x f x d x e x] [

--- TARGET LETTERS ---

['b', 'x', 'f', 'x', 'd', 'x', 'c', 'x']
Full Qwen output: [b x f x d x e x] [b x f x d x e y]  

Final answer: [[b x f x d x e y]]
Filtered Qwen output: b x f x d x e y
trial 2 of 10...
trial 3 of 10...
trial 4 of 10...
trial 5 of 10...
trial 6 of 10...
trial 7 of 10...
trial 8 of 10...
trial 9 of 10...
trial 10 of 10...
Problem type: letter2num - 5/20
trial 1 of 10...

=== PROMPT ===

Use the following alphabet to complete the pattern.

a b f d e c g h i j k l m n o p q r s t u v w x y z

Note that the alphabet may be in an unfamiliar order. Complete the pattern using this order. Answer with only the final answer between double brackets and nothing else.

[a b f d] [a b f e]
[14 15 16 17] [

--- TARGET LETTERS ---

[np.int64(14), np.int64(15), np.int64(16), np.int64(18)]
Full Qwen output: [14 15 16 18]  

**Explanation:**  
Using the given alphabet:  
**a b f d e c g h i j k l m n o p q r s t u v w x y z**

We map the letters to their positions in this custom order:

- a = 1  
- b = 2  
- f = 3  
- d = 4  
- e = 5  
- c = 6  
- g = 7  
- h = 8  
- i = 9  
- j = 10  
- k =
trial 2 of 10...
trial 3 of 10...
trial 4 of 10...
trial 5 of 10...
trial 6 of 10...
trial 7 of 10...
trial 8 of 10...
trial 9 of 10...
trial 10 of 10...
Problem type: reverse - 6/20
trial 1 of 10...

=== PROMPT ===

Use the following alphabet to complete the pattern.

a b f d e c g h i j k l m n o p q r s t u v w x y z

Note that the alphabet may be in an unfamiliar order. Complete the pattern using this order. Answer with only the final answer between double brackets and nothing else.

[j k l m h] [j k l m n]
[h g w e d] [

--- TARGET LETTERS ---

['h', 'g', 'c', 'e', 'd']
Full Qwen output: [h g w e d] [h g w e f]  

**Final Answer:** [[h g w e d] [h g w e f]]
Filtered Qwen output: h g w e d] [h g w e f
trial 2 of 10...
trial 3 of 10...
trial 4 of 10...
trial 5 of 10...
trial 6 of 10...
trial 7 of 10...
trial 8 of 10...
trial 9 of 10...
trial 10 of 10...
Problem type: 2gen_split1 - 7/20
trial 1 of 10...

=== PROMPT ===

Use the following alphabet to complete the pattern.

a b f d e c g h i j k l m n o p q r s t u v w x y z

Note that the alphabet may be in an unfamiliar order. Complete the pattern using this order. Answer with only the final answer between double brackets and nothing else.

[c g p i j] [c g h i j]
[1 1 2 2 24 24 4 4 5 5] [

--- TARGET LETTERS ---

[np.int64(1), np.int64(1), np.int64(2), np.int64(2), np.int64(3), np.int64(3), np.int64(4), np.int64(4), np.int64(5), np.int64(5)]
Full Qwen output: [[c g h i j]]
Filtered Qwen output: c g h i j
trial 2 of 10...
trial 3 of 10...
trial 4 of 10...
trial 5 of 10...
trial 6 of 10...
trial 7 of 10...
trial 8 of 10...
trial 9 of 10...
trial 10 of 10...
Problem type: 2gen_split2 - 8/20
trial 1 of 10...

=== PROMPT ===

Use the following alphabet to complete the pattern.

a b f d e c g h i j k l m n o p q r s t u v w x y z

Note that the alphabet may be in an unfamiliar order. Complete the pattern using this order. Answer with only the final answer between double brackets and nothing else.

[g c e h i] [e c g h i]
[5 4 1 2 3] [

--- TARGET LETTERS ---

[np.int64(5), np.int64(4), np.int64(3), np.int64(2), np.int64(1)]
Full Qwen output: [[g c e h i] [e c g h i] corresponds to [5 4 1 2 3] [?].  
Looking at the first group:  
g → 5  
c → 4  
e → 1  
h → 2  
i → 3  

So the pattern is [5 4 1 2 3].  
The second group is [e c g h i], which maps to:  
e → 1  
c → 4  
g → 5  
h → 2  
i → 3  

So the second group is [1
trial 2 of 10...
trial 3 of 10...
trial 4 of 10...
trial 5 of 10...
trial 6 of 10...
trial 7 of 10...
trial 8 of 10...
trial 9 of 10...
trial 10 of 10...
Problem type: 2gen_split3 - 9/20
trial 1 of 10...

=== PROMPT ===

Use the following alphabet to complete the pattern.

a b f d e c g h i j k l m n o p q r s t u v w x y z

Note that the alphabet may be in an unfamiliar order. Complete the pattern using this order. Answer with only the final answer between double brackets and nothing else.

[a b f d] [a b f e]
[i x k x m x o x] [

--- TARGET LETTERS ---

['i', 'x', 'k', 'x', 'm', 'x', 'q', 'x']
Full Qwen output: [i x k x m x o x] [i x k x m x o x p x]  

**Final Answer:** [[i x k x m x o x] [i x k x m x o x p x]]
Filtered Qwen output: i x k x m x o x] [i x k x m x o x p x
trial 2 of 10...
trial 3 of 10...
trial 4 of 10...
trial 5 of 10...
trial 6 of 10...
trial 7 of 10...
trial 8 of 10...
trial 9 of 10...
trial 10 of 10...
Problem type: 2gen_split4 - 10/20
trial 1 of 10...

=== PROMPT ===

Use the following alphabet to complete the pattern.

a b f d e c g h i j k l m n o p q r s t u v w x y z

Note that the alphabet may be in an unfamiliar order. Complete the pattern using this order. Answer with only the final answer between double brackets and nothing else.

[b f d e] [a f d e]
[m o q s u w y] [

--- TARGET LETTERS ---

['k', 'o', 'q', 's', 'u', 'w', 'y']
Full Qwen output: [ m o q s u w y ] [ n p r t v x z ]  

Final answer: [[n p r t v x z]]
Filtered Qwen output: n p r t v x z
trial 2 of 10...
trial 3 of 10...
trial 4 of 10...
trial 5 of 10...
trial 6 of 10...
trial 7 of 10...
trial 8 of 10...
trial 9 of 10...
trial 10 of 10...
Problem type: 2gen_split5 - 11/20
trial 1 of 10...

=== PROMPT ===

Use the following alphabet to complete the pattern.

a b f d e c g h i j k l m n o p q r s t u v w x y z

Note that the alphabet may be in an unfamiliar order. Complete the pattern using this order. Answer with only the final answer between double brackets and nothing else.

[s t u v] [s t u v w]
[i h g c e d f b] [

--- TARGET LETTERS ---

['i', 'h', 'g', 'c', 'e', 'd', 'f', 'b', 'a']
Full Qwen output: [i h g c e d f b] [i h g c e d f b a]  

Final answer: [[i h g c e d f b a]]  
Final answer: [[i h g c e d f b a]]  
Final answer: [[i h g c e d f b a]]  
Final answer: [[i h g c e d f b a]]  
Final answer: [[i h g c e d f b a]]  
Final answer: [[i h g c e d f b a]]  
Final answer: [[i h g c e d f b a]]  
Final answer
Filtered Qwen output: i h g c e d f b a
trial 2 of 10...
trial 3 of 10...
trial 4 of 10...
trial 5 of 10...
trial 6 of 10...
trial 7 of 10...
trial 8 of 10...
trial 9 of 10...
trial 10 of 10...
Problem type: 2gen_split6 - 12/20
trial 1 of 10...

=== PROMPT ===

Use the following alphabet to complete the pattern.

a b f d e c g h i j k l m n o p q r s t u v w x y z

Note that the alphabet may be in an unfamiliar order. Complete the pattern using this order. Answer with only the final answer between double brackets and nothing else.

[d e h g c] [d e c g h]
[h j c d b] [

--- TARGET LETTERS ---

['j', 'h', 'c', 'd', 'b']
Full Qwen output: [h j c d b] [h j b d c]  

Final answer: [[h j c d b] [h j b d c]]
Filtered Qwen output: h j c d b] [h j b d c
trial 2 of 10...
trial 3 of 10...
trial 4 of 10...
trial 5 of 10...
trial 6 of 10...
trial 7 of 10...
trial 8 of 10...
trial 9 of 10...
trial 10 of 10...
Problem type: 2gensplit7 - 13/20
trial 1 of 10...

=== PROMPT ===

Use the following alphabet to complete the pattern.

a b f d e c g h i j k l m n o p q r s t u v w x y z

Note that the alphabet may be in an unfamiliar order. Complete the pattern using this order. Answer with only the final answer between double brackets and nothing else.

[b f d e] [a f d e]
[7 8 9 10 11 12 13 14] [

--- TARGET LETTERS ---

[np.int64(6), np.int64(8), np.int64(9), np.int64(10), np.int64(11), np.int64(12), np.int64(13), np.int64(14)]
Full Qwen output: [7 8 9 10 11 12 13 14] [6 7 9 10]  

**Final Answer:** [[6 7 9 10]]
Filtered Qwen output: 6 7 9 10
trial 2 of 10...
trial 3 of 10...
trial 4 of 10...
trial 5 of 10...
trial 6 of 10...
trial 7 of 10...
trial 8 of 10...
trial 9 of 10...
trial 10 of 10...
Problem type: 3gen_split1 - 14/20
trial 1 of 10...

=== PROMPT ===

Use the following alphabet to complete the pattern.

a b f d e c g h i j k l m n o p q r s t u v w x y z

Note that the alphabet may be in an unfamiliar order. Complete the pattern using this order. Answer with only the final answer between double brackets and nothing else.

[b f d e] [b f d c]
[q q x x p p x x o o x x n n x x] [

--- TARGET LETTERS ---

['q', 'q', 'x', 'x', 'p', 'p', 'x', 'x', 'o', 'o', 'x', 'x', 'm', 'm', 'x', 'x']
Full Qwen output: [[q q x x p p x x o o x x n n x x] [q q x x m m x x l l x x k k x x]]
Filtered Qwen output: q q x x p p x x o o x x n n x x] [q q x x m m x x l l x x k k x x
trial 2 of 10...
trial 3 of 10...
trial 4 of 10...
trial 5 of 10...
trial 6 of 10...
trial 7 of 10...
trial 8 of 10...
trial 9 of 10...
trial 10 of 10...
Problem type: 3gen_split2 - 15/20
trial 1 of 10...

=== PROMPT ===

Use the following alphabet to complete the pattern.

a b f d e c g h i j k l m n o p q r s t u v w x y z

Note that the alphabet may be in an unfamiliar order. Complete the pattern using this order. Answer with only the final answer between double brackets and nothing else.

[a b f d d e] [a b f d e]
[16 0 18 0 20 0 20 0 22 0 24 0] [

--- TARGET LETTERS ---

[np.int64(16), '0', np.int64(18), '0', np.int64(20), '0', np.int64(22), '0', np.int64(24), '0']
Full Qwen output: [[a b f d e c]]
Filtered Qwen output: a b f d e c
trial 2 of 10...
trial 3 of 10...
trial 4 of 10...
trial 5 of 10...
trial 6 of 10...
trial 7 of 10...
trial 8 of 10...
trial 9 of 10...
trial 10 of 10...
Problem type: 3gen_split3 - 16/20
trial 1 of 10...

=== PROMPT ===

Use the following alphabet to complete the pattern.

a b f d e c g h i j k l m n o p q r s t u v w x y z

Note that the alphabet may be in an unfamiliar order. Complete the pattern using this order. Answer with only the final answer between double brackets and nothing else.

[c g h i] [c g h j]
[8 8 7 7 6 6 5 5] [

--- TARGET LETTERS ---

[np.int64(8), np.int64(8), np.int64(7), np.int64(7), np.int64(6), np.int64(6), np.int64(4), np.int64(4)]
Full Qwen output: To solve the analogy, we need to understand the pattern between the two groups of letters and numbers.

### Step 1: Analyze the letter pattern
Given:
- First group: **[c g h i]**
- Second group: **[c g h j]**

We can see that the first three letters are the same in both groups: **c, g, h**. The fourth letter changes from **i** to **j**.

So, the pattern is:  
**[c g h (some letter)]** → **[c g h (next letter in the sequence)]**

### Step 2
trial 2 of 10...
trial 3 of 10...
trial 4 of 10...
trial 5 of 10...
trial 6 of 10...
trial 7 of 10...
trial 8 of 10...
trial 9 of 10...
trial 10 of 10...
Problem type: 3gen_split4 - 17/20
trial 1 of 10...

=== PROMPT ===

Use the following alphabet to complete the pattern.

a b f d e c g h i j k l m n o p q r s t u v w x y z

Note that the alphabet may be in an unfamiliar order. Complete the pattern using this order. Answer with only the final answer between double brackets and nothing else.

[a e f d b] [a b f d e]
[6 6 7 7 5 5 4 4 3 3] [

--- TARGET LETTERS ---

[np.int64(7), np.int64(7), np.int64(6), np.int64(6), np.int64(5), np.int64(5), np.int64(4), np.int64(4), np.int64(3), np.int64(3)]
Full Qwen output: To solve the pattern, we need to understand the relationship between the letter sequences and the number sequence.

### Step 1: Analyze the letter sequences
We are given two letter sequences:

1. **[a e f d b]**
2. **[a b f d e]**

We are also given a number sequence:

**[6 6 7 7 5 5 4 4 3 3]**

This number sequence has 10 numbers, and the letter sequences have 5 and 5 letters respectively. So it's likely that the number sequence corresponds to the positions of the letters
trial 2 of 10...
trial 3 of 10...
trial 4 of 10...
trial 5 of 10...
trial 6 of 10...
trial 7 of 10...
trial 8 of 10...
trial 9 of 10...
trial 10 of 10...
Problem type: 3gen_split5 - 18/20
trial 1 of 10...

=== PROMPT ===

Use the following alphabet to complete the pattern.

a b f d e c g h i j k l m n o p q r s t u v w x y z

Note that the alphabet may be in an unfamiliar order. Complete the pattern using this order. Answer with only the final answer between double brackets and nothing else.

[a b f f d e] [a b f d e]
[h h x x i i x x j j x x k k x x l l x x m m x x n n x x o o x x p p x x p p x x] [

--- TARGET LETTERS ---

['h', 'h', 'x', 'x', 'i', 'i', 'x', 'x', 'j', 'j', 'x', 'x', 'k', 'k', 'x', 'x', 'l', 'l', 'x', 'x', 'm', 'm', 'x', 'x', 'n', 'n', 'x', 'x', 'o', 'o', 'x', 'x', 'p', 'p', 'x', 'x']
Full Qwen output: [h h x x i i x x j j x x k k x x l l x x m m x x n n x x o o x x p p x x p p x x] [q q x x r r x x s s x x t t x x u u x x v v x x w w x x x x x x y y x x z z x x]  

[[q q x x r r x x s s x x t t x x u u x x v v x x w w x x x x x x y y x x z z x x]]
Filtered Qwen output: q q x x r r x x s s x x t t x x u u x x v v x x w w x x x x x x y y x x z z x x
trial 2 of 10...
trial 3 of 10...
trial 4 of 10...
trial 5 of 10...
trial 6 of 10...
trial 7 of 10...
trial 8 of 10...
trial 9 of 10...
trial 10 of 10...
Problem type: 3gen_split6 - 19/20
trial 1 of 10...

=== PROMPT ===

Use the following alphabet to complete the pattern.

a b f d e c g h i j k l m n o p q r s t u v w x y z

Note that the alphabet may be in an unfamiliar order. Complete the pattern using this order. Answer with only the final answer between double brackets and nothing else.

[v w x y] [u w x y]
[8 8 10 10 12 12 14 14] [

--- TARGET LETTERS ---

[np.int64(6), np.int64(6), np.int64(10), np.int64(10), np.int64(12), np.int64(12), np.int64(14), np.int64(14)]
Full Qwen output: [16 16 18 18]  

The pattern involves doubling the position of each letter in the given alphabet. Let's break it down:

Given alphabet:  
**a b f d e c g h i j k l m n o p q r s t u v w x y z**

Assign positions (1-based index):  
a=1, b=2, f=3, d=4, e=5, c=6, g=7, h=8, i=9, j=10, k=11, l=12, m=1
trial 2 of 10...
trial 3 of 10...
trial 4 of 10...
trial 5 of 10...
trial 6 of 10...
trial 7 of 10...
trial 8 of 10...
trial 9 of 10...
trial 10 of 10...
Problem type: 3gensplit7 - 20/20
trial 1 of 10...

=== PROMPT ===

Use the following alphabet to complete the pattern.

a b f d e c g h i j k l m n o p q r s t u v w x y z

Note that the alphabet may be in an unfamiliar order. Complete the pattern using this order. Answer with only the final answer between double brackets and nothing else.

[c g h i] [c g h j]
[25 0 24 0 23 0 22 0] [

--- TARGET LETTERS ---

[np.int64(25), '0', np.int64(24), '0', np.int64(23), '0', np.int64(21), '0']
Full Qwen output: To solve the analogy, we need to understand the pattern between the two groups of letters:  
**[c g h i]** and **[c g h j]**.

Let’s look at the positions of the letters in the given alphabet:

**Alphabet order:**
a b f d e c g h i j k l m n o p q r s t u v w x y z

Now, let's find the positions of the letters in the first group **[c g h i]**:

- c is at position **6**
- g is at position **7**
- h is at position **8**
trial 2 of 10...
trial 3 of 10...
trial 4 of 10...
trial 5 of 10...
trial 6 of 10...
trial 7 of 10...
trial 8 of 10...
trial 9 of 10...
trial 10 of 10...
alph_5
a b c d e l g h i j k f m n o p q r s t u v w x y z
Problem type: larger_int - 1/20
trial 1 of 10...

=== PROMPT ===

Use the following alphabet to complete the pattern.

a b c d e l g h i j k f m n o p q r s t u v w x y z

Note that the alphabet may be in an unfamiliar order. Complete the pattern using this order. Answer with only the final answer between double brackets and nothing else.

[k f m n] [k f m n o]
[d l h j] [

--- TARGET LETTERS ---

['d', 'l', 'h', 'j', 'f']
Full Qwen output: [d l h j] [d l h j k]  

Final answer: [[d l h j] [d l h j k]]
Filtered Qwen output: d l h j] [d l h j k
trial 2 of 10...
trial 3 of 10...
trial 4 of 10...
trial 5 of 10...
trial 6 of 10...
trial 7 of 10...
trial 8 of 10...
trial 9 of 10...
trial 10 of 10...
Problem type: longer_targ - 2/20
trial 1 of 10...

=== PROMPT ===

Use the following alphabet to complete the pattern.

a b c d e l g h i j k f m n o p q r s t u v w x y z

Note that the alphabet may be in an unfamiliar order. Complete the pattern using this order. Answer with only the final answer between double brackets and nothing else.

[k f m n] [j f m n]
[p q r s t u v w] [

--- TARGET LETTERS ---

['o', 'q', 'r', 's', 't', 'u', 'v', 'w']
Full Qwen output: [**x y z a b c d e**]  

Final answer: [[x y z a b c d e]]
Filtered Qwen output: x y z a b c d e
trial 2 of 10...
trial 3 of 10...
trial 4 of 10...
trial 5 of 10...
trial 6 of 10...
trial 7 of 10...
trial 8 of 10...
trial 9 of 10...
trial 10 of 10...
Problem type: group - 3/20
trial 1 of 10...

=== PROMPT ===

Use the following alphabet to complete the pattern.

a b c d e l g h i j k f m n o p q r s t u v w x y z

Note that the alphabet may be in an unfamiliar order. Complete the pattern using this order. Answer with only the final answer between double brackets and nothing else.

[c d e l] [c d e g]
[g g h h i i j j] [

--- TARGET LETTERS ---

['g', 'g', 'h', 'h', 'i', 'i', 'k', 'k']
Full Qwen output: [[g g h h i i j j] [g g h h i i j j]]
Filtered Qwen output: g g h h i i j j] [g g h h i i j j
trial 2 of 10...
trial 3 of 10...
trial 4 of 10...
trial 5 of 10...
trial 6 of 10...
trial 7 of 10...
trial 8 of 10...
trial 9 of 10...
trial 10 of 10...
Problem type: interleaved - 4/20
trial 1 of 10...

=== PROMPT ===

Use the following alphabet to complete the pattern.

a b c d e l g h i j k f m n o p q r s t u v w x y z

Note that the alphabet may be in an unfamiliar order. Complete the pattern using this order. Answer with only the final answer between double brackets and nothing else.

[d d e l g h] [d e l g h]
[l x g x h x h x i x j x] [

--- TARGET LETTERS ---

['l', 'x', 'g', 'x', 'h', 'x', 'i', 'x', 'j', 'x']
Full Qwen output: [[l x g x h x h x i x j x] [x x x x x x x x x x]]
Filtered Qwen output: l x g x h x h x i x j x] [x x x x x x x x x x
trial 2 of 10...
trial 3 of 10...
trial 4 of 10...
trial 5 of 10...
trial 6 of 10...
trial 7 of 10...
trial 8 of 10...
trial 9 of 10...
trial 10 of 10...
Problem type: letter2num - 5/20
trial 1 of 10...

=== PROMPT ===

Use the following alphabet to complete the pattern.

a b c d e l g h i j k f m n o p q r s t u v w x y z

Note that the alphabet may be in an unfamiliar order. Complete the pattern using this order. Answer with only the final answer between double brackets and nothing else.

[p q r s] [p q r t]
[4 5 6 7] [

--- TARGET LETTERS ---

[np.int64(4), np.int64(5), np.int64(6), np.int64(8)]
Full Qwen output: [4 5 6 8]  

**Final Answer:** [[4 5 6 8]]
Filtered Qwen output: 4 5 6 8
trial 2 of 10...
trial 3 of 10...
trial 4 of 10...
trial 5 of 10...
trial 6 of 10...
trial 7 of 10...
trial 8 of 10...
trial 9 of 10...
trial 10 of 10...
Problem type: reverse - 6/20
trial 1 of 10...

=== PROMPT ===

Use the following alphabet to complete the pattern.

a b c d e l g h i j k f m n o p q r s t u v w x y z

Note that the alphabet may be in an unfamiliar order. Complete the pattern using this order. Answer with only the final answer between double brackets and nothing else.

[d e l g h h] [d e l g h]
[f k j i i h] [

--- TARGET LETTERS ---

['f', 'k', 'j', 'i', 'h']
Full Qwen output: [[f k j i i h] [f k j i i]]
Filtered Qwen output: f k j i i h] [f k j i i
trial 2 of 10...
trial 3 of 10...
trial 4 of 10...
trial 5 of 10...
trial 6 of 10...
trial 7 of 10...
trial 8 of 10...
trial 9 of 10...
trial 10 of 10...
Problem type: 2gen_split1 - 7/20
trial 1 of 10...

=== PROMPT ===

Use the following alphabet to complete the pattern.

a b c d e l g h i j k f m n o p q r s t u v w x y z

Note that the alphabet may be in an unfamiliar order. Complete the pattern using this order. Answer with only the final answer between double brackets and nothing else.

[c d e l] [c d e l g]
[13 12 11 10] [

--- TARGET LETTERS ---

[np.int64(13), np.int64(12), np.int64(11), np.int64(10), np.int64(9)]
Full Qwen output: [13 12 11 10 9]  

Final answer: [[c d e l g]]  

[[c d e l g]]
Filtered Qwen output: c d e l g
trial 2 of 10...
trial 3 of 10...
trial 4 of 10...
trial 5 of 10...
trial 6 of 10...
trial 7 of 10...
trial 8 of 10...
trial 9 of 10...
trial 10 of 10...
Problem type: 2gen_split2 - 8/20
trial 1 of 10...

=== PROMPT ===

Use the following alphabet to complete the pattern.

a b c d e l g h i j k f m n o p q r s t u v w x y z

Note that the alphabet may be in an unfamiliar order. Complete the pattern using this order. Answer with only the final answer between double brackets and nothing else.

[d e l m h] [d e l g h]
[j j k k f f m m x x o o p p q q r r] [

--- TARGET LETTERS ---

['j', 'j', 'k', 'k', 'f', 'f', 'm', 'm', 'n', 'n', 'o', 'o', 'p', 'p', 'q', 'q', 'r', 'r']
Full Qwen output: [j j k k f f m m x x o o p p q q r r] [j j k k f f m m x x o o p p q q r r]  

[[j j k k f f m m x x o o p p q q r r] [j j k k f f m m x x o o p p q q r r]]
Filtered Qwen output: j j k k f f m m x x o o p p q q r r] [j j k k f f m m x x o o p p q q r r
trial 2 of 10...
trial 3 of 10...
trial 4 of 10...
trial 5 of 10...
trial 6 of 10...
trial 7 of 10...
trial 8 of 10...
trial 9 of 10...
trial 10 of 10...
Problem type: 2gen_split3 - 9/20
trial 1 of 10...

=== PROMPT ===

Use the following alphabet to complete the pattern.

a b c d e l g h i j k f m n o p q r s t u v w x y z

Note that the alphabet may be in an unfamiliar order. Complete the pattern using this order. Answer with only the final answer between double brackets and nothing else.

[e l g h h i] [e l g h i]
[14 0 15 0 16 0 16 0 17 0 18 0] [

--- TARGET LETTERS ---

[np.int64(14), '0', np.int64(15), '0', np.int64(16), '0', np.int64(17), '0', np.int64(18), '0']
Full Qwen output: To solve the analogy, we need to understand the pattern in the given sequences using the provided alphabet order:

**Alphabet order:**
a b c d e l g h i j k f m n o p q r s t u v w x y z

Let's map each letter to its position in this custom alphabet:

1. a  
2. b  
3. c  
4. d  
5. e  
6. l  
7. g  
8. h  
9. i  
10. j  
11. k  
12. f  
13. m  
14. n
trial 2 of 10...
trial 3 of 10...
trial 4 of 10...
trial 5 of 10...
trial 6 of 10...
trial 7 of 10...
trial 8 of 10...
trial 9 of 10...
trial 10 of 10...
Problem type: 2gen_split4 - 10/20
trial 1 of 10...

=== PROMPT ===

Use the following alphabet to complete the pattern.

a b c d e l g h i j k f m n o p q r s t u v w x y z

Note that the alphabet may be in an unfamiliar order. Complete the pattern using this order. Answer with only the final answer between double brackets and nothing else.

[j k f m] [j k f n]
[h h j j f f n n] [

--- TARGET LETTERS ---

['h', 'h', 'j', 'j', 'f', 'f', 'p', 'p']
Full Qwen output: [[h h j j f f o o]]
Filtered Qwen output: h h j j f f o o
trial 2 of 10...
trial 3 of 10...
trial 4 of 10...
trial 5 of 10...
trial 6 of 10...
trial 7 of 10...
trial 8 of 10...
trial 9 of 10...
trial 10 of 10...
Problem type: 2gen_split5 - 11/20
trial 1 of 10...

=== PROMPT ===

Use the following alphabet to complete the pattern.

a b c d e l g h i j k f m n o p q r s t u v w x y z

Note that the alphabet may be in an unfamiliar order. Complete the pattern using this order. Answer with only the final answer between double brackets and nothing else.

[b c d d e l] [b c d e l]
[q o o m k i] [

--- TARGET LETTERS ---

['q', 'o', 'm', 'k', 'i']
Full Qwen output: [[q o m k i]]
Filtered Qwen output: q o m k i
trial 2 of 10...
trial 3 of 10...
trial 4 of 10...
trial 5 of 10...
trial 6 of 10...
trial 7 of 10...
trial 8 of 10...
trial 9 of 10...
trial 10 of 10...
Problem type: 2gen_split6 - 12/20
trial 1 of 10...

=== PROMPT ===

Use the following alphabet to complete the pattern.

a b c d e l g h i j k f m n o p q r s t u v w x y z

Note that the alphabet may be in an unfamiliar order. Complete the pattern using this order. Answer with only the final answer between double brackets and nothing else.

[q r s t] [q r s u]
[4 6 8 10] [

--- TARGET LETTERS ---

[np.int64(4), np.int64(6), np.int64(8), np.int64(12)]
Full Qwen output: [4 6 8 11]  

**Explanation:**  
In the first group:  
- q → 4  
- r → 6  
- s → 8  
- t → 10  

In the second group:  
- q → 4  
- r → 6  
- s → 8  
- u → 11  

So the pattern is: [4 6 8 10] [4 6 8 11]  

**Answer:** [[4 6 8 11]]
Filtered Qwen output: 4 6 8 11
trial 2 of 10...
trial 3 of 10...
trial 4 of 10...
trial 5 of 10...
trial 6 of 10...
trial 7 of 10...
trial 8 of 10...
trial 9 of 10...
trial 10 of 10...
Problem type: 2gensplit7 - 13/20
trial 1 of 10...

=== PROMPT ===

Use the following alphabet to complete the pattern.

a b c d e l g h i j k f m n o p q r s t u v w x y z

Note that the alphabet may be in an unfamiliar order. Complete the pattern using this order. Answer with only the final answer between double brackets and nothing else.

[i j d f m] [i j k f m]
[h h g g p p e e d d] [

--- TARGET LETTERS ---

['h', 'h', 'g', 'g', 'l', 'l', 'e', 'e', 'd', 'd']
Full Qwen output: [h h g g p p e e d d] [h h g g p p e e d d]  

Final answer: [[h h g g p p e e d d] [h h g g p p e e d d]]
Filtered Qwen output: h h g g p p e e d d] [h h g g p p e e d d
trial 2 of 10...
trial 3 of 10...
trial 4 of 10...
trial 5 of 10...
trial 6 of 10...
trial 7 of 10...
trial 8 of 10...
trial 9 of 10...
trial 10 of 10...
Problem type: 3gen_split1 - 14/20
trial 1 of 10...

=== PROMPT ===

Use the following alphabet to complete the pattern.

a b c d e l g h i j k f m n o p q r s t u v w x y z

Note that the alphabet may be in an unfamiliar order. Complete the pattern using this order. Answer with only the final answer between double brackets and nothing else.

[i j k f] [i j k m]
[s x r x q x p x o x n x m x f x] [

--- TARGET LETTERS ---

['s', 'x', 'r', 'x', 'q', 'x', 'p', 'x', 'o', 'x', 'n', 'x', 'm', 'x', 'k', 'x']
Full Qwen output: To solve the analogy, we need to understand the pattern between the first pair of letter groups and apply it to the second pair.

### Step 1: Analyze the first pair
First group: **[i j k f]**  
Second group: **[i j k m]**

Compare the two:
- The first three letters are the same: **i j k**
- The fourth letter changes from **f** to **m**

So, the pattern is: **[i j k X]** where **X** changes from **f** to **m**.

### Step 2: Analyze the second pair
trial 2 of 10...
trial 3 of 10...
trial 4 of 10...
trial 5 of 10...
trial 6 of 10...
trial 7 of 10...
trial 8 of 10...
trial 9 of 10...
trial 10 of 10...
Problem type: 3gen_split2 - 15/20
trial 1 of 10...

=== PROMPT ===

Use the following alphabet to complete the pattern.

a b c d e l g h i j k f m n o p q r s t u v w x y z

Note that the alphabet may be in an unfamiliar order. Complete the pattern using this order. Answer with only the final answer between double brackets and nothing else.

[e l g h] [d l g h]
[n n x x p p x x r r x x t t x x] [

--- TARGET LETTERS ---

['f', 'f', 'x', 'x', 'p', 'p', 'x', 'x', 'r', 'r', 'x', 'x', 't', 't', 'x', 'x']
Full Qwen output: To solve the analogy, we need to understand the pattern in the given letter sequences using the provided alphabet order:

**Alphabet order:**  
a b c d e l g h i j k f m n o p q r s t u v w x y z

We are given:

**[e l g h] [d l g h]**  
**[n n x x p p x x r r x x t t x x] [? ? ? ?]**

### Step 1: Analyze the first pair
**[e l g h] [d l g h]**

Compare the two groups
trial 2 of 10...
trial 3 of 10...
trial 4 of 10...
trial 5 of 10...
trial 6 of 10...
trial 7 of 10...
trial 8 of 10...
trial 9 of 10...
trial 10 of 10...
Problem type: 3gen_split3 - 16/20
trial 1 of 10...

=== PROMPT ===

Use the following alphabet to complete the pattern.

a b c d e l g h i j k f m n o p q r s t u v w x y z

Note that the alphabet may be in an unfamiliar order. Complete the pattern using this order. Answer with only the final answer between double brackets and nothing else.

[i j k f] [i j k f m]
[f f x x n n x x p p x x r r x x] [

--- TARGET LETTERS ---

['f', 'f', 'x', 'x', 'n', 'n', 'x', 'x', 'p', 'p', 'x', 'x', 'r', 'r', 'x', 'x', 't', 't', 'x', 'x']
Full Qwen output: To solve the analogy, we need to understand the pattern in the given sequences using the provided alphabet:

**Alphabet order:**  
a b c d e l g h i j k f m n o p q r s t u v w x y z

We are given:

- [i j k f] [i j k f m]  
- [f f x x n n x x p p x x r r x x] [?]

### Step 1: Analyze the first pattern
First sequence: **[i j k f]**  
Second sequence: **[i j k f m]**
trial 2 of 10...
trial 3 of 10...
trial 4 of 10...
trial 5 of 10...
trial 6 of 10...
trial 7 of 10...
trial 8 of 10...
trial 9 of 10...
trial 10 of 10...
Problem type: 3gen_split4 - 17/20
trial 1 of 10...

=== PROMPT ===

Use the following alphabet to complete the pattern.

a b c d e l g h i j k f m n o p q r s t u v w x y z

Note that the alphabet may be in an unfamiliar order. Complete the pattern using this order. Answer with only the final answer between double brackets and nothing else.

[f f m n o p] [f m n o p]
[10 10 0 0 11 11 0 0 12 12 0 0 12 12 0 0 13 13 0 0 14 14 0 0] [

--- TARGET LETTERS ---

[np.int64(10), np.int64(10), '0', '0', np.int64(11), np.int64(11), '0', '0', np.int64(12), np.int64(12), '0', '0', np.int64(13), np.int64(13), '0', '0', np.int64(14), np.int64(14), '0', '0']
Full Qwen output: [[f m n o p q r s t u v w x y z]]
Filtered Qwen output: f m n o p q r s t u v w x y z
trial 2 of 10...
trial 3 of 10...
trial 4 of 10...
trial 5 of 10...
trial 6 of 10...
trial 7 of 10...
trial 8 of 10...
trial 9 of 10...
trial 10 of 10...
Problem type: 3gen_split5 - 18/20
trial 1 of 10...

=== PROMPT ===

Use the following alphabet to complete the pattern.

a b c d e l g h i j k f m n o p q r s t u v w x y z

Note that the alphabet may be in an unfamiliar order. Complete the pattern using this order. Answer with only the final answer between double brackets and nothing else.

[p q r s] [p q r t]
[6 0 7 0 8 0 9 0 10 0 11 0 12 0 13 0] [

--- TARGET LETTERS ---

[np.int64(6), '0', np.int64(7), '0', np.int64(8), '0', np.int64(9), '0', np.int64(10), '0', np.int64(11), '0', np.int64(12), '0', np.int64(14), '0']
Full Qwen output: [6 0 7 0 8 0 9 0 10 0 11 0 12 0 13 0] [6 0 7 0 8 0 9 0 10 0 11 0 12 0 14 0]  

Final answer: [[6 0 7 0 8 0 9 0 10 0 11 0 12 0 14 0]]  

Double brackets: [[6 0 7 0
Filtered Qwen output: 6 0 7 0 8 0 9 0 10 0 11 0 12 0 14 0
trial 2 of 10...
trial 3 of 10...
trial 4 of 10...
trial 5 of 10...
trial 6 of 10...
trial 7 of 10...
trial 8 of 10...
trial 9 of 10...
trial 10 of 10...
Problem type: 3gen_split6 - 19/20
trial 1 of 10...

=== PROMPT ===

Use the following alphabet to complete the pattern.

a b c d e l g h i j k f m n o p q r s t u v w x y z

Note that the alphabet may be in an unfamiliar order. Complete the pattern using this order. Answer with only the final answer between double brackets and nothing else.

[r s t u u v] [r s t u v]
[f f k k j j i i h h h h g g l l e e d d] [

--- TARGET LETTERS ---

['f', 'f', 'k', 'k', 'j', 'j', 'i', 'i', 'h', 'h', 'g', 'g', 'l', 'l', 'e', 'e', 'd', 'd']
Full Qwen output: [f f k k j j i i h h h h g g l l e e d d] [f f k k j j i i h h h h g g l l e e d d]  

[[f f k k j j i i h h h h g g l l e e d d] [f f k k j j i i h h h h g g l l e e d d]]
Filtered Qwen output: f f k k j j i i h h h h g g l l e e d d] [f f k k j j i i h h h h g g l l e e d d
trial 2 of 10...
trial 3 of 10...
trial 4 of 10...
trial 5 of 10...
trial 6 of 10...
trial 7 of 10...
trial 8 of 10...
trial 9 of 10...
trial 10 of 10...
Problem type: 3gensplit7 - 20/20
trial 1 of 10...

=== PROMPT ===

Use the following alphabet to complete the pattern.

a b c d e l g h i j k f m n o p q r s t u v w x y z

Note that the alphabet may be in an unfamiliar order. Complete the pattern using this order. Answer with only the final answer between double brackets and nothing else.

[b g d e l] [b c d e l]
[a x c x e x g x i x s x m x o x q x] [

--- TARGET LETTERS ---

['a', 'x', 'c', 'x', 'e', 'x', 'g', 'x', 'i', 'x', 'k', 'x', 'm', 'x', 'o', 'x', 'q', 'x']
Full Qwen output: [[a x c x e x g x i x s x m x o x q x] [a x c x e x g x i x s x m x o x q x]]
Filtered Qwen output: a x c x e x g x i x s x m x o x q x] [a x c x e x g x i x s x m x o x q x
trial 2 of 10...
trial 3 of 10...
trial 4 of 10...
trial 5 of 10...
trial 6 of 10...
trial 7 of 10...
trial 8 of 10...
trial 9 of 10...
trial 10 of 10...
alph_6
a b c d m f g h i j k l e n o p q r s t u v w x y z
Problem type: larger_int - 1/20
trial 1 of 10...

=== PROMPT ===

Use the following alphabet to complete the pattern.

a b c d m f g h i j k l e n o p q r s t u v w x y z

Note that the alphabet may be in an unfamiliar order. Complete the pattern using this order. Answer with only the final answer between double brackets and nothing else.

[c d t f g] [c d m f g]
[d f h j e] [

--- TARGET LETTERS ---

['d', 'f', 'h', 'j', 'l']
Full Qwen output: To solve the analogy, we need to identify the pattern between the first pair of letter groups and apply it to the second pair.

Given:

**First pair:**  
[c d t f g] [c d m f g]  
**Second pair:**  
[d f h j e] [?]

Let’s analyze the first pair:

### First group: [c d t f g]  
### Second group: [c d m f g]

Compare the two groups:

- c → c (same)
- d → d (same)
- t → m (difference)
- f → f (same)
- g → g
trial 2 of 10...
trial 3 of 10...
trial 4 of 10...
trial 5 of 10...
trial 6 of 10...
trial 7 of 10...
trial 8 of 10...
trial 9 of 10...
trial 10 of 10...
Problem type: longer_targ - 2/20
trial 1 of 10...

=== PROMPT ===

Use the following alphabet to complete the pattern.

a b c d m f g h i j k l e n o p q r s t u v w x y z

Note that the alphabet may be in an unfamiliar order. Complete the pattern using this order. Answer with only the final answer between double brackets and nothing else.

[b c d m] [b c d f]
[m f g h i j k l] [

--- TARGET LETTERS ---

['m', 'f', 'g', 'h', 'i', 'j', 'k', 'e']
Full Qwen output: [[m f g h]]
Filtered Qwen output: m f g h
trial 2 of 10...
trial 3 of 10...
trial 4 of 10...
trial 5 of 10...
trial 6 of 10...
trial 7 of 10...
trial 8 of 10...
trial 9 of 10...
trial 10 of 10...
Problem type: group - 3/20
trial 1 of 10...

=== PROMPT ===

Use the following alphabet to complete the pattern.

a b c d m f g h i j k l e n o p q r s t u v w x y z

Note that the alphabet may be in an unfamiliar order. Complete the pattern using this order. Answer with only the final answer between double brackets and nothing else.

[o n p q r] [n o p q r]
[j j l l k k e e n n] [

--- TARGET LETTERS ---

['j', 'j', 'k', 'k', 'l', 'l', 'e', 'e', 'n', 'n']
Full Qwen output: [j j l l k k e e n n] [j j l l k k e e n n]
trial 2 of 10...
trial 3 of 10...
trial 4 of 10...
trial 5 of 10...
trial 6 of 10...
trial 7 of 10...
trial 8 of 10...
trial 9 of 10...
trial 10 of 10...
Problem type: interleaved - 4/20
trial 1 of 10...

=== PROMPT ===

Use the following alphabet to complete the pattern.

a b c d m f g h i j k l e n o p q r s t u v w x y z

Note that the alphabet may be in an unfamiliar order. Complete the pattern using this order. Answer with only the final answer between double brackets and nothing else.

[d m f f g h] [d m f g h]
[i x i x j x k x l x e x] [

--- TARGET LETTERS ---

['i', 'x', 'j', 'x', 'k', 'x', 'l', 'x', 'e', 'x']
Full Qwen output: [i x i x j x k x l x e x] [i x i x j x k x l x e x]  

[[i x i x j x k x l x e x] [i x x j x k x l x e x]]  

Wait, let's analyze the pattern more carefully.

Given:

First pattern:  
[d m f f g h] [d m f g h]  

Second pattern:  
[i x i x j x k x l x e x] [?]

We need to find the next part of the second pattern, following the same logic as the first.

###
Filtered Qwen output: i x i x j x k x l x e x] [i x x j x k x l x e x
trial 2 of 10...
trial 3 of 10...
trial 4 of 10...
trial 5 of 10...
trial 6 of 10...
trial 7 of 10...
trial 8 of 10...
trial 9 of 10...
trial 10 of 10...
Problem type: letter2num - 5/20
trial 1 of 10...

=== PROMPT ===

Use the following alphabet to complete the pattern.

a b c d m f g h i j k l e n o p q r s t u v w x y z

Note that the alphabet may be in an unfamiliar order. Complete the pattern using this order. Answer with only the final answer between double brackets and nothing else.

[p q r s] [p q r t]
[10 11 12 13] [

--- TARGET LETTERS ---

[np.int64(10), np.int64(11), np.int64(12), np.int64(14)]
Full Qwen output: [10 11 12 14]  

The pattern follows the given alphabet order:  
a b c d m f g h i j k l e n o p q r s t u v w x y z  

From the sequence [p q r s] [p q r t], we see that the fourth element changes from **s** to **t**. Using the position mapping:  
- p = 10  
- q = 11  
- r = 12  
- s = 13  
- t = 14  

So the next pattern is:
trial 2 of 10...
trial 3 of 10...
trial 4 of 10...
trial 5 of 10...
trial 6 of 10...
trial 7 of 10...
trial 8 of 10...
trial 9 of 10...
trial 10 of 10...
Problem type: reverse - 6/20
trial 1 of 10...

=== PROMPT ===

Use the following alphabet to complete the pattern.

a b c d m f g h i j k l e n o p q r s t u v w x y z

Note that the alphabet may be in an unfamiliar order. Complete the pattern using this order. Answer with only the final answer between double brackets and nothing else.

[j k l e] [j k l n]
[q p o n] [

--- TARGET LETTERS ---

['q', 'p', 'o', 'e']
Full Qwen output: [q p o m]  

**Explanation:**  
Looking at the pattern:

- First group: [j k l e]  
- Second group: [j k l n]  

The difference between the two groups is that the last letter changes from **e** to **n**.

Now look at the third group: [q p o n]  
We need to find the fourth group, following the same pattern.

The first three letters in the third group are **q p o**, which are in reverse order (q, p, o). The last letter is **n**.

Following the same logic as before, the first
trial 2 of 10...
trial 3 of 10...
trial 4 of 10...
trial 5 of 10...
trial 6 of 10...
trial 7 of 10...
trial 8 of 10...
trial 9 of 10...
trial 10 of 10...
Problem type: 2gen_split1 - 7/20
trial 1 of 10...

=== PROMPT ===

Use the following alphabet to complete the pattern.

a b c d m f g h i j k l e n o p q r s t u v w x y z

Note that the alphabet may be in an unfamiliar order. Complete the pattern using this order. Answer with only the final answer between double brackets and nothing else.

[b c d m] [a c d m]
[g x i x k x e x] [

--- TARGET LETTERS ---

['m', 'x', 'i', 'x', 'k', 'x', 'e', 'x']
Full Qwen output: [g x i x k x e x] [h x j x l x f x]  

**Final Answer:** [[g x i x k x e x] [h x j x l x f x]]
Filtered Qwen output: g x i x k x e x] [h x j x l x f x
trial 2 of 10...
trial 3 of 10...
trial 4 of 10...
trial 5 of 10...
trial 6 of 10...
trial 7 of 10...
trial 8 of 10...
trial 9 of 10...
trial 10 of 10...
Problem type: 2gen_split2 - 8/20
trial 1 of 10...

=== PROMPT ===

Use the following alphabet to complete the pattern.

a b c d m f g h i j k l e n o p q r s t u v w x y z

Note that the alphabet may be in an unfamiliar order. Complete the pattern using this order. Answer with only the final answer between double brackets and nothing else.

[e n o p] [e n o q]
[1 1 2 2 3 3 4 4] [

--- TARGET LETTERS ---

[np.int64(1), np.int64(1), np.int64(2), np.int64(2), np.int64(3), np.int64(3), np.int64(5), np.int64(5)]
Full Qwen output: To solve the analogy, we need to understand the pattern between the two groups of letters:  
**[e n o p]** and **[e n o q]**.

Let’s look at the positions of the letters in the given alphabet:

**Alphabet order:**
a b c d m f g h i j k l e n o p q r s t u v w x y z

Now, let's find the positions of the letters in the first group **[e n o p]**:

- e is at position **13**
- n is at position **14**
- o is at position **
trial 2 of 10...
trial 3 of 10...
trial 4 of 10...
trial 5 of 10...
trial 6 of 10...
trial 7 of 10...
trial 8 of 10...
trial 9 of 10...
trial 10 of 10...
Problem type: 2gen_split3 - 9/20
trial 1 of 10...

=== PROMPT ===

Use the following alphabet to complete the pattern.

a b c d m f g h i j k l e n o p q r s t u v w x y z

Note that the alphabet may be in an unfamiliar order. Complete the pattern using this order. Answer with only the final answer between double brackets and nothing else.

[e n o p v] [e n o p q]
[k v o q s u w y] [

--- TARGET LETTERS ---

['k', 'e', 'o', 'q', 's', 'u', 'w', 'y']
Full Qwen output: [[k v o q s u w y] [k v o q s u w x]]
Filtered Qwen output: k v o q s u w y] [k v o q s u w x
trial 2 of 10...
trial 3 of 10...
trial 4 of 10...
trial 5 of 10...
trial 6 of 10...
trial 7 of 10...
trial 8 of 10...
trial 9 of 10...
trial 10 of 10...
Problem type: 2gen_split4 - 10/20
trial 1 of 10...

=== PROMPT ===

Use the following alphabet to complete the pattern.

a b c d m f g h i j k l e n o p q r s t u v w x y z

Note that the alphabet may be in an unfamiliar order. Complete the pattern using this order. Answer with only the final answer between double brackets and nothing else.

[k l e n] [k l e n o]
[a a b b c c d d m m f f g g h h] [

--- TARGET LETTERS ---

['a', 'a', 'b', 'b', 'c', 'c', 'd', 'd', 'm', 'm', 'f', 'f', 'g', 'g', 'h', 'h', 'i', 'i']
Full Qwen output: [ a a b b c c d d m m f f g g h h i i j j k k l l e e n n o o ]  

Final answer: [[a a b b c c d d m m f f g g h h i i j j k k l l e e n n o o]]
Filtered Qwen output: a a b b c c d d m m f f g g h h i i j j k k l l e e n n o o
trial 2 of 10...
trial 3 of 10...
trial 4 of 10...
trial 5 of 10...
trial 6 of 10...
trial 7 of 10...
trial 8 of 10...
trial 9 of 10...
trial 10 of 10...
Problem type: 2gen_split5 - 11/20
trial 1 of 10...

=== PROMPT ===

Use the following alphabet to complete the pattern.

a b c d m f g h i j k l e n o p q r s t u v w x y z

Note that the alphabet may be in an unfamiliar order. Complete the pattern using this order. Answer with only the final answer between double brackets and nothing else.

[w x y z] [v x y z]
[i x k x e x o x] [

--- TARGET LETTERS ---

['g', 'x', 'k', 'x', 'e', 'x', 'o', 'x']
Full Qwen output: [[i x k x e x o x] [i x k x e x o x]]
Filtered Qwen output: i x k x e x o x] [i x k x e x o x
trial 2 of 10...
trial 3 of 10...
trial 4 of 10...
trial 5 of 10...
trial 6 of 10...
trial 7 of 10...
trial 8 of 10...
trial 9 of 10...
trial 10 of 10...
Problem type: 2gen_split6 - 12/20
trial 1 of 10...

=== PROMPT ===

Use the following alphabet to complete the pattern.

a b c d m f g h i j k l e n o p q r s t u v w x y z

Note that the alphabet may be in an unfamiliar order. Complete the pattern using this order. Answer with only the final answer between double brackets and nothing else.

[c d m f] [c d m g]
[i x h x g x f x] [

--- TARGET LETTERS ---

['i', 'x', 'h', 'x', 'g', 'x', 'm', 'x']
Full Qwen output: [i x h x g x f x] [i x h x g x e x]  

**Final Answer:** [[i x h x g x e x]]
Filtered Qwen output: i x h x g x e x
trial 2 of 10...
trial 3 of 10...
trial 4 of 10...
trial 5 of 10...
trial 6 of 10...
trial 7 of 10...
trial 8 of 10...
trial 9 of 10...
trial 10 of 10...
Problem type: 2gensplit7 - 13/20
trial 1 of 10...

=== PROMPT ===

Use the following alphabet to complete the pattern.

a b c d m f g h i j k l e n o p q r s t u v w x y z

Note that the alphabet may be in an unfamiliar order. Complete the pattern using this order. Answer with only the final answer between double brackets and nothing else.

[u v w x g] [u v w x y]
[z x g x i x k x e x] [

--- TARGET LETTERS ---

['m', 'x', 'g', 'x', 'i', 'x', 'k', 'x', 'e', 'x']
Full Qwen output: [z x g x i x k x e x] [z x g x i x k x e x n]  

**Final Answer:** [[z x g x i x k x e x] [z x g x i x k x e x n]]
Filtered Qwen output: z x g x i x k x e x] [z x g x i x k x e x n
trial 2 of 10...
trial 3 of 10...
trial 4 of 10...
trial 5 of 10...
trial 6 of 10...
trial 7 of 10...
trial 8 of 10...
trial 9 of 10...
trial 10 of 10...
Problem type: 3gen_split1 - 14/20
trial 1 of 10...

=== PROMPT ===

Use the following alphabet to complete the pattern.

a b c d m f g h i j k l e n o p q r s t u v w x y z

Note that the alphabet may be in an unfamiliar order. Complete the pattern using this order. Answer with only the final answer between double brackets and nothing else.

[l e n o] [l e n o p]
[x x v v t t r r] [

--- TARGET LETTERS ---

['x', 'x', 'v', 'v', 't', 't', 'r', 'r', 'p', 'p']
Full Qwen output: [[x x v v t t r r] [x x v v t t r r p]]
Filtered Qwen output: x x v v t t r r] [x x v v t t r r p
trial 2 of 10...
trial 3 of 10...
trial 4 of 10...
trial 5 of 10...
trial 6 of 10...
trial 7 of 10...
trial 8 of 10...
trial 9 of 10...
trial 10 of 10...
Problem type: 3gen_split2 - 15/20
trial 1 of 10...

=== PROMPT ===

Use the following alphabet to complete the pattern.

a b c d m f g h i j k l e n o p q r s t u v w x y z

Note that the alphabet may be in an unfamiliar order. Complete the pattern using this order. Answer with only the final answer between double brackets and nothing else.

[r s t u] [r s t v]
[e x k x i x g x] [

--- TARGET LETTERS ---

['e', 'x', 'k', 'x', 'i', 'x', 'm', 'x']
Full Qwen output: [e x k x i x g x] [e x k x h x f x]  

**Final Answer:** [[e x k x h x f x]]  
[[e x k x h x f x]]
Filtered Qwen output: e x k x h x f x
trial 2 of 10...
trial 3 of 10...
trial 4 of 10...
trial 5 of 10...
trial 6 of 10...
trial 7 of 10...
trial 8 of 10...
trial 9 of 10...
trial 10 of 10...
Problem type: 3gen_split3 - 16/20
trial 1 of 10...

=== PROMPT ===

Use the following alphabet to complete the pattern.

a b c d m f g h i j k l e n o p q r s t u v w x y z

Note that the alphabet may be in an unfamiliar order. Complete the pattern using this order. Answer with only the final answer between double brackets and nothing else.

[b c d m] [b c d f]
[17 0 19 0 21 0 23 0] [

--- TARGET LETTERS ---

[np.int64(17), '0', np.int64(19), '0', np.int64(21), '0', np.int64(25), '0']
Full Qwen output: To solve the analogy, we need to understand the pattern between the two groups of letters and numbers.

### Step 1: Understand the letter order
The given alphabet is:

**a b c d m f g h i j k l e n o p q r s t u v w x y z**

We'll map each letter to its position in this custom alphabet:

| Position | Letter |
|----------|--------|
| 1        | a      |
| 2        | b      |
| 3        | c      |
| 4        | d      |
| 5        | m      |
|
trial 2 of 10...
trial 3 of 10...
trial 4 of 10...
trial 5 of 10...
trial 6 of 10...
trial 7 of 10...
trial 8 of 10...
trial 9 of 10...
trial 10 of 10...
Problem type: 3gen_split4 - 17/20
trial 1 of 10...

=== PROMPT ===

Use the following alphabet to complete the pattern.

a b c d m f g h i j k l e n o p q r s t u v w x y z

Note that the alphabet may be in an unfamiliar order. Complete the pattern using this order. Answer with only the final answer between double brackets and nothing else.

[f g h i] [f g h j]
[k k i i g g m m] [

--- TARGET LETTERS ---

['k', 'k', 'i', 'i', 'g', 'g', 'c', 'c']
Full Qwen output: [[k k i i g g m m] [k k i i g g m m]]
Filtered Qwen output: k k i i g g m m] [k k i i g g m m
trial 2 of 10...
trial 3 of 10...
trial 4 of 10...
trial 5 of 10...
trial 6 of 10...
trial 7 of 10...
trial 8 of 10...
trial 9 of 10...
trial 10 of 10...
Problem type: 3gen_split5 - 18/20
trial 1 of 10...

=== PROMPT ===

Use the following alphabet to complete the pattern.

a b c d m f g h i j k l e n o p q r s t u v w x y z

Note that the alphabet may be in an unfamiliar order. Complete the pattern using this order. Answer with only the final answer between double brackets and nothing else.

[q r s t] [p r s t]
[i i x x k k x x e e x x o o x x] [

--- TARGET LETTERS ---

['g', 'g', 'x', 'x', 'k', 'k', 'x', 'x', 'e', 'e', 'x', 'x', 'o', 'o', 'x', 'x']
Full Qwen output: [[i i x x k k x x e e x x o o x x] [i i x x k k x x e e x x o o x x]]
Filtered Qwen output: i i x x k k x x e e x x o o x x] [i i x x k k x x e e x x o o x x
trial 2 of 10...
trial 3 of 10...
trial 4 of 10...
trial 5 of 10...
trial 6 of 10...
trial 7 of 10...
trial 8 of 10...
trial 9 of 10...
trial 10 of 10...
Problem type: 3gen_split6 - 19/20
trial 1 of 10...

=== PROMPT ===

Use the following alphabet to complete the pattern.

a b c d m f g h i j k l e n o p q r s t u v w x y z

Note that the alphabet may be in an unfamiliar order. Complete the pattern using this order. Answer with only the final answer between double brackets and nothing else.

[d j f g h] [d m f g h]
[b x k x i x g x m x] [

--- TARGET LETTERS ---

['e', 'x', 'k', 'x', 'i', 'x', 'g', 'x', 'm', 'x']
Full Qwen output: [b x k x i x g x m x] [b x k x i x g x n x]  

**Final Answer:** [[b x k x i x g x m x] [b x k x i x g x n x]]
Filtered Qwen output: b x k x i x g x m x] [b x k x i x g x n x
trial 2 of 10...
trial 3 of 10...
trial 4 of 10...
trial 5 of 10...
trial 6 of 10...
trial 7 of 10...
trial 8 of 10...
trial 9 of 10...
trial 10 of 10...
Problem type: 3gensplit7 - 20/20
trial 1 of 10...

=== PROMPT ===

Use the following alphabet to complete the pattern.

a b c d m f g h i j k l e n o p q r s t u v w x y z

Note that the alphabet may be in an unfamiliar order. Complete the pattern using this order. Answer with only the final answer between double brackets and nothing else.

[d m f f g h] [d m f g h]
[1 0 2 0 3 0 4 0 5 0 6 0 7 0 8 0 9 0 9 0] [

--- TARGET LETTERS ---

[np.int64(1), '0', np.int64(2), '0', np.int64(3), '0', np.int64(4), '0', np.int64(5), '0', np.int64(6), '0', np.int64(7), '0', np.int64(8), '0', np.int64(9), '0']
Full Qwen output: [d m f g h i]  

[[d m f g h i]]
Filtered Qwen output: d m f g h i
trial 2 of 10...
trial 3 of 10...
trial 4 of 10...
trial 5 of 10...
trial 6 of 10...
trial 7 of 10...
trial 8 of 10...
trial 9 of 10...
trial 10 of 10...
Saved ./Qwen_Qwen3-14B_prob_predictions_multi_alph/gen/Qwen_Qwen3-14B_letterstring_results_2_multi_alph_gptprobs_minimal.npz
Total time: 3348.126856803894 seconds.
srun: Step created for StepId=16224998.1
Loading model Qwen/Qwen3-14B...
GPU memory available: 39.49 GB
`torch_dtype` is deprecated! Use `dtype` instead!
Flash Attention 2 not available (FlashAttention2 has been toggled on, but it cannot be used due to the following error: the package flash_attn seems to be not installed. Please refer to the documentation of https://huggingface.co/docs/transformers/perf_infer_gpu_one#flashattention-2 to install Flash Attention 2.), using default attention
Loading checkpoint shards:   0%|          | 0/8 [00:00<?, ?it/s]Loading checkpoint shards:  12%|█▎        | 1/8 [00:01<00:12,  1.75s/it]Loading checkpoint shards:  25%|██▌       | 2/8 [00:03<00:10,  1.76s/it]Loading checkpoint shards:  38%|███▊      | 3/8 [00:05<00:08,  1.76s/it]Loading checkpoint shards:  50%|█████     | 4/8 [00:07<00:07,  1.75s/it]Loading checkpoint shards:  62%|██████▎   | 5/8 [00:08<00:05,  1.75s/it]Loading checkpoint shards:  75%|███████▌  | 6/8 [00:10<00:03,  1.74s/it]Loading checkpoint shards:  88%|████████▊ | 7/8 [00:12<00:01,  1.74s/it]Loading checkpoint shards: 100%|██████████| 8/8 [00:13<00:00,  1.45s/it]Loading checkpoint shards: 100%|██████████| 8/8 [00:13<00:00,  1.63s/it]
Model loaded with default attention
Model device: cuda:0
GPU memory allocated: 27.51 GB, reserved: 27.51 GB
Model loaded. Loading tokenizer...
Model Qwen/Qwen3-14B and tokenizer loaded.
alph_0
a n c d e f g h i j k l m b q p u r s t o v w x y z
Problem type: larger_int - 1/20
trial 1 of 10...

=== PROMPT ===

Use the following alphabet to complete the pattern.

a n c d e f g h i j k l m b q p u r s t o v w x y z

Note that the alphabet may be in an unfamiliar order. Complete the pattern using this order. Answer with only the final answer between double brackets and nothing else.

[g h i j] [f h i j]
[d f h j] [

--- TARGET LETTERS ---

['n', 'f', 'h', 'j']
The following generation flags are not valid and may be ignored: ['temperature', 'top_k']. Set `TRANSFORMERS_VERBOSITY=info` for more details.
Full Qwen output: To solve the analogy, we need to understand the pattern between the letter groups using the given alphabet order:

**a n c d e f g h i j k l m b q p u r s t o v w x y z**

We are given:

**[g h i j] [f h i j]**  
**[d f h j] [? ? ? ?]**

Let’s analyze the first pair:  
**[g h i j] [f h i j]**

Compare the two groups:
- The first group is: **g, h, i, j**
- The second group is
trial 2 of 10...
trial 3 of 10...
trial 4 of 10...
trial 5 of 10...
trial 6 of 10...
trial 7 of 10...
trial 8 of 10...
trial 9 of 10...
trial 10 of 10...
Problem type: longer_targ - 2/20
trial 1 of 10...

=== PROMPT ===

Use the following alphabet to complete the pattern.

a n c d e f g h i j k l m b q p u r s t o v w x y z

Note that the alphabet may be in an unfamiliar order. Complete the pattern using this order. Answer with only the final answer between double brackets and nothing else.

[m b q p u u] [m b q p u]
[r s t o v v w x y z] [

--- TARGET LETTERS ---

['r', 's', 't', 'o', 'v', 'w', 'x', 'y', 'z']
Full Qwen output: [[r s t o v w x y z]]
Filtered Qwen output: r s t o v w x y z
trial 2 of 10...
trial 3 of 10...
trial 4 of 10...
trial 5 of 10...
trial 6 of 10...
trial 7 of 10...
trial 8 of 10...
trial 9 of 10...
trial 10 of 10...
Problem type: group - 3/20
trial 1 of 10...

=== PROMPT ===

Use the following alphabet to complete the pattern.

a n c d e f g h i j k l m b q p u r s t o v w x y z

Note that the alphabet may be in an unfamiliar order. Complete the pattern using this order. Answer with only the final answer between double brackets and nothing else.

[w x y z] [v x y z]
[o o v v w w x x] [

--- TARGET LETTERS ---

['t', 't', 'v', 'v', 'w', 'w', 'x', 'x']
Full Qwen output: [[o o v v w w x x] [o o v v w w x x]]
Filtered Qwen output: o o v v w w x x] [o o v v w w x x
trial 2 of 10...
trial 3 of 10...
trial 4 of 10...
trial 5 of 10...
trial 6 of 10...
trial 7 of 10...
trial 8 of 10...
trial 9 of 10...
trial 10 of 10...
Problem type: interleaved - 4/20
trial 1 of 10...

=== PROMPT ===

Use the following alphabet to complete the pattern.

a n c d e f g h i j k l m b q p u r s t o v w x y z

Note that the alphabet may be in an unfamiliar order. Complete the pattern using this order. Answer with only the final answer between double brackets and nothing else.

[o v l x y] [o v w x y]
[p x u x w x s x t x] [

--- TARGET LETTERS ---

['p', 'x', 'u', 'x', 'r', 'x', 's', 'x', 't', 'x']
Full Qwen output: [[p x u x w x s x t x] [p x u x w x s x t x o]]
Filtered Qwen output: p x u x w x s x t x] [p x u x w x s x t x o
trial 2 of 10...
trial 3 of 10...
trial 4 of 10...
trial 5 of 10...
trial 6 of 10...
trial 7 of 10...
trial 8 of 10...
trial 9 of 10...
trial 10 of 10...
Problem type: letter2num - 5/20
trial 1 of 10...

=== PROMPT ===

Use the following alphabet to complete the pattern.

a n c d e f g h i j k l m b q p u r s t o v w x y z

Note that the alphabet may be in an unfamiliar order. Complete the pattern using this order. Answer with only the final answer between double brackets and nothing else.

[a n c d] [a n c e]
[19 20 21 22] [

--- TARGET LETTERS ---

[np.int64(19), np.int64(20), np.int64(21), np.int64(23)]
Full Qwen output: [19 20 21 23]
trial 2 of 10...
trial 3 of 10...
trial 4 of 10...
trial 5 of 10...
trial 6 of 10...
trial 7 of 10...
trial 8 of 10...
trial 9 of 10...
trial 10 of 10...
Problem type: reverse - 6/20
trial 1 of 10...

=== PROMPT ===

Use the following alphabet to complete the pattern.

a n c d e f g h i j k l m b q p u r s t o v w x y z

Note that the alphabet may be in an unfamiliar order. Complete the pattern using this order. Answer with only the final answer between double brackets and nothing else.

[o v w x y y] [o v w x y]
[e d c n n a] [

--- TARGET LETTERS ---

['e', 'd', 'c', 'n', 'a']
Full Qwen output: [[e d c n n a] [e d c n n]]
Filtered Qwen output: e d c n n a] [e d c n n
trial 2 of 10...
trial 3 of 10...
trial 4 of 10...
trial 5 of 10...
trial 6 of 10...
trial 7 of 10...
trial 8 of 10...
trial 9 of 10...
trial 10 of 10...
Problem type: 2gen_split1 - 7/20
trial 1 of 10...

=== PROMPT ===

Use the following alphabet to complete the pattern.

a n c d e f g h i j k l m b q p u r s t o v w x y z

Note that the alphabet may be in an unfamiliar order. Complete the pattern using this order. Answer with only the final answer between double brackets and nothing else.

[l m b p q] [l m b q p]
[f f d d h h j j l l] [

--- TARGET LETTERS ---

['d', 'd', 'f', 'f', 'h', 'h', 'j', 'j', 'l', 'l']
Full Qwen output: [f f d d h h j j l l] [f f d d h h j j l l]  

The pattern is repeating the same sequence in both brackets.  

**Answer:** [[f f d d h h j j l l] [f f d d h h j j l l]]
Filtered Qwen output: f f d d h h j j l l] [f f d d h h j j l l
trial 2 of 10...
trial 3 of 10...
trial 4 of 10...
trial 5 of 10...
trial 6 of 10...
trial 7 of 10...
trial 8 of 10...
trial 9 of 10...
trial 10 of 10...
Problem type: 2gen_split2 - 8/20
trial 1 of 10...

=== PROMPT ===

Use the following alphabet to complete the pattern.

a n c d e f g h i j k l m b q p u r s t o v w x y z

Note that the alphabet may be in an unfamiliar order. Complete the pattern using this order. Answer with only the final answer between double brackets and nothing else.

[k l f b q] [k l m b q]
[q x u x s x o x h x] [

--- TARGET LETTERS ---

['q', 'x', 'u', 'x', 's', 'x', 'o', 'x', 'w', 'x']
Full Qwen output: [q x u x s x o x h x] [q x u x s x o x h x]
trial 2 of 10...
trial 3 of 10...
trial 4 of 10...
trial 5 of 10...
trial 6 of 10...
trial 7 of 10...
trial 8 of 10...
trial 9 of 10...
trial 10 of 10...
Problem type: 2gen_split3 - 9/20
trial 1 of 10...

=== PROMPT ===

Use the following alphabet to complete the pattern.

a n c d e f g h i j k l m b q p u r s t o v w x y z

Note that the alphabet may be in an unfamiliar order. Complete the pattern using this order. Answer with only the final answer between double brackets and nothing else.

[q p u r] [q p u r s]
[j x k x l x m x b x q x p x u x] [

--- TARGET LETTERS ---

['j', 'x', 'k', 'x', 'l', 'x', 'm', 'x', 'b', 'x', 'q', 'x', 'p', 'x', 'u', 'x', 'r', 'x']
Full Qwen output: [j x k x l x m x b x q x p x u x] [j x k x l x m x b x q x p x u x s]  

Final answer: [[j x k x l x m x b x q x p x u x s]]
Filtered Qwen output: j x k x l x m x b x q x p x u x s
trial 2 of 10...
trial 3 of 10...
trial 4 of 10...
trial 5 of 10...
trial 6 of 10...
trial 7 of 10...
trial 8 of 10...
trial 9 of 10...
trial 10 of 10...
Problem type: 2gen_split4 - 10/20
trial 1 of 10...

=== PROMPT ===

Use the following alphabet to complete the pattern.

a n c d e f g h i j k l m b q p u r s t o v w x y z

Note that the alphabet may be in an unfamiliar order. Complete the pattern using this order. Answer with only the final answer between double brackets and nothing else.

[q p u r] [q p u s]
[b b x x q q x x p p x x u u x x] [

--- TARGET LETTERS ---

['b', 'b', 'x', 'x', 'q', 'q', 'x', 'x', 'p', 'p', 'x', 'x', 'r', 'r', 'x', 'x']
Full Qwen output: [b b x x q q x x p p x x u u x x] [b b x x q q x x p p x x u u x x q q]  

**Final Answer:** [[b b x x q q x x p p x x u u x x] [b b x x q q x x p p x x u u x x q q]]
Filtered Qwen output: b b x x q q x x p p x x u u x x] [b b x x q q x x p p x x u u x x q q
trial 2 of 10...
trial 3 of 10...
trial 4 of 10...
trial 5 of 10...
trial 6 of 10...
trial 7 of 10...
trial 8 of 10...
trial 9 of 10...
trial 10 of 10...
Problem type: 2gen_split5 - 11/20
trial 1 of 10...

=== PROMPT ===

Use the following alphabet to complete the pattern.

a n c d e f g h i j k l m b q p u r s t o v w x y z

Note that the alphabet may be in an unfamiliar order. Complete the pattern using this order. Answer with only the final answer between double brackets and nothing else.

[b q p g r] [b q p u r]
[w w v v o o k k s s] [

--- TARGET LETTERS ---

['w', 'w', 'v', 'v', 'o', 'o', 't', 't', 's', 's']
Full Qwen output: [ w w v v o o k k s s ] [ w w v v o o k k s s v ]  

**Final Answer:** [[w w v v o o k k s s] [w w v v o o k k s s v]]
Filtered Qwen output: w w v v o o k k s s] [w w v v o o k k s s v
trial 2 of 10...
trial 3 of 10...
trial 4 of 10...
trial 5 of 10...
trial 6 of 10...
trial 7 of 10...
trial 8 of 10...
trial 9 of 10...
trial 10 of 10...
Problem type: 2gen_split6 - 12/20
trial 1 of 10...

=== PROMPT ===

Use the following alphabet to complete the pattern.

a n c d e f g h i j k l m b q p u r s t o v w x y z

Note that the alphabet may be in an unfamiliar order. Complete the pattern using this order. Answer with only the final answer between double brackets and nothing else.

[t u r s p] [p u r s t]
[14 10 12 8 16] [

--- TARGET LETTERS ---

[np.int64(8), np.int64(10), np.int64(12), np.int64(14), np.int64(16)]
Full Qwen output: To solve the analogy, we need to understand the pattern between the two groups of letters:  
**[t u r s p]** and **[p u r s t]**.

First, observe that the second group **[p u r s t]** is a rearrangement of the first group **[t u r s p]** — specifically, it's the reverse of the first group.

So, the pattern is:  
**[t u r s p]** → **[p u r s t]** (reverse of the first group)

Now, we are given the numerical sequence:  
**[14 10
trial 2 of 10...
trial 3 of 10...
trial 4 of 10...
trial 5 of 10...
trial 6 of 10...
trial 7 of 10...
trial 8 of 10...
trial 9 of 10...
trial 10 of 10...
Problem type: 2gensplit7 - 13/20
trial 1 of 10...

=== PROMPT ===

Use the following alphabet to complete the pattern.

a n c d e f g h i j k l m b q p u r s t o v w x y z

Note that the alphabet may be in an unfamiliar order. Complete the pattern using this order. Answer with only the final answer between double brackets and nothing else.

[n c d e] [n c d f]
[7 9 11 13] [

--- TARGET LETTERS ---

[np.int64(7), np.int64(9), np.int64(11), np.int64(15)]
Full Qwen output: [7 9 11 15]  

**Explanation:**  
Using the given alphabet:  
**a n c d e f g h i j k l m b q p u r s t o v w x y z**

Assign positions (1-based index):  
1: a  
2: n  
3: c  
4: d  
5: e  
6: f  
7: g  
8: h  
9: i  
10: j  
11: k  
12: l  
13: m  
14: b  
15: q  
16: p
trial 2 of 10...
trial 3 of 10...
trial 4 of 10...
trial 5 of 10...
trial 6 of 10...
trial 7 of 10...
trial 8 of 10...
trial 9 of 10...
trial 10 of 10...
Problem type: 3gen_split1 - 14/20
trial 1 of 10...

=== PROMPT ===

Use the following alphabet to complete the pattern.

a n c d e f g h i j k l m b q p u r s t o v w x y z

Note that the alphabet may be in an unfamiliar order. Complete the pattern using this order. Answer with only the final answer between double brackets and nothing else.

[n c d e] [n c d f]
[18 0 17 0 16 0 15 0] [

--- TARGET LETTERS ---

[np.int64(18), '0', np.int64(17), '0', np.int64(16), '0', np.int64(14), '0']
Full Qwen output: [18 0 17 0 16 0 15 0] [18 0 17 0 16 0 14 0]  

Final answer: [[18 0 17 0 16 0 14 0]]
Filtered Qwen output: 18 0 17 0 16 0 14 0
trial 2 of 10...
trial 3 of 10...
trial 4 of 10...
trial 5 of 10...
trial 6 of 10...
trial 7 of 10...
trial 8 of 10...
trial 9 of 10...
trial 10 of 10...
Problem type: 3gen_split2 - 15/20
trial 1 of 10...

=== PROMPT ===

Use the following alphabet to complete the pattern.

a n c d e f g h i j k l m b q p u r s t o v w x y z

Note that the alphabet may be in an unfamiliar order. Complete the pattern using this order. Answer with only the final answer between double brackets and nothing else.

[a n c d] [a n c d e]
[k k x x l l x x m m x x b b x x q q x x p p x x u u x x r r x x] [

--- TARGET LETTERS ---

['k', 'k', 'x', 'x', 'l', 'l', 'x', 'x', 'm', 'm', 'x', 'x', 'b', 'b', 'x', 'x', 'q', 'q', 'x', 'x', 'p', 'p', 'x', 'x', 'u', 'u', 'x', 'x', 'r', 'r', 'x', 'x', 's', 's', 'x', 'x']
Full Qwen output: [[k k x x l l x x m m x x b b x x q q x x p p x x u u x x r r x x] [k k x x l l x x m m x x b b x x q q x x p p x x u u x x r r x x s s x x t t x x o o x x v v x x w w x x y y x x z z x x]]
Filtered Qwen output: k k x x l l x x m m x x b b x x q q x x p p x x u u x x r r x x] [k k x x l l x x m m x x b b x x q q x x p p x x u u x x r r x x s s x x t t x x o o x x v v x x w w x x y y x x z z x x
trial 2 of 10...
trial 3 of 10...
trial 4 of 10...
trial 5 of 10...
trial 6 of 10...
trial 7 of 10...
trial 8 of 10...
trial 9 of 10...
trial 10 of 10...
Problem type: 3gen_split3 - 16/20
trial 1 of 10...

=== PROMPT ===

Use the following alphabet to complete the pattern.

a n c d e f g h i j k l m b q p u r s t o v w x y z

Note that the alphabet may be in an unfamiliar order. Complete the pattern using this order. Answer with only the final answer between double brackets and nothing else.

[p u h s t] [p u r s t]
[4 6 8 10 12 14 25 18 20] [

--- TARGET LETTERS ---

[np.int64(4), np.int64(6), np.int64(8), np.int64(10), np.int64(12), np.int64(14), np.int64(16), np.int64(18), np.int64(20)]
Full Qwen output: To solve the analogy, we need to understand the pattern between the letter strings and the corresponding number sequences.

### Step 1: Understand the custom alphabet
The given alphabet is:

**a n c d e f g h i j k l m b q p u r s t o v w x y z**

Let's assign positions to each letter in this custom order:

| Position | Letter |
|----------|--------|
| 1        | a      |
| 2        | n      |
| 3        | c      |
| 4        | d      |
| 5        | e      |
|
trial 2 of 10...
trial 3 of 10...
trial 4 of 10...
trial 5 of 10...
trial 6 of 10...
trial 7 of 10...
trial 8 of 10...
trial 9 of 10...
trial 10 of 10...
Problem type: 3gen_split4 - 17/20
trial 1 of 10...

=== PROMPT ===

Use the following alphabet to complete the pattern.

a n c d e f g h i j k l m b q p u r s t o v w x y z

Note that the alphabet may be in an unfamiliar order. Complete the pattern using this order. Answer with only the final answer between double brackets and nothing else.

[q p u r] [q p u s]
[25 24 23 22 21 20 19 18] [

--- TARGET LETTERS ---

[np.int64(25), np.int64(24), np.int64(23), np.int64(22), np.int64(21), np.int64(20), np.int64(19), np.int64(17)]
Full Qwen output: [[q p u t]]
Filtered Qwen output: q p u t
trial 2 of 10...
trial 3 of 10...
trial 4 of 10...
trial 5 of 10...
trial 6 of 10...
trial 7 of 10...
trial 8 of 10...
trial 9 of 10...
trial 10 of 10...
Problem type: 3gen_split5 - 18/20
trial 1 of 10...

=== PROMPT ===

Use the following alphabet to complete the pattern.

a n c d e f g h i j k l m b q p u r s t o v w x y z

Note that the alphabet may be in an unfamiliar order. Complete the pattern using this order. Answer with only the final answer between double brackets and nothing else.

[n f d e c] [n c d e f]
[16 0 24 0 18 0 19 0 20 0 21 0 22 0 23 0 17 0] [

--- TARGET LETTERS ---

[np.int64(16), '0', np.int64(17), '0', np.int64(18), '0', np.int64(19), '0', np.int64(20), '0', np.int64(21), '0', np.int64(22), '0', np.int64(23), '0', np.int64(24), '0']
Full Qwen output: [[n c d e f g h i j k l m b q p u r s t o v w x y z]]
Filtered Qwen output: n c d e f g h i j k l m b q p u r s t o v w x y z
trial 2 of 10...
trial 3 of 10...
trial 4 of 10...
trial 5 of 10...
trial 6 of 10...
trial 7 of 10...
trial 8 of 10...
trial 9 of 10...
trial 10 of 10...
Problem type: 3gen_split6 - 19/20
trial 1 of 10...

=== PROMPT ===

Use the following alphabet to complete the pattern.

a n c d e f g h i j k l m b q p u r s t o v w x y z

Note that the alphabet may be in an unfamiliar order. Complete the pattern using this order. Answer with only the final answer between double brackets and nothing else.

[i j k l] [i j k m]
[y x w x o x s x] [

--- TARGET LETTERS ---

['y', 'x', 'w', 'x', 'o', 'x', 'u', 'x']
Full Qwen output: [[y x w x o x s x] [y x w x o x s v]]
Filtered Qwen output: y x w x o x s x] [y x w x o x s v
trial 2 of 10...
trial 3 of 10...
trial 4 of 10...
trial 5 of 10...
trial 6 of 10...
trial 7 of 10...
trial 8 of 10...
trial 9 of 10...
trial 10 of 10...
Problem type: 3gensplit7 - 20/20
trial 1 of 10...

=== PROMPT ===

Use the following alphabet to complete the pattern.

a n c d e f g h i j k l m b q p u r s t o v w x y z

Note that the alphabet may be in an unfamiliar order. Complete the pattern using this order. Answer with only the final answer between double brackets and nothing else.

[m b b q p u] [m b q p u]
[19 17 17 15 13 11] [

--- TARGET LETTERS ---

[np.int64(19), np.int64(17), np.int64(15), np.int64(13), np.int64(11)]
Full Qwen output: To solve the pattern, we need to understand the relationship between the letter sequences and the corresponding number sequences.

### Step 1: Understand the custom alphabet
The given alphabet is:

**a n c d e f g h i j k l m b q p u r s t o v w x y z**

Let's assign positions to each letter in this custom order:

| Position | Letter |
|----------|--------|
| 1        | a      |
| 2        | n      |
| 3        | c      |
| 4        | d      |
| 5        | e      |
|
trial 2 of 10...
trial 3 of 10...
trial 4 of 10...
trial 5 of 10...
trial 6 of 10...
trial 7 of 10...
trial 8 of 10...
trial 9 of 10...
trial 10 of 10...
alph_1
a b c d o f g h i j k r m n l p q x s t u v w e y z
Problem type: larger_int - 1/20
trial 1 of 10...

=== PROMPT ===

Use the following alphabet to complete the pattern.

a b c d o f g h i j k r m n l p q x s t u v w e y z

Note that the alphabet may be in an unfamiliar order. Complete the pattern using this order. Answer with only the final answer between double brackets and nothing else.

[x s v u t] [x s t u v]
[x p t v e] [

--- TARGET LETTERS ---

['p', 'x', 't', 'v', 'e']
Full Qwen output: [[x p v t e]]
Filtered Qwen output: x p v t e
trial 2 of 10...
trial 3 of 10...
trial 4 of 10...
trial 5 of 10...
trial 6 of 10...
trial 7 of 10...
trial 8 of 10...
trial 9 of 10...
trial 10 of 10...
Problem type: longer_targ - 2/20
trial 1 of 10...

=== PROMPT ===

Use the following alphabet to complete the pattern.

a b c d o f g h i j k r m n l p q x s t u v w e y z

Note that the alphabet may be in an unfamiliar order. Complete the pattern using this order. Answer with only the final answer between double brackets and nothing else.

[x s t u] [x s t v]
[g h i j k r m n] [

--- TARGET LETTERS ---

['g', 'h', 'i', 'j', 'k', 'r', 'm', 'l']
Full Qwen output: [g h i j k r m n] [g h i j k r m o]  

Final answer: [[g h i j k r m o]]  

Final answer: [[g h i j k r m o]]
Filtered Qwen output: g h i j k r m o
trial 2 of 10...
trial 3 of 10...
trial 4 of 10...
trial 5 of 10...
trial 6 of 10...
trial 7 of 10...
trial 8 of 10...
trial 9 of 10...
trial 10 of 10...
Problem type: group - 3/20
trial 1 of 10...

=== PROMPT ===

Use the following alphabet to complete the pattern.

a b c d o f g h i j k r m n l p q x s t u v w e y z

Note that the alphabet may be in an unfamiliar order. Complete the pattern using this order. Answer with only the final answer between double brackets and nothing else.

[j k f m n] [j k r m n]
[m m h h i i j j k k] [

--- TARGET LETTERS ---

['g', 'g', 'h', 'h', 'i', 'i', 'j', 'j', 'k', 'k']
Full Qwen output: [mmhhiijjkk] [[mmhhiijjkk]]
Filtered Qwen output: mmhhiijjkk
trial 2 of 10...
trial 3 of 10...
trial 4 of 10...
trial 5 of 10...
trial 6 of 10...
trial 7 of 10...
trial 8 of 10...
trial 9 of 10...
trial 10 of 10...
Problem type: interleaved - 4/20
trial 1 of 10...

=== PROMPT ===

Use the following alphabet to complete the pattern.

a b c d o f g h i j k r m n l p q x s t u v w e y z

Note that the alphabet may be in an unfamiliar order. Complete the pattern using this order. Answer with only the final answer between double brackets and nothing else.

[a c b d o] [a b c d o]
[n x l x x x q x p x] [

--- TARGET LETTERS ---

['n', 'x', 'l', 'x', 'p', 'x', 'q', 'x', 'x', 'x']
Full Qwen output: [[n x l x x x q x p x] [n x l x x x q x p x]]
Filtered Qwen output: n x l x x x q x p x] [n x l x x x q x p x
trial 2 of 10...
trial 3 of 10...
trial 4 of 10...
trial 5 of 10...
trial 6 of 10...
trial 7 of 10...
trial 8 of 10...
trial 9 of 10...
trial 10 of 10...
Problem type: letter2num - 5/20
trial 1 of 10...

=== PROMPT ===

Use the following alphabet to complete the pattern.

a b c d o f g h i j k r m n l p q x s t u v w e y z

Note that the alphabet may be in an unfamiliar order. Complete the pattern using this order. Answer with only the final answer between double brackets and nothing else.

[l p q x s s] [l p q x s]
[3 4 5 5 6 7] [

--- TARGET LETTERS ---

[np.int64(3), np.int64(4), np.int64(5), np.int64(6), np.int64(7)]
Full Qwen output: To solve this analogy, we need to understand the relationship between the letter strings and the number sequences.

Given:

- Letter sequence: **[l p q x s s] [l p q x s]**
- Number sequence: **[3 4 5 5 6 7] [3 4 5 5 6]**

We observe that the number sequence corresponds to the positions of the letters in the given alphabet:

**a b c d o f g h i j k r m n l p q x s t u v w e y z**

Let's map each letter to its position in
trial 2 of 10...
trial 3 of 10...
trial 4 of 10...
trial 5 of 10...
trial 6 of 10...
trial 7 of 10...
trial 8 of 10...
trial 9 of 10...
trial 10 of 10...
Problem type: reverse - 6/20
trial 1 of 10...

=== PROMPT ===

Use the following alphabet to complete the pattern.

a b c d o f g h i j k r m n l p q x s t u v w e y z

Note that the alphabet may be in an unfamiliar order. Complete the pattern using this order. Answer with only the final answer between double brackets and nothing else.

[o f g h] [d f g h]
[n m r k] [

--- TARGET LETTERS ---

['l', 'm', 'r', 'k']
Full Qwen output: To solve the analogy, we need to identify the pattern between the first pair of groups and apply it to the second pair.

Given:

- First pair: [o f g h] [d f g h]
- Second pair: [n m r k] [? ? ? ?]

Let’s analyze the first pair:

**[o f g h] [d f g h]**

Compare the two groups:

- o → d
- f → f
- g → g
- h → h

So, the first element changes from **o** to **d**, while the rest remain the same.

Now,
trial 2 of 10...
trial 3 of 10...
trial 4 of 10...
trial 5 of 10...
trial 6 of 10...
trial 7 of 10...
trial 8 of 10...
trial 9 of 10...
trial 10 of 10...
Problem type: 2gen_split1 - 7/20
trial 1 of 10...

=== PROMPT ===

Use the following alphabet to complete the pattern.

a b c d o f g h i j k r m n l p q x s t u v w e y z

Note that the alphabet may be in an unfamiliar order. Complete the pattern using this order. Answer with only the final answer between double brackets and nothing else.

[f g h i] [f g h j]
[m m n n l l p p q q x x s s t t] [

--- TARGET LETTERS ---

['m', 'm', 'n', 'n', 'l', 'l', 'p', 'p', 'q', 'q', 'x', 'x', 's', 's', 'u', 'u']
Full Qwen output: To solve the analogy, we need to identify the pattern in the given sequences using the provided alphabet order:

**Alphabet order:**  
a b c d o f g h i j k r m n l p q x s t u v w e y z

We are given:

**[f g h i] [f g h j]**

This suggests a pattern where the first group is **[f g h i]** and the second group is **[f g h j]**. The difference is that the last letter changes from **i** to **j**.

Now, we are given:

**[m m
trial 2 of 10...
trial 3 of 10...
trial 4 of 10...
trial 5 of 10...
trial 6 of 10...
trial 7 of 10...
trial 8 of 10...
trial 9 of 10...
trial 10 of 10...
Problem type: 2gen_split2 - 8/20
trial 1 of 10...

=== PROMPT ===

Use the following alphabet to complete the pattern.

a b c d o f g h i j k r m n l p q x s t u v w e y z

Note that the alphabet may be in an unfamiliar order. Complete the pattern using this order. Answer with only the final answer between double brackets and nothing else.

[v w e y] [v w e z]
[j x r x n x p x] [

--- TARGET LETTERS ---

['j', 'x', 'r', 'x', 'n', 'x', 'x', 'x']
Full Qwen output: [j x r x n x p x] [j x r x n x p x]  

The pattern is repeating the same sequence.  

**Answer:** [[j x r x n x p x] [j x r x n x p x]]
Filtered Qwen output: j x r x n x p x] [j x r x n x p x
trial 2 of 10...
trial 3 of 10...
trial 4 of 10...
trial 5 of 10...
trial 6 of 10...
trial 7 of 10...
trial 8 of 10...
trial 9 of 10...
trial 10 of 10...
Problem type: 2gen_split3 - 9/20
trial 1 of 10...

=== PROMPT ===

Use the following alphabet to complete the pattern.

a b c d o f g h i j k r m n l p q x s t u v w e y z

Note that the alphabet may be in an unfamiliar order. Complete the pattern using this order. Answer with only the final answer between double brackets and nothing else.

[o f g h] [o f g i]
[p x q x x x s x t x u x v x w x] [

--- TARGET LETTERS ---

['p', 'x', 'q', 'x', 'x', 'x', 's', 'x', 't', 'x', 'u', 'x', 'v', 'x', 'e', 'x']
Full Qwen output: To solve the analogy, we need to identify the pattern between the first pair of letter groups and apply it to the second pair.

### Step 1: Analyze the first pair
First group: **[o f g h]**  
Second group: **[o f g i]**

Compare the two:
- The first three letters are the same: **o f g**
- The fourth letter changes from **h** to **i**

So, the pattern is: **[o f g h] → [o f g i]**  
This suggests that the **fourth letter is incremented by one** in the alphabet.
trial 2 of 10...
trial 3 of 10...
trial 4 of 10...
trial 5 of 10...
trial 6 of 10...
trial 7 of 10...
trial 8 of 10...
trial 9 of 10...
trial 10 of 10...
Problem type: 2gen_split4 - 10/20
trial 1 of 10...

=== PROMPT ===

Use the following alphabet to complete the pattern.

a b c d o f g h i j k r m n l p q x s t u v w e y z

Note that the alphabet may be in an unfamiliar order. Complete the pattern using this order. Answer with only the final answer between double brackets and nothing else.

[n m r l p] [r m n l p]
[j r n v x t p e z] [

--- TARGET LETTERS ---

['j', 'r', 'n', 'p', 'x', 't', 'v', 'e', 'z']
Full Qwen output: [j r n v x t p e z] [j r n v x t p e z]
trial 2 of 10...
trial 3 of 10...
trial 4 of 10...
trial 5 of 10...
trial 6 of 10...
trial 7 of 10...
trial 8 of 10...
trial 9 of 10...
trial 10 of 10...
Problem type: 2gen_split5 - 11/20
trial 1 of 10...

=== PROMPT ===

Use the following alphabet to complete the pattern.

a b c d o f g h i j k r m n l p q x s t u v w e y z

Note that the alphabet may be in an unfamiliar order. Complete the pattern using this order. Answer with only the final answer between double brackets and nothing else.

[p i x s t] [p q x s t]
[11 3 13 14 15 16 17 18 19] [

--- TARGET LETTERS ---

[np.int64(11), np.int64(12), np.int64(13), np.int64(14), np.int64(15), np.int64(16), np.int64(17), np.int64(18), np.int64(19)]
Full Qwen output: [[p q x s t u v w e y z]]
Filtered Qwen output: p q x s t u v w e y z
trial 2 of 10...
trial 3 of 10...
trial 4 of 10...
trial 5 of 10...
trial 6 of 10...
trial 7 of 10...
trial 8 of 10...
trial 9 of 10...
trial 10 of 10...
Problem type: 2gen_split6 - 12/20
trial 1 of 10...

=== PROMPT ===

Use the following alphabet to complete the pattern.

a b c d o f g h i j k r m n l p q x s t u v w e y z

Note that the alphabet may be in an unfamiliar order. Complete the pattern using this order. Answer with only the final answer between double brackets and nothing else.

[u w v e y] [u v w e y]
[n n p p t t x x v v] [

--- TARGET LETTERS ---

['n', 'n', 'p', 'p', 'x', 'x', 't', 't', 'v', 'v']
Full Qwen output: [ n n p p t t x x v v ] [ n p t x v ]  

**Final Answer:** [[n p t x v]]
Filtered Qwen output: n p t x v
trial 2 of 10...
trial 3 of 10...
trial 4 of 10...
trial 5 of 10...
trial 6 of 10...
trial 7 of 10...
trial 8 of 10...
trial 9 of 10...
trial 10 of 10...
Problem type: 2gensplit7 - 13/20
trial 1 of 10...

=== PROMPT ===

Use the following alphabet to complete the pattern.

a b c d o f g h i j k r m n l p q x s t u v w e y z

Note that the alphabet may be in an unfamiliar order. Complete the pattern using this order. Answer with only the final answer between double brackets and nothing else.

[v w e y] [v w e z]
[o x d x c x b x] [

--- TARGET LETTERS ---

['o', 'x', 'd', 'x', 'c', 'x', 'a', 'x']
Full Qwen output: [[o x d x c x b x] [o x d x c x a x]]
Filtered Qwen output: o x d x c x b x] [o x d x c x a x
trial 2 of 10...
trial 3 of 10...
trial 4 of 10...
trial 5 of 10...
trial 6 of 10...
trial 7 of 10...
trial 8 of 10...
trial 9 of 10...
trial 10 of 10...
Problem type: 3gen_split1 - 14/20
trial 1 of 10...

=== PROMPT ===

Use the following alphabet to complete the pattern.

a b c d o f g h i j k r m n l p q x s t u v w e y z

Note that the alphabet may be in an unfamiliar order. Complete the pattern using this order. Answer with only the final answer between double brackets and nothing else.

[c d o f g g] [c d o f g]
[q q q q l l m m k k i i] [

--- TARGET LETTERS ---

['q', 'q', 'l', 'l', 'm', 'm', 'k', 'k', 'i', 'i']
Full Qwen output: [[q q q q l l m m k k i i] [q q q q l l m m k k i i]]
Filtered Qwen output: q q q q l l m m k k i i] [q q q q l l m m k k i i
trial 2 of 10...
trial 3 of 10...
trial 4 of 10...
trial 5 of 10...
trial 6 of 10...
trial 7 of 10...
trial 8 of 10...
trial 9 of 10...
trial 10 of 10...
Problem type: 3gen_split2 - 15/20
trial 1 of 10...

=== PROMPT ===

Use the following alphabet to complete the pattern.

a b c d o f g h i j k r m n l p q x s t u v w e y z

Note that the alphabet may be in an unfamiliar order. Complete the pattern using this order. Answer with only the final answer between double brackets and nothing else.

[c d o f] [c d o f g]
[1 0 3 0 5 0 7 0] [

--- TARGET LETTERS ---

[np.int64(1), '0', np.int64(3), '0', np.int64(5), '0', np.int64(7), '0', np.int64(9), '0']
Full Qwen output: To solve this analogy, we need to understand the pattern between the letter groups and the number sequences.

### Step 1: Understand the letter sequence
The given alphabet is:

**a b c d o f g h i j k r m n l p q x s t u v w e y z**

We'll use this order to map letters to positions (indexing from 0):

| Position | Letter |
|----------|--------|
| 0        | a      |
| 1        | b      |
| 2        | c      |
| 3        | d      |
| 4        | o
trial 2 of 10...
trial 3 of 10...
trial 4 of 10...
trial 5 of 10...
trial 6 of 10...
trial 7 of 10...
trial 8 of 10...
trial 9 of 10...
trial 10 of 10...
Problem type: 3gen_split3 - 16/20
trial 1 of 10...

=== PROMPT ===

Use the following alphabet to complete the pattern.

a b c d o f g h i j k r m n l p q x s t u v w e y z

Note that the alphabet may be in an unfamiliar order. Complete the pattern using this order. Answer with only the final answer between double brackets and nothing else.

[v w d y z] [v w e y z]
[17 0 26 0 15 0 14 0 13 0] [

--- TARGET LETTERS ---

[np.int64(17), '0', np.int64(16), '0', np.int64(15), '0', np.int64(14), '0', np.int64(13), '0']
Full Qwen output: [[v w f y z]]
Filtered Qwen output: v w f y z
trial 2 of 10...
trial 3 of 10...
trial 4 of 10...
trial 5 of 10...
trial 6 of 10...
trial 7 of 10...
trial 8 of 10...
trial 9 of 10...
trial 10 of 10...
Problem type: 3gen_split4 - 17/20
trial 1 of 10...

=== PROMPT ===

Use the following alphabet to complete the pattern.

a b c d o f g h i j k r m n l p q x s t u v w e y z

Note that the alphabet may be in an unfamiliar order. Complete the pattern using this order. Answer with only the final answer between double brackets and nothing else.

[n l p q x x] [n l p q x]
[b b d d d d f f h h j j r r n n p p x x] [

--- TARGET LETTERS ---

['b', 'b', 'd', 'd', 'f', 'f', 'h', 'h', 'j', 'j', 'r', 'r', 'n', 'n', 'p', 'p', 'x', 'x']
Full Qwen output: [[b b d d d d f f h h j j r r n n p p x x] [b b d d d d f f h h j j r r n n p p x x]]
Filtered Qwen output: b b d d d d f f h h j j r r n n p p x x] [b b d d d d f f h h j j r r n n p p x x
trial 2 of 10...
trial 3 of 10...
trial 4 of 10...
trial 5 of 10...
trial 6 of 10...
trial 7 of 10...
trial 8 of 10...
trial 9 of 10...
trial 10 of 10...
Problem type: 3gen_split5 - 18/20
trial 1 of 10...

=== PROMPT ===

Use the following alphabet to complete the pattern.

a b c d o f g h i j k r m n l p q x s t u v w e y z

Note that the alphabet may be in an unfamiliar order. Complete the pattern using this order. Answer with only the final answer between double brackets and nothing else.

[k r m n] [k r m l]
[13 12 11 10 9 8 7 6] [

--- TARGET LETTERS ---

[np.int64(13), np.int64(12), np.int64(11), np.int64(10), np.int64(9), np.int64(8), np.int64(7), np.int64(5)]
Full Qwen output: [13 12 11 10 9 8 7 6] [13 12 11 10 9 8 7 5]  

Final answer: [[13 12 11 10 9 8 7 5]]
Filtered Qwen output: 13 12 11 10 9 8 7 5
trial 2 of 10...
trial 3 of 10...
trial 4 of 10...
trial 5 of 10...
trial 6 of 10...
trial 7 of 10...
trial 8 of 10...
trial 9 of 10...
trial 10 of 10...
Problem type: 3gen_split6 - 19/20
trial 1 of 10...

=== PROMPT ===

Use the following alphabet to complete the pattern.

a b c d o f g h i j k r m n l p q x s t u v w e y z

Note that the alphabet may be in an unfamiliar order. Complete the pattern using this order. Answer with only the final answer between double brackets and nothing else.

[b c d o] [b c d f]
[16 16 15 15 14 14 13 13] [

--- TARGET LETTERS ---

[np.int64(16), np.int64(16), np.int64(15), np.int64(15), np.int64(14), np.int64(14), np.int64(12), np.int64(12)]
Full Qwen output: [b c d o] [b c d f]  
[16 16 15 15 14 14 13 13] [? ? ? ?]

We are given a custom alphabet order:  
**a b c d o f g h i j k r m n l p q x s t u v w e y z**

Let's assign positions to each letter in this order:

1. a  
2. b  
3. c  
4. d  
5. o  
6. f  
7. g  
8. h  
9. i  
1
trial 2 of 10...
trial 3 of 10...
trial 4 of 10...
trial 5 of 10...
trial 6 of 10...
trial 7 of 10...
trial 8 of 10...
trial 9 of 10...
trial 10 of 10...
Problem type: 3gensplit7 - 20/20
trial 1 of 10...

=== PROMPT ===

Use the following alphabet to complete the pattern.

a b c d o f g h i j k r m n l p q x s t u v w e y z

Note that the alphabet may be in an unfamiliar order. Complete the pattern using this order. Answer with only the final answer between double brackets and nothing else.

[f g h i] [f g h i j]
[i i x x j j x x k k x x r r x x m m x x n n x x l l x x p p x x] [

--- TARGET LETTERS ---

['i', 'i', 'x', 'x', 'j', 'j', 'x', 'x', 'k', 'k', 'x', 'x', 'r', 'r', 'x', 'x', 'm', 'm', 'x', 'x', 'n', 'n', 'x', 'x', 'l', 'l', 'x', 'x', 'p', 'p', 'x', 'x', 'q', 'q', 'x', 'x']
Full Qwen output: [[i i x x j j x x k k x x r r x x m m x x n n x x l l x x p p x x] [i i x x j j x x k k x x r r x x m m x x n n x x l l x x p p x x q q x x x x s s x x t t x x u u x x v v x x w w x x e e x x y y x x z z x x]]
Filtered Qwen output: i i x x j j x x k k x x r r x x m m x x n n x x l l x x p p x x] [i i x x j j x x k k x x r r x x m m x x n n x x l l x x p p x x q q x x x x s s x x t t x x u u x x v v x x w w x x e e x x y y x x z z x x
trial 2 of 10...
trial 3 of 10...
trial 4 of 10...
trial 5 of 10...
trial 6 of 10...
trial 7 of 10...
trial 8 of 10...
trial 9 of 10...
trial 10 of 10...
alph_2
q b c d e f g o i j k l a n h p m r s t u v w x y z
Problem type: larger_int - 1/20
trial 1 of 10...

=== PROMPT ===

Use the following alphabet to complete the pattern.

q b c d e f g o i j k l a n h p m r s t u v w x y z

Note that the alphabet may be in an unfamiliar order. Complete the pattern using this order. Answer with only the final answer between double brackets and nothing else.

[i j k l] [o j k l]
[k a h m] [

--- TARGET LETTERS ---

['i', 'a', 'h', 'm']
Full Qwen output: [ k a h m ] [ p a h m ]  

**Final Answer:** [[k a h m] [p a h m]]
Filtered Qwen output: k a h m] [p a h m
trial 2 of 10...
trial 3 of 10...
trial 4 of 10...
trial 5 of 10...
trial 6 of 10...
trial 7 of 10...
trial 8 of 10...
trial 9 of 10...
trial 10 of 10...
Problem type: longer_targ - 2/20
trial 1 of 10...

=== PROMPT ===

Use the following alphabet to complete the pattern.

q b c d e f g o i j k l a n h p m r s t u v w x y z

Note that the alphabet may be in an unfamiliar order. Complete the pattern using this order. Answer with only the final answer between double brackets and nothing else.

[o i j k] [o i j l]
[j k l a n h p m] [

--- TARGET LETTERS ---

['j', 'k', 'l', 'a', 'n', 'h', 'p', 'r']
Full Qwen output: [j k l a n h p o]
trial 2 of 10...
trial 3 of 10...
trial 4 of 10...
trial 5 of 10...
trial 6 of 10...
trial 7 of 10...
trial 8 of 10...
trial 9 of 10...
trial 10 of 10...
Problem type: group - 3/20
trial 1 of 10...

=== PROMPT ===

Use the following alphabet to complete the pattern.

q b c d e f g o i j k l a n h p m r s t u v w x y z

Note that the alphabet may be in an unfamiliar order. Complete the pattern using this order. Answer with only the final answer between double brackets and nothing else.

[l a n h] [l a n h p]
[m m r r s s t t] [

--- TARGET LETTERS ---

['m', 'm', 'r', 'r', 's', 's', 't', 't', 'u', 'u']
Full Qwen output: [[m m r r s s t t] [m m r r s s t t u u v v w w x x y y z z]]
Filtered Qwen output: m m r r s s t t] [m m r r s s t t u u v v w w x x y y z z
trial 2 of 10...
trial 3 of 10...
trial 4 of 10...
trial 5 of 10...
trial 6 of 10...
trial 7 of 10...
trial 8 of 10...
trial 9 of 10...
trial 10 of 10...
Problem type: interleaved - 4/20
trial 1 of 10...

=== PROMPT ===

Use the following alphabet to complete the pattern.

q b c d e f g o i j k l a n h p m r s t u v w x y z

Note that the alphabet may be in an unfamiliar order. Complete the pattern using this order. Answer with only the final answer between double brackets and nothing else.

[a n h p] [l n h p]
[r x s x t x u x] [

--- TARGET LETTERS ---

['m', 'x', 's', 'x', 't', 'x', 'u', 'x']
Full Qwen output: [[r x s x t x u x] [v x w x y x z x]]
Filtered Qwen output: r x s x t x u x] [v x w x y x z x
trial 2 of 10...
trial 3 of 10...
trial 4 of 10...
trial 5 of 10...
trial 6 of 10...
trial 7 of 10...
trial 8 of 10...
trial 9 of 10...
trial 10 of 10...
Problem type: letter2num - 5/20
trial 1 of 10...

=== PROMPT ===

Use the following alphabet to complete the pattern.

q b c d e f g o i j k l a n h p m r s t u v w x y z

Note that the alphabet may be in an unfamiliar order. Complete the pattern using this order. Answer with only the final answer between double brackets and nothing else.

[c d e f] [c d e f g]
[10 11 12 13] [

--- TARGET LETTERS ---

[np.int64(10), np.int64(11), np.int64(12), np.int64(13), np.int64(14)]
Full Qwen output: [10 11 12 13 14]  

The pattern shows that the first group has 4 letters, and the second group has 5 letters, with the second group being the first group plus one additional letter. Following this logic, the next group should be the previous group (5 letters) plus one more letter.

Final answer: [[10 11 12 13 14]]
Filtered Qwen output: 10 11 12 13 14
trial 2 of 10...
trial 3 of 10...
trial 4 of 10...
trial 5 of 10...
trial 6 of 10...
trial 7 of 10...
trial 8 of 10...
trial 9 of 10...
trial 10 of 10...
Problem type: reverse - 6/20
trial 1 of 10...

=== PROMPT ===

Use the following alphabet to complete the pattern.

q b c d e f g o i j k l a n h p m r s t u v w x y z

Note that the alphabet may be in an unfamiliar order. Complete the pattern using this order. Answer with only the final answer between double brackets and nothing else.

[p m r s] [p m r t]
[h n a l] [

--- TARGET LETTERS ---

['h', 'n', 'a', 'k']
Full Qwen output: [h n a m] [[h n a m]]
Filtered Qwen output: h n a m
trial 2 of 10...
trial 3 of 10...
trial 4 of 10...
trial 5 of 10...
trial 6 of 10...
trial 7 of 10...
trial 8 of 10...
trial 9 of 10...
trial 10 of 10...
Problem type: 2gen_split1 - 7/20
trial 1 of 10...

=== PROMPT ===

Use the following alphabet to complete the pattern.

q b c d e f g o i j k l a n h p m r s t u v w x y z

Note that the alphabet may be in an unfamiliar order. Complete the pattern using this order. Answer with only the final answer between double brackets and nothing else.

[p m r s] [h m r s]
[x w v u t s r m] [

--- TARGET LETTERS ---

['y', 'w', 'v', 'u', 't', 's', 'r', 'm']
Full Qwen output: [[x w v u t s r m] [q w v u t s r m]]
Filtered Qwen output: x w v u t s r m] [q w v u t s r m
trial 2 of 10...
trial 3 of 10...
trial 4 of 10...
trial 5 of 10...
trial 6 of 10...
trial 7 of 10...
trial 8 of 10...
trial 9 of 10...
trial 10 of 10...
Problem type: 2gen_split2 - 8/20
trial 1 of 10...

=== PROMPT ===

Use the following alphabet to complete the pattern.

q b c d e f g o i j k l a n h p m r s t u v w x y z

Note that the alphabet may be in an unfamiliar order. Complete the pattern using this order. Answer with only the final answer between double brackets and nothing else.

[a n h p] [a n h m]
[15 15 16 16 17 17 18 18] [

--- TARGET LETTERS ---

[np.int64(15), np.int64(15), np.int64(16), np.int64(16), np.int64(17), np.int64(17), np.int64(19), np.int64(19)]
Full Qwen output: [15 15 16 16 17 17 18 18] [15 15 16 16 17 17 18 17]  

Final answer: [[a n h p] [a n h m] [a n h p] [a n h m] [a n h p] [a n h m] [a n h p] [a n h m] [a n h p] [a n h m] [a n h p] [a n h m] [a
trial 2 of 10...
trial 3 of 10...
trial 4 of 10...
trial 5 of 10...
trial 6 of 10...
trial 7 of 10...
trial 8 of 10...
trial 9 of 10...
trial 10 of 10...
Problem type: 2gen_split3 - 9/20
trial 1 of 10...

=== PROMPT ===

Use the following alphabet to complete the pattern.

q b c d e f g o i j k l a n h p m r s t u v w x y z

Note that the alphabet may be in an unfamiliar order. Complete the pattern using this order. Answer with only the final answer between double brackets and nothing else.

[p m r v t] [p m r s t]
[s s r r m m o o h h] [

--- TARGET LETTERS ---

['s', 's', 'r', 'r', 'm', 'm', 'p', 'p', 'h', 'h']
Full Qwen output: [[s s r r m m o o h h] [s s r r m m o o h h]]
Filtered Qwen output: s s r r m m o o h h] [s s r r m m o o h h
trial 2 of 10...
trial 3 of 10...
trial 4 of 10...
trial 5 of 10...
trial 6 of 10...
trial 7 of 10...
trial 8 of 10...
trial 9 of 10...
trial 10 of 10...
Problem type: 2gen_split4 - 10/20
trial 1 of 10...

=== PROMPT ===

Use the following alphabet to complete the pattern.

q b c d e f g o i j k l a n h p m r s t u v w x y z

Note that the alphabet may be in an unfamiliar order. Complete the pattern using this order. Answer with only the final answer between double brackets and nothing else.

[q b c d m] [q b c d e]
[e g i k a h m q u] [

--- TARGET LETTERS ---

['e', 'g', 'i', 'k', 'a', 'h', 'm', 's', 'u']
Full Qwen output: [[e g i k a h m q u] [e g i k a h m q u s]]
Filtered Qwen output: e g i k a h m q u] [e g i k a h m q u s
trial 2 of 10...
trial 3 of 10...
trial 4 of 10...
trial 5 of 10...
trial 6 of 10...
trial 7 of 10...
trial 8 of 10...
trial 9 of 10...
trial 10 of 10...
Problem type: 2gen_split5 - 11/20
trial 1 of 10...

=== PROMPT ===

Use the following alphabet to complete the pattern.

q b c d e f g o i j k l a n h p m r s t u v w x y z

Note that the alphabet may be in an unfamiliar order. Complete the pattern using this order. Answer with only the final answer between double brackets and nothing else.

[i o j k l] [o i j k l]
[16 16 14 14 15 15 13 13 17 17] [

--- TARGET LETTERS ---

[np.int64(13), np.int64(13), np.int64(14), np.int64(14), np.int64(15), np.int64(15), np.int64(16), np.int64(16), np.int64(17), np.int64(17)]
Full Qwen output: [[q b c d e f g o i j k l a n h p m r s t u v w x y z]]
Filtered Qwen output: q b c d e f g o i j k l a n h p m r s t u v w x y z
trial 2 of 10...
trial 3 of 10...
trial 4 of 10...
trial 5 of 10...
trial 6 of 10...
trial 7 of 10...
trial 8 of 10...
trial 9 of 10...
trial 10 of 10...
Problem type: 2gen_split6 - 12/20
trial 1 of 10...

=== PROMPT ===

Use the following alphabet to complete the pattern.

q b c d e f g o i j k l a n h p m r s t u v w x y z

Note that the alphabet may be in an unfamiliar order. Complete the pattern using this order. Answer with only the final answer between double brackets and nothing else.

[g w x y z] [v w x y z]
[q x k x a x h x m x] [

--- TARGET LETTERS ---

['i', 'x', 'k', 'x', 'a', 'x', 'h', 'x', 'm', 'x']
Full Qwen output: [q x k x a x h x m x] [r x l x b x n x p x]  

**Final Answer:** [[q x k x a x h x m x] [r x l x b x n x p x]]
Filtered Qwen output: q x k x a x h x m x] [r x l x b x n x p x
trial 2 of 10...
trial 3 of 10...
trial 4 of 10...
trial 5 of 10...
trial 6 of 10...
trial 7 of 10...
trial 8 of 10...
trial 9 of 10...
trial 10 of 10...
Problem type: 2gensplit7 - 13/20
trial 1 of 10...

=== PROMPT ===

Use the following alphabet to complete the pattern.

q b c d e f g o i j k l a n h p m r s t u v w x y z

Note that the alphabet may be in an unfamiliar order. Complete the pattern using this order. Answer with only the final answer between double brackets and nothing else.

[o i a k l] [o i j k l]
[s m h z k] [

--- TARGET LETTERS ---

['s', 'm', 'h', 'a', 'k']
Full Qwen output: [[s m h z k] [s m h y k]]
Filtered Qwen output: s m h z k] [s m h y k
trial 2 of 10...
trial 3 of 10...
trial 4 of 10...
trial 5 of 10...
trial 6 of 10...
trial 7 of 10...
trial 8 of 10...
trial 9 of 10...
trial 10 of 10...
Problem type: 3gen_split1 - 14/20
trial 1 of 10...

=== PROMPT ===

Use the following alphabet to complete the pattern.

q b c d e f g o i j k l a n h p m r s t u v w x y z

Note that the alphabet may be in an unfamiliar order. Complete the pattern using this order. Answer with only the final answer between double brackets and nothing else.

[p m r s] [p m r s t]
[i x o x g x f x e x d x c x b x] [

--- TARGET LETTERS ---

['i', 'x', 'o', 'x', 'g', 'x', 'f', 'x', 'e', 'x', 'd', 'x', 'c', 'x', 'b', 'x', 'q', 'x']
Full Qwen output: [i x o x g x f x e x d x c x b x] [i x o x g x f x e x d x c x b x a x]  

Final answer: [[i x o x g x f x e x d x c x b x a x]]  

Answer: [[i x o x g x f x e x d x c x b x a x]]
Filtered Qwen output: i x o x g x f x e x d x c x b x a x
trial 2 of 10...
trial 3 of 10...
trial 4 of 10...
trial 5 of 10...
trial 6 of 10...
trial 7 of 10...
trial 8 of 10...
trial 9 of 10...
trial 10 of 10...
Problem type: 3gen_split2 - 15/20
trial 1 of 10...

=== PROMPT ===

Use the following alphabet to complete the pattern.

q b c d e f g o i j k l a n h p m r s t u v w x y z

Note that the alphabet may be in an unfamiliar order. Complete the pattern using this order. Answer with only the final answer between double brackets and nothing else.

[h p m r] [h p m s]
[18 18 17 17 16 16 15 15] [

--- TARGET LETTERS ---

[np.int64(18), np.int64(18), np.int64(17), np.int64(17), np.int64(16), np.int64(16), np.int64(14), np.int64(14)]
Full Qwen output: [h p m r] [h p m s]  
[18 18 17 17 16 16 15 15] [18 18 17 17 16 16 15 15 14 14]

The pattern shows that each letter is repeated twice, and the sequence decreases by 1 each time. The next group should continue this pattern with the next letter in the sequence.

Following the given alphabet:  
q b c d e f g o i j k l a n h p m r s
trial 2 of 10...
trial 3 of 10...
trial 4 of 10...
trial 5 of 10...
trial 6 of 10...
trial 7 of 10...
trial 8 of 10...
trial 9 of 10...
trial 10 of 10...
Problem type: 3gen_split3 - 16/20
trial 1 of 10...

=== PROMPT ===

Use the following alphabet to complete the pattern.

q b c d e f g o i j k l a n h p m r s t u v w x y z

Note that the alphabet may be in an unfamiliar order. Complete the pattern using this order. Answer with only the final answer between double brackets and nothing else.

[k l a n] [k l a h]
[17 17 19 19 21 21 23 23] [

--- TARGET LETTERS ---

[np.int64(17), np.int64(17), np.int64(19), np.int64(19), np.int64(21), np.int64(21), np.int64(25), np.int64(25)]
Full Qwen output: [17 17 19 19 21 21 23 23] [17 17 19 19 21 21 23 23]  

The pattern is repeating the same sequence of numbers.  

Final answer: [[17 17 19 19 21 21 23 23]]
Filtered Qwen output: 17 17 19 19 21 21 23 23
trial 2 of 10...
trial 3 of 10...
trial 4 of 10...
trial 5 of 10...
trial 6 of 10...
trial 7 of 10...
trial 8 of 10...
trial 9 of 10...
trial 10 of 10...
Problem type: 3gen_split4 - 17/20
trial 1 of 10...

=== PROMPT ===

Use the following alphabet to complete the pattern.

q b c d e f g o i j k l a n h p m r s t u v w x y z

Note that the alphabet may be in an unfamiliar order. Complete the pattern using this order. Answer with only the final answer between double brackets and nothing else.

[s t u v] [s t u v w]
[7 7 9 9 11 11 13 13] [

--- TARGET LETTERS ---

[np.int64(7), np.int64(7), np.int64(9), np.int64(9), np.int64(11), np.int64(11), np.int64(13), np.int64(13), np.int64(15), np.int64(15)]
Full Qwen output: [7 7 9 9 11 11 13 13] [7 7 9 9 11 11 13 13 15 15]  

The pattern increases the numbers by adding 2, and each number is repeated twice. The next number after 13 is 15, so the sequence continues with 15 repeated twice.

Final answer: [[7 7 9 9 11 11 13 13] [7 7 9 9 11 11
trial 2 of 10...
trial 3 of 10...
trial 4 of 10...
trial 5 of 10...
trial 6 of 10...
trial 7 of 10...
trial 8 of 10...
trial 9 of 10...
trial 10 of 10...
Problem type: 3gen_split5 - 18/20
trial 1 of 10...

=== PROMPT ===

Use the following alphabet to complete the pattern.

q b c d e f g o i j k l a n h p m r s t u v w x y z

Note that the alphabet may be in an unfamiliar order. Complete the pattern using this order. Answer with only the final answer between double brackets and nothing else.

[l k a n h] [k l a n h]
[5 7 9 11 13 17 15 19 21] [

--- TARGET LETTERS ---

[np.int64(5), np.int64(7), np.int64(9), np.int64(11), np.int64(13), np.int64(15), np.int64(17), np.int64(19), np.int64(21)]
Full Qwen output: [[l k a n h] [k l a n h]]  
The pattern shows a shift in the sequence: the second group is the first group shifted left by one position.  
Applying the same logic to the number sequence:  
[5 7 9 11 13 17 15 19 21] → [7 9 11 13 17 15 19 21 5]  

Final answer: [[7 9 11 13 17 15 19 21 5
Filtered Qwen output: l k a n h] [k l a n h
trial 2 of 10...
trial 3 of 10...
trial 4 of 10...
trial 5 of 10...
trial 6 of 10...
trial 7 of 10...
trial 8 of 10...
trial 9 of 10...
trial 10 of 10...
Problem type: 3gen_split6 - 19/20
trial 1 of 10...

=== PROMPT ===

Use the following alphabet to complete the pattern.

q b c d e f g o i j k l a n h p m r s t u v w x y z

Note that the alphabet may be in an unfamiliar order. Complete the pattern using this order. Answer with only the final answer between double brackets and nothing else.

[g o i j] [g o i j k]
[15 15 16 16 17 17 18 18 19 19 20 20 21 21 22 22] [

--- TARGET LETTERS ---

[np.int64(15), np.int64(15), np.int64(16), np.int64(16), np.int64(17), np.int64(17), np.int64(18), np.int64(18), np.int64(19), np.int64(19), np.int64(20), np.int64(20), np.int64(21), np.int64(21), np.int64(22), np.int64(22), np.int64(23), np.int64(23)]
Full Qwen output: [[g o i j k l]]
Filtered Qwen output: g o i j k l
trial 2 of 10...
trial 3 of 10...
trial 4 of 10...
trial 5 of 10...
trial 6 of 10...
trial 7 of 10...
trial 8 of 10...
trial 9 of 10...
trial 10 of 10...
Problem type: 3gensplit7 - 20/20
trial 1 of 10...

=== PROMPT ===

Use the following alphabet to complete the pattern.

q b c d e f g o i j k l a n h p m r s t u v w x y z

Note that the alphabet may be in an unfamiliar order. Complete the pattern using this order. Answer with only the final answer between double brackets and nothing else.

[h p m r l] [h p m r s]
[7 7 22 22 9 9 10 10 11 11 12 12 13 13 14 14 15 15] [

--- TARGET LETTERS ---

[np.int64(7), np.int64(7), np.int64(8), np.int64(8), np.int64(9), np.int64(9), np.int64(10), np.int64(10), np.int64(11), np.int64(11), np.int64(12), np.int64(12), np.int64(13), np.int64(13), np.int64(14), np.int64(14), np.int64(15), np.int64(15)]
Full Qwen output: To solve the analogy, we need to understand the pattern in the given sequences.

### Step 1: Understand the Alphabet Order
The given alphabet is:

**q b c d e f g o i j k l a n h p m r s t u v w x y z**

Let's assign positions to each letter in this order:

| Position | Letter |
|----------|--------|
| 1        | q      |
| 2        | b      |
| 3        | c      |
| 4        | d      |
| 5        | e      |
| 6        | f      |
trial 2 of 10...
trial 3 of 10...
trial 4 of 10...
trial 5 of 10...
trial 6 of 10...
trial 7 of 10...
trial 8 of 10...
trial 9 of 10...
trial 10 of 10...
alph_3
a g c d e f q h i j k l m z o p n r s t u v w x y b
Problem type: larger_int - 1/20
trial 1 of 10...

=== PROMPT ===

Use the following alphabet to complete the pattern.

a g c d e f q h i j k l m z o p n r s t u v w x y b

Note that the alphabet may be in an unfamiliar order. Complete the pattern using this order. Answer with only the final answer between double brackets and nothing else.

[e f q q h i] [e f q h i]
[r t v x x b] [

--- TARGET LETTERS ---

['r', 't', 'v', 'x', 'b']
Full Qwen output: [[r t v x b]]
Filtered Qwen output: r t v x b
trial 2 of 10...
trial 3 of 10...
trial 4 of 10...
trial 5 of 10...
trial 6 of 10...
trial 7 of 10...
trial 8 of 10...
trial 9 of 10...
trial 10 of 10...
Problem type: longer_targ - 2/20
trial 1 of 10...

=== PROMPT ===

Use the following alphabet to complete the pattern.

a g c d e f q h i j k l m z o p n r s t u v w x y b

Note that the alphabet may be in an unfamiliar order. Complete the pattern using this order. Answer with only the final answer between double brackets and nothing else.

[p s r n t] [p n r s t]
[j k l m z r p n o] [

--- TARGET LETTERS ---

['j', 'k', 'l', 'm', 'z', 'o', 'p', 'n', 'r']
Full Qwen output: [j k l m z r p n o] [j k l m z r p o n]  

Final answer: [[j k l m z r p o n]]  

Final answer: [[j k l m z r p o n]]  

Final answer: [[j k l m z r p o n]]  

Final answer: [[j k l m z r p o n]]  

Final answer: [[j k l m z r p o n]]  

Final answer: [[j k l m z r p o n]]  

Final answer: [[j k l m z r p o n]]  

Final
Filtered Qwen output: j k l m z r p o n
trial 2 of 10...
trial 3 of 10...
trial 4 of 10...
trial 5 of 10...
trial 6 of 10...
trial 7 of 10...
trial 8 of 10...
trial 9 of 10...
trial 10 of 10...
Problem type: group - 3/20
trial 1 of 10...

=== PROMPT ===

Use the following alphabet to complete the pattern.

a g c d e f q h i j k l m z o p n r s t u v w x y b

Note that the alphabet may be in an unfamiliar order. Complete the pattern using this order. Answer with only the final answer between double brackets and nothing else.

[m z o p] [l z o p]
[u u v v w w x x] [

--- TARGET LETTERS ---

['t', 't', 'v', 'v', 'w', 'w', 'x', 'x']
Full Qwen output: [[y y z z]]
Filtered Qwen output: y y z z
trial 2 of 10...
trial 3 of 10...
trial 4 of 10...
trial 5 of 10...
trial 6 of 10...
trial 7 of 10...
trial 8 of 10...
trial 9 of 10...
trial 10 of 10...
Problem type: interleaved - 4/20
trial 1 of 10...

=== PROMPT ===

Use the following alphabet to complete the pattern.

a g c d e f q h i j k l m z o p n r s t u v w x y b

Note that the alphabet may be in an unfamiliar order. Complete the pattern using this order. Answer with only the final answer between double brackets and nothing else.

[l m p o z] [l m z o p]
[g x a x c x d x e x] [

--- TARGET LETTERS ---

['a', 'x', 'g', 'x', 'c', 'x', 'd', 'x', 'e', 'x']
Full Qwen output: [[g x a x c x d x e x] [g x a x c x d x e x]]
Filtered Qwen output: g x a x c x d x e x] [g x a x c x d x e x
trial 2 of 10...
trial 3 of 10...
trial 4 of 10...
trial 5 of 10...
trial 6 of 10...
trial 7 of 10...
trial 8 of 10...
trial 9 of 10...
trial 10 of 10...
Problem type: letter2num - 5/20
trial 1 of 10...

=== PROMPT ===

Use the following alphabet to complete the pattern.

a g c d e f q h i j k l m z o p n r s t u v w x y b

Note that the alphabet may be in an unfamiliar order. Complete the pattern using this order. Answer with only the final answer between double brackets and nothing else.

[r s t u] [n s t u]
[2 3 4 5] [

--- TARGET LETTERS ---

[np.int64(1), np.int64(3), np.int64(4), np.int64(5)]
Full Qwen output: [2 3 4 5] [6 3 4 5]  

The pattern is based on the position of letters in the given alphabet. The first group [r s t u] corresponds to positions 6, 7, 8, 9. The second group [n s t u] corresponds to positions 6, 7, 8, 9, but starting from n (position 6). The numbers [2 3 4 5] correspond to the positions of the letters in the second group relative to the first group. So the next group is [6 3
trial 2 of 10...
trial 3 of 10...
trial 4 of 10...
trial 5 of 10...
trial 6 of 10...
trial 7 of 10...
trial 8 of 10...
trial 9 of 10...
trial 10 of 10...
Problem type: reverse - 6/20
trial 1 of 10...

=== PROMPT ===

Use the following alphabet to complete the pattern.

a g c d e f q h i j k l m z o p n r s t u v w x y b

Note that the alphabet may be in an unfamiliar order. Complete the pattern using this order. Answer with only the final answer between double brackets and nothing else.

[s t w v u] [s t u v w]
[b w x y v] [

--- TARGET LETTERS ---

['b', 'y', 'x', 'w', 'v']
Full Qwen output: [b w x y v] [b w x y z]  

Final answer: [[b w x y v] [b w x y z]]
Filtered Qwen output: b w x y v] [b w x y z
trial 2 of 10...
trial 3 of 10...
trial 4 of 10...
trial 5 of 10...
trial 6 of 10...
trial 7 of 10...
trial 8 of 10...
trial 9 of 10...
trial 10 of 10...
Problem type: 2gen_split1 - 7/20
trial 1 of 10...

=== PROMPT ===

Use the following alphabet to complete the pattern.

a g c d e f q h i j k l m z o p n r s t u v w x y b

Note that the alphabet may be in an unfamiliar order. Complete the pattern using this order. Answer with only the final answer between double brackets and nothing else.

[l m z o] [l m z p]
[o z m l k j i h] [

--- TARGET LETTERS ---

['o', 'z', 'm', 'l', 'k', 'j', 'i', 'q']
Full Qwen output: [[o z m l k j i h] [o z m l k j i g]]
Filtered Qwen output: o z m l k j i h] [o z m l k j i g
trial 2 of 10...
trial 3 of 10...
trial 4 of 10...
trial 5 of 10...
trial 6 of 10...
trial 7 of 10...
trial 8 of 10...
trial 9 of 10...
trial 10 of 10...
Problem type: 2gen_split2 - 8/20
trial 1 of 10...

=== PROMPT ===

Use the following alphabet to complete the pattern.

a g c d e f q h i j k l m z o p n r s t u v w x y b

Note that the alphabet may be in an unfamiliar order. Complete the pattern using this order. Answer with only the final answer between double brackets and nothing else.

[z o o p n r] [z o p n r]
[16 18 18 20 22 24] [

--- TARGET LETTERS ---

[np.int64(16), np.int64(18), np.int64(20), np.int64(22), np.int64(24)]
Full Qwen output: To solve the analogy, we need to understand the pattern in the given sequence using the provided alphabet order:

**Alphabet order:**
a g c d e f q h i j k l m z o p n r s t u v w x y b

Let's assign positions to each letter in this order:

1. a  
2. g  
3. c  
4. d  
5. e  
6. f  
7. q  
8. h  
9. i  
10. j  
11. k  
12. l  
13. m  
14. z  
15
trial 2 of 10...
trial 3 of 10...
trial 4 of 10...
trial 5 of 10...
trial 6 of 10...
trial 7 of 10...
trial 8 of 10...
trial 9 of 10...
trial 10 of 10...
Problem type: 2gen_split3 - 9/20
trial 1 of 10...

=== PROMPT ===

Use the following alphabet to complete the pattern.

a g c d e f q h i j k l m z o p n r s t u v w x y b

Note that the alphabet may be in an unfamiliar order. Complete the pattern using this order. Answer with only the final answer between double brackets and nothing else.

[q h i j] [q h i k]
[11 11 12 12 13 13 14 14] [

--- TARGET LETTERS ---

[np.int64(11), np.int64(11), np.int64(12), np.int64(12), np.int64(13), np.int64(13), np.int64(15), np.int64(15)]
Full Qwen output: [q h i j] [q h i k]  
[11 11 12 12 13 13 14 14] [  

The pattern shows that the first group is [q h i j] and the second group is [q h i k]. The difference is that the last letter changes from **j** to **k**.

Now, let's map the letters to their positions in the given alphabet:

**Alphabet:**  
a g c d e f q h i j k l m z o p n r s t u v w x y b
trial 2 of 10...
trial 3 of 10...
trial 4 of 10...
trial 5 of 10...
trial 6 of 10...
trial 7 of 10...
trial 8 of 10...
trial 9 of 10...
trial 10 of 10...
Problem type: 2gen_split4 - 10/20
trial 1 of 10...

=== PROMPT ===

Use the following alphabet to complete the pattern.

a g c d e f q h i j k l m z o p n r s t u v w x y b

Note that the alphabet may be in an unfamiliar order. Complete the pattern using this order. Answer with only the final answer between double brackets and nothing else.

[e f q h] [e f q i]
[n n p p o o z z] [

--- TARGET LETTERS ---

['n', 'n', 'p', 'p', 'o', 'o', 'm', 'm']
Full Qwen output: [[n n p p o o z z] [n n p p o o z z]]
Filtered Qwen output: n n p p o o z z] [n n p p o o z z
trial 2 of 10...
trial 3 of 10...
trial 4 of 10...
trial 5 of 10...
trial 6 of 10...
trial 7 of 10...
trial 8 of 10...
trial 9 of 10...
trial 10 of 10...
Problem type: 2gen_split5 - 11/20
trial 1 of 10...

=== PROMPT ===

Use the following alphabet to complete the pattern.

a g c d e f q h i j k l m z o p n r s t u v w x y b

Note that the alphabet may be in an unfamiliar order. Complete the pattern using this order. Answer with only the final answer between double brackets and nothing else.

[o p n r] [z p n r]
[h h j j l l z z] [

--- TARGET LETTERS ---

['f', 'f', 'j', 'j', 'l', 'l', 'z', 'z']
Full Qwen output: [[h h j j l l z z] [h h j j l l z z]]
Filtered Qwen output: h h j j l l z z] [h h j j l l z z
trial 2 of 10...
trial 3 of 10...
trial 4 of 10...
trial 5 of 10...
trial 6 of 10...
trial 7 of 10...
trial 8 of 10...
trial 9 of 10...
trial 10 of 10...
Problem type: 2gen_split6 - 12/20
trial 1 of 10...

=== PROMPT ===

Use the following alphabet to complete the pattern.

a g c d e f q h i j k l m z o p n r s t u v w x y b

Note that the alphabet may be in an unfamiliar order. Complete the pattern using this order. Answer with only the final answer between double brackets and nothing else.

[i j k l l m] [i j k l m]
[5 0 6 0 7 0 8 0 9 0 9 0] [

--- TARGET LETTERS ---

[np.int64(5), '0', np.int64(6), '0', np.int64(7), '0', np.int64(8), '0', np.int64(9), '0']
Full Qwen output: [[i j k l m n]]
Filtered Qwen output: i j k l m n
trial 2 of 10...
trial 3 of 10...
trial 4 of 10...
trial 5 of 10...
trial 6 of 10...
trial 7 of 10...
trial 8 of 10...
trial 9 of 10...
trial 10 of 10...
Problem type: 2gensplit7 - 13/20
trial 1 of 10...

=== PROMPT ===

Use the following alphabet to complete the pattern.

a g c d e f q h i j k l m z o p n r s t u v w x y b

Note that the alphabet may be in an unfamiliar order. Complete the pattern using this order. Answer with only the final answer between double brackets and nothing else.

[m z o o p n] [m z o p n]
[a c e q i k m o o n] [

--- TARGET LETTERS ---

['a', 'c', 'e', 'q', 'i', 'k', 'm', 'o', 'n']
Full Qwen output: [[a c e q i k m o o n] [a c e q i k m o n]]
Filtered Qwen output: a c e q i k m o o n] [a c e q i k m o n
trial 2 of 10...
trial 3 of 10...
trial 4 of 10...
trial 5 of 10...
trial 6 of 10...
trial 7 of 10...
trial 8 of 10...
trial 9 of 10...
trial 10 of 10...
Problem type: 3gen_split1 - 14/20
trial 1 of 10...

=== PROMPT ===

Use the following alphabet to complete the pattern.

a g c d e f q h i j k l m z o p n r s t u v w x y b

Note that the alphabet may be in an unfamiliar order. Complete the pattern using this order. Answer with only the final answer between double brackets and nothing else.

[i j k l] [i j k l m]
[b x v t r p z l] [

--- TARGET LETTERS ---

['b', 'x', 'v', 't', 'r', 'p', 'z', 'l', 'j']
Full Qwen output: [[b x v t r p z l] [b x v t r p z l n]]
Filtered Qwen output: b x v t r p z l] [b x v t r p z l n
trial 2 of 10...
trial 3 of 10...
trial 4 of 10...
trial 5 of 10...
trial 6 of 10...
trial 7 of 10...
trial 8 of 10...
trial 9 of 10...
trial 10 of 10...
Problem type: 3gen_split2 - 15/20
trial 1 of 10...

=== PROMPT ===

Use the following alphabet to complete the pattern.

a g c d e f q h i j k l m z o p n r s t u v w x y b

Note that the alphabet may be in an unfamiliar order. Complete the pattern using this order. Answer with only the final answer between double brackets and nothing else.

[n r e t u] [n r s t u]
[26 26 5 5 4 4 3 3 2 2] [

--- TARGET LETTERS ---

[np.int64(6), np.int64(6), np.int64(5), np.int64(5), np.int64(4), np.int64(4), np.int64(3), np.int64(3), np.int64(2), np.int64(2)]
Full Qwen output: [[n r s t u]]
Filtered Qwen output: n r s t u
trial 2 of 10...
trial 3 of 10...
trial 4 of 10...
trial 5 of 10...
trial 6 of 10...
trial 7 of 10...
trial 8 of 10...
trial 9 of 10...
trial 10 of 10...
Problem type: 3gen_split3 - 16/20
trial 1 of 10...

=== PROMPT ===

Use the following alphabet to complete the pattern.

a g c d e f q h i j k l m z o p n r s t u v w x y b

Note that the alphabet may be in an unfamiliar order. Complete the pattern using this order. Answer with only the final answer between double brackets and nothing else.

[j c l m z] [j k l m z]
[14 14 15 15 5 5 17 17 18 18 19 19 20 20 21 21 22 22] [

--- TARGET LETTERS ---

[np.int64(14), np.int64(14), np.int64(15), np.int64(15), np.int64(16), np.int64(16), np.int64(17), np.int64(17), np.int64(18), np.int64(18), np.int64(19), np.int64(19), np.int64(20), np.int64(20), np.int64(21), np.int64(21), np.int64(22), np.int64(22)]
Full Qwen output: [[j k l m z]]
Filtered Qwen output: j k l m z
trial 2 of 10...
trial 3 of 10...
trial 4 of 10...
trial 5 of 10...
trial 6 of 10...
trial 7 of 10...
trial 8 of 10...
trial 9 of 10...
trial 10 of 10...
Problem type: 3gen_split4 - 17/20
trial 1 of 10...

=== PROMPT ===

Use the following alphabet to complete the pattern.

a g c d e f q h i j k l m z o p n r s t u v w x y b

Note that the alphabet may be in an unfamiliar order. Complete the pattern using this order. Answer with only the final answer between double brackets and nothing else.

[d e f q h h] [d e f q h]
[26 0 25 0 24 0 24 0 23 0 22 0] [

--- TARGET LETTERS ---

[np.int64(26), '0', np.int64(25), '0', np.int64(24), '0', np.int64(23), '0', np.int64(22), '0']
Full Qwen output: To solve this analogy, we need to understand the pattern in the given sequences and how they relate to the custom alphabet order:

**Custom Alphabet Order:**
a g c d e f q h i j k l m z o p n r s t u v w x y b

Let's map each letter to its position in this custom alphabet:

1. a  
2. g  
3. c  
4. d  
5. e  
6. f  
7. q  
8. h  
9. i  
10. j  
11. k  
12. l  
13. m  
1
trial 2 of 10...
trial 3 of 10...
trial 4 of 10...
trial 5 of 10...
trial 6 of 10...
trial 7 of 10...
trial 8 of 10...
trial 9 of 10...
trial 10 of 10...
Problem type: 3gen_split5 - 18/20
trial 1 of 10...

=== PROMPT ===

Use the following alphabet to complete the pattern.

a g c d e f q h i j k l m z o p n r s t u v w x y b

Note that the alphabet may be in an unfamiliar order. Complete the pattern using this order. Answer with only the final answer between double brackets and nothing else.

[j k l m] [j k l z]
[e e x x d d x x c c x x g g x x] [

--- TARGET LETTERS ---

['e', 'e', 'x', 'x', 'd', 'd', 'x', 'x', 'c', 'c', 'x', 'x', 'a', 'a', 'x', 'x']
Full Qwen output: [[e e x x d d x x c c x x g g x x] [e e x x d d x x c c x x g g x x b b x x]]
Filtered Qwen output: e e x x d d x x c c x x g g x x] [e e x x d d x x c c x x g g x x b b x x
trial 2 of 10...
trial 3 of 10...
trial 4 of 10...
trial 5 of 10...
trial 6 of 10...
trial 7 of 10...
trial 8 of 10...
trial 9 of 10...
trial 10 of 10...
Problem type: 3gen_split6 - 19/20
trial 1 of 10...

=== PROMPT ===

Use the following alphabet to complete the pattern.

a g c d e f q h i j k l m z o p n r s t u v w x y b

Note that the alphabet may be in an unfamiliar order. Complete the pattern using this order. Answer with only the final answer between double brackets and nothing else.

[l m z o] [l m z o p]
[23 21 19 17] [

--- TARGET LETTERS ---

[np.int64(23), np.int64(21), np.int64(19), np.int64(17), np.int64(15)]
Full Qwen output: To solve the analogy, we need to understand the pattern in the given sequence using the provided alphabet order:

**Alphabet order:**
a g c d e f q h i j k l m z o p n r s t u v w x y b

Let's map each letter to its position in this custom alphabet:

1. a  
2. g  
3. c  
4. d  
5. e  
6. f  
7. q  
8. h  
9. i  
10. j  
11. k  
12. l  
13. m  
14. z
trial 2 of 10...
trial 3 of 10...
trial 4 of 10...
trial 5 of 10...
trial 6 of 10...
trial 7 of 10...
trial 8 of 10...
trial 9 of 10...
trial 10 of 10...
Problem type: 3gensplit7 - 20/20
trial 1 of 10...

=== PROMPT ===

Use the following alphabet to complete the pattern.

a g c d e f q h i j k l m z o p n r s t u v w x y b

Note that the alphabet may be in an unfamiliar order. Complete the pattern using this order. Answer with only the final answer between double brackets and nothing else.

[r s t u] [n s t u]
[25 0 24 0 23 0 22 0] [

--- TARGET LETTERS ---

[np.int64(26), '0', np.int64(24), '0', np.int64(23), '0', np.int64(22), '0']
Full Qwen output: [25 0 24 0 23 0 22 0] [21 0 24 0 23 0 22 0]  

**Final Answer:** [[21 0 24 0 23 0 22 0]]
Filtered Qwen output: 21 0 24 0 23 0 22 0
trial 2 of 10...
trial 3 of 10...
trial 4 of 10...
trial 5 of 10...
trial 6 of 10...
trial 7 of 10...
trial 8 of 10...
trial 9 of 10...
trial 10 of 10...
alph_4
a b c d f k g h i j r l m n o e q p s t u v w x y z
Problem type: larger_int - 1/20
trial 1 of 10...

=== PROMPT ===

Use the following alphabet to complete the pattern.

a b c d f k g h i j r l m n o e q p s t u v w x y z

Note that the alphabet may be in an unfamiliar order. Complete the pattern using this order. Answer with only the final answer between double brackets and nothing else.

[s t u v] [p t u v]
[f g i r] [

--- TARGET LETTERS ---

['c', 'g', 'i', 'r']
Full Qwen output: [**f g i r**] [**k g i r**]  

Final answer: [[k g i r]]
Filtered Qwen output: k g i r
trial 2 of 10...
trial 3 of 10...
trial 4 of 10...
trial 5 of 10...
trial 6 of 10...
trial 7 of 10...
trial 8 of 10...
trial 9 of 10...
trial 10 of 10...
Problem type: longer_targ - 2/20
trial 1 of 10...

=== PROMPT ===

Use the following alphabet to complete the pattern.

a b c d f k g h i j r l m n o e q p s t u v w x y z

Note that the alphabet may be in an unfamiliar order. Complete the pattern using this order. Answer with only the final answer between double brackets and nothing else.

[a b c d] [a b c f]
[j r l m n o e q] [

--- TARGET LETTERS ---

['j', 'r', 'l', 'm', 'n', 'o', 'e', 'p']
Full Qwen output: [j r l m n o e q] [j r l m n o e q]  

The pattern appears to be repeating the same sequence. The first part is [a b c d], and the second part is [a b c f], which is not a direct repeat but may be a variation. However, in the second set, [j r l m n o e q] is followed by the same sequence again. Assuming the pattern is to repeat the second group, the answer is:

[[j r l m n o e q] [j r l m n o e q]]

Final answer: [[j r
Filtered Qwen output: j r l m n o e q] [j r l m n o e q
trial 2 of 10...
trial 3 of 10...
trial 4 of 10...
trial 5 of 10...
trial 6 of 10...
trial 7 of 10...
trial 8 of 10...
trial 9 of 10...
trial 10 of 10...
Problem type: group - 3/20
trial 1 of 10...

=== PROMPT ===

Use the following alphabet to complete the pattern.

a b c d f k g h i j r l m n o e q p s t u v w x y z

Note that the alphabet may be in an unfamiliar order. Complete the pattern using this order. Answer with only the final answer between double brackets and nothing else.

[p u t s v] [p s t u v]
[d d k k f f g g h h] [

--- TARGET LETTERS ---

['d', 'd', 'f', 'f', 'k', 'k', 'g', 'g', 'h', 'h']
Full Qwen output: [d d k k f f g g h h] [d d k k f f g g h h]  

The pattern is repeating the same sequence in both brackets.  

Final answer: [[d d k k f f g g h h]]
Filtered Qwen output: d d k k f f g g h h
trial 2 of 10...
trial 3 of 10...
trial 4 of 10...
trial 5 of 10...
trial 6 of 10...
trial 7 of 10...
trial 8 of 10...
trial 9 of 10...
trial 10 of 10...
Problem type: interleaved - 4/20
trial 1 of 10...

=== PROMPT ===

Use the following alphabet to complete the pattern.

a b c d f k g h i j r l m n o e q p s t u v w x y z

Note that the alphabet may be in an unfamiliar order. Complete the pattern using this order. Answer with only the final answer between double brackets and nothing else.

[g h i j] [g h i j r]
[r x l x m x n x] [

--- TARGET LETTERS ---

['r', 'x', 'l', 'x', 'm', 'x', 'n', 'x', 'o', 'x']
Full Qwen output: [[r x l x m x n x] [r x l x m x n x o x]]
Filtered Qwen output: r x l x m x n x] [r x l x m x n x o x
trial 2 of 10...
trial 3 of 10...
trial 4 of 10...
trial 5 of 10...
trial 6 of 10...
trial 7 of 10...
trial 8 of 10...
trial 9 of 10...
trial 10 of 10...
Problem type: letter2num - 5/20
trial 1 of 10...

=== PROMPT ===

Use the following alphabet to complete the pattern.

a b c d f k g h i j r l m n o e q p s t u v w x y z

Note that the alphabet may be in an unfamiliar order. Complete the pattern using this order. Answer with only the final answer between double brackets and nothing else.

[o e q p] [n e q p]
[20 21 22 23] [

--- TARGET LETTERS ---

[np.int64(19), np.int64(21), np.int64(22), np.int64(23)]
Full Qwen output: [20 21 22 23] [17 21 22 23]  

Final answer: [[17 21 22 23]]
Filtered Qwen output: 17 21 22 23
trial 2 of 10...
trial 3 of 10...
trial 4 of 10...
trial 5 of 10...
trial 6 of 10...
trial 7 of 10...
trial 8 of 10...
trial 9 of 10...
trial 10 of 10...
Problem type: reverse - 6/20
trial 1 of 10...

=== PROMPT ===

Use the following alphabet to complete the pattern.

a b c d f k g h i j r l m n o e q p s t u v w x y z

Note that the alphabet may be in an unfamiliar order. Complete the pattern using this order. Answer with only the final answer between double brackets and nothing else.

[q p s t] [q p s t u]
[f d c b] [

--- TARGET LETTERS ---

['f', 'd', 'c', 'b', 'a']
Full Qwen output: [f d c b] [f d c b a]  

Final answer: [[f d c b a]]
Filtered Qwen output: f d c b a
trial 2 of 10...
trial 3 of 10...
trial 4 of 10...
trial 5 of 10...
trial 6 of 10...
trial 7 of 10...
trial 8 of 10...
trial 9 of 10...
trial 10 of 10...
Problem type: 2gen_split1 - 7/20
trial 1 of 10...

=== PROMPT ===

Use the following alphabet to complete the pattern.

a b c d f k g h i j r l m n o e q p s t u v w x y z

Note that the alphabet may be in an unfamiliar order. Complete the pattern using this order. Answer with only the final answer between double brackets and nothing else.

[f k g h] [f k g h i]
[22 22 23 23 24 24 25 25] [

--- TARGET LETTERS ---

[np.int64(22), np.int64(22), np.int64(23), np.int64(23), np.int64(24), np.int64(24), np.int64(25), np.int64(25), np.int64(26), np.int64(26)]
Full Qwen output: [[f k g h i j r l m n o e q p s t u v w x y z]]
Filtered Qwen output: f k g h i j r l m n o e q p s t u v w x y z
trial 2 of 10...
trial 3 of 10...
trial 4 of 10...
trial 5 of 10...
trial 6 of 10...
trial 7 of 10...
trial 8 of 10...
trial 9 of 10...
trial 10 of 10...
Problem type: 2gen_split2 - 8/20
trial 1 of 10...

=== PROMPT ===

Use the following alphabet to complete the pattern.

a b c d f k g h i j r l m n o e q p s t u v w x y z

Note that the alphabet may be in an unfamiliar order. Complete the pattern using this order. Answer with only the final answer between double brackets and nothing else.

[p s t t u v] [p s t u v]
[a a b b c c d d f f k k k k g g h h i i] [

--- TARGET LETTERS ---

['a', 'a', 'b', 'b', 'c', 'c', 'd', 'd', 'f', 'f', 'k', 'k', 'g', 'g', 'h', 'h', 'i', 'i']
Full Qwen output: [a a b b c c d d f f k k k k g g h h i i] [a a b b c c d d f f k k k k g g h h i i j j]  

Final answer: [[a a b b c c d d f f k k k k g g h h i i j j]]
Filtered Qwen output: a a b b c c d d f f k k k k g g h h i i j j
trial 2 of 10...
trial 3 of 10...
trial 4 of 10...
trial 5 of 10...
trial 6 of 10...
trial 7 of 10...
trial 8 of 10...
trial 9 of 10...
trial 10 of 10...
Problem type: 2gen_split3 - 9/20
trial 1 of 10...

=== PROMPT ===

Use the following alphabet to complete the pattern.

a b c d f k g h i j r l m n o e q p s t u v w x y z

Note that the alphabet may be in an unfamiliar order. Complete the pattern using this order. Answer with only the final answer between double brackets and nothing else.

[m n o e] [l n o e]
[j j i i h h g g] [

--- TARGET LETTERS ---

['r', 'r', 'i', 'i', 'h', 'h', 'g', 'g']
Full Qwen output: [[k k k k]]
Filtered Qwen output: k k k k
trial 2 of 10...
trial 3 of 10...
trial 4 of 10...
trial 5 of 10...
trial 6 of 10...
trial 7 of 10...
trial 8 of 10...
trial 9 of 10...
trial 10 of 10...
Problem type: 2gen_split4 - 10/20
trial 1 of 10...

=== PROMPT ===

Use the following alphabet to complete the pattern.

a b c d f k g h i j r l m n o e q p s t u v w x y z

Note that the alphabet may be in an unfamiliar order. Complete the pattern using this order. Answer with only the final answer between double brackets and nothing else.

[q p z t u] [q p s t u]
[j l n c p t v x z] [

--- TARGET LETTERS ---

['j', 'l', 'n', 'e', 'p', 't', 'v', 'x', 'z']
Full Qwen output: [j l n c p t v x z] [j l n c p t v x y]  

Final answer: [[j l n c p t v x z] [j l n c p t v x y]]  
Answer: [[j l n c p t v x z] [j l n c p t v x y]]
Filtered Qwen output: j l n c p t v x z] [j l n c p t v x y
trial 2 of 10...
trial 3 of 10...
trial 4 of 10...
trial 5 of 10...
trial 6 of 10...
trial 7 of 10...
trial 8 of 10...
trial 9 of 10...
trial 10 of 10...
Problem type: 2gen_split5 - 11/20
trial 1 of 10...

=== PROMPT ===

Use the following alphabet to complete the pattern.

a b c d f k g h i j r l m n o e q p s t u v w x y z

Note that the alphabet may be in an unfamiliar order. Complete the pattern using this order. Answer with only the final answer between double brackets and nothing else.

[d f k k g h] [d f k g h]
[17 17 18 18 19 19 19 19 20 20 21 21] [

--- TARGET LETTERS ---

[np.int64(17), np.int64(17), np.int64(18), np.int64(18), np.int64(19), np.int64(19), np.int64(20), np.int64(20), np.int64(21), np.int64(21)]
Full Qwen output: [17 17 18 18 19 19 19 19 20 20 21 21] [17 17 18 18 19 19]  

Final answer: [[17 17 18 18 19 19]]  

[[17 17 18 18 19 19]]
Filtered Qwen output: 17 17 18 18 19 19
trial 2 of 10...
trial 3 of 10...
trial 4 of 10...
trial 5 of 10...
trial 6 of 10...
trial 7 of 10...
trial 8 of 10...
trial 9 of 10...
trial 10 of 10...
Problem type: 2gen_split6 - 12/20
trial 1 of 10...

=== PROMPT ===

Use the following alphabet to complete the pattern.

a b c d f k g h i j r l m n o e q p s t u v w x y z

Note that the alphabet may be in an unfamiliar order. Complete the pattern using this order. Answer with only the final answer between double brackets and nothing else.

[f k g h] [f k g i]
[s x p x q x e x] [

--- TARGET LETTERS ---

['s', 'x', 'p', 'x', 'q', 'x', 'o', 'x']
Full Qwen output: [[s x p x q x e y]]
Filtered Qwen output: s x p x q x e y
trial 2 of 10...
trial 3 of 10...
trial 4 of 10...
trial 5 of 10...
trial 6 of 10...
trial 7 of 10...
trial 8 of 10...
trial 9 of 10...
trial 10 of 10...
Problem type: 2gensplit7 - 13/20
trial 1 of 10...

=== PROMPT ===

Use the following alphabet to complete the pattern.

a b c d f k g h i j r l m n o e q p s t u v w x y z

Note that the alphabet may be in an unfamiliar order. Complete the pattern using this order. Answer with only the final answer between double brackets and nothing else.

[u v w x] [u v w y]
[22 21 20 19] [

--- TARGET LETTERS ---

[np.int64(22), np.int64(21), np.int64(20), np.int64(18)]
Full Qwen output: [22 21 20 18]  

The pattern is based on the position of letters in the given alphabet. The first group [u v w x] corresponds to positions 22, 21, 20, 19. The second group [u v w y] corresponds to 22, 21, 20, 18. The difference is that the last letter changes from x (19) to y (18) in the second group. So the next group should follow the same pattern, changing the last letter again.

Final answer: [[
trial 2 of 10...
trial 3 of 10...
trial 4 of 10...
trial 5 of 10...
trial 6 of 10...
trial 7 of 10...
trial 8 of 10...
trial 9 of 10...
trial 10 of 10...
Problem type: 3gen_split1 - 14/20
trial 1 of 10...

=== PROMPT ===

Use the following alphabet to complete the pattern.

a b c d f k g h i j r l m n o e q p s t u v w x y z

Note that the alphabet may be in an unfamiliar order. Complete the pattern using this order. Answer with only the final answer between double brackets and nothing else.

[j r l m t] [j r l m n]
[e x n x t x j x h x] [

--- TARGET LETTERS ---

['e', 'x', 'n', 'x', 'l', 'x', 'j', 'x', 'h', 'x']
Full Qwen output: [[e x n x t x j x h x] [e x n x t x j x h x]]
Filtered Qwen output: e x n x t x j x h x] [e x n x t x j x h x
trial 2 of 10...
trial 3 of 10...
trial 4 of 10...
trial 5 of 10...
trial 6 of 10...
trial 7 of 10...
trial 8 of 10...
trial 9 of 10...
trial 10 of 10...
Problem type: 3gen_split2 - 15/20
trial 1 of 10...

=== PROMPT ===

Use the following alphabet to complete the pattern.

a b c d f k g h i j r l m n o e q p s t u v w x y z

Note that the alphabet may be in an unfamiliar order. Complete the pattern using this order. Answer with only the final answer between double brackets and nothing else.

[p s t u j] [p s t u v]
[p p e e n n u u j j] [

--- TARGET LETTERS ---

['p', 'p', 'e', 'e', 'n', 'n', 'l', 'l', 'j', 'j']
Full Qwen output: [[p p e e n n u u v v]]
Filtered Qwen output: p p e e n n u u v v
trial 2 of 10...
trial 3 of 10...
trial 4 of 10...
trial 5 of 10...
trial 6 of 10...
trial 7 of 10...
trial 8 of 10...
trial 9 of 10...
trial 10 of 10...
Problem type: 3gen_split3 - 16/20
trial 1 of 10...

=== PROMPT ===

Use the following alphabet to complete the pattern.

a b c d f k g h i j r l m n o e q p s t u v w x y z

Note that the alphabet may be in an unfamiliar order. Complete the pattern using this order. Answer with only the final answer between double brackets and nothing else.

[l i n o e] [l m n o e]
[17 0 7 0 9 0 11 0 13 0] [

--- TARGET LETTERS ---

[np.int64(5), '0', np.int64(7), '0', np.int64(9), '0', np.int64(11), '0', np.int64(13), '0']
Full Qwen output: [[l m n o e q]]
Filtered Qwen output: l m n o e q
trial 2 of 10...
trial 3 of 10...
trial 4 of 10...
trial 5 of 10...
trial 6 of 10...
trial 7 of 10...
trial 8 of 10...
trial 9 of 10...
trial 10 of 10...
Problem type: 3gen_split4 - 17/20
trial 1 of 10...

=== PROMPT ===

Use the following alphabet to complete the pattern.

a b c d f k g h i j r l m n o e q p s t u v w x y z

Note that the alphabet may be in an unfamiliar order. Complete the pattern using this order. Answer with only the final answer between double brackets and nothing else.

[e q p s] [e q p t]
[l l x x m m x x n n x x o o x x e e x x q q x x p p x x s s x x] [

--- TARGET LETTERS ---

['l', 'l', 'x', 'x', 'm', 'm', 'x', 'x', 'n', 'n', 'x', 'x', 'o', 'o', 'x', 'x', 'e', 'e', 'x', 'x', 'q', 'q', 'x', 'x', 'p', 'p', 'x', 'x', 't', 't', 'x', 'x']
Full Qwen output: [[l l x x m m x x n n x x o o x x e e x x q q x x p p x x s s x x]]
Filtered Qwen output: l l x x m m x x n n x x o o x x e e x x q q x x p p x x s s x x
trial 2 of 10...
trial 3 of 10...
trial 4 of 10...
trial 5 of 10...
trial 6 of 10...
trial 7 of 10...
trial 8 of 10...
trial 9 of 10...
trial 10 of 10...
Problem type: 3gen_split5 - 18/20
trial 1 of 10...

=== PROMPT ===

Use the following alphabet to complete the pattern.

a b c d f k g h i j r l m n o e q p s t u v w x y z

Note that the alphabet may be in an unfamiliar order. Complete the pattern using this order. Answer with only the final answer between double brackets and nothing else.

[n o o e q p] [n o e q p]
[v t p e n l j j h k] [

--- TARGET LETTERS ---

['v', 't', 'p', 'e', 'n', 'l', 'j', 'h', 'k']
Full Qwen output: [[v t p e n l j j h k] [v t p e n l j h k]]
Filtered Qwen output: v t p e n l j j h k] [v t p e n l j h k
trial 2 of 10...
trial 3 of 10...
trial 4 of 10...
trial 5 of 10...
trial 6 of 10...
trial 7 of 10...
trial 8 of 10...
trial 9 of 10...
trial 10 of 10...
Problem type: 3gen_split6 - 19/20
trial 1 of 10...

=== PROMPT ===

Use the following alphabet to complete the pattern.

a b c d f k g h i j r l m n o e q p s t u v w x y z

Note that the alphabet may be in an unfamiliar order. Complete the pattern using this order. Answer with only the final answer between double brackets and nothing else.

[f k g h] [d k g h]
[19 19 0 0 20 20 0 0 21 21 0 0 22 22 0 0] [

--- TARGET LETTERS ---

[np.int64(18), np.int64(18), '0', '0', np.int64(20), np.int64(20), '0', '0', np.int64(21), np.int64(21), '0', '0', np.int64(22), np.int64(22), '0', '0']
Full Qwen output: [[c k g h]]
Filtered Qwen output: c k g h
trial 2 of 10...
trial 3 of 10...
trial 4 of 10...
trial 5 of 10...
trial 6 of 10...
trial 7 of 10...
trial 8 of 10...
trial 9 of 10...
trial 10 of 10...
Problem type: 3gensplit7 - 20/20
trial 1 of 10...

=== PROMPT ===

Use the following alphabet to complete the pattern.

a b c d f k g h i j r l m n o e q p s t u v w x y z

Note that the alphabet may be in an unfamiliar order. Complete the pattern using this order. Answer with only the final answer between double brackets and nothing else.

[a b c d] [a b c f]
[j j l l n n e e p p t t v v x x] [

--- TARGET LETTERS ---

['j', 'j', 'l', 'l', 'n', 'n', 'e', 'e', 'p', 'p', 't', 't', 'v', 'v', 'z', 'z']
Full Qwen output: [j j l l n n e e p p t t v v x x] [j j l l n n e e p p t t v v x x]  

The pattern is repeating the same sequence. The first part is [a b c d], and the second part is [a b c f], which is not a direct repeat but a modified version. However, in the second set of brackets, the sequence [j j l l n n e e p p t t v v x x] is repeated exactly. So the next part should be the same.

Final answer: [[j j l l n n
trial 2 of 10...
trial 3 of 10...
trial 4 of 10...
trial 5 of 10...
trial 6 of 10...
trial 7 of 10...
trial 8 of 10...
trial 9 of 10...
trial 10 of 10...
alph_5
a b c d e f g h k j z l m n o p q r s t u y w x v i
Problem type: larger_int - 1/20
trial 1 of 10...

=== PROMPT ===

Use the following alphabet to complete the pattern.

a b c d e f g h k j z l m n o p q r s t u y w x v i

Note that the alphabet may be in an unfamiliar order. Complete the pattern using this order. Answer with only the final answer between double brackets and nothing else.

[m m n o p q] [m n o p q]
[r r t y x i] [

--- TARGET LETTERS ---

['r', 't', 'y', 'x', 'i']
Full Qwen output: [[r t y x i]]
Filtered Qwen output: r t y x i
trial 2 of 10...
trial 3 of 10...
trial 4 of 10...
trial 5 of 10...
trial 6 of 10...
trial 7 of 10...
trial 8 of 10...
trial 9 of 10...
trial 10 of 10...
Problem type: longer_targ - 2/20
trial 1 of 10...

=== PROMPT ===

Use the following alphabet to complete the pattern.

a b c d e f g h k j z l m n o p q r s t u y w x v i

Note that the alphabet may be in an unfamiliar order. Complete the pattern using this order. Answer with only the final answer between double brackets and nothing else.

[o p q r] [o p q s]
[r s t u y w x v] [

--- TARGET LETTERS ---

['r', 's', 't', 'u', 'y', 'w', 'x', 'i']
Full Qwen output: [[r s t u y w x v] [r s t u y w x i]]
Filtered Qwen output: r s t u y w x v] [r s t u y w x i
trial 2 of 10...
trial 3 of 10...
trial 4 of 10...
trial 5 of 10...
trial 6 of 10...
trial 7 of 10...
trial 8 of 10...
trial 9 of 10...
trial 10 of 10...
Problem type: group - 3/20
trial 1 of 10...

=== PROMPT ===

Use the following alphabet to complete the pattern.

a b c d e f g h k j z l m n o p q r s t u y w x v i

Note that the alphabet may be in an unfamiliar order. Complete the pattern using this order. Answer with only the final answer between double brackets and nothing else.

[b l m n o] [z l m n o]
[m m n n o o p p j j] [

--- TARGET LETTERS ---

['m', 'm', 'n', 'n', 'o', 'o', 'p', 'p', 'q', 'q']
Full Qwen output: [[m m n n o o p p j j] [m m n n o o p p j j]]
Filtered Qwen output: m m n n o o p p j j] [m m n n o o p p j j
trial 2 of 10...
trial 3 of 10...
trial 4 of 10...
trial 5 of 10...
trial 6 of 10...
trial 7 of 10...
trial 8 of 10...
trial 9 of 10...
trial 10 of 10...
Problem type: interleaved - 4/20
trial 1 of 10...

=== PROMPT ===

Use the following alphabet to complete the pattern.

a b c d e f g h k j z l m n o p q r s t u y w x v i

Note that the alphabet may be in an unfamiliar order. Complete the pattern using this order. Answer with only the final answer between double brackets and nothing else.

[t u y w] [t u y w x]
[h x k x j x z x] [

--- TARGET LETTERS ---

['h', 'x', 'k', 'x', 'j', 'x', 'z', 'x', 'l', 'x']
Full Qwen output: [[h x k x j x z x] [h x k x j x z x v]]
Filtered Qwen output: h x k x j x z x] [h x k x j x z x v
trial 2 of 10...
trial 3 of 10...
trial 4 of 10...
trial 5 of 10...
trial 6 of 10...
trial 7 of 10...
trial 8 of 10...
trial 9 of 10...
trial 10 of 10...
Problem type: letter2num - 5/20
trial 1 of 10...

=== PROMPT ===

Use the following alphabet to complete the pattern.

a b c d e f g h k j z l m n o p q r s t u y w x v i

Note that the alphabet may be in an unfamiliar order. Complete the pattern using this order. Answer with only the final answer between double brackets and nothing else.

[y w x v] [y w x v i]
[10 11 12 13] [

--- TARGET LETTERS ---

[np.int64(10), np.int64(11), np.int64(12), np.int64(13), np.int64(14)]
Full Qwen output: [10 11 12 13 14]  

Final answer: [[10 11 12 13 14]]
Filtered Qwen output: 10 11 12 13 14
trial 2 of 10...
trial 3 of 10...
trial 4 of 10...
trial 5 of 10...
trial 6 of 10...
trial 7 of 10...
trial 8 of 10...
trial 9 of 10...
trial 10 of 10...
Problem type: reverse - 6/20
trial 1 of 10...

=== PROMPT ===

Use the following alphabet to complete the pattern.

a b c d e f g h k j z l m n o p q r s t u y w x v i

Note that the alphabet may be in an unfamiliar order. Complete the pattern using this order. Answer with only the final answer between double brackets and nothing else.

[c d d e f g] [c d e f g]
[z j k k h g] [

--- TARGET LETTERS ---

['z', 'j', 'k', 'h', 'g']
Full Qwen output: [z j k h g] [[z j k h g]]
Filtered Qwen output: z j k h g
trial 2 of 10...
trial 3 of 10...
trial 4 of 10...
trial 5 of 10...
trial 6 of 10...
trial 7 of 10...
trial 8 of 10...
trial 9 of 10...
trial 10 of 10...
Problem type: 2gen_split1 - 7/20
trial 1 of 10...

=== PROMPT ===

Use the following alphabet to complete the pattern.

a b c d e f g h k j z l m n o p q r s t u y w x v i

Note that the alphabet may be in an unfamiliar order. Complete the pattern using this order. Answer with only the final answer between double brackets and nothing else.

[y w x v] [y w x v i]
[l l m m n n o o p p q q r r s s] [

--- TARGET LETTERS ---

['l', 'l', 'm', 'm', 'n', 'n', 'o', 'o', 'p', 'p', 'q', 'q', 'r', 'r', 's', 's', 't', 't']
Full Qwen output: [l l m m n n o o p p q q r r s s] [t t u u v v w w x x y y z z a a b b]  

[[t t u u v v w w x x y y z z a a b b]]
Filtered Qwen output: t t u u v v w w x x y y z z a a b b
trial 2 of 10...
trial 3 of 10...
trial 4 of 10...
trial 5 of 10...
trial 6 of 10...
trial 7 of 10...
trial 8 of 10...
trial 9 of 10...
trial 10 of 10...
Problem type: 2gen_split2 - 8/20
trial 1 of 10...

=== PROMPT ===

Use the following alphabet to complete the pattern.

a b c d e f g h k j z l m n o p q r s t u y w x v i

Note that the alphabet may be in an unfamiliar order. Complete the pattern using this order. Answer with only the final answer between double brackets and nothing else.

[e f g h] [e f g k]
[n n m m l l z z] [

--- TARGET LETTERS ---

['n', 'n', 'm', 'm', 'l', 'l', 'j', 'j']
Full Qwen output: [[n n m m l l z z] [n n m m l l z z]]
Filtered Qwen output: n n m m l l z z] [n n m m l l z z
trial 2 of 10...
trial 3 of 10...
trial 4 of 10...
trial 5 of 10...
trial 6 of 10...
trial 7 of 10...
trial 8 of 10...
trial 9 of 10...
trial 10 of 10...
Problem type: 2gen_split3 - 9/20
trial 1 of 10...

=== PROMPT ===

Use the following alphabet to complete the pattern.

a b c d e f g h k j z l m n o p q r s t u y w x v i

Note that the alphabet may be in an unfamiliar order. Complete the pattern using this order. Answer with only the final answer between double brackets and nothing else.

[g h k z j] [g h k j z]
[w x s x u x q x v x] [

--- TARGET LETTERS ---

['q', 'x', 's', 'x', 'u', 'x', 'w', 'x', 'v', 'x']
Full Qwen output: [[w x s x u x q x v x] [w x s x u x q x v x]]
Filtered Qwen output: w x s x u x q x v x] [w x s x u x q x v x
trial 2 of 10...
trial 3 of 10...
trial 4 of 10...
trial 5 of 10...
trial 6 of 10...
trial 7 of 10...
trial 8 of 10...
trial 9 of 10...
trial 10 of 10...
Problem type: 2gen_split4 - 10/20
trial 1 of 10...

=== PROMPT ===

Use the following alphabet to complete the pattern.

a b c d e f g h k j z l m n o p q r s t u y w x v i

Note that the alphabet may be in an unfamiliar order. Complete the pattern using this order. Answer with only the final answer between double brackets and nothing else.

[e f g h] [e f g k]
[25 24 23 22] [

--- TARGET LETTERS ---

[np.int64(25), np.int64(24), np.int64(23), np.int64(21)]
Full Qwen output: [[e f g j]]
Filtered Qwen output: e f g j
trial 2 of 10...
trial 3 of 10...
trial 4 of 10...
trial 5 of 10...
trial 6 of 10...
trial 7 of 10...
trial 8 of 10...
trial 9 of 10...
trial 10 of 10...
Problem type: 2gen_split5 - 11/20
trial 1 of 10...

=== PROMPT ===

Use the following alphabet to complete the pattern.

a b c d e f g h k j z l m n o p q r s t u y w x v i

Note that the alphabet may be in an unfamiliar order. Complete the pattern using this order. Answer with only the final answer between double brackets and nothing else.

[g h k j] [g h k z]
[q q p p o o n n] [

--- TARGET LETTERS ---

['q', 'q', 'p', 'p', 'o', 'o', 'm', 'm']
Full Qwen output: [[q q p p o o n n] [m m l l k k j j]]
Filtered Qwen output: q q p p o o n n] [m m l l k k j j
trial 2 of 10...
trial 3 of 10...
trial 4 of 10...
trial 5 of 10...
trial 6 of 10...
trial 7 of 10...
trial 8 of 10...
trial 9 of 10...
trial 10 of 10...
Problem type: 2gen_split6 - 12/20
trial 1 of 10...

=== PROMPT ===

Use the following alphabet to complete the pattern.

a b c d e f g h k j z l m n o p q r s t u y w x v i

Note that the alphabet may be in an unfamiliar order. Complete the pattern using this order. Answer with only the final answer between double brackets and nothing else.

[l z j m n] [j z l m n]
[18 21 20 19 22 23 24 25 26] [

--- TARGET LETTERS ---

[np.int64(18), np.int64(19), np.int64(20), np.int64(21), np.int64(22), np.int64(23), np.int64(24), np.int64(25), np.int64(26)]
Full Qwen output: [[l z j m n] [j z l m n]]
Filtered Qwen output: l z j m n] [j z l m n
trial 2 of 10...
trial 3 of 10...
trial 4 of 10...
trial 5 of 10...
trial 6 of 10...
trial 7 of 10...
trial 8 of 10...
trial 9 of 10...
trial 10 of 10...
Problem type: 2gensplit7 - 13/20
trial 1 of 10...

=== PROMPT ===

Use the following alphabet to complete the pattern.

a b c d e f g h k j z l m n o p q r s t u y w x v i

Note that the alphabet may be in an unfamiliar order. Complete the pattern using this order. Answer with only the final answer between double brackets and nothing else.

[u y w x] [t y w x]
[t x y x x x i x] [

--- TARGET LETTERS ---

['r', 'x', 'y', 'x', 'x', 'x', 'i', 'x']
Full Qwen output: [[t x y x x x i x] [s x y x x x h x]]
Filtered Qwen output: t x y x x x i x] [s x y x x x h x
trial 2 of 10...
trial 3 of 10...
trial 4 of 10...
trial 5 of 10...
trial 6 of 10...
trial 7 of 10...
trial 8 of 10...
trial 9 of 10...
trial 10 of 10...
Problem type: 3gen_split1 - 14/20
trial 1 of 10...

=== PROMPT ===

Use the following alphabet to complete the pattern.

a b c d e f g h k j z l m n o p q r s t u y w x v i

Note that the alphabet may be in an unfamiliar order. Complete the pattern using this order. Answer with only the final answer between double brackets and nothing else.

[h k j z] [h k j l]
[i i x x y y t t] [

--- TARGET LETTERS ---

['i', 'i', 'x', 'x', 'y', 'y', 'r', 'r']
Full Qwen output: [[i i x x y y t t] [i i x x y y t t]]
Filtered Qwen output: i i x x y y t t] [i i x x y y t t
trial 2 of 10...
trial 3 of 10...
trial 4 of 10...
trial 5 of 10...
trial 6 of 10...
trial 7 of 10...
trial 8 of 10...
trial 9 of 10...
trial 10 of 10...
Problem type: 3gen_split2 - 15/20
trial 1 of 10...

=== PROMPT ===

Use the following alphabet to complete the pattern.

a b c d e f g h k j z l m n o p q r s t u y w x v i

Note that the alphabet may be in an unfamiliar order. Complete the pattern using this order. Answer with only the final answer between double brackets and nothing else.

[q r s t] [p r s t]
[15 14 13 12 11 10 9 8] [

--- TARGET LETTERS ---

[np.int64(16), np.int64(14), np.int64(13), np.int64(12), np.int64(11), np.int64(10), np.int64(9), np.int64(8)]
Full Qwen output: [15 14 13 12 11 10 9 8] [16 14 13 12]  

**Final Answer:** [[16 14 13 12]]
Filtered Qwen output: 16 14 13 12
trial 2 of 10...
trial 3 of 10...
trial 4 of 10...
trial 5 of 10...
trial 6 of 10...
trial 7 of 10...
trial 8 of 10...
trial 9 of 10...
trial 10 of 10...
Problem type: 3gen_split3 - 16/20
trial 1 of 10...

=== PROMPT ===

Use the following alphabet to complete the pattern.

a b c d e f g h k j z l m n o p q r s t u y w x v i

Note that the alphabet may be in an unfamiliar order. Complete the pattern using this order. Answer with only the final answer between double brackets and nothing else.

[k j z l] [k j z m]
[u s q o m z k g] [

--- TARGET LETTERS ---

['u', 's', 'q', 'o', 'm', 'z', 'k', 'e']
Full Qwen output: [[u s q o m z k h]]
Filtered Qwen output: u s q o m z k h
trial 2 of 10...
trial 3 of 10...
trial 4 of 10...
trial 5 of 10...
trial 6 of 10...
trial 7 of 10...
trial 8 of 10...
trial 9 of 10...
trial 10 of 10...
Problem type: 3gen_split4 - 17/20
trial 1 of 10...

=== PROMPT ===

Use the following alphabet to complete the pattern.

a b c d e f g h k j z l m n o p q r s t u y w x v i

Note that the alphabet may be in an unfamiliar order. Complete the pattern using this order. Answer with only the final answer between double brackets and nothing else.

[r f g h k] [e f g h k]
[26 25 17 23 22 21 20 19 18] [

--- TARGET LETTERS ---

[np.int64(26), np.int64(25), np.int64(24), np.int64(23), np.int64(22), np.int64(21), np.int64(20), np.int64(19), np.int64(18)]
Full Qwen output: [[q r s t u]]
Filtered Qwen output: q r s t u
trial 2 of 10...
trial 3 of 10...
trial 4 of 10...
trial 5 of 10...
trial 6 of 10...
trial 7 of 10...
trial 8 of 10...
trial 9 of 10...
trial 10 of 10...
Problem type: 3gen_split5 - 18/20
trial 1 of 10...

=== PROMPT ===

Use the following alphabet to complete the pattern.

a b c d e f g h k j z l m n o p q r s t u y w x v i

Note that the alphabet may be in an unfamiliar order. Complete the pattern using this order. Answer with only the final answer between double brackets and nothing else.

[h k j z l l] [h k j z l]
[i i x x i i x x v v x x x x x x w w x x y y x x] [

--- TARGET LETTERS ---

['i', 'i', 'x', 'x', 'v', 'v', 'x', 'x', 'x', 'x', 'x', 'x', 'w', 'w', 'x', 'x', 'y', 'y', 'x', 'x']
Full Qwen output: [[i i x x i i x x v v x x x x x x w w x x y y x x] [i i x x i i x x v v x x x x x x w w x x y y x x]]
Filtered Qwen output: i i x x i i x x v v x x x x x x w w x x y y x x] [i i x x i i x x v v x x x x x x w w x x y y x x
trial 2 of 10...
trial 3 of 10...
trial 4 of 10...
trial 5 of 10...
trial 6 of 10...
trial 7 of 10...
trial 8 of 10...
trial 9 of 10...
trial 10 of 10...
Problem type: 3gen_split6 - 19/20
trial 1 of 10...

=== PROMPT ===

Use the following alphabet to complete the pattern.

a b c d e f g h k j z l m n o p q r s t u y w x v i

Note that the alphabet may be in an unfamiliar order. Complete the pattern using this order. Answer with only the final answer between double brackets and nothing else.

[y w x v] [y w x v i]
[r r x x s s x x t t x x u u x x y y x x w w x x x x x x v v x x] [

--- TARGET LETTERS ---

['r', 'r', 'x', 'x', 's', 's', 'x', 'x', 't', 't', 'x', 'x', 'u', 'u', 'x', 'x', 'y', 'y', 'x', 'x', 'w', 'w', 'x', 'x', 'x', 'x', 'x', 'x', 'v', 'v', 'x', 'x', 'i', 'i', 'x', 'x']
Full Qwen output: [[r r x x s s x x t t x x u u x x y y x x w w x x x x x x v v x x] [r r x x s s x x t t x x u u x x y y x x w w x x x x x x v v x x]]
Filtered Qwen output: r r x x s s x x t t x x u u x x y y x x w w x x x x x x v v x x] [r r x x s s x x t t x x u u x x y y x x w w x x x x x x v v x x
trial 2 of 10...
trial 3 of 10...
trial 4 of 10...
trial 5 of 10...
trial 6 of 10...
trial 7 of 10...
trial 8 of 10...
trial 9 of 10...
trial 10 of 10...
Problem type: 3gensplit7 - 20/20
trial 1 of 10...

=== PROMPT ===

Use the following alphabet to complete the pattern.

a b c d e f g h k j z l m n o p q r s t u y w x v i

Note that the alphabet may be in an unfamiliar order. Complete the pattern using this order. Answer with only the final answer between double brackets and nothing else.

[y w x v] [y w x i]
[p p x x o o x x n n x x m m x x] [

--- TARGET LETTERS ---

['p', 'p', 'x', 'x', 'o', 'o', 'x', 'x', 'n', 'n', 'x', 'x', 'l', 'l', 'x', 'x']
Full Qwen output: [[p p x x o o x x n n x x m m x x] [p p x x l l x x k k x x j j x x]]
Filtered Qwen output: p p x x o o x x n n x x m m x x] [p p x x l l x x k k x x j j x x
trial 2 of 10...
trial 3 of 10...
trial 4 of 10...
trial 5 of 10...
trial 6 of 10...
trial 7 of 10...
trial 8 of 10...
trial 9 of 10...
trial 10 of 10...
alph_6
n b c d e f g h i j r l m a k p q o s t u v w x y z
Problem type: larger_int - 1/20
trial 1 of 10...

=== PROMPT ===

Use the following alphabet to complete the pattern.

n b c d e f g h i j r l m a k p q o s t u v w x y z

Note that the alphabet may be in an unfamiliar order. Complete the pattern using this order. Answer with only the final answer between double brackets and nothing else.

[l m a k] [l m a p]
[a p o t] [

--- TARGET LETTERS ---

['a', 'p', 'o', 'v']
Full Qwen output: To solve the analogy, we need to identify the pattern between the first pair of letter groups and apply it to the second pair.

Given:

- First pair: **[l m a k]** → **[l m a p]**
- Second pair: **[a p o t]** → **[?]**

Let’s examine the first pair:

**[l m a k]** → **[l m a p]**

Compare the two groups:

- The first three letters are the same: **l, m, a**
- The fourth letter changes from **k** to **p**

So, the pattern is: **
trial 2 of 10...
trial 3 of 10...
trial 4 of 10...
trial 5 of 10...
trial 6 of 10...
trial 7 of 10...
trial 8 of 10...
trial 9 of 10...
trial 10 of 10...
Problem type: longer_targ - 2/20
trial 1 of 10...

=== PROMPT ===

Use the following alphabet to complete the pattern.

n b c d e f g h i j r l m a k p q o s t u v w x y z

Note that the alphabet may be in an unfamiliar order. Complete the pattern using this order. Answer with only the final answer between double brackets and nothing else.

[r l l m a k] [r l m a k]
[c d e f g h h i j r] [

--- TARGET LETTERS ---

['c', 'd', 'e', 'f', 'g', 'h', 'i', 'j', 'r']
Full Qwen output: [[c d e f g h i j r]]
Filtered Qwen output: c d e f g h i j r
trial 2 of 10...
trial 3 of 10...
trial 4 of 10...
trial 5 of 10...
trial 6 of 10...
trial 7 of 10...
trial 8 of 10...
trial 9 of 10...
trial 10 of 10...
Problem type: group - 3/20
trial 1 of 10...

=== PROMPT ===

Use the following alphabet to complete the pattern.

n b c d e f g h i j r l m a k p q o s t u v w x y z

Note that the alphabet may be in an unfamiliar order. Complete the pattern using this order. Answer with only the final answer between double brackets and nothing else.

[d e f g] [d e f h]
[h h i i j j r r] [

--- TARGET LETTERS ---

['h', 'h', 'i', 'i', 'j', 'j', 'l', 'l']
Full Qwen output: [[h h i i j j r r] [l l m m a a k k]]
Filtered Qwen output: h h i i j j r r] [l l m m a a k k
trial 2 of 10...
trial 3 of 10...
trial 4 of 10...
trial 5 of 10...
trial 6 of 10...
trial 7 of 10...
trial 8 of 10...
trial 9 of 10...
trial 10 of 10...
Problem type: interleaved - 4/20
trial 1 of 10...

=== PROMPT ===

Use the following alphabet to complete the pattern.

n b c d e f g h i j r l m a k p q o s t u v w x y z

Note that the alphabet may be in an unfamiliar order. Complete the pattern using this order. Answer with only the final answer between double brackets and nothing else.

[n b c y e] [n b c d e]
[i x j x r x a x m x] [

--- TARGET LETTERS ---

['i', 'x', 'j', 'x', 'r', 'x', 'l', 'x', 'm', 'x']
Full Qwen output: [i x j x r x a x m x] [i x j x k x l x m x]  

**Final Answer:** [[i x j x k x l x m x]]
Filtered Qwen output: i x j x k x l x m x
trial 2 of 10...
trial 3 of 10...
trial 4 of 10...
trial 5 of 10...
trial 6 of 10...
trial 7 of 10...
trial 8 of 10...
trial 9 of 10...
trial 10 of 10...
Problem type: letter2num - 5/20
trial 1 of 10...

=== PROMPT ===

Use the following alphabet to complete the pattern.

n b c d e f g h i j r l m a k p q o s t u v w x y z

Note that the alphabet may be in an unfamiliar order. Complete the pattern using this order. Answer with only the final answer between double brackets and nothing else.

[q o s t] [q o s t u]
[7 8 9 10] [

--- TARGET LETTERS ---

[np.int64(7), np.int64(8), np.int64(9), np.int64(10), np.int64(11)]
Full Qwen output: [[q o s t u v]]
Filtered Qwen output: q o s t u v
trial 2 of 10...
trial 3 of 10...
trial 4 of 10...
trial 5 of 10...
trial 6 of 10...
trial 7 of 10...
trial 8 of 10...
trial 9 of 10...
trial 10 of 10...
Problem type: reverse - 6/20
trial 1 of 10...

=== PROMPT ===

Use the following alphabet to complete the pattern.

n b c d e f g h i j r l m a k p q o s t u v w x y z

Note that the alphabet may be in an unfamiliar order. Complete the pattern using this order. Answer with only the final answer between double brackets and nothing else.

[j r l m] [j r l a]
[e d c b] [

--- TARGET LETTERS ---

['e', 'd', 'c', 'n']
Full Qwen output: [**e d c a**]  

Final answer: [[e d c a]]
Filtered Qwen output: e d c a
trial 2 of 10...
trial 3 of 10...
trial 4 of 10...
trial 5 of 10...
trial 6 of 10...
trial 7 of 10...
trial 8 of 10...
trial 9 of 10...
trial 10 of 10...
Problem type: 2gen_split1 - 7/20
trial 1 of 10...

=== PROMPT ===

Use the following alphabet to complete the pattern.

n b c d e f g h i j r l m a k p q o s t u v w x y z

Note that the alphabet may be in an unfamiliar order. Complete the pattern using this order. Answer with only the final answer between double brackets and nothing else.

[g l i j r] [g h i j r]
[p x j x a x m x l x] [

--- TARGET LETTERS ---

['p', 'x', 'k', 'x', 'a', 'x', 'm', 'x', 'l', 'x']
Full Qwen output: [[p x j x a x m x l x] [p x j x a x m x l x]]
Filtered Qwen output: p x j x a x m x l x] [p x j x a x m x l x
trial 2 of 10...
trial 3 of 10...
trial 4 of 10...
trial 5 of 10...
trial 6 of 10...
trial 7 of 10...
trial 8 of 10...
trial 9 of 10...
trial 10 of 10...
Problem type: 2gen_split2 - 8/20
trial 1 of 10...

=== PROMPT ===

Use the following alphabet to complete the pattern.

n b c d e f g h i j r l m a k p q o s t u v w x y z

Note that the alphabet may be in an unfamiliar order. Complete the pattern using this order. Answer with only the final answer between double brackets and nothing else.

[t u v w] [t u v x]
[15 15 16 16 17 17 18 18] [

--- TARGET LETTERS ---

[np.int64(15), np.int64(15), np.int64(16), np.int64(16), np.int64(17), np.int64(17), np.int64(19), np.int64(19)]
Full Qwen output: [15 15 16 16 17 17 18 18] [15 15 16 16 17 17 19 19]  

Final answer: [[t u v x] [t u v y]]  
[[t u v x] [t u v y]]
Filtered Qwen output: t u v x] [t u v y
trial 2 of 10...
trial 3 of 10...
trial 4 of 10...
trial 5 of 10...
trial 6 of 10...
trial 7 of 10...
trial 8 of 10...
trial 9 of 10...
trial 10 of 10...
Problem type: 2gen_split3 - 9/20
trial 1 of 10...

=== PROMPT ===

Use the following alphabet to complete the pattern.

n b c d e f g h i j r l m a k p q o s t u v w x y z

Note that the alphabet may be in an unfamiliar order. Complete the pattern using this order. Answer with only the final answer between double brackets and nothing else.

[q o s t] [p o s t]
[k x q x s x u x] [

--- TARGET LETTERS ---

['m', 'x', 'q', 'x', 's', 'x', 'u', 'x']
Full Qwen output: [k x q x s x u x] [l x r x t x v x]  

Final answer: [[l x r x t x v x]]  
[[l x r x t x v x]]
Filtered Qwen output: l x r x t x v x
trial 2 of 10...
trial 3 of 10...
trial 4 of 10...
trial 5 of 10...
trial 6 of 10...
trial 7 of 10...
trial 8 of 10...
trial 9 of 10...
trial 10 of 10...
Problem type: 2gen_split4 - 10/20
trial 1 of 10...

=== PROMPT ===

Use the following alphabet to complete the pattern.

n b c d e f g h i j r l m a k p q o s t u v w x y z

Note that the alphabet may be in an unfamiliar order. Complete the pattern using this order. Answer with only the final answer between double brackets and nothing else.

[a k p q] [m k p q]
[h x i x j x r x l x m x a x k x] [

--- TARGET LETTERS ---

['g', 'x', 'i', 'x', 'j', 'x', 'r', 'x', 'l', 'x', 'm', 'x', 'a', 'x', 'k', 'x']
Full Qwen output: [h x i x j x r x l x m x a x k x] [h x i x j x r x l x m x a x k x]  

Final answer: [[h x i x j x r x l x m x a x k x] [h x i x j x r x l x m x a x k x]]
Filtered Qwen output: h x i x j x r x l x m x a x k x] [h x i x j x r x l x m x a x k x
trial 2 of 10...
trial 3 of 10...
trial 4 of 10...
trial 5 of 10...
trial 6 of 10...
trial 7 of 10...
trial 8 of 10...
trial 9 of 10...
trial 10 of 10...
Problem type: 2gen_split5 - 11/20
trial 1 of 10...

=== PROMPT ===

Use the following alphabet to complete the pattern.

n b c d e f g h i j r l m a k p q o s t u v w x y z

Note that the alphabet may be in an unfamiliar order. Complete the pattern using this order. Answer with only the final answer between double brackets and nothing else.

[j r l m] [j r l a]
[11 0 12 0 13 0 14 0] [

--- TARGET LETTERS ---

[np.int64(11), '0', np.int64(12), '0', np.int64(13), '0', np.int64(15), '0']
Full Qwen output: [11 0 12 0 13 0 14 0] [11 0 12 0 13 0 15 0]  

Final answer: [[11 0 12 0 13 0 15 0]]
Filtered Qwen output: 11 0 12 0 13 0 15 0
trial 2 of 10...
trial 3 of 10...
trial 4 of 10...
trial 5 of 10...
trial 6 of 10...
trial 7 of 10...
trial 8 of 10...
trial 9 of 10...
trial 10 of 10...
Problem type: 2gen_split6 - 12/20
trial 1 of 10...

=== PROMPT ===

Use the following alphabet to complete the pattern.

n b c d e f g h i j r l m a k p q o s t u v w x y z

Note that the alphabet may be in an unfamiliar order. Complete the pattern using this order. Answer with only the final answer between double brackets and nothing else.

[l m a k] [l m a p]
[c c d d e e f f g g h h i i j j] [

--- TARGET LETTERS ---

['c', 'c', 'd', 'd', 'e', 'e', 'f', 'f', 'g', 'g', 'h', 'h', 'i', 'i', 'r', 'r']
Full Qwen output: [[c c d d e e f f g g h h i i j j k k]]
Filtered Qwen output: c c d d e e f f g g h h i i j j k k
trial 2 of 10...
trial 3 of 10...
trial 4 of 10...
trial 5 of 10...
trial 6 of 10...
trial 7 of 10...
trial 8 of 10...
trial 9 of 10...
trial 10 of 10...
Problem type: 2gensplit7 - 13/20
trial 1 of 10...

=== PROMPT ===

Use the following alphabet to complete the pattern.

n b c d e f g h i j r l m a k p q o s t u v w x y z

Note that the alphabet may be in an unfamiliar order. Complete the pattern using this order. Answer with only the final answer between double brackets and nothing else.

[q o s t] [q o s u]
[4 5 6 7 8 9 10 11] [

--- TARGET LETTERS ---

[np.int64(4), np.int64(5), np.int64(6), np.int64(7), np.int64(8), np.int64(9), np.int64(10), np.int64(12)]
Full Qwen output: [4 5 6 7 8 9 10 11] [4 5 6 8]  

**Final Answer:** [[q o s u] [q o s t]] → [[4 5 6 8] [4 5 6 7]]  
**Answer:** [[q o s u] [q o s t]] → [[4 5 6 8] [4 5 6 7]]  

**Final Answer:** [[q o s u] [q o s t]] → [[4 5 6 8] [4
Filtered Qwen output: q o s u] [q o s t
trial 2 of 10...
trial 3 of 10...
trial 4 of 10...
trial 5 of 10...
trial 6 of 10...
trial 7 of 10...
trial 8 of 10...
trial 9 of 10...
trial 10 of 10...
Problem type: 3gen_split1 - 14/20
trial 1 of 10...

=== PROMPT ===

Use the following alphabet to complete the pattern.

n b c d e f g h i j r l m a k p q o s t u v w x y z

Note that the alphabet may be in an unfamiliar order. Complete the pattern using this order. Answer with only the final answer between double brackets and nothing else.

[l m a k] [r m a k]
[20 19 18 17 16 15 14 13] [

--- TARGET LETTERS ---

[np.int64(21), np.int64(19), np.int64(18), np.int64(17), np.int64(16), np.int64(15), np.int64(14), np.int64(13)]
Full Qwen output: [[p q o s]]
Filtered Qwen output: p q o s
trial 2 of 10...
trial 3 of 10...
trial 4 of 10...
trial 5 of 10...
trial 6 of 10...
trial 7 of 10...
trial 8 of 10...
trial 9 of 10...
trial 10 of 10...
Problem type: 3gen_split2 - 15/20
trial 1 of 10...

=== PROMPT ===

Use the following alphabet to complete the pattern.

n b c d e f g h i j r l m a k p q o s t u v w x y z

Note that the alphabet may be in an unfamiliar order. Complete the pattern using this order. Answer with only the final answer between double brackets and nothing else.

[o s t g v] [o s t u v]
[15 15 0 0 16 16 0 0 17 17 0 0 6 6 0 0 19 19 0 0] [

--- TARGET LETTERS ---

[np.int64(15), np.int64(15), '0', '0', np.int64(16), np.int64(16), '0', '0', np.int64(17), np.int64(17), '0', '0', np.int64(18), np.int64(18), '0', '0', np.int64(19), np.int64(19), '0', '0']
Full Qwen output: [[o s t u v]]
Filtered Qwen output: o s t u v
trial 2 of 10...
trial 3 of 10...
trial 4 of 10...
trial 5 of 10...
trial 6 of 10...
trial 7 of 10...
trial 8 of 10...
trial 9 of 10...
trial 10 of 10...
Problem type: 3gen_split3 - 16/20
trial 1 of 10...

=== PROMPT ===

Use the following alphabet to complete the pattern.

n b c d e f g h i j r l m a k p q o s t u v w x y z

Note that the alphabet may be in an unfamiliar order. Complete the pattern using this order. Answer with only the final answer between double brackets and nothing else.

[a k p y o] [a k p q o]
[p p k k o o m m l l r r j j i i h h] [

--- TARGET LETTERS ---

['p', 'p', 'k', 'k', 'a', 'a', 'm', 'm', 'l', 'l', 'r', 'r', 'j', 'j', 'i', 'i', 'h', 'h']
Full Qwen output: [[p p k k o o m m l l r r j j i i h h] [p p k k o o m m l l r r j j i i h h]]
Filtered Qwen output: p p k k o o m m l l r r j j i i h h] [p p k k o o m m l l r r j j i i h h
trial 2 of 10...
trial 3 of 10...
trial 4 of 10...
trial 5 of 10...
trial 6 of 10...
trial 7 of 10...
trial 8 of 10...
trial 9 of 10...
trial 10 of 10...
Problem type: 3gen_split4 - 17/20
trial 1 of 10...

=== PROMPT ===

Use the following alphabet to complete the pattern.

n b c d e f g h i j r l m a k p q o s t u v w x y z

Note that the alphabet may be in an unfamiliar order. Complete the pattern using this order. Answer with only the final answer between double brackets and nothing else.

[s t u v] [s t u w]
[12 12 14 14 16 16 18 18] [

--- TARGET LETTERS ---

[np.int64(12), np.int64(12), np.int64(14), np.int64(14), np.int64(16), np.int64(16), np.int64(20), np.int64(20)]
Full Qwen output: [12 12 14 14 16 16 18 18] [12 12 14 14 16 16 18 20]  

Final answer: [[s t u v] [s t u w]] → [[12 12 14 14 16 16 18 18] [12 12 14 14 16 16 18 20]]

Answer: [[12 12 14
Filtered Qwen output: s t u v] [s t u w
trial 2 of 10...
trial 3 of 10...
trial 4 of 10...
trial 5 of 10...
trial 6 of 10...
trial 7 of 10...
trial 8 of 10...
trial 9 of 10...
trial 10 of 10...
Problem type: 3gen_split5 - 18/20
trial 1 of 10...

=== PROMPT ===

Use the following alphabet to complete the pattern.

n b c d e f g h i j r l m a k p q o s t u v w x y z

Note that the alphabet may be in an unfamiliar order. Complete the pattern using this order. Answer with only the final answer between double brackets and nothing else.

[i j r l] [i j r m]
[m m r r i i g g] [

--- TARGET LETTERS ---

['m', 'm', 'r', 'r', 'i', 'i', 'e', 'e']
Full Qwen output: [[m m r r i i g g] [m m r r i i g g]]
Filtered Qwen output: m m r r i i g g] [m m r r i i g g
trial 2 of 10...
trial 3 of 10...
trial 4 of 10...
trial 5 of 10...
trial 6 of 10...
trial 7 of 10...
trial 8 of 10...
trial 9 of 10...
trial 10 of 10...
Problem type: 3gen_split6 - 19/20
trial 1 of 10...

=== PROMPT ===

Use the following alphabet to complete the pattern.

n b c d e f g h i j r l m a k p q o s t u v w x y z

Note that the alphabet may be in an unfamiliar order. Complete the pattern using this order. Answer with only the final answer between double brackets and nothing else.

[k p q o] [k p q s]
[8 10 12 14 16 18 20 22] [

--- TARGET LETTERS ---

[np.int64(8), np.int64(10), np.int64(12), np.int64(14), np.int64(16), np.int64(18), np.int64(20), np.int64(24)]
Full Qwen output: To solve the analogy, we need to understand the relationship between the first group of letters and the second group of letters, using the given alphabet order:

**Alphabet order:**  
n b c d e f g h i j r l m a k p q o s t u v w x y z

Let's map each letter to its position in this custom alphabet:

1. n  
2. b  
3. c  
4. d  
5. e  
6. f  
7. g  
8. h  
9. i  
10. j  
11. r  
12. l  
1
trial 2 of 10...
trial 3 of 10...
trial 4 of 10...
trial 5 of 10...
trial 6 of 10...
trial 7 of 10...
trial 8 of 10...
trial 9 of 10...
trial 10 of 10...
Problem type: 3gensplit7 - 20/20
trial 1 of 10...

=== PROMPT ===

Use the following alphabet to complete the pattern.

n b c d e f g h i j r l m a k p q o s t u v w x y z

Note that the alphabet may be in an unfamiliar order. Complete the pattern using this order. Answer with only the final answer between double brackets and nothing else.

[d e b g h] [d e f g h]
[9 0 10 0 11 0 12 0 13 0 1 0 15 0 16 0 17 0] [

--- TARGET LETTERS ---

[np.int64(9), '0', np.int64(10), '0', np.int64(11), '0', np.int64(12), '0', np.int64(13), '0', np.int64(14), '0', np.int64(15), '0', np.int64(16), '0', np.int64(17), '0']
Full Qwen output: To solve this analogy, we need to understand the relationship between the two given patterns:

1. **First pattern (letters):**  
   `[d e b g h] [d e f g h]`

2. **Second pattern (numbers):**  
   `[9 0 10 0 11 0 12 0 13 0 1 0 15 0 16 0 17 0]`

---

### Step 1: Map the letters to their positions in the given alphabet

Given alphabet:  
**n b c d e f g
trial 2 of 10...
trial 3 of 10...
trial 4 of 10...
trial 5 of 10...
trial 6 of 10...
trial 7 of 10...
trial 8 of 10...
trial 9 of 10...
trial 10 of 10...
Saved ./Qwen_Qwen3-14B_prob_predictions_multi_alph/gen/Qwen_Qwen3-14B_letterstring_results_5_multi_alph_gptprobs_minimal.npz
Total time: 3138.5766673088074 seconds.
srun: Step created for StepId=16224998.2
Loading model Qwen/Qwen3-14B...
GPU memory available: 39.49 GB
`torch_dtype` is deprecated! Use `dtype` instead!
Flash Attention 2 not available (FlashAttention2 has been toggled on, but it cannot be used due to the following error: the package flash_attn seems to be not installed. Please refer to the documentation of https://huggingface.co/docs/transformers/perf_infer_gpu_one#flashattention-2 to install Flash Attention 2.), using default attention
Loading checkpoint shards:   0%|          | 0/8 [00:00<?, ?it/s]Loading checkpoint shards:  12%|█▎        | 1/8 [00:01<00:12,  1.72s/it]Loading checkpoint shards:  25%|██▌       | 2/8 [00:03<00:10,  1.73s/it]Loading checkpoint shards:  38%|███▊      | 3/8 [00:05<00:08,  1.73s/it]Loading checkpoint shards:  50%|█████     | 4/8 [00:06<00:06,  1.73s/it]Loading checkpoint shards:  62%|██████▎   | 5/8 [00:08<00:05,  1.72s/it]Loading checkpoint shards:  75%|███████▌  | 6/8 [00:10<00:03,  1.71s/it]Loading checkpoint shards:  88%|████████▊ | 7/8 [00:12<00:01,  1.71s/it]Loading checkpoint shards: 100%|██████████| 8/8 [00:12<00:00,  1.43s/it]Loading checkpoint shards: 100%|██████████| 8/8 [00:12<00:00,  1.60s/it]
Model loaded with default attention
Model device: cuda:0
GPU memory allocated: 27.51 GB, reserved: 27.51 GB
Model loaded. Loading tokenizer...
Model Qwen/Qwen3-14B and tokenizer loaded.
alph_0
a q c d e o g h i n k l m u f p y r s t w v b x z j
Problem type: larger_int - 1/20
trial 1 of 10...

=== PROMPT ===

Use the following alphabet to complete the pattern.

a q c d e o g h i n k l m u f p y r s t w v b x z j

Note that the alphabet may be in an unfamiliar order. Complete the pattern using this order. Answer with only the final answer between double brackets and nothing else.

[g h i n] [o h i n]
[o h n l] [

--- TARGET LETTERS ---

['d', 'h', 'n', 'l']
The following generation flags are not valid and may be ignored: ['temperature', 'top_k']. Set `TRANSFORMERS_VERBOSITY=info` for more details.
Full Qwen output: To solve the analogy, we need to identify the pattern between the given letter groups using the provided alphabet order:

**Alphabet order:**  
a q c d e o g h i n k l m u f p y r s t w v b x z j

We are given:

**[g h i n] [o h i n]**  
**[o h n l] [? ? ? ?]**

Let's analyze the first pair:  
**[g h i n] [o h i n]**

Compare the two groups:
- g → o
- h → h
- i → i
trial 2 of 10...
trial 3 of 10...
trial 4 of 10...
trial 5 of 10...
trial 6 of 10...
trial 7 of 10...
trial 8 of 10...
trial 9 of 10...
trial 10 of 10...
Problem type: longer_targ - 2/20
trial 1 of 10...

=== PROMPT ===

Use the following alphabet to complete the pattern.

a q c d e o g h i n k l m u f p y r s t w v b x z j

Note that the alphabet may be in an unfamiliar order. Complete the pattern using this order. Answer with only the final answer between double brackets and nothing else.

[n k l m u u] [n k l m u]
[r s t w v v b x z j] [

--- TARGET LETTERS ---

['r', 's', 't', 'w', 'v', 'b', 'x', 'z', 'j']
Full Qwen output: [[r s t w v v b x z j] [r s t w v]]
Filtered Qwen output: r s t w v v b x z j] [r s t w v
trial 2 of 10...
trial 3 of 10...
trial 4 of 10...
trial 5 of 10...
trial 6 of 10...
trial 7 of 10...
trial 8 of 10...
trial 9 of 10...
trial 10 of 10...
Problem type: group - 3/20
trial 1 of 10...

=== PROMPT ===

Use the following alphabet to complete the pattern.

a q c d e o g h i n k l m u f p y r s t w v b x z j

Note that the alphabet may be in an unfamiliar order. Complete the pattern using this order. Answer with only the final answer between double brackets and nothing else.

[t w v b] [s w v b]
[y y r r s s t t] [

--- TARGET LETTERS ---

['p', 'p', 'r', 'r', 's', 's', 't', 't']
Full Qwen output: [[y y r r s s t t] [y y r r s s t t]]
Filtered Qwen output: y y r r s s t t] [y y r r s s t t
trial 2 of 10...
trial 3 of 10...
trial 4 of 10...
trial 5 of 10...
trial 6 of 10...
trial 7 of 10...
trial 8 of 10...
trial 9 of 10...
trial 10 of 10...
Problem type: interleaved - 4/20
trial 1 of 10...

=== PROMPT ===

Use the following alphabet to complete the pattern.

a q c d e o g h i n k l m u f p y r s t w v b x z j

Note that the alphabet may be in an unfamiliar order. Complete the pattern using this order. Answer with only the final answer between double brackets and nothing else.

[r z t w v] [r s t w v]
[d x f x p x y x r x] [

--- TARGET LETTERS ---

['u', 'x', 'f', 'x', 'p', 'x', 'y', 'x', 'r', 'x']
Full Qwen output: [d x f x p x y x r x] [d x f x p x y x s x]  

Final answer: [[d x f x p x y x r x] [d x f x p x y x s x]]
Filtered Qwen output: d x f x p x y x r x] [d x f x p x y x s x
trial 2 of 10...
trial 3 of 10...
trial 4 of 10...
trial 5 of 10...
trial 6 of 10...
trial 7 of 10...
trial 8 of 10...
trial 9 of 10...
trial 10 of 10...
Problem type: letter2num - 5/20
trial 1 of 10...

=== PROMPT ===

Use the following alphabet to complete the pattern.

a q c d e o g h i n k l m u f p y r s t w v b x z j

Note that the alphabet may be in an unfamiliar order. Complete the pattern using this order. Answer with only the final answer between double brackets and nothing else.

[k l m u] [k l m f]
[1 2 3 4] [

--- TARGET LETTERS ---

[np.int64(1), np.int64(2), np.int64(3), np.int64(5)]
Full Qwen output: [[k l m f] [k l m u]]
Filtered Qwen output: k l m f] [k l m u
trial 2 of 10...
trial 3 of 10...
trial 4 of 10...
trial 5 of 10...
trial 6 of 10...
trial 7 of 10...
trial 8 of 10...
trial 9 of 10...
trial 10 of 10...
Problem type: reverse - 6/20
trial 1 of 10...

=== PROMPT ===

Use the following alphabet to complete the pattern.

a q c d e o g h i n k l m u f p y r s t w v b x z j

Note that the alphabet may be in an unfamiliar order. Complete the pattern using this order. Answer with only the final answer between double brackets and nothing else.

[q c d e e o] [q c d e o]
[j j z x b v] [

--- TARGET LETTERS ---

['j', 'z', 'x', 'b', 'v']
Full Qwen output: [[j z x b v]]
Filtered Qwen output: j z x b v
trial 2 of 10...
trial 3 of 10...
trial 4 of 10...
trial 5 of 10...
trial 6 of 10...
trial 7 of 10...
trial 8 of 10...
trial 9 of 10...
trial 10 of 10...
Problem type: 2gen_split1 - 7/20
trial 1 of 10...

=== PROMPT ===

Use the following alphabet to complete the pattern.

a q c d e o g h i n k l m u f p y r s t w v b x z j

Note that the alphabet may be in an unfamiliar order. Complete the pattern using this order. Answer with only the final answer between double brackets and nothing else.

[k l m f u] [k l m u f]
[b b s s w w y y z z] [

--- TARGET LETTERS ---

['y', 'y', 's', 's', 'w', 'w', 'b', 'b', 'z', 'z']
Full Qwen output: [b b s s w w y y z z] [b b s s w w y y z z]  

Final answer: [[b b s s w w y y z z] [b b s s w w y y z z]]
Filtered Qwen output: b b s s w w y y z z] [b b s s w w y y z z
trial 2 of 10...
trial 3 of 10...
trial 4 of 10...
trial 5 of 10...
trial 6 of 10...
trial 7 of 10...
trial 8 of 10...
trial 9 of 10...
trial 10 of 10...
Problem type: 2gen_split2 - 8/20
trial 1 of 10...

=== PROMPT ===

Use the following alphabet to complete the pattern.

a q c d e o g h i n k l m u f p y r s t w v b x z j

Note that the alphabet may be in an unfamiliar order. Complete the pattern using this order. Answer with only the final answer between double brackets and nothing else.

[k l o u f] [k l m u f]
[l x u x p x r x h x] [

--- TARGET LETTERS ---

['l', 'x', 'u', 'x', 'p', 'x', 'r', 'x', 't', 'x']
Full Qwen output: [[l x u x p x r x h x] [l x u x p x r x h x]]
Filtered Qwen output: l x u x p x r x h x] [l x u x p x r x h x
trial 2 of 10...
trial 3 of 10...
trial 4 of 10...
trial 5 of 10...
trial 6 of 10...
trial 7 of 10...
trial 8 of 10...
trial 9 of 10...
trial 10 of 10...
Problem type: 2gen_split3 - 9/20
trial 1 of 10...

=== PROMPT ===

Use the following alphabet to complete the pattern.

a q c d e o g h i n k l m u f p y r s t w v b x z j

Note that the alphabet may be in an unfamiliar order. Complete the pattern using this order. Answer with only the final answer between double brackets and nothing else.

[y r s t] [y r s t w]
[o x g x h x i x n x k x l x m x] [

--- TARGET LETTERS ---

['o', 'x', 'g', 'x', 'h', 'x', 'i', 'x', 'n', 'x', 'k', 'x', 'l', 'x', 'm', 'x', 'u', 'x']
Full Qwen output: [ o x g x h x i x n x k x l x m x ] [ o x g x h x i x n x k x l x m x w ]  

Final answer: [[o x g x h x i x n x k x l x m x w]]
Filtered Qwen output: o x g x h x i x n x k x l x m x w
trial 2 of 10...
trial 3 of 10...
trial 4 of 10...
trial 5 of 10...
trial 6 of 10...
trial 7 of 10...
trial 8 of 10...
trial 9 of 10...
trial 10 of 10...
Problem type: 2gen_split4 - 10/20
trial 1 of 10...

=== PROMPT ===

Use the following alphabet to complete the pattern.

a q c d e o g h i n k l m u f p y r s t w v b x z j

Note that the alphabet may be in an unfamiliar order. Complete the pattern using this order. Answer with only the final answer between double brackets and nothing else.

[i n k l] [i n k m]
[k k x x l l x x m m x x u u x x] [

--- TARGET LETTERS ---

['k', 'k', 'x', 'x', 'l', 'l', 'x', 'x', 'm', 'm', 'x', 'x', 'f', 'f', 'x', 'x']
Full Qwen output: To solve the pattern, we need to analyze the given sequences and determine the relationship between them using the provided alphabet order:

**Alphabet order:**  
a q c d e o g h i n k l m u f p y r s t w v b x z j

We are given:

**[i n k l] [i n k m]**

Then:

**[k k x x l l x x m m x x u u x x] [? ? ? ? ? ? ? ? ? ? ? ? ? ? ? ?]**

---

### Step 1: Analyze the first two groups
trial 2 of 10...
trial 3 of 10...
trial 4 of 10...
trial 5 of 10...
trial 6 of 10...
trial 7 of 10...
trial 8 of 10...
trial 9 of 10...
trial 10 of 10...
Problem type: 2gen_split5 - 11/20
trial 1 of 10...

=== PROMPT ===

Use the following alphabet to complete the pattern.

a q c d e o g h i n k l m u f p y r s t w v b x z j

Note that the alphabet may be in an unfamiliar order. Complete the pattern using this order. Answer with only the final answer between double brackets and nothing else.

[s t w v o] [s t w v b]
[e e d d c c q q u u] [

--- TARGET LETTERS ---

['e', 'e', 'd', 'd', 'c', 'c', 'q', 'q', 'a', 'a']
Full Qwen output: [e e d d c c q q u u] [e e d d c c q q u u]  

[[e e d d c c q q u u] [e e d d c c q q u u]]
Filtered Qwen output: e e d d c c q q u u] [e e d d c c q q u u
trial 2 of 10...
trial 3 of 10...
trial 4 of 10...
trial 5 of 10...
trial 6 of 10...
trial 7 of 10...
trial 8 of 10...
trial 9 of 10...
trial 10 of 10...
Problem type: 2gen_split6 - 12/20
trial 1 of 10...

=== PROMPT ===

Use the following alphabet to complete the pattern.

a q c d e o g h i n k l m u f p y r s t w v b x z j

Note that the alphabet may be in an unfamiliar order. Complete the pattern using this order. Answer with only the final answer between double brackets and nothing else.

[e d o g h] [d e o g h]
[6 10 8 12 14] [

--- TARGET LETTERS ---

[np.int64(6), np.int64(8), np.int64(10), np.int64(12), np.int64(14)]
Full Qwen output: To solve the analogy, we need to understand the pattern between the first group of letters and the second group of numbers.

Given:

- First group of letters: **[e d o g h]**
- Second group of letters: **[d e o g h]**
- Corresponding numbers: **[6 10 8 12 14]**

We are to find the pattern between the letters and the numbers using the given custom alphabet:

**a q c d e o g h i n k l m u f p y r s t w v b x z j**

Let's assign positions to
trial 2 of 10...
trial 3 of 10...
trial 4 of 10...
trial 5 of 10...
trial 6 of 10...
trial 7 of 10...
trial 8 of 10...
trial 9 of 10...
trial 10 of 10...
Problem type: 2gensplit7 - 13/20
trial 1 of 10...

=== PROMPT ===

Use the following alphabet to complete the pattern.

a q c d e o g h i n k l m u f p y r s t w v b x z j

Note that the alphabet may be in an unfamiliar order. Complete the pattern using this order. Answer with only the final answer between double brackets and nothing else.

[t w v b] [t w v x]
[12 14 16 18] [

--- TARGET LETTERS ---

[np.int64(12), np.int64(14), np.int64(16), np.int64(20)]
Full Qwen output: [12 14 16 19]  

**Explanation:**  
The given alphabet is:  
**a q c d e o g h i n k l m u f p y r s t w v b x z j**

We are given:  
**[t w v b] [t w v x]**  
and the numerical pattern:  
**[12 14 16 18] [? ? ? ?]**

First, map the letters to their positions in the given alphabet:

1. a  
2. q  
3. c  
4. d  
5
trial 2 of 10...
trial 3 of 10...
trial 4 of 10...
trial 5 of 10...
trial 6 of 10...
trial 7 of 10...
trial 8 of 10...
trial 9 of 10...
trial 10 of 10...
Problem type: 3gen_split1 - 14/20
trial 1 of 10...

=== PROMPT ===

Use the following alphabet to complete the pattern.

a q c d e o g h i n k l m u f p y r s t w v b x z j

Note that the alphabet may be in an unfamiliar order. Complete the pattern using this order. Answer with only the final answer between double brackets and nothing else.

[m u f p] [m u f y]
[19 0 18 0 17 0 16 0] [

--- TARGET LETTERS ---

[np.int64(19), '0', np.int64(18), '0', np.int64(17), '0', np.int64(15), '0']
Full Qwen output: [[m u f p] [m u f y]  
[19 0 18 0 17 0 16 0] [19 0 18 0 17 0 16 0 24 0]  

The pattern appears to be adding a new element at the end of the second sequence, following the same structure. The final answer is:

[[m u f p] [m u f y] [m u f p y]]  

Final answer: [[m u f p y]]  

[[m u f p y]]
Filtered Qwen output: m u f p] [m u f y]  
[19 0 18 0 17 0 16 0] [19 0 18 0 17 0 16 0 24 0]  

The pattern appears to be adding a new element at the end of the second sequence, following the same structure. The final answer is:

[[m u f p] [m u f y] [m u f p y
trial 2 of 10...
trial 3 of 10...
trial 4 of 10...
trial 5 of 10...
trial 6 of 10...
trial 7 of 10...
trial 8 of 10...
trial 9 of 10...
trial 10 of 10...
Problem type: 3gen_split2 - 15/20
trial 1 of 10...

=== PROMPT ===

Use the following alphabet to complete the pattern.

a q c d e o g h i n k l m u f p y r s t w v b x z j

Note that the alphabet may be in an unfamiliar order. Complete the pattern using this order. Answer with only the final answer between double brackets and nothing else.

[h i n k] [h i n k l]
[d d x x e e x x o o x x g g x x h h x x i i x x n n x x k k x x] [

--- TARGET LETTERS ---

['d', 'd', 'x', 'x', 'e', 'e', 'x', 'x', 'o', 'o', 'x', 'x', 'g', 'g', 'x', 'x', 'h', 'h', 'x', 'x', 'i', 'i', 'x', 'x', 'n', 'n', 'x', 'x', 'k', 'k', 'x', 'x', 'l', 'l', 'x', 'x']
Full Qwen output: [[d d x x e e x x o o x x g g x x h h x x i i x x n n x x k k x x]]
Filtered Qwen output: d d x x e e x x o o x x g g x x h h x x i i x x n n x x k k x x
trial 2 of 10...
trial 3 of 10...
trial 4 of 10...
trial 5 of 10...
trial 6 of 10...
trial 7 of 10...
trial 8 of 10...
trial 9 of 10...
trial 10 of 10...
Problem type: 3gen_split3 - 16/20
trial 1 of 10...

=== PROMPT ===

Use the following alphabet to complete the pattern.

a q c d e o g h i n k l m u f p y r s t w v b x z j

Note that the alphabet may be in an unfamiliar order. Complete the pattern using this order. Answer with only the final answer between double brackets and nothing else.

[p y b s t] [p y r s t]
[1 3 5 26 9 11 13 15 17] [

--- TARGET LETTERS ---

[np.int64(1), np.int64(3), np.int64(5), np.int64(7), np.int64(9), np.int64(11), np.int64(13), np.int64(15), np.int64(17)]
Full Qwen output: To solve the analogy, we need to understand the pattern between the two groups of letters:  
**[p y b s t]** and **[p y r s t]**.

Let’s look at the positions of the letters in the given alphabet:

**Alphabet order:**
1. a  
2. q  
3. c  
4. d  
5. e  
6. o  
7. g  
8. h  
9. i  
10. n  
11. k  
12. l  
13. m  
14. u  
15. f  
16. p
trial 2 of 10...
trial 3 of 10...
trial 4 of 10...
trial 5 of 10...
trial 6 of 10...
trial 7 of 10...
trial 8 of 10...
trial 9 of 10...
trial 10 of 10...
Problem type: 3gen_split4 - 17/20
trial 1 of 10...

=== PROMPT ===

Use the following alphabet to complete the pattern.

a q c d e o g h i n k l m u f p y r s t w v b x z j

Note that the alphabet may be in an unfamiliar order. Complete the pattern using this order. Answer with only the final answer between double brackets and nothing else.

[o g h i] [o g h n]
[26 25 24 23 22 21 20 19] [

--- TARGET LETTERS ---

[np.int64(26), np.int64(25), np.int64(24), np.int64(23), np.int64(22), np.int64(21), np.int64(20), np.int64(18)]
Full Qwen output: To solve the analogy, we need to understand the pattern in the given sequence using the provided custom alphabet:

**Custom Alphabet:**
a q c d e o g h i n k l m u f p y r s t w v b x z j

Let's assign positions to each letter in this custom alphabet:

1. a  
2. q  
3. c  
4. d  
5. e  
6. o  
7. g  
8. h  
9. i  
10. n  
11. k  
12. l  
13. m  
14. u  
15
trial 2 of 10...
trial 3 of 10...
trial 4 of 10...
trial 5 of 10...
trial 6 of 10...
trial 7 of 10...
trial 8 of 10...
trial 9 of 10...
trial 10 of 10...
Problem type: 3gen_split5 - 18/20
trial 1 of 10...

=== PROMPT ===

Use the following alphabet to complete the pattern.

a q c d e o g h i n k l m u f p y r s t w v b x z j

Note that the alphabet may be in an unfamiliar order. Complete the pattern using this order. Answer with only the final answer between double brackets and nothing else.

[x b v z j] [v b x z j]
[1 0 8 0 3 0 4 0 5 0 6 0 7 0 2 0 9 0] [

--- TARGET LETTERS ---

[np.int64(1), '0', np.int64(2), '0', np.int64(3), '0', np.int64(4), '0', np.int64(5), '0', np.int64(6), '0', np.int64(7), '0', np.int64(8), '0', np.int64(9), '0']
Full Qwen output: [0 0 0 0 0 0 0 0 0 0 0 0 0 0 0 0 0 0]  

[[x b v z j] [v b x z j]]  
The second group is a rearrangement of the first group. The pattern appears to be reversing the order of the first group.  

First group: [x b v z j]  
Second group: [v b x z j]  

This is not a perfect reverse, but it seems the first and third elements are swapped. Applying the same logic to the number sequence:
Filtered Qwen output: x b v z j] [v b x z j
trial 2 of 10...
trial 3 of 10...
trial 4 of 10...
trial 5 of 10...
trial 6 of 10...
trial 7 of 10...
trial 8 of 10...
trial 9 of 10...
trial 10 of 10...
Problem type: 3gen_split6 - 19/20
trial 1 of 10...

=== PROMPT ===

Use the following alphabet to complete the pattern.

a q c d e o g h i n k l m u f p y r s t w v b x z j

Note that the alphabet may be in an unfamiliar order. Complete the pattern using this order. Answer with only the final answer between double brackets and nothing else.

[m u f p] [m u f y]
[r x p x u x l x] [

--- TARGET LETTERS ---

['r', 'x', 'p', 'x', 'u', 'x', 'n', 'x']
Full Qwen output: [[r x p x u x l x] [r x p x u x l x]]
Filtered Qwen output: r x p x u x l x] [r x p x u x l x
trial 2 of 10...
trial 3 of 10...
trial 4 of 10...
trial 5 of 10...
trial 6 of 10...
trial 7 of 10...
trial 8 of 10...
trial 9 of 10...
trial 10 of 10...
Problem type: 3gensplit7 - 20/20
trial 1 of 10...

=== PROMPT ===

Use the following alphabet to complete the pattern.

a q c d e o g h i n k l m u f p y r s t w v b x z j

Note that the alphabet may be in an unfamiliar order. Complete the pattern using this order. Answer with only the final answer between double brackets and nothing else.

[g h i n n k] [g h i n k]
[11 9 7 5 3 3] [

--- TARGET LETTERS ---

[np.int64(11), np.int64(9), np.int64(7), np.int64(5), np.int64(3)]
Full Qwen output: To solve the pattern, we need to understand the relationship between the letter sequence and the number sequence.

### Step 1: Map the letters to their positions in the given alphabet

Given alphabet:  
**a q c d e o g h i n k l m u f p y r s t w v b x z j**

Let's assign positions from 1 to 25:

1. a  
2. q  
3. c  
4. d  
5. e  
6. o  
7. g  
8. h  
9. i  
10. n  
11. k  
12
trial 2 of 10...
trial 3 of 10...
trial 4 of 10...
trial 5 of 10...
trial 6 of 10...
trial 7 of 10...
trial 8 of 10...
trial 9 of 10...
trial 10 of 10...
alph_1
a b c q e f g y i o k l t n x p h r s u d v w m j z
Problem type: larger_int - 1/20
trial 1 of 10...

=== PROMPT ===

Use the following alphabet to complete the pattern.

a b c q e f g y i o k l t n x p h r s u d v w m j z

Note that the alphabet may be in an unfamiliar order. Complete the pattern using this order. Answer with only the final answer between double brackets and nothing else.

[u d v m w] [u d v w m]
[r u m v z] [

--- TARGET LETTERS ---

['r', 'u', 'v', 'm', 'z']
Full Qwen output: [[r u m v z] [r u m v z]]
Filtered Qwen output: r u m v z] [r u m v z
trial 2 of 10...
trial 3 of 10...
trial 4 of 10...
trial 5 of 10...
trial 6 of 10...
trial 7 of 10...
trial 8 of 10...
trial 9 of 10...
trial 10 of 10...
Problem type: longer_targ - 2/20
trial 1 of 10...

=== PROMPT ===

Use the following alphabet to complete the pattern.

a b c q e f g y i o k l t n x p h r s u d v w m j z

Note that the alphabet may be in an unfamiliar order. Complete the pattern using this order. Answer with only the final answer between double brackets and nothing else.

[u d v m w] [u d v w m]
[h r s u d j w m v] [

--- TARGET LETTERS ---

['h', 'r', 's', 'u', 'd', 'v', 'w', 'm', 'j']
Full Qwen output: [[h r s u d j w m v] [h r s u d j w m v]]
Filtered Qwen output: h r s u d j w m v] [h r s u d j w m v
trial 2 of 10...
trial 3 of 10...
trial 4 of 10...
trial 5 of 10...
trial 6 of 10...
trial 7 of 10...
trial 8 of 10...
trial 9 of 10...
trial 10 of 10...
Problem type: group - 3/20
trial 1 of 10...

=== PROMPT ===

Use the following alphabet to complete the pattern.

a b c q e f g y i o k l t n x p h r s u d v w m j z

Note that the alphabet may be in an unfamiliar order. Complete the pattern using this order. Answer with only the final answer between double brackets and nothing else.

[g y i o] [g y i k]
[v v w w m m j j] [

--- TARGET LETTERS ---

['v', 'v', 'w', 'w', 'm', 'm', 'z', 'z']
Full Qwen output: [[v v w w m m j j] [v v w w m m j j]]
Filtered Qwen output: v v w w m m j j] [v v w w m m j j
trial 2 of 10...
trial 3 of 10...
trial 4 of 10...
trial 5 of 10...
trial 6 of 10...
trial 7 of 10...
trial 8 of 10...
trial 9 of 10...
trial 10 of 10...
Problem type: interleaved - 4/20
trial 1 of 10...

=== PROMPT ===

Use the following alphabet to complete the pattern.

a b c q e f g y i o k l t n x p h r s u d v w m j z

Note that the alphabet may be in an unfamiliar order. Complete the pattern using this order. Answer with only the final answer between double brackets and nothing else.

[g y i o] [g y i o k]
[x x p x h x r x] [

--- TARGET LETTERS ---

['x', 'x', 'p', 'x', 'h', 'x', 'r', 'x', 's', 'x']
Full Qwen output: [[x x p x h x r x] [x x p x h x r x k]]
Filtered Qwen output: x x p x h x r x] [x x p x h x r x k
trial 2 of 10...
trial 3 of 10...
trial 4 of 10...
trial 5 of 10...
trial 6 of 10...
trial 7 of 10...
trial 8 of 10...
trial 9 of 10...
trial 10 of 10...
Problem type: letter2num - 5/20
trial 1 of 10...

=== PROMPT ===

Use the following alphabet to complete the pattern.

a b c q e f g y i o k l t n x p h r s u d v w m j z

Note that the alphabet may be in an unfamiliar order. Complete the pattern using this order. Answer with only the final answer between double brackets and nothing else.

[k o i l t] [i o k l t]
[17 18 20 19 21] [

--- TARGET LETTERS ---

[np.int64(17), np.int64(18), np.int64(19), np.int64(20), np.int64(21)]
Full Qwen output: [[k o i l t] [i o k l t]  
[17 18 20 19 21] [18 19 17 20 21]]

The second group is a rearrangement of the first group, and the numbers follow the same pattern. The next group should be a rearrangement of the second group.

Looking at the pattern:
- First group: [k o i l t] → positions: 17, 18, 20, 19, 21  
- Second group: [i o k l
Filtered Qwen output: k o i l t] [i o k l t]  
[17 18 20 19 21] [18 19 17 20 21
trial 2 of 10...
trial 3 of 10...
trial 4 of 10...
trial 5 of 10...
trial 6 of 10...
trial 7 of 10...
trial 8 of 10...
trial 9 of 10...
trial 10 of 10...
Problem type: reverse - 6/20
trial 1 of 10...

=== PROMPT ===

Use the following alphabet to complete the pattern.

a b c q e f g y i o k l t n x p h r s u d v w m j z

Note that the alphabet may be in an unfamiliar order. Complete the pattern using this order. Answer with only the final answer between double brackets and nothing else.

[d v w m] [u v w m]
[j m w v] [

--- TARGET LETTERS ---

['z', 'm', 'w', 'v']
Full Qwen output: [j m w v] [k m w v]  

Final answer: [[k m w v]]
Filtered Qwen output: k m w v
trial 2 of 10...
trial 3 of 10...
trial 4 of 10...
trial 5 of 10...
trial 6 of 10...
trial 7 of 10...
trial 8 of 10...
trial 9 of 10...
trial 10 of 10...
Problem type: 2gen_split1 - 7/20
trial 1 of 10...

=== PROMPT ===

Use the following alphabet to complete the pattern.

a b c q e f g y i o k l t n x p h r s u d v w m j z

Note that the alphabet may be in an unfamiliar order. Complete the pattern using this order. Answer with only the final answer between double brackets and nothing else.

[a b c q] [a b c q e]
[15 17 19 21] [

--- TARGET LETTERS ---

[np.int64(15), np.int64(17), np.int64(19), np.int64(21), np.int64(23)]
Full Qwen output: [15 17 19 21] [15 17 19 21 23]  

Final answer: [[15 17 19 21] [15 17 19 21 23]]
Filtered Qwen output: 15 17 19 21] [15 17 19 21 23
trial 2 of 10...
trial 3 of 10...
trial 4 of 10...
trial 5 of 10...
trial 6 of 10...
trial 7 of 10...
trial 8 of 10...
trial 9 of 10...
trial 10 of 10...
Problem type: 2gen_split2 - 8/20
trial 1 of 10...

=== PROMPT ===

Use the following alphabet to complete the pattern.

a b c q e f g y i o k l t n x p h r s u d v w m j z

Note that the alphabet may be in an unfamiliar order. Complete the pattern using this order. Answer with only the final answer between double brackets and nothing else.

[f g o i y] [f g y i o]
[b x c x i x e x f x g x y x q x o x] [

--- TARGET LETTERS ---

['b', 'x', 'c', 'x', 'q', 'x', 'e', 'x', 'f', 'x', 'g', 'x', 'y', 'x', 'i', 'x', 'o', 'x']
Full Qwen output: [b x c x i x e x f x g x y x q x o x] [b x c x i x e x f x g x y x q x o x]  

The pattern is repeating the same sequence.  

Final answer: [[b x c x i x e x f x g x y x q x o x] [b x c x i x e x f x g x y x q x o x]]
Filtered Qwen output: b x c x i x e x f x g x y x q x o x] [b x c x i x e x f x g x y x q x o x
trial 2 of 10...
trial 3 of 10...
trial 4 of 10...
trial 5 of 10...
trial 6 of 10...
trial 7 of 10...
trial 8 of 10...
trial 9 of 10...
trial 10 of 10...
Problem type: 2gen_split3 - 9/20
trial 1 of 10...

=== PROMPT ===

Use the following alphabet to complete the pattern.

a b c q e f g y i o k l t n x p h r s u d v w m j z

Note that the alphabet may be in an unfamiliar order. Complete the pattern using this order. Answer with only the final answer between double brackets and nothing else.

[u d v w] [s d v w]
[o o x x k k x x l l x x t t x x] [

--- TARGET LETTERS ---

['i', 'i', 'x', 'x', 'k', 'k', 'x', 'x', 'l', 'l', 'x', 'x', 't', 't', 'x', 'x']
Full Qwen output: [[o o x x k k x x l l x x t t x x] [o o x x k k x x l l x x t t x x]]
Filtered Qwen output: o o x x k k x x l l x x t t x x] [o o x x k k x x l l x x t t x x
trial 2 of 10...
trial 3 of 10...
trial 4 of 10...
trial 5 of 10...
trial 6 of 10...
trial 7 of 10...
trial 8 of 10...
trial 9 of 10...
trial 10 of 10...
Problem type: 2gen_split4 - 10/20
trial 1 of 10...

=== PROMPT ===

Use the following alphabet to complete the pattern.

a b c q e f g y i o k l t n x p h r s u d v w m j z

Note that the alphabet may be in an unfamiliar order. Complete the pattern using this order. Answer with only the final answer between double brackets and nothing else.

[v w d j z] [v w m j z]
[d d s s r r h h p p] [

--- TARGET LETTERS ---

['u', 'u', 's', 's', 'r', 'r', 'h', 'h', 'p', 'p']
Full Qwen output: [[d d s s r r h h p p] [d d s s r r h h p p]]
Filtered Qwen output: d d s s r r h h p p] [d d s s r r h h p p
trial 2 of 10...
trial 3 of 10...
trial 4 of 10...
trial 5 of 10...
trial 6 of 10...
trial 7 of 10...
trial 8 of 10...
trial 9 of 10...
trial 10 of 10...
Problem type: 2gen_split5 - 11/20
trial 1 of 10...

=== PROMPT ===

Use the following alphabet to complete the pattern.

a b c q e f g y i o k l t n x p h r s u d v w m j z

Note that the alphabet may be in an unfamiliar order. Complete the pattern using this order. Answer with only the final answer between double brackets and nothing else.

[i o k l] [i o k l t]
[j x m x w x v x] [

--- TARGET LETTERS ---

['j', 'x', 'm', 'x', 'w', 'x', 'v', 'x', 'd', 'x']
Full Qwen output: [j x m x w x v x] [j x m x w x v x u x]  

Final answer: [[j x m x w x v x u x]]  

Answer: [[j x m x w x v x u x]]
Filtered Qwen output: j x m x w x v x u x
trial 2 of 10...
trial 3 of 10...
trial 4 of 10...
trial 5 of 10...
trial 6 of 10...
trial 7 of 10...
trial 8 of 10...
trial 9 of 10...
trial 10 of 10...
Problem type: 2gen_split6 - 12/20
trial 1 of 10...

=== PROMPT ===

Use the following alphabet to complete the pattern.

a b c q e f g y i o k l t n x p h r s u d v w m j z

Note that the alphabet may be in an unfamiliar order. Complete the pattern using this order. Answer with only the final answer between double brackets and nothing else.

[h r s u] [p r s u]
[s s u u d d v v w w m m j j z z] [

--- TARGET LETTERS ---

['r', 'r', 'u', 'u', 'd', 'd', 'v', 'v', 'w', 'w', 'm', 'm', 'j', 'j', 'z', 'z']
Full Qwen output: [s s u u d d v v w w m m j j z z] [s s u u d d v v w w m m j j z z]  

[[s s u u d d v v w w m m j j z z] [s s u u d d v v w w m m j j z z]]
Filtered Qwen output: s s u u d d v v w w m m j j z z] [s s u u d d v v w w m m j j z z
trial 2 of 10...
trial 3 of 10...
trial 4 of 10...
trial 5 of 10...
trial 6 of 10...
trial 7 of 10...
trial 8 of 10...
trial 9 of 10...
trial 10 of 10...
Problem type: 2gensplit7 - 13/20
trial 1 of 10...

=== PROMPT ===

Use the following alphabet to complete the pattern.

a b c q e f g y i o k l t n x p h r s u d v w m j z

Note that the alphabet may be in an unfamiliar order. Complete the pattern using this order. Answer with only the final answer between double brackets and nothing else.

[s u d v] [s u d w]
[3 0 4 0 5 0 6 0] [

--- TARGET LETTERS ---

[np.int64(3), '0', np.int64(4), '0', np.int64(5), '0', np.int64(7), '0']
Full Qwen output: To solve the pattern, we need to understand the relationship between the letter strings and the number sequences.

Given:
- Letter sequence: **[s u d v]** and **[s u d w]**
- Number sequence: **[3 0 4 0 5 0 6 0]** and **[? ? ? ? ? ? ? ?]**

### Step 1: Map letters to their positions in the given alphabet

Given alphabet:  
**a b c q e f g y i o k l t n x p h r s u d v w m j z**

Let's assign positions
trial 2 of 10...
trial 3 of 10...
trial 4 of 10...
trial 5 of 10...
trial 6 of 10...
trial 7 of 10...
trial 8 of 10...
trial 9 of 10...
trial 10 of 10...
Problem type: 3gen_split1 - 14/20
trial 1 of 10...

=== PROMPT ===

Use the following alphabet to complete the pattern.

a b c q e f g y i o k l t n x p h r s u d v w m j z

Note that the alphabet may be in an unfamiliar order. Complete the pattern using this order. Answer with only the final answer between double brackets and nothing else.

[l t n x] [l t n p]
[y x o x l x n x p x r x u x v x] [

--- TARGET LETTERS ---

['y', 'x', 'o', 'x', 'l', 'x', 'n', 'x', 'p', 'x', 'r', 'x', 'u', 'x', 'm', 'x']
Full Qwen output: To solve this analogy, we need to understand the pattern between the first pair of letter groups and apply it to the second.

### Step 1: Analyze the first pair
First group: **[l t n x]**  
Second group: **[l t n p]**

Compare the two:
- The first three letters are the same: **l, t, n**
- The fourth letter changes from **x** to **p**

So, the pattern seems to be: **[l t n x] → [l t n p]**

This suggests that the fourth letter is being changed from **x** to
trial 2 of 10...
trial 3 of 10...
trial 4 of 10...
trial 5 of 10...
trial 6 of 10...
trial 7 of 10...
trial 8 of 10...
trial 9 of 10...
trial 10 of 10...
Problem type: 3gen_split2 - 15/20
trial 1 of 10...

=== PROMPT ===

Use the following alphabet to complete the pattern.

a b c q e f g y i o k l t n x p h r s u d v w m j z

Note that the alphabet may be in an unfamiliar order. Complete the pattern using this order. Answer with only the final answer between double brackets and nothing else.

[v w m j] [v w m j z]
[17 0 19 0 21 0 23 0] [

--- TARGET LETTERS ---

[np.int64(17), '0', np.int64(19), '0', np.int64(21), '0', np.int64(23), '0', np.int64(25), '0']
Full Qwen output: [[v w m j z]]
Filtered Qwen output: v w m j z
trial 2 of 10...
trial 3 of 10...
trial 4 of 10...
trial 5 of 10...
trial 6 of 10...
trial 7 of 10...
trial 8 of 10...
trial 9 of 10...
trial 10 of 10...
Problem type: 3gen_split3 - 16/20
trial 1 of 10...

=== PROMPT ===

Use the following alphabet to complete the pattern.

a b c q e f g y i o k l t n x p h r s u d v w m j z

Note that the alphabet may be in an unfamiliar order. Complete the pattern using this order. Answer with only the final answer between double brackets and nothing else.

[g y i o] [g y i o k]
[r r x x h h x x p p x x x x x x] [

--- TARGET LETTERS ---

['r', 'r', 'x', 'x', 'h', 'h', 'x', 'x', 'p', 'p', 'x', 'x', 'x', 'x', 'x', 'x', 'n', 'n', 'x', 'x']
Full Qwen output: [[r r x x h h x x p p x x x x x x] [r r x x h h x x p p x x x x x x k]]
Filtered Qwen output: r r x x h h x x p p x x x x x x] [r r x x h h x x p p x x x x x x k
trial 2 of 10...
trial 3 of 10...
trial 4 of 10...
trial 5 of 10...
trial 6 of 10...
trial 7 of 10...
trial 8 of 10...
trial 9 of 10...
trial 10 of 10...
Problem type: 3gen_split4 - 17/20
trial 1 of 10...

=== PROMPT ===

Use the following alphabet to complete the pattern.

a b c q e f g y i o k l t n x p h r s u d v w m j z

Note that the alphabet may be in an unfamiliar order. Complete the pattern using this order. Answer with only the final answer between double brackets and nothing else.

[y i t k l] [y i o k l]
[6 0 5 0 4 0 3 0 1 0] [

--- TARGET LETTERS ---

[np.int64(6), '0', np.int64(5), '0', np.int64(4), '0', np.int64(3), '0', np.int64(2), '0']
Full Qwen output: [[y i o k l] [y i t k l]]
Filtered Qwen output: y i o k l] [y i t k l
trial 2 of 10...
trial 3 of 10...
trial 4 of 10...
trial 5 of 10...
trial 6 of 10...
trial 7 of 10...
trial 8 of 10...
trial 9 of 10...
trial 10 of 10...
Problem type: 3gen_split5 - 18/20
trial 1 of 10...

=== PROMPT ===

Use the following alphabet to complete the pattern.

a b c q e f g y i o k l t n x p h r s u d v w m j z

Note that the alphabet may be in an unfamiliar order. Complete the pattern using this order. Answer with only the final answer between double brackets and nothing else.

[n x p h] [n x p r]
[n n l l o o y y] [

--- TARGET LETTERS ---

['n', 'n', 'l', 'l', 'o', 'o', 'f', 'f']
Full Qwen output: [[n x p h] [n x p r]  
[n n l l o o y y] [n n l l o o y y]]
Filtered Qwen output: n x p h] [n x p r]  
[n n l l o o y y] [n n l l o o y y
trial 2 of 10...
trial 3 of 10...
trial 4 of 10...
trial 5 of 10...
trial 6 of 10...
trial 7 of 10...
trial 8 of 10...
trial 9 of 10...
trial 10 of 10...
Problem type: 3gen_split6 - 19/20
trial 1 of 10...

=== PROMPT ===

Use the following alphabet to complete the pattern.

a b c q e f g y i o k l t n x p h r s u d v w m j z

Note that the alphabet may be in an unfamiliar order. Complete the pattern using this order. Answer with only the final answer between double brackets and nothing else.

[b c q e] [a c q e]
[e e g g i i k k t t x x h h s s] [

--- TARGET LETTERS ---

['c', 'c', 'g', 'g', 'i', 'i', 'k', 'k', 't', 't', 'x', 'x', 'h', 'h', 's', 's']
Full Qwen output: [[e e g g i i k k t t x x h h s s] [e e g g i i k k t t x x h h s s]]
Filtered Qwen output: e e g g i i k k t t x x h h s s] [e e g g i i k k t t x x h h s s
trial 2 of 10...
trial 3 of 10...
trial 4 of 10...
trial 5 of 10...
trial 6 of 10...
trial 7 of 10...
trial 8 of 10...
trial 9 of 10...
trial 10 of 10...
Problem type: 3gensplit7 - 20/20
trial 1 of 10...

=== PROMPT ===

Use the following alphabet to complete the pattern.

a b c q e f g y i o k l t n x p h r s u d v w m j z

Note that the alphabet may be in an unfamiliar order. Complete the pattern using this order. Answer with only the final answer between double brackets and nothing else.

[n x p h] [t x p h]
[23 23 0 0 24 24 0 0 25 25 0 0 26 26 0 0] [

--- TARGET LETTERS ---

[np.int64(22), np.int64(22), '0', '0', np.int64(24), np.int64(24), '0', '0', np.int64(25), np.int64(25), '0', '0', np.int64(26), np.int64(26), '0', '0']
Full Qwen output: To solve the pattern, we need to understand the relationship between the letter groups and the number sequence.

### Step 1: Understand the letter order
The given alphabet is:

**a b c q e f g y i o k l t n x p h r s u d v w m j z**

Let’s assign positions to each letter in this order:

| Position | Letter |
|----------|--------|
| 1        | a      |
| 2        | b      |
| 3        | c      |
| 4        | q      |
| 5        | e      |
| 6
trial 2 of 10...
trial 3 of 10...
trial 4 of 10...
trial 5 of 10...
trial 6 of 10...
trial 7 of 10...
trial 8 of 10...
trial 9 of 10...
trial 10 of 10...
alph_2
c b v h e f g d r j k l m n o p q y s t u x a w i z
Problem type: larger_int - 1/20
trial 1 of 10...

=== PROMPT ===

Use the following alphabet to complete the pattern.

c b v h e f g d r j k l m n o p q y s t u x a w i z

Note that the alphabet may be in an unfamiliar order. Complete the pattern using this order. Answer with only the final answer between double brackets and nothing else.

[b v h e] [b v h e f]
[d j l n] [

--- TARGET LETTERS ---

['d', 'j', 'l', 'n', 'p']
Full Qwen output: [d j l n] [d j l n o]  

Final answer: [[d j l n o]]
Filtered Qwen output: d j l n o
trial 2 of 10...
trial 3 of 10...
trial 4 of 10...
trial 5 of 10...
trial 6 of 10...
trial 7 of 10...
trial 8 of 10...
trial 9 of 10...
trial 10 of 10...
Problem type: longer_targ - 2/20
trial 1 of 10...

=== PROMPT ===

Use the following alphabet to complete the pattern.

c b v h e f g d r j k l m n o p q y s t u x a w i z

Note that the alphabet may be in an unfamiliar order. Complete the pattern using this order. Answer with only the final answer between double brackets and nothing else.

[o p q y] [o p q s]
[q y s t u x a w] [

--- TARGET LETTERS ---

['q', 'y', 's', 't', 'u', 'x', 'a', 'i']
Full Qwen output: [[q y s t u x a w] [i z c b v h e f g d r j k l m n o p q y]]
Filtered Qwen output: q y s t u x a w] [i z c b v h e f g d r j k l m n o p q y
trial 2 of 10...
trial 3 of 10...
trial 4 of 10...
trial 5 of 10...
trial 6 of 10...
trial 7 of 10...
trial 8 of 10...
trial 9 of 10...
trial 10 of 10...
Problem type: group - 3/20
trial 1 of 10...

=== PROMPT ===

Use the following alphabet to complete the pattern.

c b v h e f g d r j k l m n o p q y s t u x a w i z

Note that the alphabet may be in an unfamiliar order. Complete the pattern using this order. Answer with only the final answer between double brackets and nothing else.

[e f g d] [e f g d r]
[x x a a w w i i] [

--- TARGET LETTERS ---

['x', 'x', 'a', 'a', 'w', 'w', 'i', 'i', 'z', 'z']
Full Qwen output: [[x x a a w w i i z z]]
Filtered Qwen output: x x a a w w i i z z
trial 2 of 10...
trial 3 of 10...
trial 4 of 10...
trial 5 of 10...
trial 6 of 10...
trial 7 of 10...
trial 8 of 10...
trial 9 of 10...
trial 10 of 10...
Problem type: interleaved - 4/20
trial 1 of 10...

=== PROMPT ===

Use the following alphabet to complete the pattern.

c b v h e f g d r j k l m n o p q y s t u x a w i z

Note that the alphabet may be in an unfamiliar order. Complete the pattern using this order. Answer with only the final answer between double brackets and nothing else.

[f g d l j] [f g d r j]
[x x a x w x i x h x] [

--- TARGET LETTERS ---

['x', 'x', 'a', 'x', 'w', 'x', 'i', 'x', 'z', 'x']
Full Qwen output: [[x x a x w x i x h x] [x x a x w x i x h x]]
Filtered Qwen output: x x a x w x i x h x] [x x a x w x i x h x
trial 2 of 10...
trial 3 of 10...
trial 4 of 10...
trial 5 of 10...
trial 6 of 10...
trial 7 of 10...
trial 8 of 10...
trial 9 of 10...
trial 10 of 10...
Problem type: letter2num - 5/20
trial 1 of 10...

=== PROMPT ===

Use the following alphabet to complete the pattern.

c b v h e f g d r j k l m n o p q y s t u x a w i z

Note that the alphabet may be in an unfamiliar order. Complete the pattern using this order. Answer with only the final answer between double brackets and nothing else.

[x a w i] [x a w z]
[8 9 10 11] [

--- TARGET LETTERS ---

[np.int64(8), np.int64(9), np.int64(10), np.int64(12)]
Full Qwen output: [[x a w i] [x a w z]  
[8 9 10 11] [12 13 14 15]]  

The pattern is based on the position of letters in the given alphabet. Let's find the positions of the letters in the custom alphabet:

**Custom alphabet:**  
c (1), b (2), v (3), h (4), e (5), f (6), g (7), d (8), r (9), j (10), k (11), l (12), m (13), n (
Filtered Qwen output: x a w i] [x a w z]  
[8 9 10 11] [12 13 14 15
trial 2 of 10...
trial 3 of 10...
trial 4 of 10...
trial 5 of 10...
trial 6 of 10...
trial 7 of 10...
trial 8 of 10...
trial 9 of 10...
trial 10 of 10...
Problem type: reverse - 6/20
trial 1 of 10...

=== PROMPT ===

Use the following alphabet to complete the pattern.

c b v h e f g d r j k l m n o p q y s t u x a w i z

Note that the alphabet may be in an unfamiliar order. Complete the pattern using this order. Answer with only the final answer between double brackets and nothing else.

[n o o p q y] [n o p q y]
[w a x x u t] [

--- TARGET LETTERS ---

['w', 'a', 'x', 'u', 't']
Full Qwen output: [[w a x u t]]
Filtered Qwen output: w a x u t
trial 2 of 10...
trial 3 of 10...
trial 4 of 10...
trial 5 of 10...
trial 6 of 10...
trial 7 of 10...
trial 8 of 10...
trial 9 of 10...
trial 10 of 10...
Problem type: 2gen_split1 - 7/20
trial 1 of 10...

=== PROMPT ===

Use the following alphabet to complete the pattern.

c b v h e f g d r j k l m n o p q y s t u x a w i z

Note that the alphabet may be in an unfamiliar order. Complete the pattern using this order. Answer with only the final answer between double brackets and nothing else.

[c b v h w] [c b v h e]
[u u y y t t x x w w] [

--- TARGET LETTERS ---

['p', 'p', 'y', 'y', 't', 't', 'x', 'x', 'w', 'w']
Full Qwen output: [[u u y y t t x x w w] [u u y y t t x x w w]]
Filtered Qwen output: u u y y t t x x w w] [u u y y t t x x w w
trial 2 of 10...
trial 3 of 10...
trial 4 of 10...
trial 5 of 10...
trial 6 of 10...
trial 7 of 10...
trial 8 of 10...
trial 9 of 10...
trial 10 of 10...
Problem type: 2gen_split2 - 8/20
trial 1 of 10...

=== PROMPT ===

Use the following alphabet to complete the pattern.

c b v h e f g d r j k l m n o p q y s t u x a w i z

Note that the alphabet may be in an unfamiliar order. Complete the pattern using this order. Answer with only the final answer between double brackets and nothing else.

[x a m i z] [x a w i z]
[i i w w a a q q u u] [

--- TARGET LETTERS ---

['i', 'i', 'w', 'w', 'a', 'a', 'x', 'x', 'u', 'u']
Full Qwen output: [i i w w a a q q u u] [i i w w a a q q u u]
trial 2 of 10...
trial 3 of 10...
trial 4 of 10...
trial 5 of 10...
trial 6 of 10...
trial 7 of 10...
trial 8 of 10...
trial 9 of 10...
trial 10 of 10...
Problem type: 2gen_split3 - 9/20
trial 1 of 10...

=== PROMPT ===

Use the following alphabet to complete the pattern.

c b v h e f g d r j k l m n o p q y s t u x a w i z

Note that the alphabet may be in an unfamiliar order. Complete the pattern using this order. Answer with only the final answer between double brackets and nothing else.

[r j k l] [r j k m]
[c x b x v x h x e x f x g x d x] [

--- TARGET LETTERS ---

['c', 'x', 'b', 'x', 'v', 'x', 'h', 'x', 'e', 'x', 'f', 'x', 'g', 'x', 'r', 'x']
Full Qwen output: [[c x b x v x h x e x f x g x d x] [c x b x v x h x e x f x g x d x]]
Filtered Qwen output: c x b x v x h x e x f x g x d x] [c x b x v x h x e x f x g x d x
trial 2 of 10...
trial 3 of 10...
trial 4 of 10...
trial 5 of 10...
trial 6 of 10...
trial 7 of 10...
trial 8 of 10...
trial 9 of 10...
trial 10 of 10...
Problem type: 2gen_split4 - 10/20
trial 1 of 10...

=== PROMPT ===

Use the following alphabet to complete the pattern.

c b v h e f g d r j k l m n o p q y s t u x a w i z

Note that the alphabet may be in an unfamiliar order. Complete the pattern using this order. Answer with only the final answer between double brackets and nothing else.

[u x a w i i] [u x a w i]
[j x k x l x m x n x n x o x p x q x y x] [

--- TARGET LETTERS ---

['j', 'x', 'k', 'x', 'l', 'x', 'm', 'x', 'n', 'x', 'o', 'x', 'p', 'x', 'q', 'x', 'y', 'x']
Full Qwen output: [[j x k x l x m x n x o x p x q x y x]]
Filtered Qwen output: j x k x l x m x n x o x p x q x y x
trial 2 of 10...
trial 3 of 10...
trial 4 of 10...
trial 5 of 10...
trial 6 of 10...
trial 7 of 10...
trial 8 of 10...
trial 9 of 10...
trial 10 of 10...
Problem type: 2gen_split5 - 11/20
trial 1 of 10...

=== PROMPT ===

Use the following alphabet to complete the pattern.

c b v h e f g d r j k l m n o p q y s t u x a w i z

Note that the alphabet may be in an unfamiliar order. Complete the pattern using this order. Answer with only the final answer between double brackets and nothing else.

[c b v h h e] [c b v h e]
[21 21 22 22 22 22 23 23 24 24 25 25] [

--- TARGET LETTERS ---

[np.int64(21), np.int64(21), np.int64(22), np.int64(22), np.int64(23), np.int64(23), np.int64(24), np.int64(24), np.int64(25), np.int64(25)]
Full Qwen output: [c b v h h e] [c b v h e]  
[21 21 22 22 22 22 23 23 24 24 25 25]  

The first part of the pattern is a string of letters, and the second part is a sequence of numbers. The numbers likely correspond to the positions of the letters in the given alphabet.

Given alphabet:  
**c b v h e f g d r j k l m n o p q y s t u x a w i z**

Let's assign positions (1
trial 2 of 10...
trial 3 of 10...
trial 4 of 10...
trial 5 of 10...
trial 6 of 10...
trial 7 of 10...
trial 8 of 10...
trial 9 of 10...
trial 10 of 10...
Problem type: 2gen_split6 - 12/20
trial 1 of 10...

=== PROMPT ===

Use the following alphabet to complete the pattern.

c b v h e f g d r j k l m n o p q y s t u x a w i z

Note that the alphabet may be in an unfamiliar order. Complete the pattern using this order. Answer with only the final answer between double brackets and nothing else.

[b v h e] [c v h e]
[g r k m o q s u] [

--- TARGET LETTERS ---

['e', 'r', 'k', 'm', 'o', 'q', 's', 'u']
Full Qwen output: [[g r k m o q s u] [g r k m o q s u]]
Filtered Qwen output: g r k m o q s u] [g r k m o q s u
trial 2 of 10...
trial 3 of 10...
trial 4 of 10...
trial 5 of 10...
trial 6 of 10...
trial 7 of 10...
trial 8 of 10...
trial 9 of 10...
trial 10 of 10...
Problem type: 2gensplit7 - 13/20
trial 1 of 10...

=== PROMPT ===

Use the following alphabet to complete the pattern.

c b v h e f g d r j k l m n o p q y s t u x a w i z

Note that the alphabet may be in an unfamiliar order. Complete the pattern using this order. Answer with only the final answer between double brackets and nothing else.

[t a x u w] [t u x a w]
[j l n w y t x p z] [

--- TARGET LETTERS ---

['j', 'l', 'n', 'p', 'y', 't', 'x', 'w', 'z']
Full Qwen output: [j l n w y t x p z] [j l n w y t x p z]  

The second group is the same as the first group, so the pattern is repeating.  

Final answer: [[j l n w y t x p z] [j l n w y t x p z]]
Filtered Qwen output: j l n w y t x p z] [j l n w y t x p z
trial 2 of 10...
trial 3 of 10...
trial 4 of 10...
trial 5 of 10...
trial 6 of 10...
trial 7 of 10...
trial 8 of 10...
trial 9 of 10...
trial 10 of 10...
Problem type: 3gen_split1 - 14/20
trial 1 of 10...

=== PROMPT ===

Use the following alphabet to complete the pattern.

c b v h e f g d r j k l m n o p q y s t u x a w i z

Note that the alphabet may be in an unfamiliar order. Complete the pattern using this order. Answer with only the final answer between double brackets and nothing else.

[c b v h] [c b v e]
[16 16 15 15 14 14 13 13] [

--- TARGET LETTERS ---

[np.int64(16), np.int64(16), np.int64(15), np.int64(15), np.int64(14), np.int64(14), np.int64(12), np.int64(12)]
Full Qwen output: [[c b v h] [c b v e]  
[16 16 15 15 14 14 13 13] [16 16 15 15 14 14 13 13]]

The pattern appears to be repeating the sequence [c b v h] and [c b v e], and the numbers correspond to the positions of the letters in the given alphabet.

Given alphabet:  
**c b v h e f g d r j k l m n o p q y s t u x a w
Filtered Qwen output: c b v h] [c b v e]  
[16 16 15 15 14 14 13 13] [16 16 15 15 14 14 13 13
trial 2 of 10...
trial 3 of 10...
trial 4 of 10...
trial 5 of 10...
trial 6 of 10...
trial 7 of 10...
trial 8 of 10...
trial 9 of 10...
trial 10 of 10...
Problem type: 3gen_split2 - 15/20
trial 1 of 10...

=== PROMPT ===

Use the following alphabet to complete the pattern.

c b v h e f g d r j k l m n o p q y s t u x a w i z

Note that the alphabet may be in an unfamiliar order. Complete the pattern using this order. Answer with only the final answer between double brackets and nothing else.

[x a w i] [x a w i z]
[i x a x u x] [

--- TARGET LETTERS ---

['i', 'x', 'a', 'x', 'u', 'x', 's', 'x']
Full Qwen output: [[i x a x u x] [i x a x u x z]]
Filtered Qwen output: i x a x u x] [i x a x u x z
trial 2 of 10...
trial 3 of 10...
trial 4 of 10...
trial 5 of 10...
trial 6 of 10...
trial 7 of 10...
trial 8 of 10...
trial 9 of 10...
trial 10 of 10...
Problem type: 3gen_split3 - 16/20
trial 1 of 10...

=== PROMPT ===

Use the following alphabet to complete the pattern.

c b v h e f g d r j k l m n o p q y s t u x a w i z

Note that the alphabet may be in an unfamiliar order. Complete the pattern using this order. Answer with only the final answer between double brackets and nothing else.

[d r j l k] [d r j k l]
[9 0 13 0 11 0 15 0 17 0] [

--- TARGET LETTERS ---

[np.int64(9), '0', np.int64(11), '0', np.int64(13), '0', np.int64(15), '0', np.int64(17), '0']
Full Qwen output: [[d r j k l]]
Filtered Qwen output: d r j k l
trial 2 of 10...
trial 3 of 10...
trial 4 of 10...
trial 5 of 10...
trial 6 of 10...
trial 7 of 10...
trial 8 of 10...
trial 9 of 10...
trial 10 of 10...
Problem type: 3gen_split4 - 17/20
trial 1 of 10...

=== PROMPT ===

Use the following alphabet to complete the pattern.

c b v h e f g d r j k l m n o p q y s t u x a w i z

Note that the alphabet may be in an unfamiliar order. Complete the pattern using this order. Answer with only the final answer between double brackets and nothing else.

[b v h e] [c v h e]
[18 18 0 0 19 19 0 0 20 20 0 0 21 21 0 0] [

--- TARGET LETTERS ---

[np.int64(17), np.int64(17), '0', '0', np.int64(19), np.int64(19), '0', '0', np.int64(20), np.int64(20), '0', '0', np.int64(21), np.int64(21), '0', '0']
Full Qwen output: [b v h e] [c v h e]  
[18 18 0 0 19 19 0 0 20 20 0 0 21 21 0 0] [**22 22 0 0**]  

Final answer: [[22 22 0 0]]
Filtered Qwen output: 22 22 0 0
trial 2 of 10...
trial 3 of 10...
trial 4 of 10...
trial 5 of 10...
trial 6 of 10...
trial 7 of 10...
trial 8 of 10...
trial 9 of 10...
trial 10 of 10...
Problem type: 3gen_split5 - 18/20
trial 1 of 10...

=== PROMPT ===

Use the following alphabet to complete the pattern.

c b v h e f g d r j k l m n o p q y s t u x a w i z

Note that the alphabet may be in an unfamiliar order. Complete the pattern using this order. Answer with only the final answer between double brackets and nothing else.

[y s t u] [q s t u]
[t t y y p p n n] [

--- TARGET LETTERS ---

['x', 'x', 'y', 'y', 'p', 'p', 'n', 'n']
Full Qwen output: [[t t y y p p n n] [t t y y p p n n]]
Filtered Qwen output: t t y y p p n n] [t t y y p p n n
trial 2 of 10...
trial 3 of 10...
trial 4 of 10...
trial 5 of 10...
trial 6 of 10...
trial 7 of 10...
trial 8 of 10...
trial 9 of 10...
trial 10 of 10...
Problem type: 3gen_split6 - 19/20
trial 1 of 10...

=== PROMPT ===

Use the following alphabet to complete the pattern.

c b v h e f g d r j k l m n o p q y s t u x a w i z

Note that the alphabet may be in an unfamiliar order. Complete the pattern using this order. Answer with only the final answer between double brackets and nothing else.

[r j f l m] [r j k l m]
[n n x x p p x x a a x x t t x x x x x x] [

--- TARGET LETTERS ---

['n', 'n', 'x', 'x', 'p', 'p', 'x', 'x', 'y', 'y', 'x', 'x', 't', 't', 'x', 'x', 'x', 'x', 'x', 'x']
Full Qwen output: [[n n x x p p x x a a x x t t x x x x x x] [n n x x p p x x a a x x t t x x x x x x]]
Filtered Qwen output: n n x x p p x x a a x x t t x x x x x x] [n n x x p p x x a a x x t t x x x x x x
trial 2 of 10...
trial 3 of 10...
trial 4 of 10...
trial 5 of 10...
trial 6 of 10...
trial 7 of 10...
trial 8 of 10...
trial 9 of 10...
trial 10 of 10...
Problem type: 3gensplit7 - 20/20
trial 1 of 10...

=== PROMPT ===

Use the following alphabet to complete the pattern.

c b v h e f g d r j k l m n o p q y s t u x a w i z

Note that the alphabet may be in an unfamiliar order. Complete the pattern using this order. Answer with only the final answer between double brackets and nothing else.

[b v h e] [c v h e]
[n n x x p p x x y y x x t t x x] [

--- TARGET LETTERS ---

['l', 'l', 'x', 'x', 'p', 'p', 'x', 'x', 'y', 'y', 'x', 'x', 't', 't', 'x', 'x']
Full Qwen output: [[n n x x p p x x y y x x t t x x] [n n x x p p x x y y x x t t x x]]
Filtered Qwen output: n n x x p p x x y y x x t t x x] [n n x x p p x x y y x x t t x x
trial 2 of 10...
trial 3 of 10...
trial 4 of 10...
trial 5 of 10...
trial 6 of 10...
trial 7 of 10...
trial 8 of 10...
trial 9 of 10...
trial 10 of 10...
alph_3
a m c p z f g h i b d k j n o l q r s t u v w x e y
Problem type: larger_int - 1/20
trial 1 of 10...

=== PROMPT ===

Use the following alphabet to complete the pattern.

a m c p z f g h i b d k j n o l q r s t u v w x e y

Note that the alphabet may be in an unfamiliar order. Complete the pattern using this order. Answer with only the final answer between double brackets and nothing else.

[z f g h] [z f g i]
[s u w] [

--- TARGET LETTERS ---

['s', 'u', 'e']
Full Qwen output: To solve the analogy, we need to understand the pattern between the first pair of groups and apply it to the second pair.

Given:

- First pair: [z f g h] [z f g i]
- Second pair: [s u w] [?]

Let’s analyze the first pair:

**[z f g h] [z f g i]**

Compare the two groups:

- The first group is: z, f, g, h
- The second group is: z, f, g, i

We can see that the first three letters are the same: z, f, g. The
trial 2 of 10...
trial 3 of 10...
trial 4 of 10...
trial 5 of 10...
trial 6 of 10...
trial 7 of 10...
trial 8 of 10...
trial 9 of 10...
trial 10 of 10...
Problem type: longer_targ - 2/20
trial 1 of 10...

=== PROMPT ===

Use the following alphabet to complete the pattern.

a m c p z f g h i b d k j n o l q r s t u v w x e y

Note that the alphabet may be in an unfamiliar order. Complete the pattern using this order. Answer with only the final answer between double brackets and nothing else.

[s l q r o] [o l q r s]
[f m c p z a g h i] [

--- TARGET LETTERS ---

['a', 'm', 'c', 'p', 'z', 'f', 'g', 'h', 'i']
Full Qwen output: [[g h i f m c p z a]]
Filtered Qwen output: g h i f m c p z a
trial 2 of 10...
trial 3 of 10...
trial 4 of 10...
trial 5 of 10...
trial 6 of 10...
trial 7 of 10...
trial 8 of 10...
trial 9 of 10...
trial 10 of 10...
Problem type: group - 3/20
trial 1 of 10...

=== PROMPT ===

Use the following alphabet to complete the pattern.

a m c p z f g h i b d k j n o l q r s t u v w x e y

Note that the alphabet may be in an unfamiliar order. Complete the pattern using this order. Answer with only the final answer between double brackets and nothing else.

[j n o l] [j n o l q]
[b b d d k k j j] [

--- TARGET LETTERS ---

['b', 'b', 'd', 'd', 'k', 'k', 'j', 'j', 'n', 'n']
Full Qwen output: [[b b d d k k j j n n o o l l q q]]
Filtered Qwen output: b b d d k k j j n n o o l l q q
trial 2 of 10...
trial 3 of 10...
trial 4 of 10...
trial 5 of 10...
trial 6 of 10...
trial 7 of 10...
trial 8 of 10...
trial 9 of 10...
trial 10 of 10...
Problem type: interleaved - 4/20
trial 1 of 10...

=== PROMPT ===

Use the following alphabet to complete the pattern.

a m c p z f g h i b d k j n o l q r s t u v w x e y

Note that the alphabet may be in an unfamiliar order. Complete the pattern using this order. Answer with only the final answer between double brackets and nothing else.

[b d k j] [b d k n]
[c x p x z x f x] [

--- TARGET LETTERS ---

['c', 'x', 'p', 'x', 'z', 'x', 'g', 'x']
Full Qwen output: To solve the analogy, we need to understand the pattern between the first pair of groups and apply it to the second pair.

### Step 1: Analyze the first pair
**[b d k j] [b d k n]**

Compare the two groups:
- First group: **b d k j**
- Second group: **b d k n**

We see that the first three letters are the same: **b d k**, and the last letter changes from **j** to **n**.

So, the pattern is: **[b d k (letter)]** → **[b d k (another
trial 2 of 10...
trial 3 of 10...
trial 4 of 10...
trial 5 of 10...
trial 6 of 10...
trial 7 of 10...
trial 8 of 10...
trial 9 of 10...
trial 10 of 10...
Problem type: letter2num - 5/20
trial 1 of 10...

=== PROMPT ===

Use the following alphabet to complete the pattern.

a m c p z f g h i b d k j n o l q r s t u v w x e y

Note that the alphabet may be in an unfamiliar order. Complete the pattern using this order. Answer with only the final answer between double brackets and nothing else.

[v w x e] [v w x e y]
[14 15 16 17] [

--- TARGET LETTERS ---

[np.int64(14), np.int64(15), np.int64(16), np.int64(17), np.int64(18)]
Full Qwen output: [14 15 16 17 18]  

Final answer: [[14 15 16 17 18]]
Filtered Qwen output: 14 15 16 17 18
trial 2 of 10...
trial 3 of 10...
trial 4 of 10...
trial 5 of 10...
trial 6 of 10...
trial 7 of 10...
trial 8 of 10...
trial 9 of 10...
trial 10 of 10...
Problem type: reverse - 6/20
trial 1 of 10...

=== PROMPT ===

Use the following alphabet to complete the pattern.

a m c p z f g h i b d k j n o l q r s t u v w x e y

Note that the alphabet may be in an unfamiliar order. Complete the pattern using this order. Answer with only the final answer between double brackets and nothing else.

[v w x z y] [v w x e y]
[i h g f r] [

--- TARGET LETTERS ---

['i', 'h', 'g', 'f', 'z']
Full Qwen output: [i h g f s] [[i h g f s]]
Filtered Qwen output: i h g f s
trial 2 of 10...
trial 3 of 10...
trial 4 of 10...
trial 5 of 10...
trial 6 of 10...
trial 7 of 10...
trial 8 of 10...
trial 9 of 10...
trial 10 of 10...
Problem type: 2gen_split1 - 7/20
trial 1 of 10...

=== PROMPT ===

Use the following alphabet to complete the pattern.

a m c p z f g h i b d k j n o l q r s t u v w x e y

Note that the alphabet may be in an unfamiliar order. Complete the pattern using this order. Answer with only the final answer between double brackets and nothing else.

[s t q v w] [s t u v w]
[m x p x f x o x b x] [

--- TARGET LETTERS ---

['m', 'x', 'p', 'x', 'f', 'x', 'h', 'x', 'b', 'x']
Full Qwen output: [m x p x f x o x b x] [m x p x f x o x b x]  

Wait, let's analyze the pattern more carefully.

We are given:

First pattern:  
[s t q v w] [s t u v w]  

Second pattern:  
[m x p x f x o x b x] [?]

We need to find the next group in the second pattern, following the same logic as the first.

### Step 1: Analyze the first pattern
First group: [s t q v w]  
Second group: [s t u v w]

Compare the
trial 2 of 10...
trial 3 of 10...
trial 4 of 10...
trial 5 of 10...
trial 6 of 10...
trial 7 of 10...
trial 8 of 10...
trial 9 of 10...
trial 10 of 10...
Problem type: 2gen_split2 - 8/20
trial 1 of 10...

=== PROMPT ===

Use the following alphabet to complete the pattern.

a m c p z f g h i b d k j n o l q r s t u v w x e y

Note that the alphabet may be in an unfamiliar order. Complete the pattern using this order. Answer with only the final answer between double brackets and nothing else.

[n n o l q r] [n o l q r]
[r x s x t x t x u x v x w x x x e x y x] [

--- TARGET LETTERS ---

['r', 'x', 's', 'x', 't', 'x', 'u', 'x', 'v', 'x', 'w', 'x', 'x', 'x', 'e', 'x', 'y', 'x']
Full Qwen output: [[n o l q r s t u v w x e y]]
Filtered Qwen output: n o l q r s t u v w x e y
trial 2 of 10...
trial 3 of 10...
trial 4 of 10...
trial 5 of 10...
trial 6 of 10...
trial 7 of 10...
trial 8 of 10...
trial 9 of 10...
trial 10 of 10...
Problem type: 2gen_split3 - 9/20
trial 1 of 10...

=== PROMPT ===

Use the following alphabet to complete the pattern.

a m c p z f g h i b d k j n o l q r s t u v w x e y

Note that the alphabet may be in an unfamiliar order. Complete the pattern using this order. Answer with only the final answer between double brackets and nothing else.

[f f g h i b] [f g h i b]
[d x k x j x n x o x l x q x r x s x s x] [

--- TARGET LETTERS ---

['d', 'x', 'k', 'x', 'j', 'x', 'n', 'x', 'o', 'x', 'l', 'x', 'q', 'x', 'r', 'x', 's', 'x']
Full Qwen output: [d x k x j x n x o x l x q x r x s x s x] [x e y x]  

**Final Answer:** [[d x k x j x n x o x l x q x r x s x s x] [x e y x]]
Filtered Qwen output: d x k x j x n x o x l x q x r x s x s x] [x e y x
trial 2 of 10...
trial 3 of 10...
trial 4 of 10...
trial 5 of 10...
trial 6 of 10...
trial 7 of 10...
trial 8 of 10...
trial 9 of 10...
trial 10 of 10...
Problem type: 2gen_split4 - 10/20
trial 1 of 10...

=== PROMPT ===

Use the following alphabet to complete the pattern.

a m c p z f g h i b d k j n o l q r s t u v w x e y

Note that the alphabet may be in an unfamiliar order. Complete the pattern using this order. Answer with only the final answer between double brackets and nothing else.

[l q r s] [l q r t]
[q l o n j k d b] [

--- TARGET LETTERS ---

['q', 'l', 'o', 'n', 'j', 'k', 'd', 'i']
Full Qwen output: [[q l o n j k d c]]
Filtered Qwen output: q l o n j k d c
trial 2 of 10...
trial 3 of 10...
trial 4 of 10...
trial 5 of 10...
trial 6 of 10...
trial 7 of 10...
trial 8 of 10...
trial 9 of 10...
trial 10 of 10...
Problem type: 2gen_split5 - 11/20
trial 1 of 10...

=== PROMPT ===

Use the following alphabet to complete the pattern.

a m c p z f g h i b d k j n o l q r s t u v w x e y

Note that the alphabet may be in an unfamiliar order. Complete the pattern using this order. Answer with only the final answer between double brackets and nothing else.

[b d k j n n] [b d k j n]
[q q r r r r s s t t u u v v w w x x e e] [

--- TARGET LETTERS ---

['q', 'q', 'r', 'r', 's', 's', 't', 't', 'u', 'u', 'v', 'v', 'w', 'w', 'x', 'x', 'e', 'e']
Full Qwen output: [[q q r r r r s s t t u u v v w w x x e e] [q q r r r r s s t t u u v v w w x x e e]]
Filtered Qwen output: q q r r r r s s t t u u v v w w x x e e] [q q r r r r s s t t u u v v w w x x e e
trial 2 of 10...
trial 3 of 10...
trial 4 of 10...
trial 5 of 10...
trial 6 of 10...
trial 7 of 10...
trial 8 of 10...
trial 9 of 10...
trial 10 of 10...
Problem type: 2gen_split6 - 12/20
trial 1 of 10...

=== PROMPT ===

Use the following alphabet to complete the pattern.

a m c p z f g h i b d k j n o l q r s t u v w x e y

Note that the alphabet may be in an unfamiliar order. Complete the pattern using this order. Answer with only the final answer between double brackets and nothing else.

[n o l q] [j o l q]
[u x w x e x] [

--- TARGET LETTERS ---

['s', 'x', 'w', 'x', 'e', 'x']
Full Qwen output: [[u x w x e x] [y x w x e x]]
Filtered Qwen output: u x w x e x] [y x w x e x
trial 2 of 10...
trial 3 of 10...
trial 4 of 10...
trial 5 of 10...
trial 6 of 10...
trial 7 of 10...
trial 8 of 10...
trial 9 of 10...
trial 10 of 10...
Problem type: 2gensplit7 - 13/20
trial 1 of 10...

=== PROMPT ===

Use the following alphabet to complete the pattern.

a m c p z f g h i b d k j n o l q r s t u v w x e y

Note that the alphabet may be in an unfamiliar order. Complete the pattern using this order. Answer with only the final answer between double brackets and nothing else.

[r s t u v v] [r s t u v]
[4 4 5 5 6 6 7 7 8 8 8 8] [

--- TARGET LETTERS ---

[np.int64(4), np.int64(4), np.int64(5), np.int64(5), np.int64(6), np.int64(6), np.int64(7), np.int64(7), np.int64(8), np.int64(8)]
Full Qwen output: [[r s t u v w]]
Filtered Qwen output: r s t u v w
trial 2 of 10...
trial 3 of 10...
trial 4 of 10...
trial 5 of 10...
trial 6 of 10...
trial 7 of 10...
trial 8 of 10...
trial 9 of 10...
trial 10 of 10...
Problem type: 3gen_split1 - 14/20
trial 1 of 10...

=== PROMPT ===

Use the following alphabet to complete the pattern.

a m c p z f g h i b d k j n o l q r s t u v w x e y

Note that the alphabet may be in an unfamiliar order. Complete the pattern using this order. Answer with only the final answer between double brackets and nothing else.

[k j n o] [k j n l]
[8 8 9 9 10 10 11 11 12 12 13 13 14 14 15 15] [

--- TARGET LETTERS ---

[np.int64(8), np.int64(8), np.int64(9), np.int64(9), np.int64(10), np.int64(10), np.int64(11), np.int64(11), np.int64(12), np.int64(12), np.int64(13), np.int64(13), np.int64(14), np.int64(14), np.int64(16), np.int64(16)]
Full Qwen output: To solve the analogy, we need to understand the pattern in the given sequence using the provided alphabet order:

**Alphabet order:**
a m c p z f g h i b d k j n o l q r s t u v w x e y

Let's map each letter to its position in this custom alphabet:

1. a  
2. m  
3. c  
4. p  
5. z  
6. f  
7. g  
8. h  
9. i  
10. b  
11. d  
12. k  
13. j  
14. n
trial 2 of 10...
trial 3 of 10...
trial 4 of 10...
trial 5 of 10...
trial 6 of 10...
trial 7 of 10...
trial 8 of 10...
trial 9 of 10...
trial 10 of 10...
Problem type: 3gen_split2 - 15/20
trial 1 of 10...

=== PROMPT ===

Use the following alphabet to complete the pattern.

a m c p z f g h i b d k j n o l q r s t u v w x e y

Note that the alphabet may be in an unfamiliar order. Complete the pattern using this order. Answer with only the final answer between double brackets and nothing else.

[b d k j] [b d k n]
[u s q o j d i g] [

--- TARGET LETTERS ---

['u', 's', 'q', 'o', 'j', 'd', 'i', 'z']
Full Qwen output: [[u s q o j d i g] [u s q o j d i l]]
Filtered Qwen output: u s q o j d i g] [u s q o j d i l
trial 2 of 10...
trial 3 of 10...
trial 4 of 10...
trial 5 of 10...
trial 6 of 10...
trial 7 of 10...
trial 8 of 10...
trial 9 of 10...
trial 10 of 10...
Problem type: 3gen_split3 - 16/20
trial 1 of 10...

=== PROMPT ===

Use the following alphabet to complete the pattern.

a m c p z f g h i b d k j n o l q r s t u v w x e y

Note that the alphabet may be in an unfamiliar order. Complete the pattern using this order. Answer with only the final answer between double brackets and nothing else.

[t u v w] [t u v x]
[12 0 13 0 14 0 15 0 16 0 17 0 18 0 19 0] [

--- TARGET LETTERS ---

[np.int64(12), '0', np.int64(13), '0', np.int64(14), '0', np.int64(15), '0', np.int64(16), '0', np.int64(17), '0', np.int64(18), '0', np.int64(20), '0']
Full Qwen output: To solve the analogy, we need to understand the pattern between the two given groups:

**First group:** [t u v w]  
**Second group:** [t u v x]

We are also given a custom alphabet order:

**a m c p z f g h i b d k j n o l q r s t u v w x e y**

Let’s map each letter to its position in this custom alphabet:

1. a  
2. m  
3. c  
4. p  
5. z  
6. f  
7. g  
8. h  
9. i  
10. b
trial 2 of 10...
trial 3 of 10...
trial 4 of 10...
trial 5 of 10...
trial 6 of 10...
trial 7 of 10...
trial 8 of 10...
trial 9 of 10...
trial 10 of 10...
Problem type: 3gen_split4 - 17/20
trial 1 of 10...

=== PROMPT ===

Use the following alphabet to complete the pattern.

a m c p z f g h i b d k j n o l q r s t u v w x e y

Note that the alphabet may be in an unfamiliar order. Complete the pattern using this order. Answer with only the final answer between double brackets and nothing else.

[j d k b n] [b d k j n]
[s q o j d i g c z] [

--- TARGET LETTERS ---

['s', 'q', 'o', 'j', 'd', 'i', 'g', 'z', 'c']
Full Qwen output: [[s q o j d i g c z] [q o j d i g c z s]]
Filtered Qwen output: s q o j d i g c z] [q o j d i g c z s
trial 2 of 10...
trial 3 of 10...
trial 4 of 10...
trial 5 of 10...
trial 6 of 10...
trial 7 of 10...
trial 8 of 10...
trial 9 of 10...
trial 10 of 10...
Problem type: 3gen_split5 - 18/20
trial 1 of 10...

=== PROMPT ===

Use the following alphabet to complete the pattern.

a m c p z f g h i b d k j n o l q r s t u v w x e y

Note that the alphabet may be in an unfamiliar order. Complete the pattern using this order. Answer with only the final answer between double brackets and nothing else.

[d k j n] [b k j n]
[e e x x x x x x w w x x v v x x] [

--- TARGET LETTERS ---

['y', 'y', 'x', 'x', 'x', 'x', 'x', 'x', 'w', 'w', 'x', 'x', 'v', 'v', 'x', 'x']
Full Qwen output: [[f e x x x x x x x x x x x x x x x x x x x x x x x x x x x x x x x x x x x x x x x x x x x x x x x x x x x x x x x x x x x x x x x x x x x x x x x x x x x x x x x x x x x x x x x x x x x x x x x x x x x x x x x x x x x x x x x x x x x x x x x x x x x x x
trial 2 of 10...
trial 3 of 10...
trial 4 of 10...
trial 5 of 10...
trial 6 of 10...
trial 7 of 10...
trial 8 of 10...
trial 9 of 10...
trial 10 of 10...
Problem type: 3gen_split6 - 19/20
trial 1 of 10...

=== PROMPT ===

Use the following alphabet to complete the pattern.

a m c p z f g h i b d k j n o l q r s t u v w x e y

Note that the alphabet may be in an unfamiliar order. Complete the pattern using this order. Answer with only the final answer between double brackets and nothing else.

[o l q r] [n l q r]
[h h g g f f z z p p c c m m a a] [

--- TARGET LETTERS ---

['i', 'i', 'g', 'g', 'f', 'f', 'z', 'z', 'p', 'p', 'c', 'c', 'm', 'm', 'a', 'a']
Full Qwen output: [[h h g g f f z z p p c c m m a a] [o o l l q q r r]]
Filtered Qwen output: h h g g f f z z p p c c m m a a] [o o l l q q r r
trial 2 of 10...
trial 3 of 10...
trial 4 of 10...
trial 5 of 10...
trial 6 of 10...
trial 7 of 10...
trial 8 of 10...
trial 9 of 10...
trial 10 of 10...
Problem type: 3gensplit7 - 20/20
trial 1 of 10...

=== PROMPT ===

Use the following alphabet to complete the pattern.

a m c p z f g h i b d k j n o l q r s t u v w x e y

Note that the alphabet may be in an unfamiliar order. Complete the pattern using this order. Answer with only the final answer between double brackets and nothing else.

[s t u v] [r t u v]
[n n x x o o x x l l x x q q x x r r x x s s x x t t x x u u x x] [

--- TARGET LETTERS ---

['j', 'j', 'x', 'x', 'o', 'o', 'x', 'x', 'l', 'l', 'x', 'x', 'q', 'q', 'x', 'x', 'r', 'r', 'x', 'x', 's', 's', 'x', 'x', 't', 't', 'x', 'x', 'u', 'u', 'x', 'x']
Full Qwen output: [[n n x x o o x x l l x x q q x x r r x x s s x x t t x x u u x x]]
Filtered Qwen output: n n x x o o x x l l x x q q x x r r x x s s x x t t x x u u x x
trial 2 of 10...
trial 3 of 10...
trial 4 of 10...
trial 5 of 10...
trial 6 of 10...
trial 7 of 10...
trial 8 of 10...
trial 9 of 10...
trial 10 of 10...
alph_4
g b c d e f a q i t k z m l o p h n s j u v w x y r
Problem type: larger_int - 1/20
trial 1 of 10...

=== PROMPT ===

Use the following alphabet to complete the pattern.

g b c d e f a q i t k z m l o p h n s j u v w x y r

Note that the alphabet may be in an unfamiliar order. Complete the pattern using this order. Answer with only the final answer between double brackets and nothing else.

[t k z m m l] [t k z m l]
[k m o o h s] [

--- TARGET LETTERS ---

['k', 'm', 'o', 'h', 's']
Full Qwen output: [[k m o o h s] [k m o o h s]]
Filtered Qwen output: k m o o h s] [k m o o h s
trial 2 of 10...
trial 3 of 10...
trial 4 of 10...
trial 5 of 10...
trial 6 of 10...
trial 7 of 10...
trial 8 of 10...
trial 9 of 10...
trial 10 of 10...
Problem type: longer_targ - 2/20
trial 1 of 10...

=== PROMPT ===

Use the following alphabet to complete the pattern.

g b c d e f a q i t k z m l o p h n s j u v w x y r

Note that the alphabet may be in an unfamiliar order. Complete the pattern using this order. Answer with only the final answer between double brackets and nothing else.

[e f a q] [e f a i]
[p h n s j u v w] [

--- TARGET LETTERS ---

['p', 'h', 'n', 's', 'j', 'u', 'v', 'x']
Full Qwen output: [[p h n s j u v x]]
Filtered Qwen output: p h n s j u v x
trial 2 of 10...
trial 3 of 10...
trial 4 of 10...
trial 5 of 10...
trial 6 of 10...
trial 7 of 10...
trial 8 of 10...
trial 9 of 10...
trial 10 of 10...
Problem type: group - 3/20
trial 1 of 10...

=== PROMPT ===

Use the following alphabet to complete the pattern.

g b c d e f a q i t k z m l o p h n s j u v w x y r

Note that the alphabet may be in an unfamiliar order. Complete the pattern using this order. Answer with only the final answer between double brackets and nothing else.

[i t k z] [i t k m]
[f f a a q q i i] [

--- TARGET LETTERS ---

['f', 'f', 'a', 'a', 'q', 'q', 't', 't']
Full Qwen output: [[f f a a q q h h]]
Filtered Qwen output: f f a a q q h h
trial 2 of 10...
trial 3 of 10...
trial 4 of 10...
trial 5 of 10...
trial 6 of 10...
trial 7 of 10...
trial 8 of 10...
trial 9 of 10...
trial 10 of 10...
Problem type: interleaved - 4/20
trial 1 of 10...

=== PROMPT ===

Use the following alphabet to complete the pattern.

g b c d e f a q i t k z m l o p h n s j u v w x y r

Note that the alphabet may be in an unfamiliar order. Complete the pattern using this order. Answer with only the final answer between double brackets and nothing else.

[k z m l] [k z m o]
[f x a x q x i x] [

--- TARGET LETTERS ---

['f', 'x', 'a', 'x', 'q', 'x', 't', 'x']
Full Qwen output: [[f x a x q x i x] [f x a x q x i x]]
Filtered Qwen output: f x a x q x i x] [f x a x q x i x
trial 2 of 10...
trial 3 of 10...
trial 4 of 10...
trial 5 of 10...
trial 6 of 10...
trial 7 of 10...
trial 8 of 10...
trial 9 of 10...
trial 10 of 10...
Problem type: letter2num - 5/20
trial 1 of 10...

=== PROMPT ===

Use the following alphabet to complete the pattern.

g b c d e f a q i t k z m l o p h n s j u v w x y r

Note that the alphabet may be in an unfamiliar order. Complete the pattern using this order. Answer with only the final answer between double brackets and nothing else.

[g b c d] [g b c e]
[13 14 15 16] [

--- TARGET LETTERS ---

[np.int64(13), np.int64(14), np.int64(15), np.int64(17)]
Full Qwen output: [13 14 15 17] [[13 14 15 17]]
Filtered Qwen output: 13 14 15 17
trial 2 of 10...
trial 3 of 10...
trial 4 of 10...
trial 5 of 10...
trial 6 of 10...
trial 7 of 10...
trial 8 of 10...
trial 9 of 10...
trial 10 of 10...
Problem type: reverse - 6/20
trial 1 of 10...

=== PROMPT ===

Use the following alphabet to complete the pattern.

g b c d e f a q i t k z m l o p h n s j u v w x y r

Note that the alphabet may be in an unfamiliar order. Complete the pattern using this order. Answer with only the final answer between double brackets and nothing else.

[q o t k z] [q i t k z]
[r z x w v] [

--- TARGET LETTERS ---

['r', 'y', 'x', 'w', 'v']
Full Qwen output: [[r z x w v] [r y x w v]]
Filtered Qwen output: r z x w v] [r y x w v
trial 2 of 10...
trial 3 of 10...
trial 4 of 10...
trial 5 of 10...
trial 6 of 10...
trial 7 of 10...
trial 8 of 10...
trial 9 of 10...
trial 10 of 10...
Problem type: 2gen_split1 - 7/20
trial 1 of 10...

=== PROMPT ===

Use the following alphabet to complete the pattern.

g b c d e f a q i t k z m l o p h n s j u v w x y r

Note that the alphabet may be in an unfamiliar order. Complete the pattern using this order. Answer with only the final answer between double brackets and nothing else.

[s j i v w] [s j u v w]
[1 1 2 2 3 3 26 26 5 5] [

--- TARGET LETTERS ---

[np.int64(1), np.int64(1), np.int64(2), np.int64(2), np.int64(3), np.int64(3), np.int64(4), np.int64(4), np.int64(5), np.int64(5)]
Full Qwen output: To solve the analogy, we need to understand the pattern in the given letter-string pairs and the corresponding number sequence.

### Step 1: Understand the letter positions
We are given a custom alphabet order:

**g b c d e f a q i t k z m l o p h n s j u v w x y r**

Let's assign positions to each letter (1-indexed):

1. g  
2. b  
3. c  
4. d  
5. e  
6. f  
7. a  
8. q  
9. i  
10. t  
11. k  
1
trial 2 of 10...
trial 3 of 10...
trial 4 of 10...
trial 5 of 10...
trial 6 of 10...
trial 7 of 10...
trial 8 of 10...
trial 9 of 10...
trial 10 of 10...
Problem type: 2gen_split2 - 8/20
trial 1 of 10...

=== PROMPT ===

Use the following alphabet to complete the pattern.

g b c d e f a q i t k z m l o p h n s j u v w x y r

Note that the alphabet may be in an unfamiliar order. Complete the pattern using this order. Answer with only the final answer between double brackets and nothing else.

[n u j s v] [n s j u v]
[11 12 13 10 9] [

--- TARGET LETTERS ---

[np.int64(13), np.int64(12), np.int64(11), np.int64(10), np.int64(9)]
Full Qwen output: To solve the analogy, we need to understand the relationship between the two groups of letters:  
**[n u j s v]** and **[n s j u v]**.

First, let's look at the positions of the letters in the given alphabet:

**Alphabet order:**
1. g  
2. b  
3. c  
4. d  
5. e  
6. f  
7. a  
8. q  
9. i  
10. t  
11. k  
12. z  
13. m  
14. l  
15. o  
16.
trial 2 of 10...
trial 3 of 10...
trial 4 of 10...
trial 5 of 10...
trial 6 of 10...
trial 7 of 10...
trial 8 of 10...
trial 9 of 10...
trial 10 of 10...
Problem type: 2gen_split3 - 9/20
trial 1 of 10...

=== PROMPT ===

Use the following alphabet to complete the pattern.

g b c d e f a q i t k z m l o p h n s j u v w x y r

Note that the alphabet may be in an unfamiliar order. Complete the pattern using this order. Answer with only the final answer between double brackets and nothing else.

[l o p h] [l o p n]
[c x e x a x i x] [

--- TARGET LETTERS ---

['c', 'x', 'e', 'x', 'a', 'x', 'k', 'x']
Full Qwen output: [[c x e x a x i x] [c x e x a x i x]]
Filtered Qwen output: c x e x a x i x] [c x e x a x i x
trial 2 of 10...
trial 3 of 10...
trial 4 of 10...
trial 5 of 10...
trial 6 of 10...
trial 7 of 10...
trial 8 of 10...
trial 9 of 10...
trial 10 of 10...
Problem type: 2gen_split4 - 10/20
trial 1 of 10...

=== PROMPT ===

Use the following alphabet to complete the pattern.

g b c d e f a q i t k z m l o p h n s j u v w x y r

Note that the alphabet may be in an unfamiliar order. Complete the pattern using this order. Answer with only the final answer between double brackets and nothing else.

[v w x y o] [v w x y r]
[10 11 12 13 14 6 16 17 18] [

--- TARGET LETTERS ---

[np.int64(10), np.int64(11), np.int64(12), np.int64(13), np.int64(14), np.int64(15), np.int64(16), np.int64(17), np.int64(18)]
Full Qwen output: [[v w x y o] [v w x y r]]
Filtered Qwen output: v w x y o] [v w x y r
trial 2 of 10...
trial 3 of 10...
trial 4 of 10...
trial 5 of 10...
trial 6 of 10...
trial 7 of 10...
trial 8 of 10...
trial 9 of 10...
trial 10 of 10...
Problem type: 2gen_split5 - 11/20
trial 1 of 10...

=== PROMPT ===

Use the following alphabet to complete the pattern.

g b c d e f a q i t k z m l o p h n s j u v w x y r

Note that the alphabet may be in an unfamiliar order. Complete the pattern using this order. Answer with only the final answer between double brackets and nothing else.

[a q i k t] [a q i t k]
[h h m m o o l l p p] [

--- TARGET LETTERS ---

['h', 'h', 'p', 'p', 'o', 'o', 'l', 'l', 'm', 'm']
Full Qwen output: [h h m m o o l l p p] [h h m m o o l l p p]  

Final answer: [[h h m m o o l l p p] [h h m m o o l l p p]]
Filtered Qwen output: h h m m o o l l p p] [h h m m o o l l p p
trial 2 of 10...
trial 3 of 10...
trial 4 of 10...
trial 5 of 10...
trial 6 of 10...
trial 7 of 10...
trial 8 of 10...
trial 9 of 10...
trial 10 of 10...
Problem type: 2gen_split6 - 12/20
trial 1 of 10...

=== PROMPT ===

Use the following alphabet to complete the pattern.

g b c d e f a q i t k z m l o p h n s j u v w x y r

Note that the alphabet may be in an unfamiliar order. Complete the pattern using this order. Answer with only the final answer between double brackets and nothing else.

[t k z m] [t k z m l]
[f x q x t x z x] [

--- TARGET LETTERS ---

['f', 'x', 'q', 'x', 't', 'x', 'z', 'x', 'l', 'x']
Full Qwen output: [[f x q x t x z x] [f x q x t x z x l]]
Filtered Qwen output: f x q x t x z x] [f x q x t x z x l
trial 2 of 10...
trial 3 of 10...
trial 4 of 10...
trial 5 of 10...
trial 6 of 10...
trial 7 of 10...
trial 8 of 10...
trial 9 of 10...
trial 10 of 10...
Problem type: 2gensplit7 - 13/20
trial 1 of 10...

=== PROMPT ===

Use the following alphabet to complete the pattern.

g b c d e f a q i t k z m l o p h n s j u v w x y r

Note that the alphabet may be in an unfamiliar order. Complete the pattern using this order. Answer with only the final answer between double brackets and nothing else.

[p h n s] [p h n s j]
[f f x x a a x x q q x x i i x x] [

--- TARGET LETTERS ---

['f', 'f', 'x', 'x', 'a', 'a', 'x', 'x', 'q', 'q', 'x', 'x', 'i', 'i', 'x', 'x', 't', 't', 'x', 'x']
Full Qwen output: [[f f x x a a x x q q x x i i x x j j x x]]
Filtered Qwen output: f f x x a a x x q q x x i i x x j j x x
trial 2 of 10...
trial 3 of 10...
trial 4 of 10...
trial 5 of 10...
trial 6 of 10...
trial 7 of 10...
trial 8 of 10...
trial 9 of 10...
trial 10 of 10...
Problem type: 3gen_split1 - 14/20
trial 1 of 10...

=== PROMPT ===

Use the following alphabet to complete the pattern.

g b c d e f a q i t k z m l o p h n s j u v w x y r

Note that the alphabet may be in an unfamiliar order. Complete the pattern using this order. Answer with only the final answer between double brackets and nothing else.

[h n m j u] [h n s j u]
[t x i x a x e x c x] [

--- TARGET LETTERS ---

['k', 'x', 'i', 'x', 'a', 'x', 'e', 'x', 'c', 'x']
Full Qwen output: [[t x i x a x e x c x] [t x i x a x e x c x]]
Filtered Qwen output: t x i x a x e x c x] [t x i x a x e x c x
trial 2 of 10...
trial 3 of 10...
trial 4 of 10...
trial 5 of 10...
trial 6 of 10...
trial 7 of 10...
trial 8 of 10...
trial 9 of 10...
trial 10 of 10...
Problem type: 3gen_split2 - 15/20
trial 1 of 10...

=== PROMPT ===

Use the following alphabet to complete the pattern.

g b c d e f a q i t k z m l o p h n s j u v w x y r

Note that the alphabet may be in an unfamiliar order. Complete the pattern using this order. Answer with only the final answer between double brackets and nothing else.

[g b r d e] [g b c d e]
[y y w w u u n n] [

--- TARGET LETTERS ---

['y', 'y', 'w', 'w', 'u', 'u', 's', 's']
Full Qwen output: [[y y w w u u n n] [y y w w u u n n]]
Filtered Qwen output: y y w w u u n n] [y y w w u u n n
trial 2 of 10...
trial 3 of 10...
trial 4 of 10...
trial 5 of 10...
trial 6 of 10...
trial 7 of 10...
trial 8 of 10...
trial 9 of 10...
trial 10 of 10...
Problem type: 3gen_split3 - 16/20
trial 1 of 10...

=== PROMPT ===

Use the following alphabet to complete the pattern.

g b c d e f a q i t k z m l o p h n s j u v w x y r

Note that the alphabet may be in an unfamiliar order. Complete the pattern using this order. Answer with only the final answer between double brackets and nothing else.

[d e t a q] [d e f a q]
[5 0 7 0 1 0 11 0 13 0] [

--- TARGET LETTERS ---

[np.int64(5), '0', np.int64(7), '0', np.int64(9), '0', np.int64(11), '0', np.int64(13), '0']
Full Qwen output: [[d e f a q]]
Filtered Qwen output: d e f a q
trial 2 of 10...
trial 3 of 10...
trial 4 of 10...
trial 5 of 10...
trial 6 of 10...
trial 7 of 10...
trial 8 of 10...
trial 9 of 10...
trial 10 of 10...
Problem type: 3gen_split4 - 17/20
trial 1 of 10...

=== PROMPT ===

Use the following alphabet to complete the pattern.

g b c d e f a q i t k z m l o p h n s j u v w x y r

Note that the alphabet may be in an unfamiliar order. Complete the pattern using this order. Answer with only the final answer between double brackets and nothing else.

[t k z m] [t k z m l]
[g g x x b b x x c c x x d d x x e e x x f f x x a a x x q q x x] [

--- TARGET LETTERS ---

['g', 'g', 'x', 'x', 'b', 'b', 'x', 'x', 'c', 'c', 'x', 'x', 'd', 'd', 'x', 'x', 'e', 'e', 'x', 'x', 'f', 'f', 'x', 'x', 'a', 'a', 'x', 'x', 'q', 'q', 'x', 'x', 'i', 'i', 'x', 'x']
Full Qwen output: [[g g x x b b x x c c x x d d x x e e x x f f x x a a x x q q x x i i x x t t x x k k x x z z x x m m x x l l x x]]
Filtered Qwen output: g g x x b b x x c c x x d d x x e e x x f f x x a a x x q q x x i i x x t t x x k k x x z z x x m m x x l l x x
trial 2 of 10...
trial 3 of 10...
trial 4 of 10...
trial 5 of 10...
trial 6 of 10...
trial 7 of 10...
trial 8 of 10...
trial 9 of 10...
trial 10 of 10...
Problem type: 3gen_split5 - 18/20
trial 1 of 10...

=== PROMPT ===

Use the following alphabet to complete the pattern.

g b c d e f a q i t k z m l o p h n s j u v w x y r

Note that the alphabet may be in an unfamiliar order. Complete the pattern using this order. Answer with only the final answer between double brackets and nothing else.

[s j v u w] [s j u v w]
[w u s h o m i k a] [

--- TARGET LETTERS ---

['w', 'u', 's', 'h', 'o', 'm', 'k', 'i', 'a']
Full Qwen output: [[w u s h o m i k a] [w u s h o m i k a]]
Filtered Qwen output: w u s h o m i k a] [w u s h o m i k a
trial 2 of 10...
trial 3 of 10...
trial 4 of 10...
trial 5 of 10...
trial 6 of 10...
trial 7 of 10...
trial 8 of 10...
trial 9 of 10...
trial 10 of 10...
Problem type: 3gen_split6 - 19/20
trial 1 of 10...

=== PROMPT ===

Use the following alphabet to complete the pattern.

g b c d e f a q i t k z m l o p h n s j u v w x y r

Note that the alphabet may be in an unfamiliar order. Complete the pattern using this order. Answer with only the final answer between double brackets and nothing else.

[f f a q i t] [f a q i t]
[4 4 0 0 5 5 0 0 6 6 0 0 7 7 0 0 8 8 0 0 8 8 0 0] [

--- TARGET LETTERS ---

[np.int64(4), np.int64(4), '0', '0', np.int64(5), np.int64(5), '0', '0', np.int64(6), np.int64(6), '0', '0', np.int64(7), np.int64(7), '0', '0', np.int64(8), np.int64(8), '0', '0']
Full Qwen output: [[f a q i t]]
Filtered Qwen output: f a q i t
trial 2 of 10...
trial 3 of 10...
trial 4 of 10...
trial 5 of 10...
trial 6 of 10...
trial 7 of 10...
trial 8 of 10...
trial 9 of 10...
trial 10 of 10...
Problem type: 3gensplit7 - 20/20
trial 1 of 10...

=== PROMPT ===

Use the following alphabet to complete the pattern.

g b c d e f a q i t k z m l o p h n s j u v w x y r

Note that the alphabet may be in an unfamiliar order. Complete the pattern using this order. Answer with only the final answer between double brackets and nothing else.

[e f a q] [e f a q i]
[d d f f q q t t z z l l p p n n] [

--- TARGET LETTERS ---

['d', 'd', 'f', 'f', 'q', 'q', 't', 't', 'z', 'z', 'l', 'l', 'p', 'p', 'n', 'n', 'j', 'j']
Full Qwen output: [[d d f f q q t t z z l l p p n n] [d d f f q q t t z z l l p p n n i i]]
Filtered Qwen output: d d f f q q t t z z l l p p n n] [d d f f q q t t z z l l p p n n i i
trial 2 of 10...
trial 3 of 10...
trial 4 of 10...
trial 5 of 10...
trial 6 of 10...
trial 7 of 10...
trial 8 of 10...
trial 9 of 10...
trial 10 of 10...
alph_5
e a c d b f g r i j k w m p n h q l s t u v o x y z
Problem type: larger_int - 1/20
trial 1 of 10...

=== PROMPT ===

Use the following alphabet to complete the pattern.

e a c d b f g r i j k w m p n h q l s t u v o x y z

Note that the alphabet may be in an unfamiliar order. Complete the pattern using this order. Answer with only the final answer between double brackets and nothing else.

[g r i k j] [g r i j k]
[q s u y o] [

--- TARGET LETTERS ---

['q', 's', 'u', 'o', 'y']
Full Qwen output: [[q s u o y]]
Filtered Qwen output: q s u o y
trial 2 of 10...
trial 3 of 10...
trial 4 of 10...
trial 5 of 10...
trial 6 of 10...
trial 7 of 10...
trial 8 of 10...
trial 9 of 10...
trial 10 of 10...
Problem type: longer_targ - 2/20
trial 1 of 10...

=== PROMPT ===

Use the following alphabet to complete the pattern.

e a c d b f g r i j k w m p n h q l s t u v o x y z

Note that the alphabet may be in an unfamiliar order. Complete the pattern using this order. Answer with only the final answer between double brackets and nothing else.

[p n h q] [p n h q l]
[g r i j k w m p] [

--- TARGET LETTERS ---

['g', 'r', 'i', 'j', 'k', 'w', 'm', 'p', 'n']
Full Qwen output: [[g r i j k w m p n h q]]
Filtered Qwen output: g r i j k w m p n h q
trial 2 of 10...
trial 3 of 10...
trial 4 of 10...
trial 5 of 10...
trial 6 of 10...
trial 7 of 10...
trial 8 of 10...
trial 9 of 10...
trial 10 of 10...
Problem type: group - 3/20
trial 1 of 10...

=== PROMPT ===

Use the following alphabet to complete the pattern.

e a c d b f g r i j k w m p n h q l s t u v o x y z

Note that the alphabet may be in an unfamiliar order. Complete the pattern using this order. Answer with only the final answer between double brackets and nothing else.

[s p u v o] [s t u v o]
[o o w w m m p p n n] [

--- TARGET LETTERS ---

['k', 'k', 'w', 'w', 'm', 'm', 'p', 'p', 'n', 'n']
Full Qwen output: [**o o w w m m p p n n**] [**o o w w m m p p n n**]  

The pattern is repeating the same sequence.  

Final answer: [[**o o w w m m p p n n**]]
Filtered Qwen output: **o o w w m m p p n n**
trial 2 of 10...
trial 3 of 10...
trial 4 of 10...
trial 5 of 10...
trial 6 of 10...
trial 7 of 10...
trial 8 of 10...
trial 9 of 10...
trial 10 of 10...
Problem type: interleaved - 4/20
trial 1 of 10...

=== PROMPT ===

Use the following alphabet to complete the pattern.

e a c d b f g r i j k w m p n h q l s t u v o x y z

Note that the alphabet may be in an unfamiliar order. Complete the pattern using this order. Answer with only the final answer between double brackets and nothing else.

[l s t u] [l s t v]
[a x c x d x b x] [

--- TARGET LETTERS ---

['a', 'x', 'c', 'x', 'd', 'x', 'f', 'x']
Full Qwen output: [[a x c x d x b x] [a x c x d x b x]]
Filtered Qwen output: a x c x d x b x] [a x c x d x b x
trial 2 of 10...
trial 3 of 10...
trial 4 of 10...
trial 5 of 10...
trial 6 of 10...
trial 7 of 10...
trial 8 of 10...
trial 9 of 10...
trial 10 of 10...
Problem type: letter2num - 5/20
trial 1 of 10...

=== PROMPT ===

Use the following alphabet to complete the pattern.

e a c d b f g r i j k w m p n h q l s t u v o x y z

Note that the alphabet may be in an unfamiliar order. Complete the pattern using this order. Answer with only the final answer between double brackets and nothing else.

[n h q l] [n h q s]
[19 20 21 22] [

--- TARGET LETTERS ---

[np.int64(19), np.int64(20), np.int64(21), np.int64(23)]
Full Qwen output: [19 20 21 22] [19 20 21 22]  
→ The pattern is repeating the same sequence.  
So the answer is:  
[[n h q l] [n h q l]]  

Final answer: [[n h q l] [n h q l]]
Filtered Qwen output: n h q l] [n h q l
trial 2 of 10...
trial 3 of 10...
trial 4 of 10...
trial 5 of 10...
trial 6 of 10...
trial 7 of 10...
trial 8 of 10...
trial 9 of 10...
trial 10 of 10...
Problem type: reverse - 6/20
trial 1 of 10...

=== PROMPT ===

Use the following alphabet to complete the pattern.

e a c d b f g r i j k w m p n h q l s t u v o x y z

Note that the alphabet may be in an unfamiliar order. Complete the pattern using this order. Answer with only the final answer between double brackets and nothing else.

[k i j r w] [r i j k w]
[h n w m p] [

--- TARGET LETTERS ---

['h', 'n', 'p', 'm', 'w']
Full Qwen output: [[h n w m p] [n w m p h]]
Filtered Qwen output: h n w m p] [n w m p h
trial 2 of 10...
trial 3 of 10...
trial 4 of 10...
trial 5 of 10...
trial 6 of 10...
trial 7 of 10...
trial 8 of 10...
trial 9 of 10...
trial 10 of 10...
Problem type: 2gen_split1 - 7/20
trial 1 of 10...

=== PROMPT ===

Use the following alphabet to complete the pattern.

e a c d b f g r i j k w m p n h q l s t u v o x y z

Note that the alphabet may be in an unfamiliar order. Complete the pattern using this order. Answer with only the final answer between double brackets and nothing else.

[u v o x] [u v o y]
[i i j j k k w w m m p p n n h h] [

--- TARGET LETTERS ---

['i', 'i', 'j', 'j', 'k', 'k', 'w', 'w', 'm', 'm', 'p', 'p', 'n', 'n', 'q', 'q']
Full Qwen output: [i i j j k k w w m m p p n n h h] [q q l l s s t t u u v v o o x x y y z z]  

[[q q l l s s t t u u v v o o x x y y z z]]
Filtered Qwen output: q q l l s s t t u u v v o o x x y y z z
trial 2 of 10...
trial 3 of 10...
trial 4 of 10...
trial 5 of 10...
trial 6 of 10...
trial 7 of 10...
trial 8 of 10...
trial 9 of 10...
trial 10 of 10...
Problem type: 2gen_split2 - 8/20
trial 1 of 10...

=== PROMPT ===

Use the following alphabet to complete the pattern.

e a c d b f g r i j k w m p n h q l s t u v o x y z

Note that the alphabet may be in an unfamiliar order. Complete the pattern using this order. Answer with only the final answer between double brackets and nothing else.

[w m p n] [w m p n h]
[t t s s l l q q] [

--- TARGET LETTERS ---

['t', 't', 's', 's', 'l', 'l', 'q', 'q', 'h', 'h']
Full Qwen output: [[t t s s l l q q] [t t s s l l q q h h]]
Filtered Qwen output: t t s s l l q q] [t t s s l l q q h h
trial 2 of 10...
trial 3 of 10...
trial 4 of 10...
trial 5 of 10...
trial 6 of 10...
trial 7 of 10...
trial 8 of 10...
trial 9 of 10...
trial 10 of 10...
Problem type: 2gen_split3 - 9/20
trial 1 of 10...

=== PROMPT ===

Use the following alphabet to complete the pattern.

e a c d b f g r i j k w m p n h q l s t u v o x y z

Note that the alphabet may be in an unfamiliar order. Complete the pattern using this order. Answer with only the final answer between double brackets and nothing else.

[e a c d] [e a c b]
[j x w x p x h x] [

--- TARGET LETTERS ---

['j', 'x', 'w', 'x', 'p', 'x', 'l', 'x']
Full Qwen output: [j x w x p x h x] [j x w x p x g x]  

Final answer: [[j x w x p x g x]]  

Double brackets: [[j x w x p x g x]]
Filtered Qwen output: j x w x p x g x
trial 2 of 10...
trial 3 of 10...
trial 4 of 10...
trial 5 of 10...
trial 6 of 10...
trial 7 of 10...
trial 8 of 10...
trial 9 of 10...
trial 10 of 10...
Problem type: 2gen_split4 - 10/20
trial 1 of 10...

=== PROMPT ===

Use the following alphabet to complete the pattern.

e a c d b f g r i j k w m p n h q l s t u v o x y z

Note that the alphabet may be in an unfamiliar order. Complete the pattern using this order. Answer with only the final answer between double brackets and nothing else.

[i j k w] [i j k w m]
[25 24 23 22] [

--- TARGET LETTERS ---

[np.int64(25), np.int64(24), np.int64(23), np.int64(22), np.int64(21)]
Full Qwen output: [25 24 23 22 21]  

The pattern shows that the first group has 4 letters, the second has 5, so the next group should have 6. The numbers are decreasing by 1 each time, so the next number is 21.  

Final answer: [[i j k w m p]]  

[[i j k w m p]]
Filtered Qwen output: i j k w m p
trial 2 of 10...
trial 3 of 10...
trial 4 of 10...
trial 5 of 10...
trial 6 of 10...
trial 7 of 10...
trial 8 of 10...
trial 9 of 10...
trial 10 of 10...
Problem type: 2gen_split5 - 11/20
trial 1 of 10...

=== PROMPT ===

Use the following alphabet to complete the pattern.

e a c d b f g r i j k w m p n h q l s t u v o x y z

Note that the alphabet may be in an unfamiliar order. Complete the pattern using this order. Answer with only the final answer between double brackets and nothing else.

[t u v o] [t u v o x]
[n n p p m m w w] [

--- TARGET LETTERS ---

['n', 'n', 'p', 'p', 'm', 'm', 'w', 'w', 'k', 'k']
Full Qwen output: [[n n p p m m w w] [n n p p m m w w x]]
Filtered Qwen output: n n p p m m w w] [n n p p m m w w x
trial 2 of 10...
trial 3 of 10...
trial 4 of 10...
trial 5 of 10...
trial 6 of 10...
trial 7 of 10...
trial 8 of 10...
trial 9 of 10...
trial 10 of 10...
Problem type: 2gen_split6 - 12/20
trial 1 of 10...

=== PROMPT ===

Use the following alphabet to complete the pattern.

e a c d b f g r i j k w m p n h q l s t u v o x y z

Note that the alphabet may be in an unfamiliar order. Complete the pattern using this order. Answer with only the final answer between double brackets and nothing else.

[b f g r] [b f g i]
[9 10 11 12 13 14 15 16] [

--- TARGET LETTERS ---

[np.int64(9), np.int64(10), np.int64(11), np.int64(12), np.int64(13), np.int64(14), np.int64(15), np.int64(17)]
Full Qwen output: To solve the analogy, we need to understand the pattern between the two groups of letters:  
**[b f g r]** and **[b f g i]**.

First, let's map the letters to their positions in the given alphabet:

**Alphabet order:**
1. e  
2. a  
3. c  
4. d  
5. b  
6. f  
7. g  
8. r  
9. i  
10. j  
11. k  
12. w  
13. m  
14. p  
15. n  
16. h  
1
trial 2 of 10...
trial 3 of 10...
trial 4 of 10...
trial 5 of 10...
trial 6 of 10...
trial 7 of 10...
trial 8 of 10...
trial 9 of 10...
trial 10 of 10...
Problem type: 2gensplit7 - 13/20
trial 1 of 10...

=== PROMPT ===

Use the following alphabet to complete the pattern.

e a c d b f g r i j k w m p n h q l s t u v o x y z

Note that the alphabet may be in an unfamiliar order. Complete the pattern using this order. Answer with only the final answer between double brackets and nothing else.

[m p p n h q] [m p n h q]
[r x j x w x w x p x h x] [

--- TARGET LETTERS ---

['r', 'x', 'j', 'x', 'w', 'x', 'p', 'x', 'h', 'x']
Full Qwen output: To solve the analogy, we need to identify the pattern in the first pair and apply it to the second pair.

### Step 1: Analyze the first pair
First pair:  
**[m p p n h q]**  
**[m p n h q]**

We can see that the second sequence is a **shortened version** of the first sequence. Specifically, the first sequence is:

**m p p n h q**

The second sequence is:

**m p n h q**

So, the pattern is: **remove one of the repeated letters** (in this case, one of the two **p
trial 2 of 10...
trial 3 of 10...
trial 4 of 10...
trial 5 of 10...
trial 6 of 10...
trial 7 of 10...
trial 8 of 10...
trial 9 of 10...
trial 10 of 10...
Problem type: 3gen_split1 - 14/20
trial 1 of 10...

=== PROMPT ===

Use the following alphabet to complete the pattern.

e a c d b f g r i j k w m p n h q l s t u v o x y z

Note that the alphabet may be in an unfamiliar order. Complete the pattern using this order. Answer with only the final answer between double brackets and nothing else.

[w m p n] [w m p n h]
[m m k k i i g g] [

--- TARGET LETTERS ---

['m', 'm', 'k', 'k', 'i', 'i', 'g', 'g', 'b', 'b']
Full Qwen output: [[m m k k i i g g] [m m k k i i g g h h]]
Filtered Qwen output: m m k k i i g g] [m m k k i i g g h h
trial 2 of 10...
trial 3 of 10...
trial 4 of 10...
trial 5 of 10...
trial 6 of 10...
trial 7 of 10...
trial 8 of 10...
trial 9 of 10...
trial 10 of 10...
Problem type: 3gen_split2 - 15/20
trial 1 of 10...

=== PROMPT ===

Use the following alphabet to complete the pattern.

e a c d b f g r i j k w m p n h q l s t u v o x y z

Note that the alphabet may be in an unfamiliar order. Complete the pattern using this order. Answer with only the final answer between double brackets and nothing else.

[u v o x x y] [u v o x y]
[26 25 24 23 22 21 21 20 19 18] [

--- TARGET LETTERS ---

[np.int64(26), np.int64(25), np.int64(24), np.int64(23), np.int64(22), np.int64(21), np.int64(20), np.int64(19), np.int64(18)]
Full Qwen output: [[u v o x y z]]
Filtered Qwen output: u v o x y z
trial 2 of 10...
trial 3 of 10...
trial 4 of 10...
trial 5 of 10...
trial 6 of 10...
trial 7 of 10...
trial 8 of 10...
trial 9 of 10...
trial 10 of 10...
Problem type: 3gen_split3 - 16/20
trial 1 of 10...

=== PROMPT ===

Use the following alphabet to complete the pattern.

e a c d b f g r i j k w m p n h q l s t u v o x y z

Note that the alphabet may be in an unfamiliar order. Complete the pattern using this order. Answer with only the final answer between double brackets and nothing else.

[a c d b] [a c d b f]
[y o u s q n m k] [

--- TARGET LETTERS ---

['y', 'o', 'u', 's', 'q', 'n', 'm', 'k', 'i']
Full Qwen output: [[y o u s q n m k] [y o u s q n m k w]]
Filtered Qwen output: y o u s q n m k] [y o u s q n m k w
trial 2 of 10...
trial 3 of 10...
trial 4 of 10...
trial 5 of 10...
trial 6 of 10...
trial 7 of 10...
trial 8 of 10...
trial 9 of 10...
trial 10 of 10...
Problem type: 3gen_split4 - 17/20
trial 1 of 10...

=== PROMPT ===

Use the following alphabet to complete the pattern.

e a c d b f g r i j k w m p n h q l s t u v o x y z

Note that the alphabet may be in an unfamiliar order. Complete the pattern using this order. Answer with only the final answer between double brackets and nothing else.

[u v o x r] [u v o x y]
[20 19 22 17 16 15 14 13 12] [

--- TARGET LETTERS ---

[np.int64(20), np.int64(19), np.int64(18), np.int64(17), np.int64(16), np.int64(15), np.int64(14), np.int64(13), np.int64(12)]
Full Qwen output: [[u v o x y z]]
Filtered Qwen output: u v o x y z
trial 2 of 10...
trial 3 of 10...
trial 4 of 10...
trial 5 of 10...
trial 6 of 10...
trial 7 of 10...
trial 8 of 10...
trial 9 of 10...
trial 10 of 10...
Problem type: 3gen_split5 - 18/20
trial 1 of 10...

=== PROMPT ===

Use the following alphabet to complete the pattern.

e a c d b f g r i j k w m p n h q l s t u v o x y z

Note that the alphabet may be in an unfamiliar order. Complete the pattern using this order. Answer with only the final answer between double brackets and nothing else.

[n w m p k] [k w m p n]
[p p x x h h x x n n x x q q x x m m x x] [

--- TARGET LETTERS ---

['q', 'q', 'x', 'x', 'h', 'h', 'x', 'x', 'n', 'n', 'x', 'x', 'p', 'p', 'x', 'x', 'm', 'm', 'x', 'x']
Full Qwen output: [[p p x x h h x x n n x x q q x x m m x x] [p p x x h h x x n n x x q q x x m m x x]]
Filtered Qwen output: p p x x h h x x n n x x q q x x m m x x] [p p x x h h x x n n x x q q x x m m x x
trial 2 of 10...
trial 3 of 10...
trial 4 of 10...
trial 5 of 10...
trial 6 of 10...
trial 7 of 10...
trial 8 of 10...
trial 9 of 10...
trial 10 of 10...
Problem type: 3gen_split6 - 19/20
trial 1 of 10...

=== PROMPT ===

Use the following alphabet to complete the pattern.

e a c d b f g r i j k w m p n h q l s t u v o x y z

Note that the alphabet may be in an unfamiliar order. Complete the pattern using this order. Answer with only the final answer between double brackets and nothing else.

[e a c d] [e a c b]
[j j x x k k x x w w x x m m x x p p x x n n x x h h x x q q x x] [

--- TARGET LETTERS ---

['j', 'j', 'x', 'x', 'k', 'k', 'x', 'x', 'w', 'w', 'x', 'x', 'm', 'm', 'x', 'x', 'p', 'p', 'x', 'x', 'n', 'n', 'x', 'x', 'h', 'h', 'x', 'x', 'l', 'l', 'x', 'x']
Full Qwen output: [j j x x k k x x w w x x m m x x p p x x n n x x h h x x q q x x] [l l x x s s x x t t x x u u x x v v x x o o x x y y x x z z x x]  

Final answer:  
[[l l x x s s x x t t x x u u x x v v x x o o x x y y x x z z x x]]  

[[l l x x s s x x t t x x u u x x v v x x
Filtered Qwen output: l l x x s s x x t t x x u u x x v v x x o o x x y y x x z z x x
trial 2 of 10...
trial 3 of 10...
trial 4 of 10...
trial 5 of 10...
trial 6 of 10...
trial 7 of 10...
trial 8 of 10...
trial 9 of 10...
trial 10 of 10...
Problem type: 3gensplit7 - 20/20
trial 1 of 10...

=== PROMPT ===

Use the following alphabet to complete the pattern.

e a c d b f g r i j k w m p n h q l s t u v o x y z

Note that the alphabet may be in an unfamiliar order. Complete the pattern using this order. Answer with only the final answer between double brackets and nothing else.

[p n h q] [m n h q]
[o o x x v v x x u u x x t t x x] [

--- TARGET LETTERS ---

['x', 'x', 'x', 'x', 'v', 'v', 'x', 'x', 'u', 'u', 'x', 'x', 't', 't', 'x', 'x']
Full Qwen output: [[o o x x v v x x u u x x t t x x] [s s x x r r x x q q x x p p x x]]
Filtered Qwen output: o o x x v v x x u u x x t t x x] [s s x x r r x x q q x x p p x x
trial 2 of 10...
trial 3 of 10...
trial 4 of 10...
trial 5 of 10...
trial 6 of 10...
trial 7 of 10...
trial 8 of 10...
trial 9 of 10...
trial 10 of 10...
alph_6
a b s d e f g o i j k c x n h p q t y r u v w l m z
Problem type: larger_int - 1/20
trial 1 of 10...

=== PROMPT ===

Use the following alphabet to complete the pattern.

a b s d e f g o i j k c x n h p q t y r u v w l m z

Note that the alphabet may be in an unfamiliar order. Complete the pattern using this order. Answer with only the final answer between double brackets and nothing else.

[d e f g] [d e f g o]
[s e g i] [

--- TARGET LETTERS ---

['s', 'e', 'g', 'i', 'k']
Full Qwen output: To solve the analogy, we need to identify the pattern between the first pair of letter groups and apply it to the second pair.

Given:

- First pair: **[d e f g]** → **[d e f g o]**
- Second pair: **[s e g i]** → **[?]**

### Step 1: Analyze the first pair
**[d e f g]** → **[d e f g o]**

This looks like the first group is extended by adding the letter **o** at the end.

So the pattern is: **add the letter "o" to the end of
trial 2 of 10...
trial 3 of 10...
trial 4 of 10...
trial 5 of 10...
trial 6 of 10...
trial 7 of 10...
trial 8 of 10...
trial 9 of 10...
trial 10 of 10...
Problem type: longer_targ - 2/20
trial 1 of 10...

=== PROMPT ===

Use the following alphabet to complete the pattern.

a b s d e f g o i j k c x n h p q t y r u v w l m z

Note that the alphabet may be in an unfamiliar order. Complete the pattern using this order. Answer with only the final answer between double brackets and nothing else.

[p q r y t] [p q t y r]
[h i j k c x n o p] [

--- TARGET LETTERS ---

['o', 'i', 'j', 'k', 'c', 'x', 'n', 'h', 'p']
Full Qwen output: [h i j k c x n o p] [h i j k c x n o p]  

The pattern is repeating the same sequence. The first group is [p q r y t] and the second is [p q t y r], which is a rearrangement. However, for the second part of the question, the group [h i j k c x n o p] is given, and the pattern seems to be repeating the same sequence.  

Final answer: [[h i j k c x n o p] [h i j k c x n o p]]  

But since the question asks to
Filtered Qwen output: h i j k c x n o p] [h i j k c x n o p
trial 2 of 10...
trial 3 of 10...
trial 4 of 10...
trial 5 of 10...
trial 6 of 10...
trial 7 of 10...
trial 8 of 10...
trial 9 of 10...
trial 10 of 10...
Problem type: group - 3/20
trial 1 of 10...

=== PROMPT ===

Use the following alphabet to complete the pattern.

a b s d e f g o i j k c x n h p q t y r u v w l m z

Note that the alphabet may be in an unfamiliar order. Complete the pattern using this order. Answer with only the final answer between double brackets and nothing else.

[d e f g] [s e f g]
[g g o o i i j j] [

--- TARGET LETTERS ---

['f', 'f', 'o', 'o', 'i', 'i', 'j', 'j']
Full Qwen output: [[g g o o i i j j] [c c x x n n h h]]
Filtered Qwen output: g g o o i i j j] [c c x x n n h h
trial 2 of 10...
trial 3 of 10...
trial 4 of 10...
trial 5 of 10...
trial 6 of 10...
trial 7 of 10...
trial 8 of 10...
trial 9 of 10...
trial 10 of 10...
Problem type: interleaved - 4/20
trial 1 of 10...

=== PROMPT ===

Use the following alphabet to complete the pattern.

a b s d e f g o i j k c x n h p q t y r u v w l m z

Note that the alphabet may be in an unfamiliar order. Complete the pattern using this order. Answer with only the final answer between double brackets and nothing else.

[c x n u p] [c x n h p]
[m x c x x x n x h x] [

--- TARGET LETTERS ---

['k', 'x', 'c', 'x', 'x', 'x', 'n', 'x', 'h', 'x']
Full Qwen output: To solve the analogy, we need to identify the pattern between the two given groups of letters:

**First group:** [c x n u p]  
**Second group:** [c x n h p]

We can see that the only difference between the two groups is the fourth letter:  
- In the first group, it's **u**  
- In the second group, it's **h**

So, the pattern seems to be that the fourth letter changes from **u** to **h**.

Now, let's look at the second part of the analogy:

**[m x c x x x n x h x
trial 2 of 10...
trial 3 of 10...
trial 4 of 10...
trial 5 of 10...
trial 6 of 10...
trial 7 of 10...
trial 8 of 10...
trial 9 of 10...
trial 10 of 10...
Problem type: letter2num - 5/20
trial 1 of 10...

=== PROMPT ===

Use the following alphabet to complete the pattern.

a b s d e f g o i j k c x n h p q t y r u v w l m z

Note that the alphabet may be in an unfamiliar order. Complete the pattern using this order. Answer with only the final answer between double brackets and nothing else.

[g o i j] [g o i k]
[22 23 24 25] [

--- TARGET LETTERS ---

[np.int64(22), np.int64(23), np.int64(24), np.int64(26)]
Full Qwen output: [[g o i j] [g o i k]  
[22 23 24 25] [22 23 24 26]]  

Final answer: [[g o i j] [g o i k] [g o i j] [g o i k] [g o i j] [g o i k]]  
But since the question seems to be asking for the next in the pattern after [22 23 24 25] [?], and the pattern is [g o i j] [g o i k], the
Filtered Qwen output: g o i j] [g o i k]  
[22 23 24 25] [22 23 24 26
trial 2 of 10...
trial 3 of 10...
trial 4 of 10...
trial 5 of 10...
trial 6 of 10...
trial 7 of 10...
trial 8 of 10...
trial 9 of 10...
trial 10 of 10...
Problem type: reverse - 6/20
trial 1 of 10...

=== PROMPT ===

Use the following alphabet to complete the pattern.

a b s d e f g o i j k c x n h p q t y r u v w l m z

Note that the alphabet may be in an unfamiliar order. Complete the pattern using this order. Answer with only the final answer between double brackets and nothing else.

[y r u v] [t r u v]
[f e d s] [

--- TARGET LETTERS ---

['g', 'e', 'd', 's']
Full Qwen output: [**g e d s**]  

The pattern is based on reversing the order of the letters within each group.  

- [y r u v] → [v u r y] (not used, but shows reversal)  
- [t r u v] → [v u r t] (not used, but shows reversal)  
- [f e d s] → [s d e f]  

So the next group should be the reverse of [g e d s], which is [s d e g]. But looking at the pattern, it seems the second group is a shifted version of the first.
trial 2 of 10...
trial 3 of 10...
trial 4 of 10...
trial 5 of 10...
trial 6 of 10...
trial 7 of 10...
trial 8 of 10...
trial 9 of 10...
trial 10 of 10...
Problem type: 2gen_split1 - 7/20
trial 1 of 10...

=== PROMPT ===

Use the following alphabet to complete the pattern.

a b s d e f g o i j k c x n h p q t y r u v w l m z

Note that the alphabet may be in an unfamiliar order. Complete the pattern using this order. Answer with only the final answer between double brackets and nothing else.

[h j q t y] [h p q t y]
[l x y x t x q x p x] [

--- TARGET LETTERS ---

['r', 'x', 'y', 'x', 't', 'x', 'q', 'x', 'p', 'x']
Full Qwen output: [l x y x t x q x p x] [l x y x t x q x h x]  

**Final Answer:** [[l x y x t x q x p x] [l x y x t x q x h x]]
Filtered Qwen output: l x y x t x q x p x] [l x y x t x q x h x
trial 2 of 10...
trial 3 of 10...
trial 4 of 10...
trial 5 of 10...
trial 6 of 10...
trial 7 of 10...
trial 8 of 10...
trial 9 of 10...
trial 10 of 10...
Problem type: 2gen_split2 - 8/20
trial 1 of 10...

=== PROMPT ===

Use the following alphabet to complete the pattern.

a b s d e f g o i j k c x n h p q t y r u v w l m z

Note that the alphabet may be in an unfamiliar order. Complete the pattern using this order. Answer with only the final answer between double brackets and nothing else.

[s d e f] [b d e f]
[23 23 24 24 25 25 26 26] [

--- TARGET LETTERS ---

[np.int64(22), np.int64(22), np.int64(24), np.int64(24), np.int64(25), np.int64(25), np.int64(26), np.int64(26)]
Full Qwen output: [23 23 24 24 25 25 26 26] [**a a b b c c d d**]  

Final answer: [[a a b b c c d d]]  

[[a a b b c c d d]]
Filtered Qwen output: a a b b c c d d
trial 2 of 10...
trial 3 of 10...
trial 4 of 10...
trial 5 of 10...
trial 6 of 10...
trial 7 of 10...
trial 8 of 10...
trial 9 of 10...
trial 10 of 10...
Problem type: 2gen_split3 - 9/20
trial 1 of 10...

=== PROMPT ===

Use the following alphabet to complete the pattern.

a b s d e f g o i j k c x n h p q t y r u v w l m z

Note that the alphabet may be in an unfamiliar order. Complete the pattern using this order. Answer with only the final answer between double brackets and nothing else.

[h p q t t y] [h p q t y]
[j x c x c x n x p x t x] [

--- TARGET LETTERS ---

['j', 'x', 'c', 'x', 'n', 'x', 'p', 'x', 't', 'x']
Full Qwen output: [j x c x c x n x p x t x] [j x c x c x n x p x t x]
trial 2 of 10...
trial 3 of 10...
trial 4 of 10...
trial 5 of 10...
trial 6 of 10...
trial 7 of 10...
trial 8 of 10...
trial 9 of 10...
trial 10 of 10...
Problem type: 2gen_split4 - 10/20
trial 1 of 10...

=== PROMPT ===

Use the following alphabet to complete the pattern.

a b s d e f g o i j k c x n h p q t y r u v w l m z

Note that the alphabet may be in an unfamiliar order. Complete the pattern using this order. Answer with only the final answer between double brackets and nothing else.

[o i j k c c] [o i j k c]
[a x b x s x d x e x e x f x g x o x i x] [

--- TARGET LETTERS ---

['a', 'x', 'b', 'x', 's', 'x', 'd', 'x', 'e', 'x', 'f', 'x', 'g', 'x', 'o', 'x', 'i', 'x']
Full Qwen output: [[a x b x s x d x e x e x f x g x o x i x] [x j x k x c x x c x x x x x x x x x x x x x x x x x x x x x x x x x x x x x x x x x x x x x x x x x x x x x x x x x x x x x x x x x x x x x x x x x x x x x x x x x x x x x x x x x x x x x x x x x x x x x x x x
trial 2 of 10...
trial 3 of 10...
trial 4 of 10...
trial 5 of 10...
trial 6 of 10...
trial 7 of 10...
trial 8 of 10...
trial 9 of 10...
trial 10 of 10...
Problem type: 2gen_split5 - 11/20
trial 1 of 10...

=== PROMPT ===

Use the following alphabet to complete the pattern.

a b s d e f g o i j k c x n h p q t y r u v w l m z

Note that the alphabet may be in an unfamiliar order. Complete the pattern using this order. Answer with only the final answer between double brackets and nothing else.

[y r u v] [t r u v]
[12 0 13 0 14 0 15 0] [

--- TARGET LETTERS ---

[np.int64(11), '0', np.int64(13), '0', np.int64(14), '0', np.int64(15), '0']
Full Qwen output: [12 0 13 0 14 0 15 0] [11 0 12 0 13 0 14 0]  

Final answer: [[11 0 12 0 13 0 14 0]]  

[[11 0 12 0 13 0 14 0]]
Filtered Qwen output: 11 0 12 0 13 0 14 0
trial 2 of 10...
trial 3 of 10...
trial 4 of 10...
trial 5 of 10...
trial 6 of 10...
trial 7 of 10...
trial 8 of 10...
trial 9 of 10...
trial 10 of 10...
Problem type: 2gen_split6 - 12/20
trial 1 of 10...

=== PROMPT ===

Use the following alphabet to complete the pattern.

a b s d e f g o i j k c x n h p q t y r u v w l m z

Note that the alphabet may be in an unfamiliar order. Complete the pattern using this order. Answer with only the final answer between double brackets and nothing else.

[b s d e] [b s d e f]
[h h p p q q t t y y r r u u v v] [

--- TARGET LETTERS ---

['h', 'h', 'p', 'p', 'q', 'q', 't', 't', 'y', 'y', 'r', 'r', 'u', 'u', 'v', 'v', 'w', 'w']
Full Qwen output: [h h p p q q t t y y r r u u v v] [h h p p q q t t y y r r u u v v l l m m z z]  

**Final Answer:** [[h h p p q q t t y y r r u u v v] [h h p p q q t t y y r r u u v v l l m m z z]]
Filtered Qwen output: h h p p q q t t y y r r u u v v] [h h p p q q t t y y r r u u v v l l m m z z
trial 2 of 10...
trial 3 of 10...
trial 4 of 10...
trial 5 of 10...
trial 6 of 10...
trial 7 of 10...
trial 8 of 10...
trial 9 of 10...
trial 10 of 10...
Problem type: 2gensplit7 - 13/20
trial 1 of 10...

=== PROMPT ===

Use the following alphabet to complete the pattern.

a b s d e f g o i j k c x n h p q t y r u v w l m z

Note that the alphabet may be in an unfamiliar order. Complete the pattern using this order. Answer with only the final answer between double brackets and nothing else.

[j k c x] [j k c x n]
[18 19 20 21 22 23 24 25] [

--- TARGET LETTERS ---

[np.int64(18), np.int64(19), np.int64(20), np.int64(21), np.int64(22), np.int64(23), np.int64(24), np.int64(25), np.int64(26)]
Full Qwen output: [j k c x] [j k c x n]  
[18 19 20 21 22 23 24 25] [  

The first group has 4 letters: **j k c x**  
The second group has 5 letters: **j k c x n**  

So the pattern is:  
- First group: 4 letters  
- Second group: 4 letters + 1 more letter  

Following this, the next group should be: **j k c x n h** (adding the next letter in the sequence, which is **h
trial 2 of 10...
trial 3 of 10...
trial 4 of 10...
trial 5 of 10...
trial 6 of 10...
trial 7 of 10...
trial 8 of 10...
trial 9 of 10...
trial 10 of 10...
Problem type: 3gen_split1 - 14/20
trial 1 of 10...

=== PROMPT ===

Use the following alphabet to complete the pattern.

a b s d e f g o i j k c x n h p q t y r u v w l m z

Note that the alphabet may be in an unfamiliar order. Complete the pattern using this order. Answer with only the final answer between double brackets and nothing else.

[j k c x n n] [j k c x n]
[22 21 20 19 18 17 16 15 14 14] [

--- TARGET LETTERS ---

[np.int64(22), np.int64(21), np.int64(20), np.int64(19), np.int64(18), np.int64(17), np.int64(16), np.int64(15), np.int64(14)]
Full Qwen output: To solve the analogy, we need to understand the pattern in the given sequence using the provided alphabet order:

**Alphabet order:**
a b s d e f g o i j k c x n h p q t y r u v w l m z

Let's assign positions to each letter in this order:

1. a  
2. b  
3. s  
4. d  
5. e  
6. f  
7. g  
8. o  
9. i  
10. j  
11. k  
12. c  
13. x  
14. n  
15
trial 2 of 10...
trial 3 of 10...
trial 4 of 10...
trial 5 of 10...
trial 6 of 10...
trial 7 of 10...
trial 8 of 10...
trial 9 of 10...
trial 10 of 10...
Problem type: 3gen_split2 - 15/20
trial 1 of 10...

=== PROMPT ===

Use the following alphabet to complete the pattern.

a b s d e f g o i j k c x n h p q t y r u v w l m z

Note that the alphabet may be in an unfamiliar order. Complete the pattern using this order. Answer with only the final answer between double brackets and nothing else.

[b s r e f] [b s d e f]
[15 15 0 0 17 17 0 0 18 18 0 0 19 19 0 0 20 20 0 0] [

--- TARGET LETTERS ---

[np.int64(16), np.int64(16), '0', '0', np.int64(17), np.int64(17), '0', '0', np.int64(18), np.int64(18), '0', '0', np.int64(19), np.int64(19), '0', '0', np.int64(20), np.int64(20), '0', '0']
Full Qwen output: [[b s e d f]]
Filtered Qwen output: b s e d f
trial 2 of 10...
trial 3 of 10...
trial 4 of 10...
trial 5 of 10...
trial 6 of 10...
trial 7 of 10...
trial 8 of 10...
trial 9 of 10...
trial 10 of 10...
Problem type: 3gen_split3 - 16/20
trial 1 of 10...

=== PROMPT ===

Use the following alphabet to complete the pattern.

a b s d e f g o i j k c x n h p q t y r u v w l m z

Note that the alphabet may be in an unfamiliar order. Complete the pattern using this order. Answer with only the final answer between double brackets and nothing else.

[a n s d e] [a b s d e]
[n n x x c c k k j j i i u u g g f f] [

--- TARGET LETTERS ---

['n', 'n', 'x', 'x', 'c', 'c', 'k', 'k', 'j', 'j', 'i', 'i', 'o', 'o', 'g', 'g', 'f', 'f']
Full Qwen output: [[n n x x c c k k j j i i u u g g f f] [a b s d e]]
Filtered Qwen output: n n x x c c k k j j i i u u g g f f] [a b s d e
trial 2 of 10...
trial 3 of 10...
trial 4 of 10...
trial 5 of 10...
trial 6 of 10...
trial 7 of 10...
trial 8 of 10...
trial 9 of 10...
trial 10 of 10...
Problem type: 3gen_split4 - 17/20
trial 1 of 10...

=== PROMPT ===

Use the following alphabet to complete the pattern.

a b s d e f g o i j k c x n h p q t y r u v w l m z

Note that the alphabet may be in an unfamiliar order. Complete the pattern using this order. Answer with only the final answer between double brackets and nothing else.

[i j k c] [i j k c x]
[4 4 6 6 8 8 10 10] [

--- TARGET LETTERS ---

[np.int64(4), np.int64(4), np.int64(6), np.int64(6), np.int64(8), np.int64(8), np.int64(10), np.int64(10), np.int64(12), np.int64(12)]
Full Qwen output: [[i j k c x n]]
Filtered Qwen output: i j k c x n
trial 2 of 10...
trial 3 of 10...
trial 4 of 10...
trial 5 of 10...
trial 6 of 10...
trial 7 of 10...
trial 8 of 10...
trial 9 of 10...
trial 10 of 10...
Problem type: 3gen_split5 - 18/20
trial 1 of 10...

=== PROMPT ===

Use the following alphabet to complete the pattern.

a b s d e f g o i j k c x n h p q t y r u v w l m z

Note that the alphabet may be in an unfamiliar order. Complete the pattern using this order. Answer with only the final answer between double brackets and nothing else.

[x n h p] [x n h p q]
[p p n n c c j j] [

--- TARGET LETTERS ---

['p', 'p', 'n', 'n', 'c', 'c', 'j', 'j', 'o', 'o']
Full Qwen output: [[p p n n c c j j] [p p n n c c j j k k]]
Filtered Qwen output: p p n n c c j j] [p p n n c c j j k k
trial 2 of 10...
trial 3 of 10...
trial 4 of 10...
trial 5 of 10...
trial 6 of 10...
trial 7 of 10...
trial 8 of 10...
trial 9 of 10...
trial 10 of 10...
Problem type: 3gen_split6 - 19/20
trial 1 of 10...

=== PROMPT ===

Use the following alphabet to complete the pattern.

a b s d e f g o i j k c x n h p q t y r u v w l m z

Note that the alphabet may be in an unfamiliar order. Complete the pattern using this order. Answer with only the final answer between double brackets and nothing else.

[c x n h] [c x n h p]
[2 4 6 8 10 12 14 16] [

--- TARGET LETTERS ---

[np.int64(2), np.int64(4), np.int64(6), np.int64(8), np.int64(10), np.int64(12), np.int64(14), np.int64(16), np.int64(18)]
Full Qwen output: [c x n h p q]  

The pattern is adding the next letter in the given sequence after "c x n h". The original sequence is:  
**c x n h**  
The next two letters in the sequence are **p** and **q**.  

Final answer:  
[[c x n h p q]]
Filtered Qwen output: c x n h p q
trial 2 of 10...
trial 3 of 10...
trial 4 of 10...
trial 5 of 10...
trial 6 of 10...
trial 7 of 10...
trial 8 of 10...
trial 9 of 10...
trial 10 of 10...
Problem type: 3gensplit7 - 20/20
trial 1 of 10...

=== PROMPT ===

Use the following alphabet to complete the pattern.

a b s d e f g o i j k c x n h p q t y r u v w l m z

Note that the alphabet may be in an unfamiliar order. Complete the pattern using this order. Answer with only the final answer between double brackets and nothing else.

[c x n h s] [c x n h p]
[4 0 5 0 6 0 16 0 8 0 9 0 10 0 11 0 12 0] [

--- TARGET LETTERS ---

[np.int64(4), '0', np.int64(5), '0', np.int64(6), '0', np.int64(7), '0', np.int64(8), '0', np.int64(9), '0', np.int64(10), '0', np.int64(11), '0', np.int64(12), '0']
Full Qwen output: To solve the analogy, we need to understand the pattern between the two given groups:

**First group:** [c x n h s]  
**Second group:** [c x n h p]

We are told to use the given alphabet order:

**a b s d e f g o i j k c x n h p q t y r u v w l m z**

Let's map each letter to its position in this custom alphabet:

1. a  
2. b  
3. s  
4. d  
5. e  
6. f  
7. g  
8. o  
9. i  
1
trial 2 of 10...
trial 3 of 10...
trial 4 of 10...
trial 5 of 10...
trial 6 of 10...
trial 7 of 10...
trial 8 of 10...
trial 9 of 10...
trial 10 of 10...
Saved ./Qwen_Qwen3-14B_prob_predictions_multi_alph/gen/Qwen_Qwen3-14B_letterstring_results_10_multi_alph_gptprobs_minimal.npz
Total time: 3081.1536774635315 seconds.
Loading model Qwen/Qwen3-14B...
GPU memory available: 39.49 GB
`torch_dtype` is deprecated! Use `dtype` instead!
Flash Attention 2 not available (FlashAttention2 has been toggled on, but it cannot be used due to the following error: the package flash_attn seems to be not installed. Please refer to the documentation of https://huggingface.co/docs/transformers/perf_infer_gpu_one#flashattention-2 to install Flash Attention 2.), using default attention
Loading checkpoint shards:   0%|          | 0/8 [00:00<?, ?it/s]Loading checkpoint shards:  12%|█▎        | 1/8 [00:01<00:12,  1.73s/it]Loading checkpoint shards:  25%|██▌       | 2/8 [00:03<00:10,  1.73s/it]Loading checkpoint shards:  38%|███▊      | 3/8 [00:05<00:08,  1.73s/it]Loading checkpoint shards:  50%|█████     | 4/8 [00:06<00:06,  1.72s/it]Loading checkpoint shards:  62%|██████▎   | 5/8 [00:08<00:05,  1.72s/it]Loading checkpoint shards:  75%|███████▌  | 6/8 [00:10<00:03,  1.71s/it]Loading checkpoint shards:  88%|████████▊ | 7/8 [00:12<00:01,  1.71s/it]Loading checkpoint shards: 100%|██████████| 8/8 [00:12<00:00,  1.42s/it]Loading checkpoint shards: 100%|██████████| 8/8 [00:12<00:00,  1.60s/it]
Model loaded with default attention
Model device: cuda:0
GPU memory allocated: 27.51 GB, reserved: 27.51 GB
Model loaded. Loading tokenizer...
Model Qwen/Qwen3-14B and tokenizer loaded.
alph_0
u n o y q l g f j d k h a z b p e r s t w m c i x v
Problem type: larger_int - 1/20
trial 1 of 10...

=== PROMPT ===

Use the following alphabet to complete the pattern.

u n o y q l g f j d k h a z b p e r s t w m c i x v

Note that the alphabet may be in an unfamiliar order. Complete the pattern using this order. Answer with only the final answer between double brackets and nothing else.

[g f j d] [l f j d]
[g j k a] [

--- TARGET LETTERS ---

['q', 'j', 'k', 'a']
The following generation flags are not valid and may be ignored: ['temperature', 'top_k']. Set `TRANSFORMERS_VERBOSITY=info` for more details.
Full Qwen output: [[g j k a] [l j k a]]
Filtered Qwen output: g j k a] [l j k a
trial 2 of 10...
trial 3 of 10...
trial 4 of 10...
trial 5 of 10...
trial 6 of 10...
trial 7 of 10...
trial 8 of 10...
trial 9 of 10...
trial 10 of 10...
Problem type: longer_targ - 2/20
trial 1 of 10...

=== PROMPT ===

Use the following alphabet to complete the pattern.

u n o y q l g f j d k h a z b p e r s t w m c i x v

Note that the alphabet may be in an unfamiliar order. Complete the pattern using this order. Answer with only the final answer between double brackets and nothing else.

[g f j d k k] [g f j d k]
[u n o y q q l g f j] [

--- TARGET LETTERS ---

['u', 'n', 'o', 'y', 'q', 'l', 'g', 'f', 'j']
Full Qwen output: [[u n o y q q l g f j] [u n o y q l g f j d k]]
Filtered Qwen output: u n o y q q l g f j] [u n o y q l g f j d k
trial 2 of 10...
trial 3 of 10...
trial 4 of 10...
trial 5 of 10...
trial 6 of 10...
trial 7 of 10...
trial 8 of 10...
trial 9 of 10...
trial 10 of 10...
Problem type: group - 3/20
trial 1 of 10...

=== PROMPT ===

Use the following alphabet to complete the pattern.

u n o y q l g f j d k h a z b p e r s t w m c i x v

Note that the alphabet may be in an unfamiliar order. Complete the pattern using this order. Answer with only the final answer between double brackets and nothing else.

[c i x v] [m i x v]
[l l g g f f j j] [

--- TARGET LETTERS ---

['q', 'q', 'g', 'g', 'f', 'f', 'j', 'j']
Full Qwen output: [[l l g g f f j j] [d d g g f f j j]]
Filtered Qwen output: l l g g f f j j] [d d g g f f j j
trial 2 of 10...
trial 3 of 10...
trial 4 of 10...
trial 5 of 10...
trial 6 of 10...
trial 7 of 10...
trial 8 of 10...
trial 9 of 10...
trial 10 of 10...
Problem type: interleaved - 4/20
trial 1 of 10...

=== PROMPT ===

Use the following alphabet to complete the pattern.

u n o y q l g f j d k h a z b p e r s t w m c i x v

Note that the alphabet may be in an unfamiliar order. Complete the pattern using this order. Answer with only the final answer between double brackets and nothing else.

[p n o y q] [u n o y q]
[b x p x e x m x s x] [

--- TARGET LETTERS ---

['b', 'x', 'p', 'x', 'e', 'x', 'r', 'x', 's', 'x']
Full Qwen output: [[b x p x e x m x s x] [x p x e x m x s x]]
Filtered Qwen output: b x p x e x m x s x] [x p x e x m x s x
trial 2 of 10...
trial 3 of 10...
trial 4 of 10...
trial 5 of 10...
trial 6 of 10...
trial 7 of 10...
trial 8 of 10...
trial 9 of 10...
trial 10 of 10...
Problem type: letter2num - 5/20
trial 1 of 10...

=== PROMPT ===

Use the following alphabet to complete the pattern.

u n o y q l g f j d k h a z b p e r s t w m c i x v

Note that the alphabet may be in an unfamiliar order. Complete the pattern using this order. Answer with only the final answer between double brackets and nothing else.

[q l g f] [q l g j]
[20 21 22 23] [

--- TARGET LETTERS ---

[np.int64(20), np.int64(21), np.int64(22), np.int64(24)]
Full Qwen output: [20 21 22 24]  

Final answer: [[q l g j] [q l g j]]  
Wait, let's recheck the pattern.

Given:  
[q l g f] [q l g j]  
[20 21 22 23] [? ? ? ?]

From the alphabet:  
u n o y q l g f j d k h a z b p e r s t w m c i x v

Let's assign positions (1-based index):

1: u  
2: n  
3: o  
4:
Filtered Qwen output: q l g j] [q l g j
trial 2 of 10...
trial 3 of 10...
trial 4 of 10...
trial 5 of 10...
trial 6 of 10...
trial 7 of 10...
trial 8 of 10...
trial 9 of 10...
trial 10 of 10...
Problem type: reverse - 6/20
trial 1 of 10...

=== PROMPT ===

Use the following alphabet to complete the pattern.

u n o y q l g f j d k h a z b p e r s t w m c i x v

Note that the alphabet may be in an unfamiliar order. Complete the pattern using this order. Answer with only the final answer between double brackets and nothing else.

[w m c i x x] [w m c i x]
[d j f g g l] [

--- TARGET LETTERS ---

['d', 'j', 'f', 'g', 'l']
Full Qwen output: [[d j f g g l] [d j f g g]]
Filtered Qwen output: d j f g g l] [d j f g g
trial 2 of 10...
trial 3 of 10...
trial 4 of 10...
trial 5 of 10...
trial 6 of 10...
trial 7 of 10...
trial 8 of 10...
trial 9 of 10...
trial 10 of 10...
Problem type: 2gen_split1 - 7/20
trial 1 of 10...

=== PROMPT ===

Use the following alphabet to complete the pattern.

u n o y q l g f j d k h a z b p e r s t w m c i x v

Note that the alphabet may be in an unfamiliar order. Complete the pattern using this order. Answer with only the final answer between double brackets and nothing else.

[p a z b h] [h a z b p]
[u u q q o o g g j j] [

--- TARGET LETTERS ---

['u', 'u', 'o', 'o', 'q', 'q', 'g', 'g', 'j', 'j']
Full Qwen output: [[u u q q o o g g j j] [u u q q o o g g j j]]
Filtered Qwen output: u u q q o o g g j j] [u u q q o o g g j j
trial 2 of 10...
trial 3 of 10...
trial 4 of 10...
trial 5 of 10...
trial 6 of 10...
trial 7 of 10...
trial 8 of 10...
trial 9 of 10...
trial 10 of 10...
Problem type: 2gen_split2 - 8/20
trial 1 of 10...

=== PROMPT ===

Use the following alphabet to complete the pattern.

u n o y q l g f j d k h a z b p e r s t w m c i x v

Note that the alphabet may be in an unfamiliar order. Complete the pattern using this order. Answer with only the final answer between double brackets and nothing else.

[k h l z b] [k h a z b]
[r x t x m x i x f x] [

--- TARGET LETTERS ---

['r', 'x', 't', 'x', 'm', 'x', 'i', 'x', 'v', 'x']
Full Qwen output: [[r x t x m x i x f x] [r x t x m x i x f x]]
Filtered Qwen output: r x t x m x i x f x] [r x t x m x i x f x
trial 2 of 10...
trial 3 of 10...
trial 4 of 10...
trial 5 of 10...
trial 6 of 10...
trial 7 of 10...
trial 8 of 10...
trial 9 of 10...
trial 10 of 10...
Problem type: 2gen_split3 - 9/20
trial 1 of 10...

=== PROMPT ===

Use the following alphabet to complete the pattern.

u n o y q l g f j d k h a z b p e r s t w m c i x v

Note that the alphabet may be in an unfamiliar order. Complete the pattern using this order. Answer with only the final answer between double brackets and nothing else.

[y q l g] [y q l g f]
[b x p x e x r x s x t x w x m x] [

--- TARGET LETTERS ---

['b', 'x', 'p', 'x', 'e', 'x', 'r', 'x', 's', 'x', 't', 'x', 'w', 'x', 'm', 'x', 'c', 'x']
Full Qwen output: [b x p x e x r x s x t x w x m x] [b x p x e x r x s x t x w x m x c i x v]  

Final answer: [[b x p x e x r x s x t x w x m x] [b x p x e x r x s x t x w x m x c i x v]]
Filtered Qwen output: b x p x e x r x s x t x w x m x] [b x p x e x r x s x t x w x m x c i x v
trial 2 of 10...
trial 3 of 10...
trial 4 of 10...
trial 5 of 10...
trial 6 of 10...
trial 7 of 10...
trial 8 of 10...
trial 9 of 10...
trial 10 of 10...
Problem type: 2gen_split4 - 10/20
trial 1 of 10...

=== PROMPT ===

Use the following alphabet to complete the pattern.

u n o y q l g f j d k h a z b p e r s t w m c i x v

Note that the alphabet may be in an unfamiliar order. Complete the pattern using this order. Answer with only the final answer between double brackets and nothing else.

[h a z b] [h a z p]
[d d x x k k x x h h x x a a x x] [

--- TARGET LETTERS ---

['d', 'd', 'x', 'x', 'k', 'k', 'x', 'x', 'h', 'h', 'x', 'x', 'z', 'z', 'x', 'x']
Full Qwen output: [[d d x x k k x x h h x x a a x x] [d d x x k k x x h h x x a a x x b b x x]]
Filtered Qwen output: d d x x k k x x h h x x a a x x] [d d x x k k x x h h x x a a x x b b x x
trial 2 of 10...
trial 3 of 10...
trial 4 of 10...
trial 5 of 10...
trial 6 of 10...
trial 7 of 10...
trial 8 of 10...
trial 9 of 10...
trial 10 of 10...
Problem type: 2gen_split5 - 11/20
trial 1 of 10...

=== PROMPT ===

Use the following alphabet to complete the pattern.

u n o y q l g f j d k h a z b p e r s t w m c i x v

Note that the alphabet may be in an unfamiliar order. Complete the pattern using this order. Answer with only the final answer between double brackets and nothing else.

[s t w m j] [s t w m c]
[a a h h k k d d z z] [

--- TARGET LETTERS ---

['a', 'a', 'h', 'h', 'k', 'k', 'd', 'd', 'j', 'j']
Full Qwen output: [[a a h h k k d d z z] [a a h h k k d d z z]]
Filtered Qwen output: a a h h k k d d z z] [a a h h k k d d z z
trial 2 of 10...
trial 3 of 10...
trial 4 of 10...
trial 5 of 10...
trial 6 of 10...
trial 7 of 10...
trial 8 of 10...
trial 9 of 10...
trial 10 of 10...
Problem type: 2gen_split6 - 12/20
trial 1 of 10...

=== PROMPT ===

Use the following alphabet to complete the pattern.

u n o y q l g f j d k h a z b p e r s t w m c i x v

Note that the alphabet may be in an unfamiliar order. Complete the pattern using this order. Answer with only the final answer between double brackets and nothing else.

[t c m w i] [t w m c i]
[4 10 8 6 12] [

--- TARGET LETTERS ---

[np.int64(4), np.int64(6), np.int64(8), np.int64(10), np.int64(12)]
Full Qwen output: To solve the analogy, we need to understand the relationship between the two groups of letters:  
**[t c m w i]** and **[t w m c i]**.

### Step 1: Analyze the letter positions in the given alphabet
We are given a custom alphabet:

**u n o y q l g f j d k h a z b p e r s t w m c i x v**

Let's assign positions to each letter (starting from 1):

1. u  
2. n  
3. o  
4. y  
5. q  
6. l  
7. g
trial 2 of 10...
trial 3 of 10...
trial 4 of 10...
trial 5 of 10...
trial 6 of 10...
trial 7 of 10...
trial 8 of 10...
trial 9 of 10...
trial 10 of 10...
Problem type: 2gensplit7 - 13/20
trial 1 of 10...

=== PROMPT ===

Use the following alphabet to complete the pattern.

u n o y q l g f j d k h a z b p e r s t w m c i x v

Note that the alphabet may be in an unfamiliar order. Complete the pattern using this order. Answer with only the final answer between double brackets and nothing else.

[m c i x] [m c i v]
[2 4 6 8] [

--- TARGET LETTERS ---

[np.int64(2), np.int64(4), np.int64(6), np.int64(10)]
Full Qwen output: [[m c i x] [m c i v]  
[2 4 6 8] [2 4 6 7]]
Filtered Qwen output: m c i x] [m c i v]  
[2 4 6 8] [2 4 6 7
trial 2 of 10...
trial 3 of 10...
trial 4 of 10...
trial 5 of 10...
trial 6 of 10...
trial 7 of 10...
trial 8 of 10...
trial 9 of 10...
trial 10 of 10...
Problem type: 3gen_split1 - 14/20
trial 1 of 10...

=== PROMPT ===

Use the following alphabet to complete the pattern.

u n o y q l g f j d k h a z b p e r s t w m c i x v

Note that the alphabet may be in an unfamiliar order. Complete the pattern using this order. Answer with only the final answer between double brackets and nothing else.

[o y q l] [o y q g]
[25 0 24 0 23 0 22 0] [

--- TARGET LETTERS ---

[np.int64(25), '0', np.int64(24), '0', np.int64(23), '0', np.int64(21), '0']
Full Qwen output: [[o y q f]]
Filtered Qwen output: o y q f
trial 2 of 10...
trial 3 of 10...
trial 4 of 10...
trial 5 of 10...
trial 6 of 10...
trial 7 of 10...
trial 8 of 10...
trial 9 of 10...
trial 10 of 10...
Problem type: 3gen_split2 - 15/20
trial 1 of 10...

=== PROMPT ===

Use the following alphabet to complete the pattern.

u n o y q l g f j d k h a z b p e r s t w m c i x v

Note that the alphabet may be in an unfamiliar order. Complete the pattern using this order. Answer with only the final answer between double brackets and nothing else.

[n o y q] [n o y q l]
[b b x x p p x x e e x x r r x x s s x x t t x x w w x x m m x x] [

--- TARGET LETTERS ---

['b', 'b', 'x', 'x', 'p', 'p', 'x', 'x', 'e', 'e', 'x', 'x', 'r', 'r', 'x', 'x', 's', 's', 'x', 'x', 't', 't', 'x', 'x', 'w', 'w', 'x', 'x', 'm', 'm', 'x', 'x', 'c', 'c', 'x', 'x']
Full Qwen output: [[b b x x p p x x e e x x r r x x s s x x t t x x w w x x m m x x]]
Filtered Qwen output: b b x x p p x x e e x x r r x x s s x x t t x x w w x x m m x x
trial 2 of 10...
trial 3 of 10...
trial 4 of 10...
trial 5 of 10...
trial 6 of 10...
trial 7 of 10...
trial 8 of 10...
trial 9 of 10...
trial 10 of 10...
Problem type: 3gen_split3 - 16/20
trial 1 of 10...

=== PROMPT ===

Use the following alphabet to complete the pattern.

u n o y q l g f j d k h a z b p e r s t w m c i x v

Note that the alphabet may be in an unfamiliar order. Complete the pattern using this order. Answer with only the final answer between double brackets and nothing else.

[n o c q l] [n o y q l]
[1 3 5 26 9 11 13 15 17] [

--- TARGET LETTERS ---

[np.int64(1), np.int64(3), np.int64(5), np.int64(7), np.int64(9), np.int64(11), np.int64(13), np.int64(15), np.int64(17)]
Full Qwen output: [1 3 5 26 9 11 13 15 17] [1 3 5 26 9 11 13 15 17]  
The pattern repeats the same sequence.  

Final answer: [[1 3 5 26 9 11 13 15 17] [1 3 5 26 9 11 13 15 17]]  
But since the question asks to complete the pattern and the second part is already given as [n
Filtered Qwen output: 1 3 5 26 9 11 13 15 17] [1 3 5 26 9 11 13 15 17
trial 2 of 10...
trial 3 of 10...
trial 4 of 10...
trial 5 of 10...
trial 6 of 10...
trial 7 of 10...
trial 8 of 10...
trial 9 of 10...
trial 10 of 10...
Problem type: 3gen_split4 - 17/20
trial 1 of 10...

=== PROMPT ===

Use the following alphabet to complete the pattern.

u n o y q l g f j d k h a z b p e r s t w m c i x v

Note that the alphabet may be in an unfamiliar order. Complete the pattern using this order. Answer with only the final answer between double brackets and nothing else.

[l g f j] [l g f d]
[9 8 7 6 5 4 3 2] [

--- TARGET LETTERS ---

[np.int64(9), np.int64(8), np.int64(7), np.int64(6), np.int64(5), np.int64(4), np.int64(3), np.int64(1)]
Full Qwen output: To solve the analogy, we need to understand the pattern between the two groups of letters:  
**[l g f j]** and **[l g f d]**.

Let’s look at the positions of the letters in the given alphabet:

**Alphabet order:**
1. u  
2. n  
3. o  
4. y  
5. q  
6. l  
7. g  
8. f  
9. j  
10. d  
11. k  
12. h  
13. a  
14. z  
15. b  
16. p  
17
trial 2 of 10...
trial 3 of 10...
trial 4 of 10...
trial 5 of 10...
trial 6 of 10...
trial 7 of 10...
trial 8 of 10...
trial 9 of 10...
trial 10 of 10...
Problem type: 3gen_split5 - 18/20
trial 1 of 10...

=== PROMPT ===

Use the following alphabet to complete the pattern.

u n o y q l g f j d k h a z b p e r s t w m c i x v

Note that the alphabet may be in an unfamiliar order. Complete the pattern using this order. Answer with only the final answer between double brackets and nothing else.

[q n o y u] [u n o y q]
[7 0 8 0 9 0 13 0 11 0 12 0 10 0 14 0 15 0] [

--- TARGET LETTERS ---

[np.int64(7), '0', np.int64(8), '0', np.int64(9), '0', np.int64(10), '0', np.int64(11), '0', np.int64(12), '0', np.int64(13), '0', np.int64(14), '0', np.int64(15), '0']
Full Qwen output: [[u n o y q]]
Filtered Qwen output: u n o y q
trial 2 of 10...
trial 3 of 10...
trial 4 of 10...
trial 5 of 10...
trial 6 of 10...
trial 7 of 10...
trial 8 of 10...
trial 9 of 10...
trial 10 of 10...
Problem type: 3gen_split6 - 19/20
trial 1 of 10...

=== PROMPT ===

Use the following alphabet to complete the pattern.

u n o y q l g f j d k h a z b p e r s t w m c i x v

Note that the alphabet may be in an unfamiliar order. Complete the pattern using this order. Answer with only the final answer between double brackets and nothing else.

[k h a z] [k h a b]
[t x r x p x z x] [

--- TARGET LETTERS ---

['t', 'x', 'r', 'x', 'p', 'x', 'h', 'x']
Full Qwen output: [[t x r x p x z x] [t x r x p x z b]]
Filtered Qwen output: t x r x p x z x] [t x r x p x z b
trial 2 of 10...
trial 3 of 10...
trial 4 of 10...
trial 5 of 10...
trial 6 of 10...
trial 7 of 10...
trial 8 of 10...
trial 9 of 10...
trial 10 of 10...
Problem type: 3gensplit7 - 20/20
trial 1 of 10...

=== PROMPT ===

Use the following alphabet to complete the pattern.

u n o y q l g f j d k h a z b p e r s t w m c i x v

Note that the alphabet may be in an unfamiliar order. Complete the pattern using this order. Answer with only the final answer between double brackets and nothing else.

[u n n o y q] [u n o y q]
[19 17 17 15 13 11] [

--- TARGET LETTERS ---

[np.int64(19), np.int64(17), np.int64(15), np.int64(13), np.int64(11)]
Full Qwen output: [19 17 17 15 13 11] [19 17 15 13 11]  

Final answer: [[u n n o y q]]  

[[u n n o y q]]
Filtered Qwen output: u n n o y q
trial 2 of 10...
trial 3 of 10...
trial 4 of 10...
trial 5 of 10...
trial 6 of 10...
trial 7 of 10...
trial 8 of 10...
trial 9 of 10...
trial 10 of 10...
alph_1
a b g z y w m h i r k d t s j e o f l u v p n x q c
Problem type: larger_int - 1/20
trial 1 of 10...

=== PROMPT ===

Use the following alphabet to complete the pattern.

a b g z y w m h i r k d t s j e o f l u v p n x q c

Note that the alphabet may be in an unfamiliar order. Complete the pattern using this order. Answer with only the final answer between double brackets and nothing else.

[i h m r k] [m h i r k]
[j l o v n] [

--- TARGET LETTERS ---

['j', 'o', 'l', 'v', 'n']
Full Qwen output: [[l o v n j]]
Filtered Qwen output: l o v n j
trial 2 of 10...
trial 3 of 10...
trial 4 of 10...
trial 5 of 10...
trial 6 of 10...
trial 7 of 10...
trial 8 of 10...
trial 9 of 10...
trial 10 of 10...
Problem type: longer_targ - 2/20
trial 1 of 10...

=== PROMPT ===

Use the following alphabet to complete the pattern.

a b g z y w m h i r k d t s j e o f l u v p n x q c

Note that the alphabet may be in an unfamiliar order. Complete the pattern using this order. Answer with only the final answer between double brackets and nothing else.

[d t s e j] [d t s j e]
[f l u v p n q x c] [

--- TARGET LETTERS ---

['f', 'l', 'u', 'v', 'p', 'n', 'x', 'q', 'c']
Full Qwen output: [[f l u v p n q x c] [f l u v p n q c x]]
Filtered Qwen output: f l u v p n q x c] [f l u v p n q c x
trial 2 of 10...
trial 3 of 10...
trial 4 of 10...
trial 5 of 10...
trial 6 of 10...
trial 7 of 10...
trial 8 of 10...
trial 9 of 10...
trial 10 of 10...
Problem type: group - 3/20
trial 1 of 10...

=== PROMPT ===

Use the following alphabet to complete the pattern.

a b g z y w m h i r k d t s j e o f l u v p n x q c

Note that the alphabet may be in an unfamiliar order. Complete the pattern using this order. Answer with only the final answer between double brackets and nothing else.

[l u v p] [l u v n]
[m m h h i i r r] [

--- TARGET LETTERS ---

['m', 'm', 'h', 'h', 'i', 'i', 'k', 'k']
Full Qwen output: [[m m h h i i r r] [k k d d t t s s j j e e o o f f l l u u v v p p n n x x q q c c]]
Filtered Qwen output: m m h h i i r r] [k k d d t t s s j j e e o o f f l l u u v v p p n n x x q q c c
trial 2 of 10...
trial 3 of 10...
trial 4 of 10...
trial 5 of 10...
trial 6 of 10...
trial 7 of 10...
trial 8 of 10...
trial 9 of 10...
trial 10 of 10...
Problem type: interleaved - 4/20
trial 1 of 10...

=== PROMPT ===

Use the following alphabet to complete the pattern.

a b g z y w m h i r k d t s j e o f l u v p n x q c

Note that the alphabet may be in an unfamiliar order. Complete the pattern using this order. Answer with only the final answer between double brackets and nothing else.

[s j e o] [s j e o f]
[u x v x p x n x] [

--- TARGET LETTERS ---

['u', 'x', 'v', 'x', 'p', 'x', 'n', 'x', 'x', 'x']
Full Qwen output: [[u x v x p x n x] [u x v x p x n x q]]
Filtered Qwen output: u x v x p x n x] [u x v x p x n x q
trial 2 of 10...
trial 3 of 10...
trial 4 of 10...
trial 5 of 10...
trial 6 of 10...
trial 7 of 10...
trial 8 of 10...
trial 9 of 10...
trial 10 of 10...
Problem type: letter2num - 5/20
trial 1 of 10...

=== PROMPT ===

Use the following alphabet to complete the pattern.

a b g z y w m h i r k d t s j e o f l u v p n x q c

Note that the alphabet may be in an unfamiliar order. Complete the pattern using this order. Answer with only the final answer between double brackets and nothing else.

[v u p n x] [u v p n x]
[9 10 11 13 12] [

--- TARGET LETTERS ---

[np.int64(9), np.int64(10), np.int64(11), np.int64(12), np.int64(13)]
Full Qwen output: To solve the analogy, we need to understand the pattern between the letter groups and the number groups.

Given:

- Letter sequence: **[v u p n x] [u v p n x]**
- Number sequence: **[9 10 11 13 12] [? ? ? ? ?]**

First, let's map the letters to their positions in the given alphabet:

**Alphabet order:**
a b g z y w m h i r k d t s j e o f l u v p n x q c

Let's assign positions (1 to 25
trial 2 of 10...
trial 3 of 10...
trial 4 of 10...
trial 5 of 10...
trial 6 of 10...
trial 7 of 10...
trial 8 of 10...
trial 9 of 10...
trial 10 of 10...
Problem type: reverse - 6/20
trial 1 of 10...

=== PROMPT ===

Use the following alphabet to complete the pattern.

a b g z y w m h i r k d t s j e o f l u v p n x q c

Note that the alphabet may be in an unfamiliar order. Complete the pattern using this order. Answer with only the final answer between double brackets and nothing else.

[y w m h] [z w m h]
[q x n p] [

--- TARGET LETTERS ---

['c', 'x', 'n', 'p']
Full Qwen output: [q x n p] [r x n p]  

Final answer: [[q x n p] [r x n p]]
Filtered Qwen output: q x n p] [r x n p
trial 2 of 10...
trial 3 of 10...
trial 4 of 10...
trial 5 of 10...
trial 6 of 10...
trial 7 of 10...
trial 8 of 10...
trial 9 of 10...
trial 10 of 10...
Problem type: 2gen_split1 - 7/20
trial 1 of 10...

=== PROMPT ===

Use the following alphabet to complete the pattern.

a b g z y w m h i r k d t s j e o f l u v p n x q c

Note that the alphabet may be in an unfamiliar order. Complete the pattern using this order. Answer with only the final answer between double brackets and nothing else.

[y w m h] [y w m h i]
[13 15 17 19] [

--- TARGET LETTERS ---

[np.int64(13), np.int64(15), np.int64(17), np.int64(19), np.int64(21)]
Full Qwen output: [13 15 17 19] [13 15 17 19 21]  

Final answer: [[13 15 17 19] [13 15 17 19 21]]
Filtered Qwen output: 13 15 17 19] [13 15 17 19 21
trial 2 of 10...
trial 3 of 10...
trial 4 of 10...
trial 5 of 10...
trial 6 of 10...
trial 7 of 10...
trial 8 of 10...
trial 9 of 10...
trial 10 of 10...
Problem type: 2gen_split2 - 8/20
trial 1 of 10...

=== PROMPT ===

Use the following alphabet to complete the pattern.

a b g z y w m h i r k d t s j e o f l u v p n x q c

Note that the alphabet may be in an unfamiliar order. Complete the pattern using this order. Answer with only the final answer between double brackets and nothing else.

[y w h m i] [y w m h i]
[s x j x e x o x f x l x p x v x u x] [

--- TARGET LETTERS ---

['s', 'x', 'j', 'x', 'e', 'x', 'o', 'x', 'f', 'x', 'l', 'x', 'u', 'x', 'v', 'x', 'p', 'x']
Full Qwen output: [[y w m h i] [y w m h i] [s x j x e x o x f x l x p x v x u x] [s x j x e x o x f x l x p x v x u x]]
Filtered Qwen output: y w m h i] [y w m h i] [s x j x e x o x f x l x p x v x u x] [s x j x e x o x f x l x p x v x u x
trial 2 of 10...
trial 3 of 10...
trial 4 of 10...
trial 5 of 10...
trial 6 of 10...
trial 7 of 10...
trial 8 of 10...
trial 9 of 10...
trial 10 of 10...
Problem type: 2gen_split3 - 9/20
trial 1 of 10...

=== PROMPT ===

Use the following alphabet to complete the pattern.

a b g z y w m h i r k d t s j e o f l u v p n x q c

Note that the alphabet may be in an unfamiliar order. Complete the pattern using this order. Answer with only the final answer between double brackets and nothing else.

[e o f l] [j o f l]
[o o x x f f x x l l x x u u x x] [

--- TARGET LETTERS ---

['e', 'e', 'x', 'x', 'f', 'f', 'x', 'x', 'l', 'l', 'x', 'x', 'u', 'u', 'x', 'x']
Full Qwen output: [[o o x x f f x x l l x x u u x x] [o o x x f f x x l l x x u u x x]]
Filtered Qwen output: o o x x f f x x l l x x u u x x] [o o x x f f x x l l x x u u x x
trial 2 of 10...
trial 3 of 10...
trial 4 of 10...
trial 5 of 10...
trial 6 of 10...
trial 7 of 10...
trial 8 of 10...
trial 9 of 10...
trial 10 of 10...
Problem type: 2gen_split4 - 10/20
trial 1 of 10...

=== PROMPT ===

Use the following alphabet to complete the pattern.

a b g z y w m h i r k d t s j e o f l u v p n x q c

Note that the alphabet may be in an unfamiliar order. Complete the pattern using this order. Answer with only the final answer between double brackets and nothing else.

[u v p f x] [u v p n x]
[q q r r i i h h m m] [

--- TARGET LETTERS ---

['k', 'k', 'r', 'r', 'i', 'i', 'h', 'h', 'm', 'm']
Full Qwen output: [[q q r r i i h h m m] [q q r r i i h h m m]]
Filtered Qwen output: q q r r i i h h m m] [q q r r i i h h m m
trial 2 of 10...
trial 3 of 10...
trial 4 of 10...
trial 5 of 10...
trial 6 of 10...
trial 7 of 10...
trial 8 of 10...
trial 9 of 10...
trial 10 of 10...
Problem type: 2gen_split5 - 11/20
trial 1 of 10...

=== PROMPT ===

Use the following alphabet to complete the pattern.

a b g z y w m h i r k d t s j e o f l u v p n x q c

Note that the alphabet may be in an unfamiliar order. Complete the pattern using this order. Answer with only the final answer between double brackets and nothing else.

[v p n x] [v p n x q]
[x x n x p x v x] [

--- TARGET LETTERS ---

['x', 'x', 'n', 'x', 'p', 'x', 'v', 'x', 'u', 'x']
Full Qwen output: [[x x n x p x v x] [x x n x p x v x q]]
Filtered Qwen output: x x n x p x v x] [x x n x p x v x q
trial 2 of 10...
trial 3 of 10...
trial 4 of 10...
trial 5 of 10...
trial 6 of 10...
trial 7 of 10...
trial 8 of 10...
trial 9 of 10...
trial 10 of 10...
Problem type: 2gen_split6 - 12/20
trial 1 of 10...

=== PROMPT ===

Use the following alphabet to complete the pattern.

a b g z y w m h i r k d t s j e o f l u v p n x q c

Note that the alphabet may be in an unfamiliar order. Complete the pattern using this order. Answer with only the final answer between double brackets and nothing else.

[s j e o] [t j e o]
[w w m m h h i i r r k k d d t t] [

--- TARGET LETTERS ---

['y', 'y', 'm', 'm', 'h', 'h', 'i', 'i', 'r', 'r', 'k', 'k', 'd', 'd', 't', 't']
Full Qwen output: [[w w m m h h i i r r k k d d t t] [s s j j e e o o]]
Filtered Qwen output: w w m m h h i i r r k k d d t t] [s s j j e e o o
trial 2 of 10...
trial 3 of 10...
trial 4 of 10...
trial 5 of 10...
trial 6 of 10...
trial 7 of 10...
trial 8 of 10...
trial 9 of 10...
trial 10 of 10...
Problem type: 2gensplit7 - 13/20
trial 1 of 10...

=== PROMPT ===

Use the following alphabet to complete the pattern.

a b g z y w m h i r k d t s j e o f l u v p n x q c

Note that the alphabet may be in an unfamiliar order. Complete the pattern using this order. Answer with only the final answer between double brackets and nothing else.

[y w m h] [y w m i]
[21 0 22 0 23 0 24 0] [

--- TARGET LETTERS ---

[np.int64(21), '0', np.int64(22), '0', np.int64(23), '0', np.int64(25), '0']
Full Qwen output: [[y w m h] [y w m i]  
[21 0 22 0 23 0 24 0] [21 0 22 0 23 0 25 0]]  

Final answer: [[21 0 22 0 23 0 25 0]]  

[[21 0 22 0 23 0 25 0]]
Filtered Qwen output: y w m h] [y w m i]  
[21 0 22 0 23 0 24 0] [21 0 22 0 23 0 25 0
trial 2 of 10...
trial 3 of 10...
trial 4 of 10...
trial 5 of 10...
trial 6 of 10...
trial 7 of 10...
trial 8 of 10...
trial 9 of 10...
trial 10 of 10...
Problem type: 3gen_split1 - 14/20
trial 1 of 10...

=== PROMPT ===

Use the following alphabet to complete the pattern.

a b g z y w m h i r k d t s j e o f l u v p n x q c

Note that the alphabet may be in an unfamiliar order. Complete the pattern using this order. Answer with only the final answer between double brackets and nothing else.

[d t s j] [d t s e]
[r x d x s x e x f x u x p x x x] [

--- TARGET LETTERS ---

['r', 'x', 'd', 'x', 's', 'x', 'e', 'x', 'f', 'x', 'u', 'x', 'p', 'x', 'c', 'x']
Full Qwen output: To solve this analogy, we need to understand the pattern between the first pair of letter groups and apply it to the second.

### Step 1: Analyze the first pair
First group: **[d t s j]**  
Second group: **[d t s e]**

Compare the two:
- The first three letters are the same: **d t s**
- The fourth letter changes from **j** to **e**

So, the pattern seems to be: **[d t s] + [j → e]**

Now, we need to determine what the relationship is between **j** and **e**
trial 2 of 10...
trial 3 of 10...
trial 4 of 10...
trial 5 of 10...
trial 6 of 10...
trial 7 of 10...
trial 8 of 10...
trial 9 of 10...
trial 10 of 10...
Problem type: 3gen_split2 - 15/20
trial 1 of 10...

=== PROMPT ===

Use the following alphabet to complete the pattern.

a b g z y w m h i r k d t s j e o f l u v p n x q c

Note that the alphabet may be in an unfamiliar order. Complete the pattern using this order. Answer with only the final answer between double brackets and nothing else.

[k d t s] [k d t s j]
[4 0 6 0 8 0 10 0] [

--- TARGET LETTERS ---

[np.int64(4), '0', np.int64(6), '0', np.int64(8), '0', np.int64(10), '0', np.int64(12), '0']
Full Qwen output: [[k d t s j e]]
Filtered Qwen output: k d t s j e
trial 2 of 10...
trial 3 of 10...
trial 4 of 10...
trial 5 of 10...
trial 6 of 10...
trial 7 of 10...
trial 8 of 10...
trial 9 of 10...
trial 10 of 10...
Problem type: 3gen_split3 - 16/20
trial 1 of 10...

=== PROMPT ===

Use the following alphabet to complete the pattern.

a b g z y w m h i r k d t s j e o f l u v p n x q c

Note that the alphabet may be in an unfamiliar order. Complete the pattern using this order. Answer with only the final answer between double brackets and nothing else.

[k d t s] [k d t s j]
[r r x x i i x x h h x x m m x x] [

--- TARGET LETTERS ---

['r', 'r', 'x', 'x', 'i', 'i', 'x', 'x', 'h', 'h', 'x', 'x', 'm', 'm', 'x', 'x', 'w', 'w', 'x', 'x']
Full Qwen output: [[r r x x i i x x h h x x m m x x] [r r x x i i x x h h x x m m x x j j]]
Filtered Qwen output: r r x x i i x x h h x x m m x x] [r r x x i i x x h h x x m m x x j j
trial 2 of 10...
trial 3 of 10...
trial 4 of 10...
trial 5 of 10...
trial 6 of 10...
trial 7 of 10...
trial 8 of 10...
trial 9 of 10...
trial 10 of 10...
Problem type: 3gen_split4 - 17/20
trial 1 of 10...

=== PROMPT ===

Use the following alphabet to complete the pattern.

a b g z y w m h i r k d t s j e o f l u v p n x q c

Note that the alphabet may be in an unfamiliar order. Complete the pattern using this order. Answer with only the final answer between double brackets and nothing else.

[o x l u v] [o f l u v]
[8 0 7 0 6 0 14 0 4 0] [

--- TARGET LETTERS ---

[np.int64(8), '0', np.int64(7), '0', np.int64(6), '0', np.int64(5), '0', np.int64(4), '0']
Full Qwen output: [[o f l u v]]
Filtered Qwen output: o f l u v
trial 2 of 10...
trial 3 of 10...
trial 4 of 10...
trial 5 of 10...
trial 6 of 10...
trial 7 of 10...
trial 8 of 10...
trial 9 of 10...
trial 10 of 10...
Problem type: 3gen_split5 - 18/20
trial 1 of 10...

=== PROMPT ===

Use the following alphabet to complete the pattern.

a b g z y w m h i r k d t s j e o f l u v p n x q c

Note that the alphabet may be in an unfamiliar order. Complete the pattern using this order. Answer with only the final answer between double brackets and nothing else.

[h i r k] [h i r d]
[u u f f e e s s] [

--- TARGET LETTERS ---

['u', 'u', 'f', 'f', 'e', 'e', 'd', 'd']
Full Qwen output: [[u u f f e e s s] [u u f f e e s s]]
Filtered Qwen output: u u f f e e s s] [u u f f e e s s
trial 2 of 10...
trial 3 of 10...
trial 4 of 10...
trial 5 of 10...
trial 6 of 10...
trial 7 of 10...
trial 8 of 10...
trial 9 of 10...
trial 10 of 10...
Problem type: 3gen_split6 - 19/20
trial 1 of 10...

=== PROMPT ===

Use the following alphabet to complete the pattern.

a b g z y w m h i r k d t s j e o f l u v p n x q c

Note that the alphabet may be in an unfamiliar order. Complete the pattern using this order. Answer with only the final answer between double brackets and nothing else.

[j e o f] [s e o f]
[k k t t j j o o l l v v n n q q] [

--- TARGET LETTERS ---

['i', 'i', 't', 't', 'j', 'j', 'o', 'o', 'l', 'l', 'v', 'v', 'n', 'n', 'q', 'q']
Full Qwen output: [[k k t t j j o o l l v v n n q q] [k k t t j j o o l l v v n n q q]]
Filtered Qwen output: k k t t j j o o l l v v n n q q] [k k t t j j o o l l v v n n q q
trial 2 of 10...
trial 3 of 10...
trial 4 of 10...
trial 5 of 10...
trial 6 of 10...
trial 7 of 10...
trial 8 of 10...
trial 9 of 10...
trial 10 of 10...
Problem type: 3gensplit7 - 20/20
trial 1 of 10...

=== PROMPT ===

Use the following alphabet to complete the pattern.

a b g z y w m h i r k d t s j e o f l u v p n x q c

Note that the alphabet may be in an unfamiliar order. Complete the pattern using this order. Answer with only the final answer between double brackets and nothing else.

[s j e o] [t j e o]
[23 23 0 0 24 24 0 0 25 25 0 0 26 26 0 0] [

--- TARGET LETTERS ---

[np.int64(22), np.int64(22), '0', '0', np.int64(24), np.int64(24), '0', '0', np.int64(25), np.int64(25), '0', '0', np.int64(26), np.int64(26), '0', '0']
Full Qwen output: To solve the pattern, we need to understand the relationship between the letter groups and the number sequence.

### Step 1: Understand the letter order
The given alphabet is:

**a b g z y w m h i r k d t s j e o f l u v p n x q c**

We can assign positions to each letter based on this order:

| Position | Letter |
|----------|--------|
| 1        | a      |
| 2        | b      |
| 3        | g      |
| 4        | z      |
| 5        | y      |
| 6
trial 2 of 10...
trial 3 of 10...
trial 4 of 10...
trial 5 of 10...
trial 6 of 10...
trial 7 of 10...
trial 8 of 10...
trial 9 of 10...
trial 10 of 10...
alph_2
b n f m p g h w i q e d l y s o c k a t u v r x j z
Problem type: larger_int - 1/20
trial 1 of 10...

=== PROMPT ===

Use the following alphabet to complete the pattern.

b n f m p g h w i q e d l y s o c k a t u v r x j z

Note that the alphabet may be in an unfamiliar order. Complete the pattern using this order. Answer with only the final answer between double brackets and nothing else.

[n f m p] [n f m p g]
[q d y o] [

--- TARGET LETTERS ---

['q', 'd', 'y', 'o', 'k']
Full Qwen output: To solve the analogy, we need to identify the pattern between the first and second parts of each pair.

Given:

- First pair: [n f m p] [n f m p g]
- Second pair: [q d y o] [? ? ? ?]

### Step 1: Analyze the first pair
[n f m p] → [n f m p g]

This looks like the first group is extended by one letter to form the second group. So, the pattern is:

**[A] → [A + next letter in the alphabet]**

Now, we need to find the next letter after
trial 2 of 10...
trial 3 of 10...
trial 4 of 10...
trial 5 of 10...
trial 6 of 10...
trial 7 of 10...
trial 8 of 10...
trial 9 of 10...
trial 10 of 10...
Problem type: longer_targ - 2/20
trial 1 of 10...

=== PROMPT ===

Use the following alphabet to complete the pattern.

b n f m p g h w i q e d l y s o c k a t u v r x j z

Note that the alphabet may be in an unfamiliar order. Complete the pattern using this order. Answer with only the final answer between double brackets and nothing else.

[l y s o] [l y s c]
[c k a t u v r x] [

--- TARGET LETTERS ---

['c', 'k', 'a', 't', 'u', 'v', 'r', 'j']
Full Qwen output: [[c k a t u v r x] [c k a t u v r j]]
Filtered Qwen output: c k a t u v r x] [c k a t u v r j
trial 2 of 10...
trial 3 of 10...
trial 4 of 10...
trial 5 of 10...
trial 6 of 10...
trial 7 of 10...
trial 8 of 10...
trial 9 of 10...
trial 10 of 10...
Problem type: group - 3/20
trial 1 of 10...

=== PROMPT ===

Use the following alphabet to complete the pattern.

b n f m p g h w i q e d l y s o c k a t u v r x j z

Note that the alphabet may be in an unfamiliar order. Complete the pattern using this order. Answer with only the final answer between double brackets and nothing else.

[m p g h] [m p g h w]
[t t u u v v r r] [

--- TARGET LETTERS ---

['t', 't', 'u', 'u', 'v', 'v', 'r', 'r', 'x', 'x']
Full Qwen output: [[t t u u v v r r] [t t u u v v r r x x]]
Filtered Qwen output: t t u u v v r r] [t t u u v v r r x x
trial 2 of 10...
trial 3 of 10...
trial 4 of 10...
trial 5 of 10...
trial 6 of 10...
trial 7 of 10...
trial 8 of 10...
trial 9 of 10...
trial 10 of 10...
Problem type: interleaved - 4/20
trial 1 of 10...

=== PROMPT ===

Use the following alphabet to complete the pattern.

b n f m p g h w i q e d l y s o c k a t u v r x j z

Note that the alphabet may be in an unfamiliar order. Complete the pattern using this order. Answer with only the final answer between double brackets and nothing else.

[i q e h l] [i q e d l]
[u x v x r x x x m x] [

--- TARGET LETTERS ---

['u', 'x', 'v', 'x', 'r', 'x', 'x', 'x', 'j', 'x']
Full Qwen output: [[u x v x r x x x m x] [u x v x r x x x m x]]
Filtered Qwen output: u x v x r x x x m x] [u x v x r x x x m x
trial 2 of 10...
trial 3 of 10...
trial 4 of 10...
trial 5 of 10...
trial 6 of 10...
trial 7 of 10...
trial 8 of 10...
trial 9 of 10...
trial 10 of 10...
Problem type: letter2num - 5/20
trial 1 of 10...

=== PROMPT ===

Use the following alphabet to complete the pattern.

b n f m p g h w i q e d l y s o c k a t u v r x j z

Note that the alphabet may be in an unfamiliar order. Complete the pattern using this order. Answer with only the final answer between double brackets and nothing else.

[e d l y] [e d l s]
[1 2 3 4] [

--- TARGET LETTERS ---

[np.int64(1), np.int64(2), np.int64(3), np.int64(5)]
Full Qwen output: [[e d l o]]
Filtered Qwen output: e d l o
trial 2 of 10...
trial 3 of 10...
trial 4 of 10...
trial 5 of 10...
trial 6 of 10...
trial 7 of 10...
trial 8 of 10...
trial 9 of 10...
trial 10 of 10...
Problem type: reverse - 6/20
trial 1 of 10...

=== PROMPT ===

Use the following alphabet to complete the pattern.

b n f m p g h w i q e d l y s o c k a t u v r x j z

Note that the alphabet may be in an unfamiliar order. Complete the pattern using this order. Answer with only the final answer between double brackets and nothing else.

[s o o c k a] [s o c k a]
[i w h g p p] [

--- TARGET LETTERS ---

['i', 'w', 'h', 'g', 'p']
Full Qwen output: [[i w h g p]]
Filtered Qwen output: i w h g p
trial 2 of 10...
trial 3 of 10...
trial 4 of 10...
trial 5 of 10...
trial 6 of 10...
trial 7 of 10...
trial 8 of 10...
trial 9 of 10...
trial 10 of 10...
Problem type: 2gen_split1 - 7/20
trial 1 of 10...

=== PROMPT ===

Use the following alphabet to complete the pattern.

b n f m p g h w i q e d l y s o c k a t u v r x j z

Note that the alphabet may be in an unfamiliar order. Complete the pattern using this order. Answer with only the final answer between double brackets and nothing else.

[g h w b q] [g h w i q]
[i i e e l l o o c c] [

--- TARGET LETTERS ---

['i', 'i', 'e', 'e', 'l', 'l', 's', 's', 'c', 'c']
Full Qwen output: [[i i e e l l o o c c] [i i e e l l o o c c]]
Filtered Qwen output: i i e e l l o o c c] [i i e e l l o o c c
trial 2 of 10...
trial 3 of 10...
trial 4 of 10...
trial 5 of 10...
trial 6 of 10...
trial 7 of 10...
trial 8 of 10...
trial 9 of 10...
trial 10 of 10...
Problem type: 2gen_split2 - 8/20
trial 1 of 10...

=== PROMPT ===

Use the following alphabet to complete the pattern.

b n f m p g h w i q e d l y s o c k a t u v r x j z

Note that the alphabet may be in an unfamiliar order. Complete the pattern using this order. Answer with only the final answer between double brackets and nothing else.

[g n f m p] [b n f m p]
[g g p p m m y y n n] [

--- TARGET LETTERS ---

['g', 'g', 'p', 'p', 'm', 'm', 'f', 'f', 'n', 'n']
Full Qwen output: [[g g p p m m y y n n] [g g p p m m y y n n]]
Filtered Qwen output: g g p p m m y y n n] [g g p p m m y y n n
trial 2 of 10...
trial 3 of 10...
trial 4 of 10...
trial 5 of 10...
trial 6 of 10...
trial 7 of 10...
trial 8 of 10...
trial 9 of 10...
trial 10 of 10...
Problem type: 2gen_split3 - 9/20
trial 1 of 10...

=== PROMPT ===

Use the following alphabet to complete the pattern.

b n f m p g h w i q e d l y s o c k a t u v r x j z

Note that the alphabet may be in an unfamiliar order. Complete the pattern using this order. Answer with only the final answer between double brackets and nothing else.

[b n f m] [b n f p]
[d x l x y x s x o x c x k x a x] [

--- TARGET LETTERS ---

['d', 'x', 'l', 'x', 'y', 'x', 's', 'x', 'o', 'x', 'c', 'x', 'k', 'x', 't', 'x']
Full Qwen output: [d x l x y x s x o x c x k x a x] [d x l x y x s x o x c x k x a x]  

The pattern is repeating the same sequence. The first part is [b n f m], then [b n f p], which suggests a shift or change in the fourth element. However, the second part of the pattern is a longer sequence: [d x l x y x s x o x c x k x a x]. Since the pattern is not clearly defined in terms of transformation, and the second part is repeated, the most logical completion is to
trial 2 of 10...
trial 3 of 10...
trial 4 of 10...
trial 5 of 10...
trial 6 of 10...
trial 7 of 10...
trial 8 of 10...
trial 9 of 10...
trial 10 of 10...
Problem type: 2gen_split4 - 10/20
trial 1 of 10...

=== PROMPT ===

Use the following alphabet to complete the pattern.

b n f m p g h w i q e d l y s o c k a t u v r x j z

Note that the alphabet may be in an unfamiliar order. Complete the pattern using this order. Answer with only the final answer between double brackets and nothing else.

[m p g g h w] [m p g h w]
[s x o x c x k x a x t x u x v x r x r x] [

--- TARGET LETTERS ---

['s', 'x', 'o', 'x', 'c', 'x', 'k', 'x', 'a', 'x', 't', 'x', 'u', 'x', 'v', 'x', 'r', 'x']
Full Qwen output: [[s x o x c x k x a x t x u x v x r x r x] [s x o x c x k x a x t x u x v x r x]]
Filtered Qwen output: s x o x c x k x a x t x u x v x r x r x] [s x o x c x k x a x t x u x v x r x
trial 2 of 10...
trial 3 of 10...
trial 4 of 10...
trial 5 of 10...
trial 6 of 10...
trial 7 of 10...
trial 8 of 10...
trial 9 of 10...
trial 10 of 10...
Problem type: 2gen_split5 - 11/20
trial 1 of 10...

=== PROMPT ===

Use the following alphabet to complete the pattern.

b n f m p g h w i q e d l y s o c k a t u v r x j z

Note that the alphabet may be in an unfamiliar order. Complete the pattern using this order. Answer with only the final answer between double brackets and nothing else.

[y s o o c k] [y s o c k]
[7 7 8 8 9 9 10 10 11 11 11 11] [

--- TARGET LETTERS ---

[np.int64(7), np.int64(7), np.int64(8), np.int64(8), np.int64(9), np.int64(9), np.int64(10), np.int64(10), np.int64(11), np.int64(11)]
Full Qwen output: [[y s o c k a t]]
Filtered Qwen output: y s o c k a t
trial 2 of 10...
trial 3 of 10...
trial 4 of 10...
trial 5 of 10...
trial 6 of 10...
trial 7 of 10...
trial 8 of 10...
trial 9 of 10...
trial 10 of 10...
Problem type: 2gen_split6 - 12/20
trial 1 of 10...

=== PROMPT ===

Use the following alphabet to complete the pattern.

b n f m p g h w i q e d l y s o c k a t u v r x j z

Note that the alphabet may be in an unfamiliar order. Complete the pattern using this order. Answer with only the final answer between double brackets and nothing else.

[i q e d] [w q e d]
[l s c a u r j] [

--- TARGET LETTERS ---

['e', 's', 'c', 'a', 'u', 'r', 'j']
Full Qwen output: [[l s c a u r j] [l s c a u r j]]
Filtered Qwen output: l s c a u r j] [l s c a u r j
trial 2 of 10...
trial 3 of 10...
trial 4 of 10...
trial 5 of 10...
trial 6 of 10...
trial 7 of 10...
trial 8 of 10...
trial 9 of 10...
trial 10 of 10...
Problem type: 2gensplit7 - 13/20
trial 1 of 10...

=== PROMPT ===

Use the following alphabet to complete the pattern.

b n f m p g h w i q e d l y s o c k a t u v r x j z

Note that the alphabet may be in an unfamiliar order. Complete the pattern using this order. Answer with only the final answer between double brackets and nothing else.

[n f g p m] [n f m p g]
[o d y q k t v x z] [

--- TARGET LETTERS ---

['q', 'd', 'y', 'o', 'k', 't', 'v', 'x', 'z']
Full Qwen output: [ o d y q k t v x z ] [ d y q k t v x z o ]  

**Final Answer:** [[d y q k t v x z o]]
Filtered Qwen output: d y q k t v x z o
trial 2 of 10...
trial 3 of 10...
trial 4 of 10...
trial 5 of 10...
trial 6 of 10...
trial 7 of 10...
trial 8 of 10...
trial 9 of 10...
trial 10 of 10...
Problem type: 3gen_split1 - 14/20
trial 1 of 10...

=== PROMPT ===

Use the following alphabet to complete the pattern.

b n f m p g h w i q e d l y s o c k a t u v r x j z

Note that the alphabet may be in an unfamiliar order. Complete the pattern using this order. Answer with only the final answer between double brackets and nothing else.

[t u v r] [t u v x]
[5 5 4 4 3 3 2 2] [

--- TARGET LETTERS ---

[np.int64(5), np.int64(5), np.int64(4), np.int64(4), np.int64(3), np.int64(3), np.int64(1), np.int64(1)]
Full Qwen output: To solve the analogy, we need to understand the pattern between the two groups of letters and numbers.

### Step 1: Analyze the letter groups
We are given:

- First group: **[t u v r]**
- Second group: **[t u v x]**

We can see that the first three letters are the same in both groups: **t, u, v**. The only difference is the last letter: **r** vs. **x**.

So, the pattern seems to be that the first three letters are the same, and the fourth letter changes from **r** to **x**
trial 2 of 10...
trial 3 of 10...
trial 4 of 10...
trial 5 of 10...
trial 6 of 10...
trial 7 of 10...
trial 8 of 10...
trial 9 of 10...
trial 10 of 10...
Problem type: 3gen_split2 - 15/20
trial 1 of 10...

=== PROMPT ===

Use the following alphabet to complete the pattern.

b n f m p g h w i q e d l y s o c k a t u v r x j z

Note that the alphabet may be in an unfamiliar order. Complete the pattern using this order. Answer with only the final answer between double brackets and nothing else.

[h w i q] [h w i q e]
[c x s x l x e x] [

--- TARGET LETTERS ---

['c', 'x', 's', 'x', 'l', 'x', 'e', 'x', 'i', 'x']
Full Qwen output: [[c x s x l x e x] [c x s x l x e x d x]]
Filtered Qwen output: c x s x l x e x] [c x s x l x e x d x
trial 2 of 10...
trial 3 of 10...
trial 4 of 10...
trial 5 of 10...
trial 6 of 10...
trial 7 of 10...
trial 8 of 10...
trial 9 of 10...
trial 10 of 10...
Problem type: 3gen_split3 - 16/20
trial 1 of 10...

=== PROMPT ===

Use the following alphabet to complete the pattern.

b n f m p g h w i q e d l y s o c k a t u v r x j z

Note that the alphabet may be in an unfamiliar order. Complete the pattern using this order. Answer with only the final answer between double brackets and nothing else.

[c k u t a] [c k a t u]
[10 0 12 0 16 0 14 0 18 0] [

--- TARGET LETTERS ---

[np.int64(10), '0', np.int64(12), '0', np.int64(14), '0', np.int64(16), '0', np.int64(18), '0']
Full Qwen output: [[c k a t u]]
Filtered Qwen output: c k a t u
trial 2 of 10...
trial 3 of 10...
trial 4 of 10...
trial 5 of 10...
trial 6 of 10...
trial 7 of 10...
trial 8 of 10...
trial 9 of 10...
trial 10 of 10...
Problem type: 3gen_split4 - 17/20
trial 1 of 10...

=== PROMPT ===

Use the following alphabet to complete the pattern.

b n f m p g h w i q e d l y s o c k a t u v r x j z

Note that the alphabet may be in an unfamiliar order. Complete the pattern using this order. Answer with only the final answer between double brackets and nothing else.

[g h w i] [p h w i]
[11 11 0 0 12 12 0 0 13 13 0 0 14 14 0 0] [

--- TARGET LETTERS ---

[np.int64(10), np.int64(10), '0', '0', np.int64(12), np.int64(12), '0', '0', np.int64(13), np.int64(13), '0', '0', np.int64(14), np.int64(14), '0', '0']
Full Qwen output: To solve the analogy, we need to understand the pattern in the given sequences.

### Step 1: Understand the given alphabet order
The given alphabet is:

**b n f m p g h w i q e d l y s o c k a t u v r x j z**

Let's assign positions to each letter in this order (starting from 1):

1. b  
2. n  
3. f  
4. m  
5. p  
6. g  
7. h  
8. w  
9. i  
10. q  
11. e  
12. d  
1
trial 2 of 10...
trial 3 of 10...
trial 4 of 10...
trial 5 of 10...
trial 6 of 10...
trial 7 of 10...
trial 8 of 10...
trial 9 of 10...
trial 10 of 10...
Problem type: 3gen_split5 - 18/20
trial 1 of 10...

=== PROMPT ===

Use the following alphabet to complete the pattern.

b n f m p g h w i q e d l y s o c k a t u v r x j z

Note that the alphabet may be in an unfamiliar order. Complete the pattern using this order. Answer with only the final answer between double brackets and nothing else.

[r x j z] [v x j z]
[d d q q w w g g] [

--- TARGET LETTERS ---

['y', 'y', 'q', 'q', 'w', 'w', 'g', 'g']
Full Qwen output: [[d d q q w w g g] [d d q q w w g g]]
Filtered Qwen output: d d q q w w g g] [d d q q w w g g
trial 2 of 10...
trial 3 of 10...
trial 4 of 10...
trial 5 of 10...
trial 6 of 10...
trial 7 of 10...
trial 8 of 10...
trial 9 of 10...
trial 10 of 10...
Problem type: 3gen_split6 - 19/20
trial 1 of 10...

=== PROMPT ===

Use the following alphabet to complete the pattern.

b n f m p g h w i q e d l y s o c k a t u v r x j z

Note that the alphabet may be in an unfamiliar order. Complete the pattern using this order. Answer with only the final answer between double brackets and nothing else.

[a t g v r] [a t u v r]
[f f x x p p x x r r x x i i x x e e x x] [

--- TARGET LETTERS ---

['f', 'f', 'x', 'x', 'p', 'p', 'x', 'x', 'h', 'h', 'x', 'x', 'i', 'i', 'x', 'x', 'e', 'e', 'x', 'x']
Full Qwen output: [[f f x x p p x x r r x x i i x x e e x x] [f f x x p p x x r r x x i i x x e e x x]]
Filtered Qwen output: f f x x p p x x r r x x i i x x e e x x] [f f x x p p x x r r x x i i x x e e x x
trial 2 of 10...
trial 3 of 10...
trial 4 of 10...
trial 5 of 10...
trial 6 of 10...
trial 7 of 10...
trial 8 of 10...
trial 9 of 10...
trial 10 of 10...
Problem type: 3gensplit7 - 20/20
trial 1 of 10...

=== PROMPT ===

Use the following alphabet to complete the pattern.

b n f m p g h w i q e d l y s o c k a t u v r x j z

Note that the alphabet may be in an unfamiliar order. Complete the pattern using this order. Answer with only the final answer between double brackets and nothing else.

[r x j z] [v x j z]
[h h x x i i x x e e x x l l x x] [

--- TARGET LETTERS ---

['p', 'p', 'x', 'x', 'i', 'i', 'x', 'x', 'e', 'e', 'x', 'x', 'l', 'l', 'x', 'x']
Full Qwen output: [[h h x x i i x x e e x x l l x x] [h h x x i i x x e e x x l l x x]]
Filtered Qwen output: h h x x i i x x e e x x l l x x] [h h x x i i x x e e x x l l x x
trial 2 of 10...
trial 3 of 10...
trial 4 of 10...
trial 5 of 10...
trial 6 of 10...
trial 7 of 10...
trial 8 of 10...
trial 9 of 10...
trial 10 of 10...
alph_3
i b s d f z v h t c r l o g e p w j m x u q n y a k
Problem type: larger_int - 1/20
trial 1 of 10...

=== PROMPT ===

Use the following alphabet to complete the pattern.

i b s d f z v h t c r l o g e p w j m x u q n y a k

Note that the alphabet may be in an unfamiliar order. Complete the pattern using this order. Answer with only the final answer between double brackets and nothing else.

[j m x u] [j m x q]
[v t r o] [

--- TARGET LETTERS ---

['v', 't', 'r', 'e']
Full Qwen output: To solve the analogy, we need to determine the relationship between the first pair of letter groups and apply it to the second pair.

Given:

- [j m x u] [j m x q]
- [v t r o] [? ? ? ?]

Let’s analyze the first pair: [j m x u] [j m x q]

We can see that the first three letters are the same in both groups: **j m x**. The fourth letter changes from **u** to **q**.

So, the pattern seems to be: **[first three letters] [fourth letter changes]**
trial 2 of 10...
trial 3 of 10...
trial 4 of 10...
trial 5 of 10...
trial 6 of 10...
trial 7 of 10...
trial 8 of 10...
trial 9 of 10...
trial 10 of 10...
Problem type: longer_targ - 2/20
trial 1 of 10...

=== PROMPT ===

Use the following alphabet to complete the pattern.

i b s d f z v h t c r l o g e p w j m x u q n y a k

Note that the alphabet may be in an unfamiliar order. Complete the pattern using this order. Answer with only the final answer between double brackets and nothing else.

[p e g w j] [g e p w j]
[h b s d f z v i t] [

--- TARGET LETTERS ---

['i', 'b', 's', 'd', 'f', 'z', 'v', 'h', 't']
Full Qwen output: [h b s d f z v i t] [b s d f z v i t h]  

Final answer: [[h b s d f z v i t] [b s d f z v i t h]]
Filtered Qwen output: h b s d f z v i t] [b s d f z v i t h
trial 2 of 10...
trial 3 of 10...
trial 4 of 10...
trial 5 of 10...
trial 6 of 10...
trial 7 of 10...
trial 8 of 10...
trial 9 of 10...
trial 10 of 10...
Problem type: group - 3/20
trial 1 of 10...

=== PROMPT ===

Use the following alphabet to complete the pattern.

i b s d f z v h t c r l o g e p w j m x u q n y a k

Note that the alphabet may be in an unfamiliar order. Complete the pattern using this order. Answer with only the final answer between double brackets and nothing else.

[q n y a] [q n y a k]
[o o g g e e p p] [

--- TARGET LETTERS ---

['o', 'o', 'g', 'g', 'e', 'e', 'p', 'p', 'w', 'w']
Full Qwen output: [[o o g g e e p p] [o o g g e e p p k]]
Filtered Qwen output: o o g g e e p p] [o o g g e e p p k
trial 2 of 10...
trial 3 of 10...
trial 4 of 10...
trial 5 of 10...
trial 6 of 10...
trial 7 of 10...
trial 8 of 10...
trial 9 of 10...
trial 10 of 10...
Problem type: interleaved - 4/20
trial 1 of 10...

=== PROMPT ===

Use the following alphabet to complete the pattern.

i b s d f z v h t c r l o g e p w j m x u q n y a k

Note that the alphabet may be in an unfamiliar order. Complete the pattern using this order. Answer with only the final answer between double brackets and nothing else.

[q n y a] [q n y k]
[i x b x s x d x] [

--- TARGET LETTERS ---

['i', 'x', 'b', 'x', 's', 'x', 'f', 'x']
Full Qwen output: [[i x b x s x d x] [i x b x s x d x]]
Filtered Qwen output: i x b x s x d x] [i x b x s x d x
trial 2 of 10...
trial 3 of 10...
trial 4 of 10...
trial 5 of 10...
trial 6 of 10...
trial 7 of 10...
trial 8 of 10...
trial 9 of 10...
trial 10 of 10...
Problem type: letter2num - 5/20
trial 1 of 10...

=== PROMPT ===

Use the following alphabet to complete the pattern.

i b s d f z v h t c r l o g e p w j m x u q n y a k

Note that the alphabet may be in an unfamiliar order. Complete the pattern using this order. Answer with only the final answer between double brackets and nothing else.

[u q n y] [u q n y a]
[1 2 3 4] [

--- TARGET LETTERS ---

[np.int64(1), np.int64(2), np.int64(3), np.int64(4), np.int64(5)]
Full Qwen output: [[u q n y a k]]
Filtered Qwen output: u q n y a k
trial 2 of 10...
trial 3 of 10...
trial 4 of 10...
trial 5 of 10...
trial 6 of 10...
trial 7 of 10...
trial 8 of 10...
trial 9 of 10...
trial 10 of 10...
Problem type: reverse - 6/20
trial 1 of 10...

=== PROMPT ===

Use the following alphabet to complete the pattern.

i b s d f z v h t c r l o g e p w j m x u q n y a k

Note that the alphabet may be in an unfamiliar order. Complete the pattern using this order. Answer with only the final answer between double brackets and nothing else.

[i b s c f] [i b s d f]
[t h v z j] [

--- TARGET LETTERS ---

['t', 'h', 'v', 'z', 'f']
Full Qwen output: [[t h v z j] [t h v z k]]
Filtered Qwen output: t h v z j] [t h v z k
trial 2 of 10...
trial 3 of 10...
trial 4 of 10...
trial 5 of 10...
trial 6 of 10...
trial 7 of 10...
trial 8 of 10...
trial 9 of 10...
trial 10 of 10...
Problem type: 2gen_split1 - 7/20
trial 1 of 10...

=== PROMPT ===

Use the following alphabet to complete the pattern.

i b s d f z v h t c r l o g e p w j m x u q n y a k

Note that the alphabet may be in an unfamiliar order. Complete the pattern using this order. Answer with only the final answer between double brackets and nothing else.

[i b s d v] [i b s d f]
[v x t x d x o x e x] [

--- TARGET LETTERS ---

['v', 'x', 't', 'x', 'r', 'x', 'o', 'x', 'e', 'x']
Full Qwen output: [[v x t x d x o x e x] [v x t x d x o x e x]]
Filtered Qwen output: v x t x d x o x e x] [v x t x d x o x e x
trial 2 of 10...
trial 3 of 10...
trial 4 of 10...
trial 5 of 10...
trial 6 of 10...
trial 7 of 10...
trial 8 of 10...
trial 9 of 10...
trial 10 of 10...
Problem type: 2gen_split2 - 8/20
trial 1 of 10...

=== PROMPT ===

Use the following alphabet to complete the pattern.

i b s d f z v h t c r l o g e p w j m x u q n y a k

Note that the alphabet may be in an unfamiliar order. Complete the pattern using this order. Answer with only the final answer between double brackets and nothing else.

[h h t c r l] [h t c r l]
[e x p x w x j x j x m x x x u x q x n x] [

--- TARGET LETTERS ---

['e', 'x', 'p', 'x', 'w', 'x', 'j', 'x', 'm', 'x', 'x', 'x', 'u', 'x', 'q', 'x', 'n', 'x']
Full Qwen output: [[h t c r l o g e p w j m x u q n y a k]]
Filtered Qwen output: h t c r l o g e p w j m x u q n y a k
trial 2 of 10...
trial 3 of 10...
trial 4 of 10...
trial 5 of 10...
trial 6 of 10...
trial 7 of 10...
trial 8 of 10...
trial 9 of 10...
trial 10 of 10...
Problem type: 2gen_split3 - 9/20
trial 1 of 10...

=== PROMPT ===

Use the following alphabet to complete the pattern.

i b s d f z v h t c r l o g e p w j m x u q n y a k

Note that the alphabet may be in an unfamiliar order. Complete the pattern using this order. Answer with only the final answer between double brackets and nothing else.

[b s d f z z] [b s d f z]
[i x i x b x s x d x f x z x v x h x t x] [

--- TARGET LETTERS ---

['i', 'x', 'b', 'x', 's', 'x', 'd', 'x', 'f', 'x', 'z', 'x', 'v', 'x', 'h', 'x', 't', 'x']
Full Qwen output: [[i x i x b x s x d x f x z x v x h x t x] [i x i x b x s x d x f x z x v x h x t x]]
Filtered Qwen output: i x i x b x s x d x f x z x v x h x t x] [i x i x b x s x d x f x z x v x h x t x
trial 2 of 10...
trial 3 of 10...
trial 4 of 10...
trial 5 of 10...
trial 6 of 10...
trial 7 of 10...
trial 8 of 10...
trial 9 of 10...
trial 10 of 10...
Problem type: 2gen_split4 - 10/20
trial 1 of 10...

=== PROMPT ===

Use the following alphabet to complete the pattern.

i b s d f z v h t c r l o g e p w j m x u q n y a k

Note that the alphabet may be in an unfamiliar order. Complete the pattern using this order. Answer with only the final answer between double brackets and nothing else.

[p w j m] [p w j x]
[e g o l r c t h] [

--- TARGET LETTERS ---

['e', 'g', 'o', 'l', 'r', 'c', 't', 'v']
Full Qwen output: [[e g o l r c t x]]
Filtered Qwen output: e g o l r c t x
trial 2 of 10...
trial 3 of 10...
trial 4 of 10...
trial 5 of 10...
trial 6 of 10...
trial 7 of 10...
trial 8 of 10...
trial 9 of 10...
trial 10 of 10...
Problem type: 2gen_split5 - 11/20
trial 1 of 10...

=== PROMPT ===

Use the following alphabet to complete the pattern.

i b s d f z v h t c r l o g e p w j m x u q n y a k

Note that the alphabet may be in an unfamiliar order. Complete the pattern using this order. Answer with only the final answer between double brackets and nothing else.

[z v h t c c] [z v h t c]
[w w j j j j m m x x u u q q n n y y a a] [

--- TARGET LETTERS ---

['w', 'w', 'j', 'j', 'm', 'm', 'x', 'x', 'u', 'u', 'q', 'q', 'n', 'n', 'y', 'y', 'a', 'a']
Full Qwen output: [[z v h t c c] [z v h t c]]  
[[w w j j j j m m x x u u q q n n y y a a] [w w j j j j m m x x u u q q n n y y a a]]  

Final answer:  
[[z v h t c c] [z v h t c]] [[w w j j j j m m x x u u q q n n y y a a] [w w j j j j m m x x u u q q n n y y a a]]  

Answer: [[
Filtered Qwen output: z v h t c c] [z v h t c
trial 2 of 10...
trial 3 of 10...
trial 4 of 10...
trial 5 of 10...
trial 6 of 10...
trial 7 of 10...
trial 8 of 10...
trial 9 of 10...
trial 10 of 10...
Problem type: 2gen_split6 - 12/20
trial 1 of 10...

=== PROMPT ===

Use the following alphabet to complete the pattern.

i b s d f z v h t c r l o g e p w j m x u q n y a k

Note that the alphabet may be in an unfamiliar order. Complete the pattern using this order. Answer with only the final answer between double brackets and nothing else.

[e p w j] [g p w j]
[x x q x y x k x] [

--- TARGET LETTERS ---

['j', 'x', 'q', 'x', 'y', 'x', 'k', 'x']
Full Qwen output: [[x x q x y x k x] [x x q x y x k x]]
Filtered Qwen output: x x q x y x k x] [x x q x y x k x
trial 2 of 10...
trial 3 of 10...
trial 4 of 10...
trial 5 of 10...
trial 6 of 10...
trial 7 of 10...
trial 8 of 10...
trial 9 of 10...
trial 10 of 10...
Problem type: 2gensplit7 - 13/20
trial 1 of 10...

=== PROMPT ===

Use the following alphabet to complete the pattern.

i b s d f z v h t c r l o g e p w j m x u q n y a k

Note that the alphabet may be in an unfamiliar order. Complete the pattern using this order. Answer with only the final answer between double brackets and nothing else.

[r l o o g e] [r l o g e]
[18 18 19 19 19 19 20 20 21 21 22 22] [

--- TARGET LETTERS ---

[np.int64(18), np.int64(18), np.int64(19), np.int64(19), np.int64(20), np.int64(20), np.int64(21), np.int64(21), np.int64(22), np.int64(22)]
Full Qwen output: [[r l o g e p]]
Filtered Qwen output: r l o g e p
trial 2 of 10...
trial 3 of 10...
trial 4 of 10...
trial 5 of 10...
trial 6 of 10...
trial 7 of 10...
trial 8 of 10...
trial 9 of 10...
trial 10 of 10...
Problem type: 3gen_split1 - 14/20
trial 1 of 10...

=== PROMPT ===

Use the following alphabet to complete the pattern.

i b s d f z v h t c r l o g e p w j m x u q n y a k

Note that the alphabet may be in an unfamiliar order. Complete the pattern using this order. Answer with only the final answer between double brackets and nothing else.

[w j m x] [w j m u]
[12 12 13 13 14 14 15 15 16 16 17 17 18 18 19 19] [

--- TARGET LETTERS ---

[np.int64(12), np.int64(12), np.int64(13), np.int64(13), np.int64(14), np.int64(14), np.int64(15), np.int64(15), np.int64(16), np.int64(16), np.int64(17), np.int64(17), np.int64(18), np.int64(18), np.int64(20), np.int64(20)]
Full Qwen output: [[w j m q]]
Filtered Qwen output: w j m q
trial 2 of 10...
trial 3 of 10...
trial 4 of 10...
trial 5 of 10...
trial 6 of 10...
trial 7 of 10...
trial 8 of 10...
trial 9 of 10...
trial 10 of 10...
Problem type: 3gen_split2 - 15/20
trial 1 of 10...

=== PROMPT ===

Use the following alphabet to complete the pattern.

i b s d f z v h t c r l o g e p w j m x u q n y a k

Note that the alphabet may be in an unfamiliar order. Complete the pattern using this order. Answer with only the final answer between double brackets and nothing else.

[c r l o] [c r l g]
[w e o r t v f s] [

--- TARGET LETTERS ---

['w', 'e', 'o', 'r', 't', 'v', 'f', 'i']
Full Qwen output: [[w e o r t v f s] [w e o r t v f g]]
Filtered Qwen output: w e o r t v f s] [w e o r t v f g
trial 2 of 10...
trial 3 of 10...
trial 4 of 10...
trial 5 of 10...
trial 6 of 10...
trial 7 of 10...
trial 8 of 10...
trial 9 of 10...
trial 10 of 10...
Problem type: 3gen_split3 - 16/20
trial 1 of 10...

=== PROMPT ===

Use the following alphabet to complete the pattern.

i b s d f z v h t c r l o g e p w j m x u q n y a k

Note that the alphabet may be in an unfamiliar order. Complete the pattern using this order. Answer with only the final answer between double brackets and nothing else.

[r l o g] [r l o e]
[8 0 9 0 10 0 11 0 12 0 13 0 14 0 15 0] [

--- TARGET LETTERS ---

[np.int64(8), '0', np.int64(9), '0', np.int64(10), '0', np.int64(11), '0', np.int64(12), '0', np.int64(13), '0', np.int64(14), '0', np.int64(16), '0']
Full Qwen output: [[r l o g] [r l o e] corresponds to the positions [18 12 15 7] [18 12 15 5] in the given alphabet. The pattern shows a decrease of 2 in the last position. Following this, the next pattern should be [r l o c], which corresponds to [18 12 15 3].

Final answer: [[r l o c]]
Filtered Qwen output: r l o g] [r l o e] corresponds to the positions [18 12 15 7] [18 12 15 5] in the given alphabet. The pattern shows a decrease of 2 in the last position. Following this, the next pattern should be [r l o c], which corresponds to [18 12 15 3].

Final answer: [[r l o c
trial 2 of 10...
trial 3 of 10...
trial 4 of 10...
trial 5 of 10...
trial 6 of 10...
trial 7 of 10...
trial 8 of 10...
trial 9 of 10...
trial 10 of 10...
Problem type: 3gen_split4 - 17/20
trial 1 of 10...

=== PROMPT ===

Use the following alphabet to complete the pattern.

i b s d f z v h t c r l o g e p w j m x u q n y a k

Note that the alphabet may be in an unfamiliar order. Complete the pattern using this order. Answer with only the final answer between double brackets and nothing else.

[e p m j w] [e p w j m]
[u m e w o r t v f] [

--- TARGET LETTERS ---

['u', 'm', 'w', 'e', 'o', 'r', 't', 'v', 'f']
Full Qwen output: [u m e w o r t v f] [u m e w f v r o t]  

**Final Answer:** [[u m e w o r t v f] [u m e w f v r o t]]
Filtered Qwen output: u m e w o r t v f] [u m e w f v r o t
trial 2 of 10...
trial 3 of 10...
trial 4 of 10...
trial 5 of 10...
trial 6 of 10...
trial 7 of 10...
trial 8 of 10...
trial 9 of 10...
trial 10 of 10...
Problem type: 3gen_split5 - 18/20
trial 1 of 10...

=== PROMPT ===

Use the following alphabet to complete the pattern.

i b s d f z v h t c r l o g e p w j m x u q n y a k

Note that the alphabet may be in an unfamiliar order. Complete the pattern using this order. Answer with only the final answer between double brackets and nothing else.

[o g e p] [l g e p]
[a a x x y y x x n n x x q q x x] [

--- TARGET LETTERS ---

['k', 'k', 'x', 'x', 'y', 'y', 'x', 'x', 'n', 'n', 'x', 'x', 'q', 'q', 'x', 'x']
Full Qwen output: [[a a x x y y x x n n x x q q x x] [i i b b s s d d f f z z v v h h t t c c r r l l o o g g e e p p]]
Filtered Qwen output: a a x x y y x x n n x x q q x x] [i i b b s s d d f f z z v v h h t t c c r r l l o o g g e e p p
trial 2 of 10...
trial 3 of 10...
trial 4 of 10...
trial 5 of 10...
trial 6 of 10...
trial 7 of 10...
trial 8 of 10...
trial 9 of 10...
trial 10 of 10...
Problem type: 3gen_split6 - 19/20
trial 1 of 10...

=== PROMPT ===

Use the following alphabet to complete the pattern.

i b s d f z v h t c r l o g e p w j m x u q n y a k

Note that the alphabet may be in an unfamiliar order. Complete the pattern using this order. Answer with only the final answer between double brackets and nothing else.

[f z v h] [d z v h]
[g g o o l l r r c c t t h h v v] [

--- TARGET LETTERS ---

['e', 'e', 'o', 'o', 'l', 'l', 'r', 'r', 'c', 'c', 't', 't', 'h', 'h', 'v', 'v']
Full Qwen output: [[g g o o l l r r c c t t h h v v] [g g o o l l r r c c t t h h v v]]
Filtered Qwen output: g g o o l l r r c c t t h h v v] [g g o o l l r r c c t t h h v v
trial 2 of 10...
trial 3 of 10...
trial 4 of 10...
trial 5 of 10...
trial 6 of 10...
trial 7 of 10...
trial 8 of 10...
trial 9 of 10...
trial 10 of 10...
Problem type: 3gensplit7 - 20/20
trial 1 of 10...

=== PROMPT ===

Use the following alphabet to complete the pattern.

i b s d f z v h t c r l o g e p w j m x u q n y a k

Note that the alphabet may be in an unfamiliar order. Complete the pattern using this order. Answer with only the final answer between double brackets and nothing else.

[b s d f] [i s d f]
[v v x x h h x x t t x x c c x x r r x x l l x x o o x x g g x x] [

--- TARGET LETTERS ---

['z', 'z', 'x', 'x', 'h', 'h', 'x', 'x', 't', 't', 'x', 'x', 'c', 'c', 'x', 'x', 'r', 'r', 'x', 'x', 'l', 'l', 'x', 'x', 'o', 'o', 'x', 'x', 'g', 'g', 'x', 'x']
Full Qwen output: [[v v x x h h x x t t x x c c x x r r x x l l x x o o x x g g x x] [p p x x w w x x j j x x m m x x x x x x x x x x x x x x x x x x x x x x x x x x x x x x x x x x x x x x x x x x x x x x x x x x x x x x x x x x x x x x x x x x x x x x x x x x x x x x x
trial 2 of 10...
trial 3 of 10...
trial 4 of 10...
trial 5 of 10...
trial 6 of 10...
trial 7 of 10...
trial 8 of 10...
trial 9 of 10...
trial 10 of 10...
alph_4
w p c d e z b h a s j g x o m n t k f i u v q y r l
Problem type: larger_int - 1/20
trial 1 of 10...

=== PROMPT ===

Use the following alphabet to complete the pattern.

w p c d e z b h a s j g x o m n t k f i u v q y r l

Note that the alphabet may be in an unfamiliar order. Complete the pattern using this order. Answer with only the final answer between double brackets and nothing else.

[a s j g x x] [a s j g x]
[w c c e b a] [

--- TARGET LETTERS ---

['w', 'c', 'e', 'b', 'a']
Full Qwen output: [[w c c e b a] [w c c e b a]]
Filtered Qwen output: w c c e b a] [w c c e b a
trial 2 of 10...
trial 3 of 10...
trial 4 of 10...
trial 5 of 10...
trial 6 of 10...
trial 7 of 10...
trial 8 of 10...
trial 9 of 10...
trial 10 of 10...
Problem type: longer_targ - 2/20
trial 1 of 10...

=== PROMPT ===

Use the following alphabet to complete the pattern.

w p c d e z b h a s j g x o m n t k f i u v q y r l

Note that the alphabet may be in an unfamiliar order. Complete the pattern using this order. Answer with only the final answer between double brackets and nothing else.

[e z b u a] [e z b h a]
[z b h a s j g x w] [

--- TARGET LETTERS ---

['z', 'b', 'h', 'a', 's', 'j', 'g', 'x', 'o']
Full Qwen output: [[z b h a s j g x w] [z b h a s j g x o]]
Filtered Qwen output: z b h a s j g x w] [z b h a s j g x o
trial 2 of 10...
trial 3 of 10...
trial 4 of 10...
trial 5 of 10...
trial 6 of 10...
trial 7 of 10...
trial 8 of 10...
trial 9 of 10...
trial 10 of 10...
Problem type: group - 3/20
trial 1 of 10...

=== PROMPT ===

Use the following alphabet to complete the pattern.

w p c d e z b h a s j g x o m n t k f i u v q y r l

Note that the alphabet may be in an unfamiliar order. Complete the pattern using this order. Answer with only the final answer between double brackets and nothing else.

[k f i u] [k f i v]
[c c d d e e z z] [

--- TARGET LETTERS ---

['c', 'c', 'd', 'd', 'e', 'e', 'b', 'b']
Full Qwen output: [[c c d d e e z z] [c c d d e e z z]]
Filtered Qwen output: c c d d e e z z] [c c d d e e z z
trial 2 of 10...
trial 3 of 10...
trial 4 of 10...
trial 5 of 10...
trial 6 of 10...
trial 7 of 10...
trial 8 of 10...
trial 9 of 10...
trial 10 of 10...
Problem type: interleaved - 4/20
trial 1 of 10...

=== PROMPT ===

Use the following alphabet to complete the pattern.

w p c d e z b h a s j g x o m n t k f i u v q y r l

Note that the alphabet may be in an unfamiliar order. Complete the pattern using this order. Answer with only the final answer between double brackets and nothing else.

[f i u v] [f i u q]
[u x v x q x y x] [

--- TARGET LETTERS ---

['u', 'x', 'v', 'x', 'q', 'x', 'r', 'x']
Full Qwen output: [[u x v x q x y x] [u x v x q x y x]]
Filtered Qwen output: u x v x q x y x] [u x v x q x y x
trial 2 of 10...
trial 3 of 10...
trial 4 of 10...
trial 5 of 10...
trial 6 of 10...
trial 7 of 10...
trial 8 of 10...
trial 9 of 10...
trial 10 of 10...
Problem type: letter2num - 5/20
trial 1 of 10...

=== PROMPT ===

Use the following alphabet to complete the pattern.

w p c d e z b h a s j g x o m n t k f i u v q y r l

Note that the alphabet may be in an unfamiliar order. Complete the pattern using this order. Answer with only the final answer between double brackets and nothing else.

[p c z e d] [p c d e z]
[13 14 15 17 16] [

--- TARGET LETTERS ---

[np.int64(13), np.int64(14), np.int64(15), np.int64(16), np.int64(17)]
Full Qwen output: [b h a s j]
trial 2 of 10...
trial 3 of 10...
trial 4 of 10...
trial 5 of 10...
trial 6 of 10...
trial 7 of 10...
trial 8 of 10...
trial 9 of 10...
trial 10 of 10...
Problem type: reverse - 6/20
trial 1 of 10...

=== PROMPT ===

Use the following alphabet to complete the pattern.

w p c d e z b h a s j g x o m n t k f i u v q y r l

Note that the alphabet may be in an unfamiliar order. Complete the pattern using this order. Answer with only the final answer between double brackets and nothing else.

[u v q y] [u v q r]
[k t n m] [

--- TARGET LETTERS ---

['k', 't', 'n', 'o']
Full Qwen output: [[k t n l]]
Filtered Qwen output: k t n l
trial 2 of 10...
trial 3 of 10...
trial 4 of 10...
trial 5 of 10...
trial 6 of 10...
trial 7 of 10...
trial 8 of 10...
trial 9 of 10...
trial 10 of 10...
Problem type: 2gen_split1 - 7/20
trial 1 of 10...

=== PROMPT ===

Use the following alphabet to complete the pattern.

w p c d e z b h a s j g x o m n t k f i u v q y r l

Note that the alphabet may be in an unfamiliar order. Complete the pattern using this order. Answer with only the final answer between double brackets and nothing else.

[e z b h] [e z b h a]
[o o x x g g j j] [

--- TARGET LETTERS ---

['o', 'o', 'x', 'x', 'g', 'g', 'j', 'j', 's', 's']
Full Qwen output: [[o o x x g g j j] [o o x x g g j j m m]]
Filtered Qwen output: o o x x g g j j] [o o x x g g j j m m
trial 2 of 10...
trial 3 of 10...
trial 4 of 10...
trial 5 of 10...
trial 6 of 10...
trial 7 of 10...
trial 8 of 10...
trial 9 of 10...
trial 10 of 10...
Problem type: 2gen_split2 - 8/20
trial 1 of 10...

=== PROMPT ===

Use the following alphabet to complete the pattern.

w p c d e z b h a s j g x o m n t k f i u v q y r l

Note that the alphabet may be in an unfamiliar order. Complete the pattern using this order. Answer with only the final answer between double brackets and nothing else.

[t k f i] [t k f i u]
[14 14 15 15 16 16 17 17] [

--- TARGET LETTERS ---

[np.int64(14), np.int64(14), np.int64(15), np.int64(15), np.int64(16), np.int64(16), np.int64(17), np.int64(17), np.int64(18), np.int64(18)]
Full Qwen output: [[t k f i u v]]
Filtered Qwen output: t k f i u v
trial 2 of 10...
trial 3 of 10...
trial 4 of 10...
trial 5 of 10...
trial 6 of 10...
trial 7 of 10...
trial 8 of 10...
trial 9 of 10...
trial 10 of 10...
Problem type: 2gen_split3 - 9/20
trial 1 of 10...

=== PROMPT ===

Use the following alphabet to complete the pattern.

w p c d e z b h a s j g x o m n t k f i u v q y r l

Note that the alphabet may be in an unfamiliar order. Complete the pattern using this order. Answer with only the final answer between double brackets and nothing else.

[x o m n] [x o m t]
[p x c x d x e x z x b x h x a x] [

--- TARGET LETTERS ---

['p', 'x', 'c', 'x', 'd', 'x', 'e', 'x', 'z', 'x', 'b', 'x', 'h', 'x', 's', 'x']
Full Qwen output: [[p x c x d x e x z x b x h x a x] [x o m t]]
Filtered Qwen output: p x c x d x e x z x b x h x a x] [x o m t
trial 2 of 10...
trial 3 of 10...
trial 4 of 10...
trial 5 of 10...
trial 6 of 10...
trial 7 of 10...
trial 8 of 10...
trial 9 of 10...
trial 10 of 10...
Problem type: 2gen_split4 - 10/20
trial 1 of 10...

=== PROMPT ===

Use the following alphabet to complete the pattern.

w p c d e z b h a s j g x o m n t k f i u v q y r l

Note that the alphabet may be in an unfamiliar order. Complete the pattern using this order. Answer with only the final answer between double brackets and nothing else.

[v q y r] [u q y r]
[k k f f i i u u v v q q y y r r] [

--- TARGET LETTERS ---

['t', 't', 'f', 'f', 'i', 'i', 'u', 'u', 'v', 'v', 'q', 'q', 'y', 'y', 'r', 'r']
Full Qwen output: [[k k f f i i u u v v q q y y r r] [k k f f i i u u v v q q y y r r]]
Filtered Qwen output: k k f f i i u u v v q q y y r r] [k k f f i i u u v v q q y y r r
trial 2 of 10...
trial 3 of 10...
trial 4 of 10...
trial 5 of 10...
trial 6 of 10...
trial 7 of 10...
trial 8 of 10...
trial 9 of 10...
trial 10 of 10...
Problem type: 2gen_split5 - 11/20
trial 1 of 10...

=== PROMPT ===

Use the following alphabet to complete the pattern.

w p c d e z b h a s j g x o m n t k f i u v q y r l

Note that the alphabet may be in an unfamiliar order. Complete the pattern using this order. Answer with only the final answer between double brackets and nothing else.

[u k f i t] [t k f i u]
[m m t t f f q q u u] [

--- TARGET LETTERS ---

['m', 'm', 't', 't', 'f', 'f', 'u', 'u', 'q', 'q']
Full Qwen output: [[m m t t f f q q u u] [m m t t f f q q u u]]
Filtered Qwen output: m m t t f f q q u u] [m m t t f f q q u u
trial 2 of 10...
trial 3 of 10...
trial 4 of 10...
trial 5 of 10...
trial 6 of 10...
trial 7 of 10...
trial 8 of 10...
trial 9 of 10...
trial 10 of 10...
Problem type: 2gen_split6 - 12/20
trial 1 of 10...

=== PROMPT ===

Use the following alphabet to complete the pattern.

w p c d e z b h a s j g x o m n t k f i u v q y r l

Note that the alphabet may be in an unfamiliar order. Complete the pattern using this order. Answer with only the final answer between double brackets and nothing else.

[s j g x] [s j g x o]
[j x m t f u q] [

--- TARGET LETTERS ---

['j', 'x', 'm', 't', 'f', 'u', 'q', 'r']
Full Qwen output: [j x m t f u q] [j x m t f u q l]  

Final answer: [[j x m t f u q] [j x m t f u q l]]
Filtered Qwen output: j x m t f u q] [j x m t f u q l
trial 2 of 10...
trial 3 of 10...
trial 4 of 10...
trial 5 of 10...
trial 6 of 10...
trial 7 of 10...
trial 8 of 10...
trial 9 of 10...
trial 10 of 10...
Problem type: 2gensplit7 - 13/20
trial 1 of 10...

=== PROMPT ===

Use the following alphabet to complete the pattern.

w p c d e z b h a s j g x o m n t k f i u v q y r l

Note that the alphabet may be in an unfamiliar order. Complete the pattern using this order. Answer with only the final answer between double brackets and nothing else.

[m n t k] [o n t k]
[v v u u i i f f] [

--- TARGET LETTERS ---

['q', 'q', 'u', 'u', 'i', 'i', 'f', 'f']
Full Qwen output: [[v v u u i i f f] [q q r r l l y y]]
Filtered Qwen output: v v u u i i f f] [q q r r l l y y
trial 2 of 10...
trial 3 of 10...
trial 4 of 10...
trial 5 of 10...
trial 6 of 10...
trial 7 of 10...
trial 8 of 10...
trial 9 of 10...
trial 10 of 10...
Problem type: 3gen_split1 - 14/20
trial 1 of 10...

=== PROMPT ===

Use the following alphabet to complete the pattern.

w p c d e z b h a s j g x o m n t k f i u v q y r l

Note that the alphabet may be in an unfamiliar order. Complete the pattern using this order. Answer with only the final answer between double brackets and nothing else.

[z b h a] [z b h s]
[f f x x k k x x t t x x n n x x] [

--- TARGET LETTERS ---

['f', 'f', 'x', 'x', 'k', 'k', 'x', 'x', 't', 't', 'x', 'x', 'm', 'm', 'x', 'x']
Full Qwen output: [[f f x x k k x x t t x x n n x x] [f f x x k k x x t t x x n n x x]]
Filtered Qwen output: f f x x k k x x t t x x n n x x] [f f x x k k x x t t x x n n x x
trial 2 of 10...
trial 3 of 10...
trial 4 of 10...
trial 5 of 10...
trial 6 of 10...
trial 7 of 10...
trial 8 of 10...
trial 9 of 10...
trial 10 of 10...
Problem type: 3gen_split2 - 15/20
trial 1 of 10...

=== PROMPT ===

Use the following alphabet to complete the pattern.

w p c d e z b h a s j g x o m n t k f i u v q y r l

Note that the alphabet may be in an unfamiliar order. Complete the pattern using this order. Answer with only the final answer between double brackets and nothing else.

[a s j g] [a s j x]
[6 0 8 0 10 0 12 0] [

--- TARGET LETTERS ---

[np.int64(6), '0', np.int64(8), '0', np.int64(10), '0', np.int64(14), '0']
Full Qwen output: To solve the analogy, we need to understand the relationship between the first group of letters and the second group of letters, and then apply that same relationship to the numerical sequence.

### Step 1: Analyze the letter pattern
Given:
- First group: **[a s j g]**
- Second group: **[a s j x]**

We notice that the first three letters in both groups are the same: **a, s, j**. The only difference is the last letter: **g** vs. **x**.

So, the pattern seems to be:
- **[a s j g] →
trial 2 of 10...
trial 3 of 10...
trial 4 of 10...
trial 5 of 10...
trial 6 of 10...
trial 7 of 10...
trial 8 of 10...
trial 9 of 10...
trial 10 of 10...
Problem type: 3gen_split3 - 16/20
trial 1 of 10...

=== PROMPT ===

Use the following alphabet to complete the pattern.

w p c d e z b h a s j g x o m n t k f i u v q y r l

Note that the alphabet may be in an unfamiliar order. Complete the pattern using this order. Answer with only the final answer between double brackets and nothing else.

[j g x l m] [j g x o m]
[11 11 18 18 17 17 16 16 15 15] [

--- TARGET LETTERS ---

[np.int64(19), np.int64(19), np.int64(18), np.int64(18), np.int64(17), np.int64(17), np.int64(16), np.int64(16), np.int64(15), np.int64(15)]
Full Qwen output: [j g x o m] [j g x p m]  
[[j g x o m] [j g x p m]]
Filtered Qwen output: j g x o m] [j g x p m
trial 2 of 10...
trial 3 of 10...
trial 4 of 10...
trial 5 of 10...
trial 6 of 10...
trial 7 of 10...
trial 8 of 10...
trial 9 of 10...
trial 10 of 10...
Problem type: 3gen_split4 - 17/20
trial 1 of 10...

=== PROMPT ===

Use the following alphabet to complete the pattern.

w p c d e z b h a s j g x o m n t k f i u v q y r l

Note that the alphabet may be in an unfamiliar order. Complete the pattern using this order. Answer with only the final answer between double brackets and nothing else.

[s j g x] [s j g x o]
[5 5 4 4 3 3 2 2] [

--- TARGET LETTERS ---

[np.int64(5), np.int64(5), np.int64(4), np.int64(4), np.int64(3), np.int64(3), np.int64(2), np.int64(2), np.int64(1), np.int64(1)]
Full Qwen output: To solve the pattern, we need to analyze the structure of the given sequences and the corresponding number pattern.

### Step 1: Understand the letter sequence
We are given the following custom alphabet order:

**w p c d e z b h a s j g x o m n t k f i u v q y r l**

Let's assign positions to each letter based on this order:

| Position | Letter |
|----------|--------|
| 1        | w      |
| 2        | p      |
| 3        | c      |
| 4        | d      |
| 5        | e
trial 2 of 10...
trial 3 of 10...
trial 4 of 10...
trial 5 of 10...
trial 6 of 10...
trial 7 of 10...
trial 8 of 10...
trial 9 of 10...
trial 10 of 10...
Problem type: 3gen_split5 - 18/20
trial 1 of 10...

=== PROMPT ===

Use the following alphabet to complete the pattern.

w p c d e z b h a s j g x o m n t k f i u v q y r l

Note that the alphabet may be in an unfamiliar order. Complete the pattern using this order. Answer with only the final answer between double brackets and nothing else.

[u v q y] [u v q r]
[a a x x s s x x j j x x g g x x x x x x o o x x m m x x n n x x] [

--- TARGET LETTERS ---

['a', 'a', 'x', 'x', 's', 's', 'x', 'x', 'j', 'j', 'x', 'x', 'g', 'g', 'x', 'x', 'x', 'x', 'x', 'x', 'o', 'o', 'x', 'x', 'm', 'm', 'x', 'x', 't', 't', 'x', 'x']
Full Qwen output: [[a a x x s s x x j j x x g g x x x x x x o o x x m m x x n n x x] [a a x x s s x x j j x x g g x x x x x x o o x x m m x x n n x x]]
Filtered Qwen output: a a x x s s x x j j x x g g x x x x x x o o x x m m x x n n x x] [a a x x s s x x j j x x g g x x x x x x o o x x m m x x n n x x
trial 2 of 10...
trial 3 of 10...
trial 4 of 10...
trial 5 of 10...
trial 6 of 10...
trial 7 of 10...
trial 8 of 10...
trial 9 of 10...
trial 10 of 10...
Problem type: 3gen_split6 - 19/20
trial 1 of 10...

=== PROMPT ===

Use the following alphabet to complete the pattern.

w p c d e z b h a s j g x o m n t k f i u v q y r l

Note that the alphabet may be in an unfamiliar order. Complete the pattern using this order. Answer with only the final answer between double brackets and nothing else.

[n t k f] [m t k f]
[7 7 9 9 11 11 13 13] [

--- TARGET LETTERS ---

[np.int64(5), np.int64(5), np.int64(9), np.int64(9), np.int64(11), np.int64(11), np.int64(13), np.int64(13)]
Full Qwen output: [i i k k]  

[[i i k k]]
Filtered Qwen output: i i k k
trial 2 of 10...
trial 3 of 10...
trial 4 of 10...
trial 5 of 10...
trial 6 of 10...
trial 7 of 10...
trial 8 of 10...
trial 9 of 10...
trial 10 of 10...
Problem type: 3gensplit7 - 20/20
trial 1 of 10...

=== PROMPT ===

Use the following alphabet to complete the pattern.

w p c d e z b h a s j g x o m n t k f i u v q y r l

Note that the alphabet may be in an unfamiliar order. Complete the pattern using this order. Answer with only the final answer between double brackets and nothing else.

[j g x o] [j g x m]
[11 0 10 0 9 0 8 0] [

--- TARGET LETTERS ---

[np.int64(11), '0', np.int64(10), '0', np.int64(9), '0', np.int64(7), '0']
Full Qwen output: [[j g x n]]
Filtered Qwen output: j g x n
trial 2 of 10...
trial 3 of 10...
trial 4 of 10...
trial 5 of 10...
trial 6 of 10...
trial 7 of 10...
trial 8 of 10...
trial 9 of 10...
trial 10 of 10...
alph_5
a r y t e f b n x j s z m p d u q v o g i k h l w c
Problem type: larger_int - 1/20
trial 1 of 10...

=== PROMPT ===

Use the following alphabet to complete the pattern.

a r y t e f b n x j s z m p d u q v o g i k h l w c

Note that the alphabet may be in an unfamiliar order. Complete the pattern using this order. Answer with only the final answer between double brackets and nothing else.

[t e b f n] [t e f b n]
[d i o q h] [

--- TARGET LETTERS ---

['d', 'q', 'o', 'i', 'h']
Full Qwen output: [[d i o q h] [d i q o h]]
Filtered Qwen output: d i o q h] [d i q o h
trial 2 of 10...
trial 3 of 10...
trial 4 of 10...
trial 5 of 10...
trial 6 of 10...
trial 7 of 10...
trial 8 of 10...
trial 9 of 10...
trial 10 of 10...
Problem type: longer_targ - 2/20
trial 1 of 10...

=== PROMPT ===

Use the following alphabet to complete the pattern.

a r y t e f b n x j s z m p d u q v o g i k h l w c

Note that the alphabet may be in an unfamiliar order. Complete the pattern using this order. Answer with only the final answer between double brackets and nothing else.

[y t e f] [r t e f]
[r y t e f b n x] [

--- TARGET LETTERS ---

['a', 'y', 't', 'e', 'f', 'b', 'n', 'x']
Full Qwen output: [[r y t e f b n x] [r y t e f b n x]]
Filtered Qwen output: r y t e f b n x] [r y t e f b n x
trial 2 of 10...
trial 3 of 10...
trial 4 of 10...
trial 5 of 10...
trial 6 of 10...
trial 7 of 10...
trial 8 of 10...
trial 9 of 10...
trial 10 of 10...
Problem type: group - 3/20
trial 1 of 10...

=== PROMPT ===

Use the following alphabet to complete the pattern.

a r y t e f b n x j s z m p d u q v o g i k h l w c

Note that the alphabet may be in an unfamiliar order. Complete the pattern using this order. Answer with only the final answer between double brackets and nothing else.

[f b n x] [f b n j]
[e e f f b b n n] [

--- TARGET LETTERS ---

['e', 'e', 'f', 'f', 'b', 'b', 'x', 'x']
Full Qwen output: [[e e f f b b j j]]
Filtered Qwen output: e e f f b b j j
trial 2 of 10...
trial 3 of 10...
trial 4 of 10...
trial 5 of 10...
trial 6 of 10...
trial 7 of 10...
trial 8 of 10...
trial 9 of 10...
trial 10 of 10...
Problem type: interleaved - 4/20
trial 1 of 10...

=== PROMPT ===

Use the following alphabet to complete the pattern.

a r y t e f b n x j s z m p d u q v o g i k h l w c

Note that the alphabet may be in an unfamiliar order. Complete the pattern using this order. Answer with only the final answer between double brackets and nothing else.

[b n x j] [b n x s]
[g x i x k x h x] [

--- TARGET LETTERS ---

['g', 'x', 'i', 'x', 'k', 'x', 'l', 'x']
Full Qwen output: [[g x i x k x h x l x]]
Filtered Qwen output: g x i x k x h x l x
trial 2 of 10...
trial 3 of 10...
trial 4 of 10...
trial 5 of 10...
trial 6 of 10...
trial 7 of 10...
trial 8 of 10...
trial 9 of 10...
trial 10 of 10...
Problem type: letter2num - 5/20
trial 1 of 10...

=== PROMPT ===

Use the following alphabet to complete the pattern.

a r y t e f b n x j s z m p d u q v o g i k h l w c

Note that the alphabet may be in an unfamiliar order. Complete the pattern using this order. Answer with only the final answer between double brackets and nothing else.

[v o g i] [v o g k]
[19 20 21 22] [

--- TARGET LETTERS ---

[np.int64(19), np.int64(20), np.int64(21), np.int64(23)]
Full Qwen output: [[v o g i] [v o g k]  
[19 20 21 22] [19 20 21 23]]  

Final answer: [[v o g i] [v o g k] [19 20 21 22] [19 20 21 23]]  

Answer: [[v o g i] [v o g k] [19 20 21 22] [19 20 21 23]]
Filtered Qwen output: v o g i] [v o g k]  
[19 20 21 22] [19 20 21 23
trial 2 of 10...
trial 3 of 10...
trial 4 of 10...
trial 5 of 10...
trial 6 of 10...
trial 7 of 10...
trial 8 of 10...
trial 9 of 10...
trial 10 of 10...
Problem type: reverse - 6/20
trial 1 of 10...

=== PROMPT ===

Use the following alphabet to complete the pattern.

a r y t e f b n x j s z m p d u q v o g i k h l w c

Note that the alphabet may be in an unfamiliar order. Complete the pattern using this order. Answer with only the final answer between double brackets and nothing else.

[o g i k] [o g i h]
[l h k i] [

--- TARGET LETTERS ---

['l', 'h', 'k', 'g']
Full Qwen output: To solve the analogy, we need to understand the pattern between the first pair of groups and apply it to the second pair.

Given:

- First pair: [o g i k] [o g i h]
- Second pair: [l h k i] [? ? ? ?]

Let’s look at the first pair: [o g i k] [o g i h]

Compare the two groups:

- First group: o, g, i, k
- Second group: o, g, i, h

We can see that the first three letters are the same: o, g, i. The fourth
trial 2 of 10...
trial 3 of 10...
trial 4 of 10...
trial 5 of 10...
trial 6 of 10...
trial 7 of 10...
trial 8 of 10...
trial 9 of 10...
trial 10 of 10...
Problem type: 2gen_split1 - 7/20
trial 1 of 10...

=== PROMPT ===

Use the following alphabet to complete the pattern.

a r y t e f b n x j s z m p d u q v o g i k h l w c

Note that the alphabet may be in an unfamiliar order. Complete the pattern using this order. Answer with only the final answer between double brackets and nothing else.

[s m z p d] [s z m p d]
[13 11 12 10 9] [

--- TARGET LETTERS ---

[np.int64(13), np.int64(12), np.int64(11), np.int64(10), np.int64(9)]
Full Qwen output: To solve the pattern, we need to understand the relationship between the first group of letters and the second group of letters, and also the relationship between the numbers.

### Step 1: Analyze the letter pattern
Given:
- First group: **[s m z p d]**
- Second group: **[s z m p d]**

We can see that the second group is a **rearrangement** of the first group. Specifically, the order of the letters has changed. Let's look at the positions of the letters in the given alphabet:

### Step 2: Use the given alphabet
The alphabet is:
trial 2 of 10...
trial 3 of 10...
trial 4 of 10...
trial 5 of 10...
trial 6 of 10...
trial 7 of 10...
trial 8 of 10...
trial 9 of 10...
trial 10 of 10...
Problem type: 2gen_split2 - 8/20
trial 1 of 10...

=== PROMPT ===

Use the following alphabet to complete the pattern.

a r y t e f b n x j s z m p d u q v o g i k h l w c

Note that the alphabet may be in an unfamiliar order. Complete the pattern using this order. Answer with only the final answer between double brackets and nothing else.

[d d u q v o] [d u q v o]
[e e f f b b n n x x j j s s z z m m m m] [

--- TARGET LETTERS ---

['e', 'e', 'f', 'f', 'b', 'b', 'n', 'n', 'x', 'x', 'j', 'j', 's', 's', 'z', 'z', 'm', 'm']
Full Qwen output: [[e e f f b b n n x x j j s s z z m m m m] [e f b n x j s z m p d u q v o g i k h l w c]]
Filtered Qwen output: e e f f b b n n x x j j s s z z m m m m] [e f b n x j s z m p d u q v o g i k h l w c
trial 2 of 10...
trial 3 of 10...
trial 4 of 10...
trial 5 of 10...
trial 6 of 10...
trial 7 of 10...
trial 8 of 10...
trial 9 of 10...
trial 10 of 10...
Problem type: 2gen_split3 - 9/20
trial 1 of 10...

=== PROMPT ===

Use the following alphabet to complete the pattern.

a r y t e f b n x j s z m p d u q v o g i k h l w c

Note that the alphabet may be in an unfamiliar order. Complete the pattern using this order. Answer with only the final answer between double brackets and nothing else.

[g i k h] [g i k l]
[18 0 19 0 20 0 21 0] [

--- TARGET LETTERS ---

[np.int64(18), '0', np.int64(19), '0', np.int64(20), '0', np.int64(22), '0']
Full Qwen output: [[g i k w]]
Filtered Qwen output: g i k w
trial 2 of 10...
trial 3 of 10...
trial 4 of 10...
trial 5 of 10...
trial 6 of 10...
trial 7 of 10...
trial 8 of 10...
trial 9 of 10...
trial 10 of 10...
Problem type: 2gen_split4 - 10/20
trial 1 of 10...

=== PROMPT ===

Use the following alphabet to complete the pattern.

a r y t e f b n x j s z m p d u q v o g i k h l w c

Note that the alphabet may be in an unfamiliar order. Complete the pattern using this order. Answer with only the final answer between double brackets and nothing else.

[e f b n] [e f b x]
[y y e e b b x x] [

--- TARGET LETTERS ---

['y', 'y', 'e', 'e', 'b', 'b', 's', 's']
Full Qwen output: [[y y e e b b x x] [y y e e b b x x]]
Filtered Qwen output: y y e e b b x x] [y y e e b b x x
trial 2 of 10...
trial 3 of 10...
trial 4 of 10...
trial 5 of 10...
trial 6 of 10...
trial 7 of 10...
trial 8 of 10...
trial 9 of 10...
trial 10 of 10...
Problem type: 2gen_split5 - 11/20
trial 1 of 10...

=== PROMPT ===

Use the following alphabet to complete the pattern.

a r y t e f b n x j s z m p d u q v o g i k h l w c

Note that the alphabet may be in an unfamiliar order. Complete the pattern using this order. Answer with only the final answer between double brackets and nothing else.

[x j s z] [x j s m]
[s x b e] [

--- TARGET LETTERS ---

['s', 'x', 'b', 'y']
Full Qwen output: To solve the analogy, we need to identify the pattern between the first pair of letter groups and apply it to the second pair.

Given:

**[x j s z] [x j s m]**  
**[s x b e] [? ? ? ?]**

Let’s analyze the first pair:  
**[x j s z] [x j s m]**

Compare the two groups:

- First group: x, j, s, z  
- Second group: x, j, s, m

We can see that the first three letters are the same: **x, j, s**. The
trial 2 of 10...
trial 3 of 10...
trial 4 of 10...
trial 5 of 10...
trial 6 of 10...
trial 7 of 10...
trial 8 of 10...
trial 9 of 10...
trial 10 of 10...
Problem type: 2gen_split6 - 12/20
trial 1 of 10...

=== PROMPT ===

Use the following alphabet to complete the pattern.

a r y t e f b n x j s z m p d u q v o g i k h l w c

Note that the alphabet may be in an unfamiliar order. Complete the pattern using this order. Answer with only the final answer between double brackets and nothing else.

[x j s z q] [x j s z m]
[8 10 12 20 16] [

--- TARGET LETTERS ---

[np.int64(8), np.int64(10), np.int64(12), np.int64(14), np.int64(16)]
Full Qwen output: To solve the analogy, we need to understand the pattern between the two groups of letters:  
**[x j s z q]** and **[x j s z m]**.

Let’s look at the positions of the letters in the given alphabet:

**Alphabet order:**
1. a  
2. r  
3. y  
4. t  
5. e  
6. f  
7. b  
8. n  
9. x  
10. j  
11. s  
12. z  
13. m  
14. p  
15. d  
16. u
trial 2 of 10...
trial 3 of 10...
trial 4 of 10...
trial 5 of 10...
trial 6 of 10...
trial 7 of 10...
trial 8 of 10...
trial 9 of 10...
trial 10 of 10...
Problem type: 2gensplit7 - 13/20
trial 1 of 10...

=== PROMPT ===

Use the following alphabet to complete the pattern.

a r y t e f b n x j s z m p d u q v o g i k h l w c

Note that the alphabet may be in an unfamiliar order. Complete the pattern using this order. Answer with only the final answer between double brackets and nothing else.

[k k h l w c] [k h l w c]
[j j x x n n n n b b f f] [

--- TARGET LETTERS ---

['j', 'j', 'x', 'x', 'n', 'n', 'b', 'b', 'f', 'f']
Full Qwen output: [[j x n b f]]
Filtered Qwen output: j x n b f
trial 2 of 10...
trial 3 of 10...
trial 4 of 10...
trial 5 of 10...
trial 6 of 10...
trial 7 of 10...
trial 8 of 10...
trial 9 of 10...
trial 10 of 10...
Problem type: 3gen_split1 - 14/20
trial 1 of 10...

=== PROMPT ===

Use the following alphabet to complete the pattern.

a r y t e f b n x j s z m p d u q v o g i k h l w c

Note that the alphabet may be in an unfamiliar order. Complete the pattern using this order. Answer with only the final answer between double brackets and nothing else.

[v a g i k] [v o g i k]
[v x q x k x d x p x m x z x s x j x] [

--- TARGET LETTERS ---

['v', 'x', 'q', 'x', 'u', 'x', 'd', 'x', 'p', 'x', 'm', 'x', 'z', 'x', 's', 'x', 'j', 'x']
Full Qwen output: [[v x q x k x d x p x m x z x s x j x] [v x q x k x d x p x m x z x s x j x]]
Filtered Qwen output: v x q x k x d x p x m x z x s x j x] [v x q x k x d x p x m x z x s x j x
trial 2 of 10...
trial 3 of 10...
trial 4 of 10...
trial 5 of 10...
trial 6 of 10...
trial 7 of 10...
trial 8 of 10...
trial 9 of 10...
trial 10 of 10...
Problem type: 3gen_split2 - 15/20
trial 1 of 10...

=== PROMPT ===

Use the following alphabet to complete the pattern.

a r y t e f b n x j s z m p d u q v o g i k h l w c

Note that the alphabet may be in an unfamiliar order. Complete the pattern using this order. Answer with only the final answer between double brackets and nothing else.

[r y t e] [a y t e]
[u u x x v v x x g g x x k k x x] [

--- TARGET LETTERS ---

['p', 'p', 'x', 'x', 'v', 'v', 'x', 'x', 'g', 'g', 'x', 'x', 'k', 'k', 'x', 'x']
Full Qwen output: [[u u x x v v x x g g x x k k x x] [p p x x m m x x d d x x h h x x]]
Filtered Qwen output: u u x x v v x x g g x x k k x x] [p p x x m m x x d d x x h h x x
trial 2 of 10...
trial 3 of 10...
trial 4 of 10...
trial 5 of 10...
trial 6 of 10...
trial 7 of 10...
trial 8 of 10...
trial 9 of 10...
trial 10 of 10...
Problem type: 3gen_split3 - 16/20
trial 1 of 10...

=== PROMPT ===

Use the following alphabet to complete the pattern.

a r y t e f b n x j s z m p d u q v o g i k h l w c

Note that the alphabet may be in an unfamiliar order. Complete the pattern using this order. Answer with only the final answer between double brackets and nothing else.

[i w h l k] [i k h l w]
[v v x x z z x x p p x x u u x x j j x x] [

--- TARGET LETTERS ---

['j', 'j', 'x', 'x', 'z', 'z', 'x', 'x', 'p', 'p', 'x', 'x', 'u', 'u', 'x', 'x', 'v', 'v', 'x', 'x']
Full Qwen output: [[v v x x z z x x p p x x u u x x j j x x] [v v x x z z x x p p x x u u x x j j x x]]
Filtered Qwen output: v v x x z z x x p p x x u u x x j j x x] [v v x x z z x x p p x x u u x x j j x x
trial 2 of 10...
trial 3 of 10...
trial 4 of 10...
trial 5 of 10...
trial 6 of 10...
trial 7 of 10...
trial 8 of 10...
trial 9 of 10...
trial 10 of 10...
Problem type: 3gen_split4 - 17/20
trial 1 of 10...

=== PROMPT ===

Use the following alphabet to complete the pattern.

a r y t e f b n x j s z m p d u q v o g i k h l w c

Note that the alphabet may be in an unfamiliar order. Complete the pattern using this order. Answer with only the final answer between double brackets and nothing else.

[p d u q] [p d u v]
[9 9 0 0 10 10 0 0 11 11 0 0 12 12 0 0] [

--- TARGET LETTERS ---

[np.int64(9), np.int64(9), '0', '0', np.int64(10), np.int64(10), '0', '0', np.int64(11), np.int64(11), '0', '0', np.int64(13), np.int64(13), '0', '0']
Full Qwen output: [[p d u q] [p d u v]]  
[[9 9 0 0 10 10 0 0 11 11 0 0 12 12 0 0] [9 9 0 0 10 10 0 0 11 11 0 0 12 12 0 0 13 13 0 0]]  

Final answer: [[p d u q] [p d u v]] [[9 9 0 0 10
Filtered Qwen output: p d u q] [p d u v
trial 2 of 10...
trial 3 of 10...
trial 4 of 10...
trial 5 of 10...
trial 6 of 10...
trial 7 of 10...
trial 8 of 10...
trial 9 of 10...
trial 10 of 10...
Problem type: 3gen_split5 - 18/20
trial 1 of 10...

=== PROMPT ===

Use the following alphabet to complete the pattern.

a r y t e f b n x j s z m p d u q v o g i k h l w c

Note that the alphabet may be in an unfamiliar order. Complete the pattern using this order. Answer with only the final answer between double brackets and nothing else.

[k h l w] [k h l c]
[11 0 12 0 13 0 14 0 15 0 16 0 17 0 18 0] [

--- TARGET LETTERS ---

[np.int64(11), '0', np.int64(12), '0', np.int64(13), '0', np.int64(14), '0', np.int64(15), '0', np.int64(16), '0', np.int64(17), '0', np.int64(19), '0']
Full Qwen output: [[k h l w] [k h l c]]
Filtered Qwen output: k h l w] [k h l c
trial 2 of 10...
trial 3 of 10...
trial 4 of 10...
trial 5 of 10...
trial 6 of 10...
trial 7 of 10...
trial 8 of 10...
trial 9 of 10...
trial 10 of 10...
Problem type: 3gen_split6 - 19/20
trial 1 of 10...

=== PROMPT ===

Use the following alphabet to complete the pattern.

a r y t e f b n x j s z m p d u q v o g i k h l w c

Note that the alphabet may be in an unfamiliar order. Complete the pattern using this order. Answer with only the final answer between double brackets and nothing else.

[a r y t] [a r y e]
[q q u u d d p p m m z z s s j j] [

--- TARGET LETTERS ---

['q', 'q', 'u', 'u', 'd', 'd', 'p', 'p', 'm', 'm', 'z', 'z', 's', 's', 'x', 'x']
Full Qwen output: [q q u u d d p p m m z z s s j j] [q q u u d d p p m m z z s s i i]  

**Final Answer:** [[q q u u d d p p m m z z s s i i]]
Filtered Qwen output: q q u u d d p p m m z z s s i i
trial 2 of 10...
trial 3 of 10...
trial 4 of 10...
trial 5 of 10...
trial 6 of 10...
trial 7 of 10...
trial 8 of 10...
trial 9 of 10...
trial 10 of 10...
Problem type: 3gensplit7 - 20/20
trial 1 of 10...

=== PROMPT ===

Use the following alphabet to complete the pattern.

a r y t e f b n x j s z m p d u q v o g i k h l w c

Note that the alphabet may be in an unfamiliar order. Complete the pattern using this order. Answer with only the final answer between double brackets and nothing else.

[x j s s z m] [x j s z m]
[j x z x p x u x v x v x g x k x l x c x] [

--- TARGET LETTERS ---

['j', 'x', 'z', 'x', 'p', 'x', 'u', 'x', 'v', 'x', 'g', 'x', 'k', 'x', 'l', 'x', 'c', 'x']
Full Qwen output: [[x j s z m p]]
Filtered Qwen output: x j s z m p
trial 2 of 10...
trial 3 of 10...
trial 4 of 10...
trial 5 of 10...
trial 6 of 10...
trial 7 of 10...
trial 8 of 10...
trial 9 of 10...
trial 10 of 10...
alph_6
x p j h n a u d i q k c m t f s b r g y e v w z l o
Problem type: larger_int - 1/20
trial 1 of 10...

=== PROMPT ===

Use the following alphabet to complete the pattern.

x p j h n a u d i q k c m t f s b r g y e v w z l o

Note that the alphabet may be in an unfamiliar order. Complete the pattern using this order. Answer with only the final answer between double brackets and nothing else.

[x p j h h n] [x p j h n]
[f b g e e w] [

--- TARGET LETTERS ---

['f', 'b', 'g', 'e', 'w']
Full Qwen output: [[f b g e e w] [f b g e w]]
Filtered Qwen output: f b g e e w] [f b g e w
trial 2 of 10...
trial 3 of 10...
trial 4 of 10...
trial 5 of 10...
trial 6 of 10...
trial 7 of 10...
trial 8 of 10...
trial 9 of 10...
trial 10 of 10...
Problem type: longer_targ - 2/20
trial 1 of 10...

=== PROMPT ===

Use the following alphabet to complete the pattern.

x p j h n a u d i q k c m t f s b r g y e v w z l o

Note that the alphabet may be in an unfamiliar order. Complete the pattern using this order. Answer with only the final answer between double brackets and nothing else.

[f s b r] [f s b g]
[t f s b r g y e] [

--- TARGET LETTERS ---

['t', 'f', 's', 'b', 'r', 'g', 'y', 'v']
Full Qwen output: [[t f s b r g y e] [t f s b r g y e v]]
Filtered Qwen output: t f s b r g y e] [t f s b r g y e v
trial 2 of 10...
trial 3 of 10...
trial 4 of 10...
trial 5 of 10...
trial 6 of 10...
trial 7 of 10...
trial 8 of 10...
trial 9 of 10...
trial 10 of 10...
Problem type: group - 3/20
trial 1 of 10...

=== PROMPT ===

Use the following alphabet to complete the pattern.

x p j h n a u d i q k c m t f s b r g y e v w z l o

Note that the alphabet may be in an unfamiliar order. Complete the pattern using this order. Answer with only the final answer between double brackets and nothing else.

[e v w z] [e v w z l]
[c c m m t t f f] [

--- TARGET LETTERS ---

['c', 'c', 'm', 'm', 't', 't', 'f', 'f', 's', 's']
Full Qwen output: [[c c m m t t f f] [s s b b r r g g]]
Filtered Qwen output: c c m m t t f f] [s s b b r r g g
trial 2 of 10...
trial 3 of 10...
trial 4 of 10...
trial 5 of 10...
trial 6 of 10...
trial 7 of 10...
trial 8 of 10...
trial 9 of 10...
trial 10 of 10...
Problem type: interleaved - 4/20
trial 1 of 10...

=== PROMPT ===

Use the following alphabet to complete the pattern.

x p j h n a u d i q k c m t f s b r g y e v w z l o

Note that the alphabet may be in an unfamiliar order. Complete the pattern using this order. Answer with only the final answer between double brackets and nothing else.

[a u d i] [a u d q]
[y x e x v x w x] [

--- TARGET LETTERS ---

['y', 'x', 'e', 'x', 'v', 'x', 'z', 'x']
Full Qwen output: [[y x e x v x w x] [y x e x v x w z]]
Filtered Qwen output: y x e x v x w x] [y x e x v x w z
trial 2 of 10...
trial 3 of 10...
trial 4 of 10...
trial 5 of 10...
trial 6 of 10...
trial 7 of 10...
trial 8 of 10...
trial 9 of 10...
trial 10 of 10...
Problem type: letter2num - 5/20
trial 1 of 10...

=== PROMPT ===

Use the following alphabet to complete the pattern.

x p j h n a u d i q k c m t f s b r g y e v w z l o

Note that the alphabet may be in an unfamiliar order. Complete the pattern using this order. Answer with only the final answer between double brackets and nothing else.

[n a f d i] [n a u d i]
[1 18 19 20 21] [

--- TARGET LETTERS ---

[np.int64(17), np.int64(18), np.int64(19), np.int64(20), np.int64(21)]
Full Qwen output: To solve the analogy, we need to understand the pattern between the two groups of letters:  
**[n a f d i]** and **[n a u d i]**

Let’s look at the positions of the letters in the given alphabet:

**Alphabet order:**
1. x  
2. p  
3. j  
4. h  
5. n  
6. a  
7. u  
8. d  
9. i  
10. q  
11. k  
12. c  
13. m  
14. t  
15. f  
16. s
trial 2 of 10...
trial 3 of 10...
trial 4 of 10...
trial 5 of 10...
trial 6 of 10...
trial 7 of 10...
trial 8 of 10...
trial 9 of 10...
trial 10 of 10...
Problem type: reverse - 6/20
trial 1 of 10...

=== PROMPT ===

Use the following alphabet to complete the pattern.

x p j h n a u d i q k c m t f s b r g y e v w z l o

Note that the alphabet may be in an unfamiliar order. Complete the pattern using this order. Answer with only the final answer between double brackets and nothing else.

[r g y e] [r g y v]
[l z w v] [

--- TARGET LETTERS ---

['l', 'z', 'w', 'e']
Full Qwen output: To solve the analogy, we need to identify the pattern between the first pair of letter groups and apply it to the second pair.

Given:

- First pair: [r g y e] [r g y v]
- Second pair: [l z w v] [? ? ? ?]

Let’s examine the first pair:  
[r g y e] [r g y v]

Compare the two groups:
- The first three letters are the same: **r g y**
- The fourth letter changes from **e** to **v**

So the pattern is: **[same first three letters] + [change in the
trial 2 of 10...
trial 3 of 10...
trial 4 of 10...
trial 5 of 10...
trial 6 of 10...
trial 7 of 10...
trial 8 of 10...
trial 9 of 10...
trial 10 of 10...
Problem type: 2gen_split1 - 7/20
trial 1 of 10...

=== PROMPT ===

Use the following alphabet to complete the pattern.

x p j h n a u d i q k c m t f s b r g y e v w z l o

Note that the alphabet may be in an unfamiliar order. Complete the pattern using this order. Answer with only the final answer between double brackets and nothing else.

[k c m t] [q c m t]
[f x b x g x e x] [

--- TARGET LETTERS ---

['m', 'x', 'b', 'x', 'g', 'x', 'e', 'x']
Full Qwen output: [[f x b x g x e x] [f x b x g x e x]]
Filtered Qwen output: f x b x g x e x] [f x b x g x e x
trial 2 of 10...
trial 3 of 10...
trial 4 of 10...
trial 5 of 10...
trial 6 of 10...
trial 7 of 10...
trial 8 of 10...
trial 9 of 10...
trial 10 of 10...
Problem type: 2gen_split2 - 8/20
trial 1 of 10...

=== PROMPT ===

Use the following alphabet to complete the pattern.

x p j h n a u d i q k c m t f s b r g y e v w z l o

Note that the alphabet may be in an unfamiliar order. Complete the pattern using this order. Answer with only the final answer between double brackets and nothing else.

[t f s b] [t f s r]
[6 6 7 7 8 8 9 9] [

--- TARGET LETTERS ---

[np.int64(6), np.int64(6), np.int64(7), np.int64(7), np.int64(8), np.int64(8), np.int64(10), np.int64(10)]
Full Qwen output: To solve the analogy, we need to understand the pattern between the two groups of letters:  
**[t f s b]** and **[t f s r]**.

Let’s look at the positions of the letters in the given alphabet:

**Alphabet order:**
1. x  
2. p  
3. j  
4. h  
5. n  
6. a  
7. u  
8. d  
9. i  
10. q  
11. k  
12. c  
13. m  
14. t  
15. f  
16. s  
17
trial 2 of 10...
trial 3 of 10...
trial 4 of 10...
trial 5 of 10...
trial 6 of 10...
trial 7 of 10...
trial 8 of 10...
trial 9 of 10...
trial 10 of 10...
Problem type: 2gen_split3 - 9/20
trial 1 of 10...

=== PROMPT ===

Use the following alphabet to complete the pattern.

x p j h n a u d i q k c m t f s b r g y e v w z l o

Note that the alphabet may be in an unfamiliar order. Complete the pattern using this order. Answer with only the final answer between double brackets and nothing else.

[t f s b r r] [t f s b r]
[q c t s r y v z z o] [

--- TARGET LETTERS ---

['q', 'c', 't', 's', 'r', 'y', 'v', 'z', 'o']
Full Qwen output: [[q c t s r y v z z o] [q c t s r y v z z o]]
Filtered Qwen output: q c t s r y v z z o] [q c t s r y v z z o
trial 2 of 10...
trial 3 of 10...
trial 4 of 10...
trial 5 of 10...
trial 6 of 10...
trial 7 of 10...
trial 8 of 10...
trial 9 of 10...
trial 10 of 10...
Problem type: 2gen_split4 - 10/20
trial 1 of 10...

=== PROMPT ===

Use the following alphabet to complete the pattern.

x p j h n a u d i q k c m t f s b r g y e v w z l o

Note that the alphabet may be in an unfamiliar order. Complete the pattern using this order. Answer with only the final answer between double brackets and nothing else.

[t r s b f] [t f s b r]
[t t m m c c f f s s b b r r g g y y] [

--- TARGET LETTERS ---

['c', 'c', 'm', 'm', 't', 't', 'f', 'f', 's', 's', 'b', 'b', 'r', 'r', 'g', 'g', 'y', 'y']
Full Qwen output: [t t m m c c f f s s b b r r g g y y] [t t m m c c f f s s b b r r g g y y]  

[[t t m m c c f f s s b b r r g g y y] [t t m m c c f f s s b b r r g g y y]]
Filtered Qwen output: t t m m c c f f s s b b r r g g y y] [t t m m c c f f s s b b r r g g y y
trial 2 of 10...
trial 3 of 10...
trial 4 of 10...
trial 5 of 10...
trial 6 of 10...
trial 7 of 10...
trial 8 of 10...
trial 9 of 10...
trial 10 of 10...
Problem type: 2gen_split5 - 11/20
trial 1 of 10...

=== PROMPT ===

Use the following alphabet to complete the pattern.

x p j h n a u d i q k c m t f s b r g y e v w z l o

Note that the alphabet may be in an unfamiliar order. Complete the pattern using this order. Answer with only the final answer between double brackets and nothing else.

[a u d i] [n u d i]
[k x m x f x b x] [

--- TARGET LETTERS ---

['i', 'x', 'm', 'x', 'f', 'x', 'b', 'x']
Full Qwen output: [[k x m x f x b x] [k x m x f x b x]]
Filtered Qwen output: k x m x f x b x] [k x m x f x b x
trial 2 of 10...
trial 3 of 10...
trial 4 of 10...
trial 5 of 10...
trial 6 of 10...
trial 7 of 10...
trial 8 of 10...
trial 9 of 10...
trial 10 of 10...
Problem type: 2gen_split6 - 12/20
trial 1 of 10...

=== PROMPT ===

Use the following alphabet to complete the pattern.

x p j h n a u d i q k c m t f s b r g y e v w z l o

Note that the alphabet may be in an unfamiliar order. Complete the pattern using this order. Answer with only the final answer between double brackets and nothing else.

[b r g y] [b r g e]
[s x f x t x m x] [

--- TARGET LETTERS ---

['s', 'x', 'f', 'x', 't', 'x', 'c', 'x']
Full Qwen output: [[s x f x t x m x] [s x f x t x m x]]
Filtered Qwen output: s x f x t x m x] [s x f x t x m x
trial 2 of 10...
trial 3 of 10...
trial 4 of 10...
trial 5 of 10...
trial 6 of 10...
trial 7 of 10...
trial 8 of 10...
trial 9 of 10...
trial 10 of 10...
Problem type: 2gensplit7 - 13/20
trial 1 of 10...

=== PROMPT ===

Use the following alphabet to complete the pattern.

x p j h n a u d i q k c m t f s b r g y e v w z l o

Note that the alphabet may be in an unfamiliar order. Complete the pattern using this order. Answer with only the final answer between double brackets and nothing else.

[x p j h n n] [x p j h n]
[d x q x q x c x t x s x] [

--- TARGET LETTERS ---

['d', 'x', 'q', 'x', 'c', 'x', 't', 'x', 's', 'x']
Full Qwen output: [[d x q x q x c x t x s x] [d x q x q x c x t x s x]]
Filtered Qwen output: d x q x q x c x t x s x] [d x q x q x c x t x s x
trial 2 of 10...
trial 3 of 10...
trial 4 of 10...
trial 5 of 10...
trial 6 of 10...
trial 7 of 10...
trial 8 of 10...
trial 9 of 10...
trial 10 of 10...
Problem type: 3gen_split1 - 14/20
trial 1 of 10...

=== PROMPT ===

Use the following alphabet to complete the pattern.

x p j h n a u d i q k c m t f s b r g y e v w z l o

Note that the alphabet may be in an unfamiliar order. Complete the pattern using this order. Answer with only the final answer between double brackets and nothing else.

[x p h j n] [x p j h n]
[v v y y t t s s r r] [

--- TARGET LETTERS ---

['v', 'v', 'y', 'y', 'r', 'r', 's', 's', 't', 't']
Full Qwen output: [[v v y y t t s s r r] [v v y y t t s s r r]]
Filtered Qwen output: v v y y t t s s r r] [v v y y t t s s r r
trial 2 of 10...
trial 3 of 10...
trial 4 of 10...
trial 5 of 10...
trial 6 of 10...
trial 7 of 10...
trial 8 of 10...
trial 9 of 10...
trial 10 of 10...
Problem type: 3gen_split2 - 15/20
trial 1 of 10...

=== PROMPT ===

Use the following alphabet to complete the pattern.

x p j h n a u d i q k c m t f s b r g y e v w z l o

Note that the alphabet may be in an unfamiliar order. Complete the pattern using this order. Answer with only the final answer between double brackets and nothing else.

[g y e v] [g y e w]
[c x q x d x a x] [

--- TARGET LETTERS ---

['c', 'x', 'q', 'x', 'd', 'x', 'h', 'x']
Full Qwen output: [[c x q x d x a x] [c x q x d x a x x]]
Filtered Qwen output: c x q x d x a x] [c x q x d x a x x
trial 2 of 10...
trial 3 of 10...
trial 4 of 10...
trial 5 of 10...
trial 6 of 10...
trial 7 of 10...
trial 8 of 10...
trial 9 of 10...
trial 10 of 10...
Problem type: 3gen_split3 - 16/20
trial 1 of 10...

=== PROMPT ===

Use the following alphabet to complete the pattern.

x p j h n a u d i q k c m t f s b r g y e v w z l o

Note that the alphabet may be in an unfamiliar order. Complete the pattern using this order. Answer with only the final answer between double brackets and nothing else.

[v w z a o] [v w z l o]
[6 0 8 0 10 0 12 0 2 0] [

--- TARGET LETTERS ---

[np.int64(6), '0', np.int64(8), '0', np.int64(10), '0', np.int64(12), '0', np.int64(14), '0']
Full Qwen output: [[v w z l o]]
Filtered Qwen output: v w z l o
trial 2 of 10...
trial 3 of 10...
trial 4 of 10...
trial 5 of 10...
trial 6 of 10...
trial 7 of 10...
trial 8 of 10...
trial 9 of 10...
trial 10 of 10...
Problem type: 3gen_split4 - 17/20
trial 1 of 10...

=== PROMPT ===

Use the following alphabet to complete the pattern.

x p j h n a u d i q k c m t f s b r g y e v w z l o

Note that the alphabet may be in an unfamiliar order. Complete the pattern using this order. Answer with only the final answer between double brackets and nothing else.

[t n a u d] [h n a u d]
[r r s s t t k k q q] [

--- TARGET LETTERS ---

['r', 'r', 's', 's', 't', 't', 'c', 'c', 'q', 'q']
Full Qwen output: [[r r s s t t k k q q] [r r s s t t k k q q]]
Filtered Qwen output: r r s s t t k k q q] [r r s s t t k k q q
trial 2 of 10...
trial 3 of 10...
trial 4 of 10...
trial 5 of 10...
trial 6 of 10...
trial 7 of 10...
trial 8 of 10...
trial 9 of 10...
trial 10 of 10...
Problem type: 3gen_split5 - 18/20
trial 1 of 10...

=== PROMPT ===

Use the following alphabet to complete the pattern.

x p j h n a u d i q k c m t f s b r g y e v w z l o

Note that the alphabet may be in an unfamiliar order. Complete the pattern using this order. Answer with only the final answer between double brackets and nothing else.

[c m t f] [k m t f]
[h h x x a a x x d d x x q q x x] [

--- TARGET LETTERS ---

['p', 'p', 'x', 'x', 'a', 'a', 'x', 'x', 'd', 'd', 'x', 'x', 'q', 'q', 'x', 'x']
Full Qwen output: [[h h x x a a x x d d x x q q x x] [h h x x a a x x d d x x q q x x]]
Filtered Qwen output: h h x x a a x x d d x x q q x x] [h h x x a a x x d d x x q q x x
trial 2 of 10...
trial 3 of 10...
trial 4 of 10...
trial 5 of 10...
trial 6 of 10...
trial 7 of 10...
trial 8 of 10...
trial 9 of 10...
trial 10 of 10...
Problem type: 3gen_split6 - 19/20
trial 1 of 10...

=== PROMPT ===

Use the following alphabet to complete the pattern.

x p j h n a u d i q k c m t f s b r g y e v w z l o

Note that the alphabet may be in an unfamiliar order. Complete the pattern using this order. Answer with only the final answer between double brackets and nothing else.

[f s b r] [f s b r g]
[19 19 21 21 23 23] [

--- TARGET LETTERS ---

[np.int64(19), np.int64(19), np.int64(21), np.int64(21), np.int64(23), np.int64(23), np.int64(25), np.int64(25)]
Full Qwen output: [[f s b r g y]]
Filtered Qwen output: f s b r g y
trial 2 of 10...
trial 3 of 10...
trial 4 of 10...
trial 5 of 10...
trial 6 of 10...
trial 7 of 10...
trial 8 of 10...
trial 9 of 10...
trial 10 of 10...
Problem type: 3gensplit7 - 20/20
trial 1 of 10...

=== PROMPT ===

Use the following alphabet to complete the pattern.

x p j h n a u d i q k c m t f s b r g y e v w z l o

Note that the alphabet may be in an unfamiliar order. Complete the pattern using this order. Answer with only the final answer between double brackets and nothing else.

[k c m t] [k c m f]
[9 11 13 15 17 19 21 23] [

--- TARGET LETTERS ---

[np.int64(9), np.int64(11), np.int64(13), np.int64(15), np.int64(17), np.int64(19), np.int64(21), np.int64(25)]
Full Qwen output: To solve the analogy, we need to understand the relationship between the two groups of letters:  
**[k c m t]** and **[k c m f]**.

First, let's map the letters to their positions in the given alphabet:

Given alphabet:  
**x p j h n a u d i q k c m t f s b r g y e v w z l o**

Let's assign positions from 1 to 26:

1. x  
2. p  
3. j  
4. h  
5. n  
6. a  
7. u  
8. d  
9.
trial 2 of 10...
trial 3 of 10...
trial 4 of 10...
trial 5 of 10...
trial 6 of 10...
trial 7 of 10...
trial 8 of 10...
trial 9 of 10...
trial 10 of 10...
Saved ./Qwen_Qwen3-14B_prob_predictions_multi_alph/gen/Qwen_Qwen3-14B_letterstring_results_20_multi_alph_gptprobs_minimal.npz
Total time: 2669.6160218715668 seconds.
Loading model Qwen/Qwen3-14B...
GPU memory available: 39.49 GB
`torch_dtype` is deprecated! Use `dtype` instead!
Flash Attention 2 not available (FlashAttention2 has been toggled on, but it cannot be used due to the following error: the package flash_attn seems to be not installed. Please refer to the documentation of https://huggingface.co/docs/transformers/perf_infer_gpu_one#flashattention-2 to install Flash Attention 2.), using default attention
Loading checkpoint shards:   0%|          | 0/8 [00:00<?, ?it/s]Loading checkpoint shards:  12%|█▎        | 1/8 [00:01<00:12,  1.72s/it]Loading checkpoint shards:  25%|██▌       | 2/8 [00:03<00:10,  1.73s/it]Loading checkpoint shards:  38%|███▊      | 3/8 [00:05<00:08,  1.73s/it]Loading checkpoint shards:  50%|█████     | 4/8 [00:06<00:06,  1.72s/it]Loading checkpoint shards:  62%|██████▎   | 5/8 [00:08<00:05,  1.72s/it]Loading checkpoint shards:  75%|███████▌  | 6/8 [00:10<00:03,  1.71s/it]Loading checkpoint shards:  88%|████████▊ | 7/8 [00:12<00:01,  1.71s/it]Loading checkpoint shards: 100%|██████████| 8/8 [00:12<00:00,  1.43s/it]Loading checkpoint shards: 100%|██████████| 8/8 [00:12<00:00,  1.61s/it]
Model loaded with default attention
Model device: cuda:0
GPU memory allocated: 27.51 GB, reserved: 27.51 GB
Model loaded. Loading tokenizer...
Model Qwen/Qwen3-14B and tokenizer loaded.
symb_0
> $ ) * @ = & < + !
Problem type: succ - 1/2
trial 1 of 10...

=== PROMPT ===

Use the following alphabet to complete the pattern.

> $ ) * @ = & < + !

Note that the alphabet may be in an unfamiliar order. Complete the pattern using this order. Answer with only the final answer between double brackets and nothing else.

[$ ) * @] [$ ) * =]
[) * @ =] [

--- TARGET LETTERS ---

[')', '*', '@', '&']
The following generation flags are not valid and may be ignored: ['temperature', 'top_k']. Set `TRANSFORMERS_VERBOSITY=info` for more details.
Full Qwen output: [$ ) * @] [$ ) * =]  
[) * @ =] [**@ = &**]  

Final answer: [[@ = &]]  
**Answer:** [[@ = &]]
Filtered Qwen output: @ = &
trial 2 of 10...
trial 3 of 10...
trial 4 of 10...
trial 5 of 10...
trial 6 of 10...
trial 7 of 10...
trial 8 of 10...
trial 9 of 10...
trial 10 of 10...
Problem type: pred - 2/2
trial 1 of 10...

=== PROMPT ===

Use the following alphabet to complete the pattern.

> $ ) * @ = & < + !

Note that the alphabet may be in an unfamiliar order. Complete the pattern using this order. Answer with only the final answer between double brackets and nothing else.

[$ ) * @] [> ) * @]
[) * @ =] [

--- TARGET LETTERS ---

['$', '*', '@', '=']
Full Qwen output: [$ ) * @] [> ) * @]  
[) * @ =] [? ? ? ?]

Looking at the pattern:

- First group: [$ ) * @]  
- Second group: [> ) * @]  
- Third group: [) * @ =]  
- Fourth group: [? ? ? ?]

We can see that each group is a sequence of 4 characters, and the second through fourth characters remain the same in each group. The first character changes, and the fourth character changes.

Let's list the first and fourth characters of each group:

- Group 1: First =
trial 2 of 10...
trial 3 of 10...
trial 4 of 10...
trial 5 of 10...
trial 6 of 10...
trial 7 of 10...
trial 8 of 10...
trial 9 of 10...
trial 10 of 10...
symb_1
& > $ ! + ) < @ = *
Problem type: succ - 1/2
trial 1 of 10...

=== PROMPT ===

Use the following alphabet to complete the pattern.

& > $ ! + ) < @ = *

Note that the alphabet may be in an unfamiliar order. Complete the pattern using this order. Answer with only the final answer between double brackets and nothing else.

[) < @ =] [) < @ *]
[+ ) < @] [

--- TARGET LETTERS ---

['+', ')', '<', '=']
Full Qwen output: [+ ) < *]
trial 2 of 10...
trial 3 of 10...
trial 4 of 10...
trial 5 of 10...
trial 6 of 10...
trial 7 of 10...
trial 8 of 10...
trial 9 of 10...
trial 10 of 10...
Problem type: pred - 2/2
trial 1 of 10...

=== PROMPT ===

Use the following alphabet to complete the pattern.

& > $ ! + ) < @ = *

Note that the alphabet may be in an unfamiliar order. Complete the pattern using this order. Answer with only the final answer between double brackets and nothing else.

[+ ) < @] [! ) < @]
[) < @ =] [

--- TARGET LETTERS ---

['+', '<', '@', '=']
Full Qwen output: [) < @ =] [! < @ =]  

**Final Answer:** [[) < @ =] [! < @ =]]
Filtered Qwen output: ) < @ =] [! < @ =
trial 2 of 10...
trial 3 of 10...
trial 4 of 10...
trial 5 of 10...
trial 6 of 10...
trial 7 of 10...
trial 8 of 10...
trial 9 of 10...
trial 10 of 10...
Saved ./Qwen_Qwen3-14B_prob_predictions_multi_alph/gen/Qwen_Qwen3-14B_letterstring_results_symb_multi_alph_gptprobs_minimal.npz
Total time: 73.21808528900146 seconds.
