============================================================================================== 
Warning! Mixing Conda and module environments may lead to corruption of the
user environment. 
We do not recommend users mixing those two environments unless absolutely
necessary. Note that 
SURF does not provide any support for Conda environment.
For more information, please refer to our software policy page:
https://servicedesk.surf.nl/wiki/display/WIKI/Software+policy+Snellius#SoftwarepolicySnellius-UseofAnacondaandMinicondaenvironmentsonSnellius 

Remember that many packages have already been installed on the system and can
be loaded using 
the 'module load <package__name>' command. If you are uncertain if a package is
already available 
on the system, please use 'module avail' or 'module spider' to search for it.
============================================================================================== 
Loading model Qwen/Qwen3-8B...
GPU memory available: 39.49 GB
`torch_dtype` is deprecated! Use `dtype` instead!
Flash Attention 2 not available (FlashAttention2 has been toggled on, but it cannot be used due to the following error: the package flash_attn seems to be not installed. Please refer to the documentation of https://huggingface.co/docs/transformers/perf_infer_gpu_one#flashattention-2 to install Flash Attention 2.), using default attention
Loading checkpoint shards:   0%|          | 0/5 [00:00<?, ?it/s]Loading checkpoint shards:  20%|██        | 1/5 [00:04<00:17,  4.43s/it]Loading checkpoint shards:  40%|████      | 2/5 [00:08<00:13,  4.44s/it]Loading checkpoint shards:  60%|██████    | 3/5 [00:13<00:08,  4.44s/it]Loading checkpoint shards:  80%|████████  | 4/5 [00:16<00:04,  4.09s/it]Loading checkpoint shards: 100%|██████████| 5/5 [00:18<00:00,  3.11s/it]Loading checkpoint shards: 100%|██████████| 5/5 [00:18<00:00,  3.65s/it]
Model loaded with default attention
Model device: cuda:0
GPU memory allocated: 15.26 GB, reserved: 15.26 GB
Model loaded. Loading tokenizer...
Model Qwen/Qwen3-8B and tokenizer loaded.
alph_0
a u c d e f g h i j k l m n o p q r s t b v w x y z
Problem type: succ - 1/7
trial 1 of 10...

=== PROMPT ===

System message: You are able to solve letter-string analogies

User message: Use the following alphabet to complete the pattern.

a u c d e f g h i j k l m n o p q r s t b v w x y z

First, describe 3 relevant exemplars that are distinct from this problem, then give the final answer. Answer with only the examples and the final answer with no further explanation. Put your final answer between double brackets. Note that the alphabet may be in an unfamiliar order. Complete the pattern using this order.

[f g h i] [f g h j]
[r s t b] [


--- TARGET LETTERS ---

['r', 's', 't', 'v']
The following generation flags are not valid and may be ignored: ['temperature', 'top_k']. Set `TRANSFORMERS_VERBOSITY=info` for more details.
Full Qwen output: [f g h i] [f g h j]  
[r s t b] [r s t c]  

[[r s t c]]
Filtered Qwen output: r s t c
trial 2 of 10...
trial 3 of 10...
trial 4 of 10...
trial 5 of 10...
trial 6 of 10...
trial 7 of 10...
trial 8 of 10...
trial 9 of 10...
trial 10 of 10...
Problem type: pred - 2/7
trial 1 of 10...

=== PROMPT ===

System message: You are able to solve letter-string analogies

User message: Use the following alphabet to complete the pattern.

a u c d e f g h i j k l m n o p q r s t b v w x y z

First, describe 3 relevant exemplars that are distinct from this problem, then give the final answer. Answer with only the examples and the final answer with no further explanation. Put your final answer between double brackets. Note that the alphabet may be in an unfamiliar order. Complete the pattern using this order.

[s t b v] [r t b v]
[k l m n] [


--- TARGET LETTERS ---

['j', 'l', 'm', 'n']
Full Qwen output: **Examples:**
1. [a u c d] [a u c d]  
2. [o p q r] [o p q r]  
3. [y z b v] [y z b v]  

**Final Answer:**  
[[k l m n] [k l m n]]
Filtered Qwen output: k l m n] [k l m n
trial 2 of 10...
trial 3 of 10...
trial 4 of 10...
trial 5 of 10...
trial 6 of 10...
trial 7 of 10...
trial 8 of 10...
trial 9 of 10...
trial 10 of 10...
Problem type: add_letter - 3/7
trial 1 of 10...

=== PROMPT ===

System message: You are able to solve letter-string analogies

User message: Use the following alphabet to complete the pattern.

a u c d e f g h i j k l m n o p q r s t b v w x y z

First, describe 3 relevant exemplars that are distinct from this problem, then give the final answer. Answer with only the examples and the final answer with no further explanation. Put your final answer between double brackets. Note that the alphabet may be in an unfamiliar order. Complete the pattern using this order.

[p q r s] [p q r s t]
[a u c d] [


--- TARGET LETTERS ---

['a', 'u', 'c', 'd', 'e']
Full Qwen output: **Examples:**
1. [a u c d] [a u c d e]  
2. [p q r s t] [p q r s t u]  
3. [b v w x] [b v w x y]  

**Final Answer:**  
[[a u c d e f]]
Filtered Qwen output: a u c d e f
trial 2 of 10...
trial 3 of 10...
trial 4 of 10...
trial 5 of 10...
trial 6 of 10...
trial 7 of 10...
trial 8 of 10...
trial 9 of 10...
trial 10 of 10...
Problem type: remove_redundant - 4/7
trial 1 of 10...

=== PROMPT ===

System message: You are able to solve letter-string analogies

User message: Use the following alphabet to complete the pattern.

a u c d e f g h i j k l m n o p q r s t b v w x y z

First, describe 3 relevant exemplars that are distinct from this problem, then give the final answer. Answer with only the examples and the final answer with no further explanation. Put your final answer between double brackets. Note that the alphabet may be in an unfamiliar order. Complete the pattern using this order.

[u c d e f f] [u c d e f]
[q r s t t b] [


--- TARGET LETTERS ---

['q', 'r', 's', 't', 'b']
Full Qwen output: **Examples:**
1. [a u c d e] [a u c d e]  
2. [b v w x y] [b v w x y]  
3. [z y x w v] [z y x w v]  

**Final Answer:**  
[[q r s t t b] [q r s t t b]]
Filtered Qwen output: q r s t t b] [q r s t t b
trial 2 of 10...
trial 3 of 10...
trial 4 of 10...
trial 5 of 10...
trial 6 of 10...
trial 7 of 10...
trial 8 of 10...
trial 9 of 10...
trial 10 of 10...
Problem type: fix_alphabet - 5/7
trial 1 of 10...

=== PROMPT ===

System message: You are able to solve letter-string analogies

User message: Use the following alphabet to complete the pattern.

a u c d e f g h i j k l m n o p q r s t b v w x y z

First, describe 3 relevant exemplars that are distinct from this problem, then give the final answer. Answer with only the examples and the final answer with no further explanation. Put your final answer between double brackets. Note that the alphabet may be in an unfamiliar order. Complete the pattern using this order.

[a u c f e] [a u c d e]
[x d e f g] [


--- TARGET LETTERS ---

['c', 'd', 'e', 'f', 'g']
Full Qwen output: **Exemplars:**
1. [a u c d e] [a u c d e]  
2. [x d e f g] [x d e f g]  
3. [f e d c u] [f e d c u]  

**Final Answer:**  
[[x d e f g] [x d e f g]]
Filtered Qwen output: x d e f g] [x d e f g
trial 2 of 10...
trial 3 of 10...
trial 4 of 10...
trial 5 of 10...
trial 6 of 10...
trial 7 of 10...
trial 8 of 10...
trial 9 of 10...
trial 10 of 10...
Problem type: sort - 6/7
trial 1 of 10...

=== PROMPT ===

System message: You are able to solve letter-string analogies

User message: Use the following alphabet to complete the pattern.

a u c d e f g h i j k l m n o p q r s t b v w x y z

First, describe 3 relevant exemplars that are distinct from this problem, then give the final answer. Answer with only the examples and the final answer with no further explanation. Put your final answer between double brackets. Note that the alphabet may be in an unfamiliar order. Complete the pattern using this order.

[e c d u f] [u c d e f]
[x b v w t] [


--- TARGET LETTERS ---

['t', 'b', 'v', 'w', 'x']
Full Qwen output: **Exemplars:**
1. [a b c] [b c d]  
2. [m n o] [n o p]  
3. [q r s] [r s t]  

**Final Answer:**  
[[x b v w t] [b v w x t]]
Filtered Qwen output: x b v w t] [b v w x t
trial 2 of 10...
trial 3 of 10...
trial 4 of 10...
trial 5 of 10...
trial 6 of 10...
trial 7 of 10...
trial 8 of 10...
trial 9 of 10...
trial 10 of 10...
alph_1
a l c d e f g h i j k b m n o p q r s t u v w x y z
Problem type: succ - 1/7
trial 1 of 10...

=== PROMPT ===

System message: You are able to solve letter-string analogies

User message: Use the following alphabet to complete the pattern.

a l c d e f g h i j k b m n o p q r s t u v w x y z

First, describe 3 relevant exemplars that are distinct from this problem, then give the final answer. Answer with only the examples and the final answer with no further explanation. Put your final answer between double brackets. Note that the alphabet may be in an unfamiliar order. Complete the pattern using this order.

[p q r s] [p q r t]
[i j k b] [


--- TARGET LETTERS ---

['i', 'j', 'k', 'm']
Full Qwen output: **Examples:**
1. [a l c d] [a l c e]  
2. [m n o p] [m n o q]  
3. [b m n o] [b m n p]  

**Final Answer:**  
[[i j k c]]
Filtered Qwen output: i j k c
trial 2 of 10...
trial 3 of 10...
trial 4 of 10...
trial 5 of 10...
trial 6 of 10...
trial 7 of 10...
trial 8 of 10...
trial 9 of 10...
trial 10 of 10...
Problem type: pred - 2/7
trial 1 of 10...

=== PROMPT ===

System message: You are able to solve letter-string analogies

User message: Use the following alphabet to complete the pattern.

a l c d e f g h i j k b m n o p q r s t u v w x y z

First, describe 3 relevant exemplars that are distinct from this problem, then give the final answer. Answer with only the examples and the final answer with no further explanation. Put your final answer between double brackets. Note that the alphabet may be in an unfamiliar order. Complete the pattern using this order.

[i j k b] [h j k b]
[k b m n] [


--- TARGET LETTERS ---

['j', 'b', 'm', 'n']
Full Qwen output: **Examples:**
1. [a l c] [a l c]  
2. [d e f] [d e f]  
3. [g h i] [g h i]  

**Final Answer:**  
[[k b m n] [k b m n]]
Filtered Qwen output: k b m n] [k b m n
trial 2 of 10...
trial 3 of 10...
trial 4 of 10...
trial 5 of 10...
trial 6 of 10...
trial 7 of 10...
trial 8 of 10...
trial 9 of 10...
trial 10 of 10...
Problem type: add_letter - 3/7
trial 1 of 10...

=== PROMPT ===

System message: You are able to solve letter-string analogies

User message: Use the following alphabet to complete the pattern.

a l c d e f g h i j k b m n o p q r s t u v w x y z

First, describe 3 relevant exemplars that are distinct from this problem, then give the final answer. Answer with only the examples and the final answer with no further explanation. Put your final answer between double brackets. Note that the alphabet may be in an unfamiliar order. Complete the pattern using this order.

[a l c d] [a l c d e]
[r s t u] [


--- TARGET LETTERS ---

['r', 's', 't', 'u', 'v']
Full Qwen output: **Examples:**
1. [a l c d] [a l c d e]  
2. [r s t u] [r s t u v]  
3. [b m n o] [b m n o p]  

**Final Answer:**  
[[r s t u v]]
Filtered Qwen output: r s t u v
trial 2 of 10...
trial 3 of 10...
trial 4 of 10...
trial 5 of 10...
trial 6 of 10...
trial 7 of 10...
trial 8 of 10...
trial 9 of 10...
trial 10 of 10...
Problem type: remove_redundant - 4/7
trial 1 of 10...

=== PROMPT ===

System message: You are able to solve letter-string analogies

User message: Use the following alphabet to complete the pattern.

a l c d e f g h i j k b m n o p q r s t u v w x y z

First, describe 3 relevant exemplars that are distinct from this problem, then give the final answer. Answer with only the examples and the final answer with no further explanation. Put your final answer between double brackets. Note that the alphabet may be in an unfamiliar order. Complete the pattern using this order.

[j k k b m n] [j k b m n]
[s t u v w w] [


--- TARGET LETTERS ---

['s', 't', 'u', 'v', 'w']
Full Qwen output: **Examples:**
1. [a l c] [a l]  
2. [d e f g] [d e f]  
3. [o p q r s] [o p q r]  

**Final Answer:**  
[[s t u v w] [s t u v]]
Filtered Qwen output: s t u v w] [s t u v
trial 2 of 10...
trial 3 of 10...
trial 4 of 10...
trial 5 of 10...
trial 6 of 10...
trial 7 of 10...
trial 8 of 10...
trial 9 of 10...
trial 10 of 10...
Problem type: fix_alphabet - 5/7
trial 1 of 10...

=== PROMPT ===

System message: You are able to solve letter-string analogies

User message: Use the following alphabet to complete the pattern.

a l c d e f g h i j k b m n o p q r s t u v w x y z

First, describe 3 relevant exemplars that are distinct from this problem, then give the final answer. Answer with only the examples and the final answer with no further explanation. Put your final answer between double brackets. Note that the alphabet may be in an unfamiliar order. Complete the pattern using this order.

[g o i j k] [g h i j k]
[a l c d i] [


--- TARGET LETTERS ---

['a', 'l', 'c', 'd', 'e']
Full Qwen output: **Examples:**
1. [a b c d e] [a b c d]
2. [f g h i j] [f g h i]
3. [m n o p q] [m n o p]

**Final Answer:**  
[[a l c d i] [a l c d]]
Filtered Qwen output: a l c d i] [a l c d
trial 2 of 10...
trial 3 of 10...
trial 4 of 10...
trial 5 of 10...
trial 6 of 10...
trial 7 of 10...
trial 8 of 10...
trial 9 of 10...
trial 10 of 10...
Problem type: sort - 6/7
trial 1 of 10...

=== PROMPT ===

System message: You are able to solve letter-string analogies

User message: Use the following alphabet to complete the pattern.

a l c d e f g h i j k b m n o p q r s t u v w x y z

First, describe 3 relevant exemplars that are distinct from this problem, then give the final answer. Answer with only the examples and the final answer with no further explanation. Put your final answer between double brackets. Note that the alphabet may be in an unfamiliar order. Complete the pattern using this order.

[o p r q s] [o p q r s]
[k j b m n] [


--- TARGET LETTERS ---

['j', 'k', 'b', 'm', 'n']
Full Qwen output: **Examples:**
1. [a l c d] [a l d c]  
2. [k j b m] [k j m b]  
3. [o p r q] [o p q r]  

**Final Answer:**  
[[k j m b]]
Filtered Qwen output: k j m b
trial 2 of 10...
trial 3 of 10...
trial 4 of 10...
trial 5 of 10...
trial 6 of 10...
trial 7 of 10...
trial 8 of 10...
trial 9 of 10...
trial 10 of 10...
alph_2
a b c d e f g h i j k l m n o p q r w t u v s x y z
Problem type: succ - 1/7
trial 1 of 10...

=== PROMPT ===

System message: You are able to solve letter-string analogies

User message: Use the following alphabet to complete the pattern.

a b c d e f g h i j k l m n o p q r w t u v s x y z

First, describe 3 relevant exemplars that are distinct from this problem, then give the final answer. Answer with only the examples and the final answer with no further explanation. Put your final answer between double brackets. Note that the alphabet may be in an unfamiliar order. Complete the pattern using this order.

[w t u v] [w t u s]
[a b c d] [


--- TARGET LETTERS ---

['a', 'b', 'c', 'e']
Full Qwen output: [w t u v] [w t u s]  
[a b c d] [a b c s]  
[e f g h] [e f g s]  
[i j k l] [i j k s]  
[m n o p] [m n o s]  
[q r w t] [q r w s]  
[x y z] [x y z]  

[[a b c s]]
Filtered Qwen output: a b c s
trial 2 of 10...
trial 3 of 10...
trial 4 of 10...
trial 5 of 10...
trial 6 of 10...
trial 7 of 10...
trial 8 of 10...
trial 9 of 10...
trial 10 of 10...
Problem type: pred - 2/7
trial 1 of 10...

=== PROMPT ===

System message: You are able to solve letter-string analogies

User message: Use the following alphabet to complete the pattern.

a b c d e f g h i j k l m n o p q r w t u v s x y z

First, describe 3 relevant exemplars that are distinct from this problem, then give the final answer. Answer with only the examples and the final answer with no further explanation. Put your final answer between double brackets. Note that the alphabet may be in an unfamiliar order. Complete the pattern using this order.

[w t u v] [r t u v]
[d e f g] [


--- TARGET LETTERS ---

['c', 'e', 'f', 'g']
Full Qwen output: [w t u v] [r t u v]  
[d e f g] [s x y z]  
[a b c d] [q r w t]  
[m n o p] [k l m n]  

[[s x y z]]
Filtered Qwen output: s x y z
trial 2 of 10...
trial 3 of 10...
trial 4 of 10...
trial 5 of 10...
trial 6 of 10...
trial 7 of 10...
trial 8 of 10...
trial 9 of 10...
trial 10 of 10...
Problem type: add_letter - 3/7
trial 1 of 10...

=== PROMPT ===

System message: You are able to solve letter-string analogies

User message: Use the following alphabet to complete the pattern.

a b c d e f g h i j k l m n o p q r w t u v s x y z

First, describe 3 relevant exemplars that are distinct from this problem, then give the final answer. Answer with only the examples and the final answer with no further explanation. Put your final answer between double brackets. Note that the alphabet may be in an unfamiliar order. Complete the pattern using this order.

[v s x y] [v s x y z]
[w t u v] [


--- TARGET LETTERS ---

['w', 't', 'u', 'v', 's']
Full Qwen output: [v s x y] [v s x y z]  
[w t u v] [w t u v s]  

[[w t u v s]]
Filtered Qwen output: w t u v s
trial 2 of 10...
trial 3 of 10...
trial 4 of 10...
trial 5 of 10...
trial 6 of 10...
trial 7 of 10...
trial 8 of 10...
trial 9 of 10...
trial 10 of 10...
Problem type: remove_redundant - 4/7
trial 1 of 10...

=== PROMPT ===

System message: You are able to solve letter-string analogies

User message: Use the following alphabet to complete the pattern.

a b c d e f g h i j k l m n o p q r w t u v s x y z

First, describe 3 relevant exemplars that are distinct from this problem, then give the final answer. Answer with only the examples and the final answer with no further explanation. Put your final answer between double brackets. Note that the alphabet may be in an unfamiliar order. Complete the pattern using this order.

[m n o o p q] [m n o p q]
[v s s x y z] [


--- TARGET LETTERS ---

['v', 's', 'x', 'y', 'z']
Full Qwen output: [m n o p q r] [m n o p q r]  
[s t u v w x] [s t u v w]  
[a b c d e f] [a b c d e]  

[[s t u v w]]
Filtered Qwen output: s t u v w
trial 2 of 10...
trial 3 of 10...
trial 4 of 10...
trial 5 of 10...
trial 6 of 10...
trial 7 of 10...
trial 8 of 10...
trial 9 of 10...
trial 10 of 10...
Problem type: fix_alphabet - 5/7
trial 1 of 10...

=== PROMPT ===

System message: You are able to solve letter-string analogies

User message: Use the following alphabet to complete the pattern.

a b c d e f g h i j k l m n o p q r w t u v s x y z

First, describe 3 relevant exemplars that are distinct from this problem, then give the final answer. Answer with only the examples and the final answer with no further explanation. Put your final answer between double brackets. Note that the alphabet may be in an unfamiliar order. Complete the pattern using this order.

[o p q r h] [o p q r w]
[w t u v k] [


--- TARGET LETTERS ---

['w', 't', 'u', 'v', 's']
Full Qwen output: **Exemplars:**
1. [a b c d] [a b c e]  
2. [f g h i] [f g h j]  
3. [m n o p] [m n o q]  

**Final Answer:**  
[[w t u v x]]
Filtered Qwen output: w t u v x
trial 2 of 10...
trial 3 of 10...
trial 4 of 10...
trial 5 of 10...
trial 6 of 10...
trial 7 of 10...
trial 8 of 10...
trial 9 of 10...
trial 10 of 10...
Problem type: sort - 6/7
trial 1 of 10...

=== PROMPT ===

System message: You are able to solve letter-string analogies

User message: Use the following alphabet to complete the pattern.

a b c d e f g h i j k l m n o p q r w t u v s x y z

First, describe 3 relevant exemplars that are distinct from this problem, then give the final answer. Answer with only the examples and the final answer with no further explanation. Put your final answer between double brackets. Note that the alphabet may be in an unfamiliar order. Complete the pattern using this order.

[i j k m l] [i j k l m]
[v s y x z] [


--- TARGET LETTERS ---

['v', 's', 'x', 'y', 'z']
Full Qwen output: **Exemplars:**
1. [a b c] [a b c d]
2. [x y z] [x y z a]
3. [p q r] [p q r s]

**Final Answer:**  
[[v s y x z a]]
Filtered Qwen output: v s y x z a
trial 2 of 10...
trial 3 of 10...
trial 4 of 10...
trial 5 of 10...
trial 6 of 10...
trial 7 of 10...
trial 8 of 10...
trial 9 of 10...
trial 10 of 10...
alph_3
a b c d e f g h i j k l m n o p y r s t u v w x q z
Problem type: succ - 1/7
trial 1 of 10...

=== PROMPT ===

System message: You are able to solve letter-string analogies

User message: Use the following alphabet to complete the pattern.

a b c d e f g h i j k l m n o p y r s t u v w x q z

First, describe 3 relevant exemplars that are distinct from this problem, then give the final answer. Answer with only the examples and the final answer with no further explanation. Put your final answer between double brackets. Note that the alphabet may be in an unfamiliar order. Complete the pattern using this order.

[v w x q] [v w x z]
[c d e f] [


--- TARGET LETTERS ---

['c', 'd', 'e', 'g']
Full Qwen output: [v w x q] [v w x z]  
[c d e f] [c d e z]  

[[c d e z]]
Filtered Qwen output: c d e z
trial 2 of 10...
trial 3 of 10...
trial 4 of 10...
trial 5 of 10...
trial 6 of 10...
trial 7 of 10...
trial 8 of 10...
trial 9 of 10...
trial 10 of 10...
Problem type: pred - 2/7
trial 1 of 10...

=== PROMPT ===

System message: You are able to solve letter-string analogies

User message: Use the following alphabet to complete the pattern.

a b c d e f g h i j k l m n o p y r s t u v w x q z

First, describe 3 relevant exemplars that are distinct from this problem, then give the final answer. Answer with only the examples and the final answer with no further explanation. Put your final answer between double brackets. Note that the alphabet may be in an unfamiliar order. Complete the pattern using this order.

[u v w x] [t v w x]
[w x q z] [


--- TARGET LETTERS ---

['v', 'x', 'q', 'z']
Full Qwen output: [u v w x] [v w x y]  
[w x y z] [y z a b]  
[t u v w] [u v w x]  

[[t u v w]]
Filtered Qwen output: t u v w
trial 2 of 10...
trial 3 of 10...
trial 4 of 10...
trial 5 of 10...
trial 6 of 10...
trial 7 of 10...
trial 8 of 10...
trial 9 of 10...
trial 10 of 10...
Problem type: add_letter - 3/7
trial 1 of 10...

=== PROMPT ===

System message: You are able to solve letter-string analogies

User message: Use the following alphabet to complete the pattern.

a b c d e f g h i j k l m n o p y r s t u v w x q z

First, describe 3 relevant exemplars that are distinct from this problem, then give the final answer. Answer with only the examples and the final answer with no further explanation. Put your final answer between double brackets. Note that the alphabet may be in an unfamiliar order. Complete the pattern using this order.

[o p y r] [o p y r s]
[p y r s] [


--- TARGET LETTERS ---

['p', 'y', 'r', 's', 't']
Full Qwen output: **Exemplars:**  
1. [a b c] [a b c d]  
2. [d e f] [d e f g]  
3. [g h i] [g h i j]  

**Final Answer:**  
[[p y r s t]]
Filtered Qwen output: p y r s t
trial 2 of 10...
trial 3 of 10...
trial 4 of 10...
trial 5 of 10...
trial 6 of 10...
trial 7 of 10...
trial 8 of 10...
trial 9 of 10...
trial 10 of 10...
Problem type: remove_redundant - 4/7
trial 1 of 10...

=== PROMPT ===

System message: You are able to solve letter-string analogies

User message: Use the following alphabet to complete the pattern.

a b c d e f g h i j k l m n o p y r s t u v w x q z

First, describe 3 relevant exemplars that are distinct from this problem, then give the final answer. Answer with only the examples and the final answer with no further explanation. Put your final answer between double brackets. Note that the alphabet may be in an unfamiliar order. Complete the pattern using this order.

[f g h i i j] [f g h i j]
[u v w x q q] [


--- TARGET LETTERS ---

['u', 'v', 'w', 'x', 'q']
Full Qwen output: **Exemplars:**
1. [a b c d e] [a b c d e f]  
2. [m n o p] [m n o p q]  
3. [r s t u v] [r s t u v w]  

**Final Answer:**  
[[u v w x q r s t u v w x q z]]
Filtered Qwen output: u v w x q r s t u v w x q z
trial 2 of 10...
trial 3 of 10...
trial 4 of 10...
trial 5 of 10...
trial 6 of 10...
trial 7 of 10...
trial 8 of 10...
trial 9 of 10...
trial 10 of 10...
Problem type: fix_alphabet - 5/7
trial 1 of 10...

=== PROMPT ===

System message: You are able to solve letter-string analogies

User message: Use the following alphabet to complete the pattern.

a b c d e f g h i j k l m n o p y r s t u v w x q z

First, describe 3 relevant exemplars that are distinct from this problem, then give the final answer. Answer with only the examples and the final answer with no further explanation. Put your final answer between double brackets. Note that the alphabet may be in an unfamiliar order. Complete the pattern using this order.

[a t u v w] [s t u v w]
[v w x u z] [


--- TARGET LETTERS ---

['v', 'w', 'x', 'q', 'z']
Full Qwen output: **Exemplars:**
1. [a b c] [b c d]  
2. [d e f] [e f g]  
3. [g h i] [h i j]  

**Final Answer:**  
[[v w x] [w x y]]  

[[v w x] [w x y]]
Filtered Qwen output: v w x] [w x y
trial 2 of 10...
trial 3 of 10...
trial 4 of 10...
trial 5 of 10...
trial 6 of 10...
trial 7 of 10...
trial 8 of 10...
trial 9 of 10...
trial 10 of 10...
Problem type: sort - 6/7
trial 1 of 10...

=== PROMPT ===

System message: You are able to solve letter-string analogies

User message: Use the following alphabet to complete the pattern.

a b c d e f g h i j k l m n o p y r s t u v w x q z

First, describe 3 relevant exemplars that are distinct from this problem, then give the final answer. Answer with only the examples and the final answer with no further explanation. Put your final answer between double brackets. Note that the alphabet may be in an unfamiliar order. Complete the pattern using this order.

[e f h g i] [e f g h i]
[x w v q z] [


--- TARGET LETTERS ---

['v', 'w', 'x', 'q', 'z']
Full Qwen output: **Exemplars:**
1. [a b c] [a b c d]
2. [m n o p] [m n o]
3. [r s t u] [r s t u v]

**Final Answer:**  
[[x w v u t]]
Filtered Qwen output: x w v u t
trial 2 of 10...
trial 3 of 10...
trial 4 of 10...
trial 5 of 10...
trial 6 of 10...
trial 7 of 10...
trial 8 of 10...
trial 9 of 10...
trial 10 of 10...
alph_4
a b f d e c g h i j k l m n o p q r s t u v w x y z
Problem type: succ - 1/7
trial 1 of 10...

=== PROMPT ===

System message: You are able to solve letter-string analogies

User message: Use the following alphabet to complete the pattern.

a b f d e c g h i j k l m n o p q r s t u v w x y z

First, describe 3 relevant exemplars that are distinct from this problem, then give the final answer. Answer with only the examples and the final answer with no further explanation. Put your final answer between double brackets. Note that the alphabet may be in an unfamiliar order. Complete the pattern using this order.

[a b f d] [a b f e]
[c g h i] [


--- TARGET LETTERS ---

['c', 'g', 'h', 'j']
Full Qwen output: [a b f d] [a b f e]  
[c g h i] [c g h j]  

[[c g h j]]
Filtered Qwen output: c g h j
trial 2 of 10...
trial 3 of 10...
trial 4 of 10...
trial 5 of 10...
trial 6 of 10...
trial 7 of 10...
trial 8 of 10...
trial 9 of 10...
trial 10 of 10...
Problem type: pred - 2/7
trial 1 of 10...

=== PROMPT ===

System message: You are able to solve letter-string analogies

User message: Use the following alphabet to complete the pattern.

a b f d e c g h i j k l m n o p q r s t u v w x y z

First, describe 3 relevant exemplars that are distinct from this problem, then give the final answer. Answer with only the examples and the final answer with no further explanation. Put your final answer between double brackets. Note that the alphabet may be in an unfamiliar order. Complete the pattern using this order.

[b f d e] [a f d e]
[k l m n] [


--- TARGET LETTERS ---

['j', 'l', 'm', 'n']
Full Qwen output: **Exemplars:**
1. [a b c] [a b]  
2. [d e f] [d e]  
3. [g h i] [g h]  

**Final Answer:**  
[[k l m n] [k l]]
Filtered Qwen output: k l m n] [k l
trial 2 of 10...
trial 3 of 10...
trial 4 of 10...
trial 5 of 10...
trial 6 of 10...
trial 7 of 10...
trial 8 of 10...
trial 9 of 10...
trial 10 of 10...
Problem type: add_letter - 3/7
trial 1 of 10...

=== PROMPT ===

System message: You are able to solve letter-string analogies

User message: Use the following alphabet to complete the pattern.

a b f d e c g h i j k l m n o p q r s t u v w x y z

First, describe 3 relevant exemplars that are distinct from this problem, then give the final answer. Answer with only the examples and the final answer with no further explanation. Put your final answer between double brackets. Note that the alphabet may be in an unfamiliar order. Complete the pattern using this order.

[b f d e] [b f d e c]
[r s t u] [


--- TARGET LETTERS ---

['r', 's', 't', 'u', 'v']
Full Qwen output: [b f d e] [b f d e c]  
[r s t u] [r s t u v]  
[a b f d] [a b f d e]  

[[r s t u v]]
Filtered Qwen output: r s t u v
trial 2 of 10...
trial 3 of 10...
trial 4 of 10...
trial 5 of 10...
trial 6 of 10...
trial 7 of 10...
trial 8 of 10...
trial 9 of 10...
trial 10 of 10...
Problem type: remove_redundant - 4/7
trial 1 of 10...

=== PROMPT ===

System message: You are able to solve letter-string analogies

User message: Use the following alphabet to complete the pattern.

a b f d e c g h i j k l m n o p q r s t u v w x y z

First, describe 3 relevant exemplars that are distinct from this problem, then give the final answer. Answer with only the examples and the final answer with no further explanation. Put your final answer between double brackets. Note that the alphabet may be in an unfamiliar order. Complete the pattern using this order.

[p p q r s t] [p q r s t]
[a b b f d e] [


--- TARGET LETTERS ---

['a', 'b', 'f', 'd', 'e']
Full Qwen output: **Exemplars:**
1. [a a b c] [a b c]  
2. [d d e f] [d e f]  
3. [g g h i] [g h i]  

**Final Answer:**  
[[a a b f] [a b f]]
Filtered Qwen output: a a b f] [a b f
trial 2 of 10...
trial 3 of 10...
trial 4 of 10...
trial 5 of 10...
trial 6 of 10...
trial 7 of 10...
trial 8 of 10...
trial 9 of 10...
trial 10 of 10...
Problem type: fix_alphabet - 5/7
trial 1 of 10...

=== PROMPT ===

System message: You are able to solve letter-string analogies

User message: Use the following alphabet to complete the pattern.

a b f d e c g h i j k l m n o p q r s t u v w x y z

First, describe 3 relevant exemplars that are distinct from this problem, then give the final answer. Answer with only the examples and the final answer with no further explanation. Put your final answer between double brackets. Note that the alphabet may be in an unfamiliar order. Complete the pattern using this order.

[b f l e c] [b f d e c]
[d e c g p] [


--- TARGET LETTERS ---

['d', 'e', 'c', 'g', 'h']
Full Qwen output: **Exemplars:**
1. [a b c d] [a b c]  
2. [x y z a] [x y]  
3. [m n o p] [m n o]  

**Final Answer:**  
[[d e c g p] [d e c]]
Filtered Qwen output: d e c g p] [d e c
trial 2 of 10...
trial 3 of 10...
trial 4 of 10...
trial 5 of 10...
trial 6 of 10...
trial 7 of 10...
trial 8 of 10...
trial 9 of 10...
trial 10 of 10...
Problem type: sort - 6/7
trial 1 of 10...

=== PROMPT ===

System message: You are able to solve letter-string analogies

User message: Use the following alphabet to complete the pattern.

a b f d e c g h i j k l m n o p q r s t u v w x y z

First, describe 3 relevant exemplars that are distinct from this problem, then give the final answer. Answer with only the examples and the final answer with no further explanation. Put your final answer between double brackets. Note that the alphabet may be in an unfamiliar order. Complete the pattern using this order.

[e g c h i] [e c g h i]
[f c e d g] [


--- TARGET LETTERS ---

['f', 'd', 'e', 'c', 'g']
Full Qwen output: **Exemplars:**
1. [a b c] [a c b]  
2. [d e f] [d f e]  
3. [g h i] [g i h]  

**Final Answer:**  
[[f d e g]]
Filtered Qwen output: f d e g
trial 2 of 10...
trial 3 of 10...
trial 4 of 10...
trial 5 of 10...
trial 6 of 10...
trial 7 of 10...
trial 8 of 10...
trial 9 of 10...
trial 10 of 10...
alph_5
a b c d e l g h i j k f m n o p q r s t u v w x y z
Problem type: succ - 1/7
trial 1 of 10...

=== PROMPT ===

System message: You are able to solve letter-string analogies

User message: Use the following alphabet to complete the pattern.

a b c d e l g h i j k f m n o p q r s t u v w x y z

First, describe 3 relevant exemplars that are distinct from this problem, then give the final answer. Answer with only the examples and the final answer with no further explanation. Put your final answer between double brackets. Note that the alphabet may be in an unfamiliar order. Complete the pattern using this order.

[k f m n] [k f m o]
[j k f m] [


--- TARGET LETTERS ---

['j', 'k', 'f', 'n']
Full Qwen output: **Exemplars:**
1. [a b c d] [a b c e]  
2. [e l g h] [e l g i]  
3. [m n o p] [m n o q]  

**Final Answer:**  
[[j k f n]]
Filtered Qwen output: j k f n
trial 2 of 10...
trial 3 of 10...
trial 4 of 10...
trial 5 of 10...
trial 6 of 10...
trial 7 of 10...
trial 8 of 10...
trial 9 of 10...
trial 10 of 10...
Problem type: pred - 2/7
trial 1 of 10...

=== PROMPT ===

System message: You are able to solve letter-string analogies

User message: Use the following alphabet to complete the pattern.

a b c d e l g h i j k f m n o p q r s t u v w x y z

First, describe 3 relevant exemplars that are distinct from this problem, then give the final answer. Answer with only the examples and the final answer with no further explanation. Put your final answer between double brackets. Note that the alphabet may be in an unfamiliar order. Complete the pattern using this order.

[s t u v] [r t u v]
[c d e l] [


--- TARGET LETTERS ---

['b', 'd', 'e', 'l']
Full Qwen output: **Exemplars:**
1. [a b c] [a b c]  
2. [d e f] [d e f]  
3. [g h i] [g h i]  

**Final Answer:**  
[[c d e l] [c d e l]]
Filtered Qwen output: c d e l] [c d e l
trial 2 of 10...
trial 3 of 10...
trial 4 of 10...
trial 5 of 10...
trial 6 of 10...
trial 7 of 10...
trial 8 of 10...
trial 9 of 10...
trial 10 of 10...
Problem type: add_letter - 3/7
trial 1 of 10...

=== PROMPT ===

System message: You are able to solve letter-string analogies

User message: Use the following alphabet to complete the pattern.

a b c d e l g h i j k f m n o p q r s t u v w x y z

First, describe 3 relevant exemplars that are distinct from this problem, then give the final answer. Answer with only the examples and the final answer with no further explanation. Put your final answer between double brackets. Note that the alphabet may be in an unfamiliar order. Complete the pattern using this order.

[h i j k] [h i j k f]
[e l g h] [


--- TARGET LETTERS ---

['e', 'l', 'g', 'h', 'i']
Full Qwen output: [h i j k] [h i j k f]  
[e l g h] [e l g h f]  
[m n o p] [m n o p f]  
[[e l g h f]]
Filtered Qwen output: e l g h f
trial 2 of 10...
trial 3 of 10...
trial 4 of 10...
trial 5 of 10...
trial 6 of 10...
trial 7 of 10...
trial 8 of 10...
trial 9 of 10...
trial 10 of 10...
Problem type: remove_redundant - 4/7
trial 1 of 10...

=== PROMPT ===

System message: You are able to solve letter-string analogies

User message: Use the following alphabet to complete the pattern.

a b c d e l g h i j k f m n o p q r s t u v w x y z

First, describe 3 relevant exemplars that are distinct from this problem, then give the final answer. Answer with only the examples and the final answer with no further explanation. Put your final answer between double brackets. Note that the alphabet may be in an unfamiliar order. Complete the pattern using this order.

[o p q q r s] [o p q r s]
[d e l g h h] [


--- TARGET LETTERS ---

['d', 'e', 'l', 'g', 'h']
Full Qwen output: **Exemplars:**
1. [a b c d] [a b c]  
2. [f g h i] [f g]  
3. [m n o p] [m n]  

**Final Answer:**  
[[d e l g h i]]
Filtered Qwen output: d e l g h i
trial 2 of 10...
trial 3 of 10...
trial 4 of 10...
trial 5 of 10...
trial 6 of 10...
trial 7 of 10...
trial 8 of 10...
trial 9 of 10...
trial 10 of 10...
Problem type: fix_alphabet - 5/7
trial 1 of 10...

=== PROMPT ===

System message: You are able to solve letter-string analogies

User message: Use the following alphabet to complete the pattern.

a b c d e l g h i j k f m n o p q r s t u v w x y z

First, describe 3 relevant exemplars that are distinct from this problem, then give the final answer. Answer with only the examples and the final answer with no further explanation. Put your final answer between double brackets. Note that the alphabet may be in an unfamiliar order. Complete the pattern using this order.

[g v i j k] [g h i j k]
[c d e l u] [


--- TARGET LETTERS ---

['c', 'd', 'e', 'l', 'g']
Full Qwen output: **Exemplars:**
1. [a b c d e] [a b c d e]
2. [f g h i j] [f g h i j]
3. [m n o p q] [m n o p q]

**Final Answer:**  
[[c d e l u] [c d e l u]]
Filtered Qwen output: c d e l u] [c d e l u
trial 2 of 10...
trial 3 of 10...
trial 4 of 10...
trial 5 of 10...
trial 6 of 10...
trial 7 of 10...
trial 8 of 10...
trial 9 of 10...
trial 10 of 10...
Problem type: sort - 6/7
trial 1 of 10...

=== PROMPT ===

System message: You are able to solve letter-string analogies

User message: Use the following alphabet to complete the pattern.

a b c d e l g h i j k f m n o p q r s t u v w x y z

First, describe 3 relevant exemplars that are distinct from this problem, then give the final answer. Answer with only the examples and the final answer with no further explanation. Put your final answer between double brackets. Note that the alphabet may be in an unfamiliar order. Complete the pattern using this order.

[e l i h g] [e l g h i]
[h j i k f] [


--- TARGET LETTERS ---

['h', 'i', 'j', 'k', 'f']
Full Qwen output: **Exemplars:**
1. [a b c d] [a b c d]  
2. [f g h i] [f g h i]  
3. [m n o p] [m n o p]  

**Final Answer:**  
[[h j i k f] [h j i k f]]
Filtered Qwen output: h j i k f] [h j i k f
trial 2 of 10...
trial 3 of 10...
trial 4 of 10...
trial 5 of 10...
trial 6 of 10...
trial 7 of 10...
trial 8 of 10...
trial 9 of 10...
trial 10 of 10...
alph_6
a b c d m f g h i j k l e n o p q r s t u v w x y z
Problem type: succ - 1/7
trial 1 of 10...

=== PROMPT ===

System message: You are able to solve letter-string analogies

User message: Use the following alphabet to complete the pattern.

a b c d m f g h i j k l e n o p q r s t u v w x y z

First, describe 3 relevant exemplars that are distinct from this problem, then give the final answer. Answer with only the examples and the final answer with no further explanation. Put your final answer between double brackets. Note that the alphabet may be in an unfamiliar order. Complete the pattern using this order.

[h i j k] [h i j l]
[k l e n] [


--- TARGET LETTERS ---

['k', 'l', 'e', 'o']
Full Qwen output: [h i j k] [h i j l]  
[k l e n] [k l e m]  
[m n o p] [m n o q]  
[k l e n] [k l e m]  
[m n o p] [m n o q]  
[h i j k] [h i j l]  

[[k l e m]]
Filtered Qwen output: k l e m
trial 2 of 10...
trial 3 of 10...
trial 4 of 10...
trial 5 of 10...
trial 6 of 10...
trial 7 of 10...
trial 8 of 10...
trial 9 of 10...
trial 10 of 10...
Problem type: pred - 2/7
trial 1 of 10...

=== PROMPT ===

System message: You are able to solve letter-string analogies

User message: Use the following alphabet to complete the pattern.

a b c d m f g h i j k l e n o p q r s t u v w x y z

First, describe 3 relevant exemplars that are distinct from this problem, then give the final answer. Answer with only the examples and the final answer with no further explanation. Put your final answer between double brackets. Note that the alphabet may be in an unfamiliar order. Complete the pattern using this order.

[v w x y] [u w x y]
[d m f g] [


--- TARGET LETTERS ---

['c', 'm', 'f', 'g']
Full Qwen output: **Exemplars:**
1. [a b c] [b c d]  
2. [e f g] [f g h]  
3. [i j k] [j k l]  

**Final Answer:**  
[[d m f g] [m f g h]]  

[[d m f g] [m f g h]]
Filtered Qwen output: d m f g] [m f g h
trial 2 of 10...
trial 3 of 10...
trial 4 of 10...
trial 5 of 10...
trial 6 of 10...
trial 7 of 10...
trial 8 of 10...
trial 9 of 10...
trial 10 of 10...
Problem type: add_letter - 3/7
trial 1 of 10...

=== PROMPT ===

System message: You are able to solve letter-string analogies

User message: Use the following alphabet to complete the pattern.

a b c d m f g h i j k l e n o p q r s t u v w x y z

First, describe 3 relevant exemplars that are distinct from this problem, then give the final answer. Answer with only the examples and the final answer with no further explanation. Put your final answer between double brackets. Note that the alphabet may be in an unfamiliar order. Complete the pattern using this order.

[d m f g] [d m f g h]
[v w x y] [


--- TARGET LETTERS ---

['v', 'w', 'x', 'y', 'z']
Full Qwen output: [d m f g] [d m f g h] [d m f g h i] [d m f g h i j]  
[[d m f g h i j k]]
Filtered Qwen output: d m f g h i j k
trial 2 of 10...
trial 3 of 10...
trial 4 of 10...
trial 5 of 10...
trial 6 of 10...
trial 7 of 10...
trial 8 of 10...
trial 9 of 10...
trial 10 of 10...
Problem type: remove_redundant - 4/7
trial 1 of 10...

=== PROMPT ===

System message: You are able to solve letter-string analogies

User message: Use the following alphabet to complete the pattern.

a b c d m f g h i j k l e n o p q r s t u v w x y z

First, describe 3 relevant exemplars that are distinct from this problem, then give the final answer. Answer with only the examples and the final answer with no further explanation. Put your final answer between double brackets. Note that the alphabet may be in an unfamiliar order. Complete the pattern using this order.

[b c d m f f] [b c d m f]
[k l e n n o] [


--- TARGET LETTERS ---

['k', 'l', 'e', 'n', 'o']
Full Qwen output: [b c d m f f] [b c d m f]  
[k l e n n o] [k l e n n o]  
[m f g h i j] [m f g h i j]  

[[k l e n n o]]
Filtered Qwen output: k l e n n o
trial 2 of 10...
trial 3 of 10...
trial 4 of 10...
trial 5 of 10...
trial 6 of 10...
trial 7 of 10...
trial 8 of 10...
trial 9 of 10...
trial 10 of 10...
Problem type: fix_alphabet - 5/7
trial 1 of 10...

=== PROMPT ===

System message: You are able to solve letter-string analogies

User message: Use the following alphabet to complete the pattern.

a b c d m f g h i j k l e n o p q r s t u v w x y z

First, describe 3 relevant exemplars that are distinct from this problem, then give the final answer. Answer with only the examples and the final answer with no further explanation. Put your final answer between double brackets. Note that the alphabet may be in an unfamiliar order. Complete the pattern using this order.

[j k l g n] [j k l e n]
[g h m j k] [


--- TARGET LETTERS ---

['g', 'h', 'i', 'j', 'k']
Full Qwen output: **Exemplars:**
1. [a b c d m] [a b c d m]  
2. [f g h i j] [f g h i j]  
3. [n o p q r] [n o p q r]  

**Final Answer:**  
[[g h m j k] [g h m j k]]
Filtered Qwen output: g h m j k] [g h m j k
trial 2 of 10...
trial 3 of 10...
trial 4 of 10...
trial 5 of 10...
trial 6 of 10...
trial 7 of 10...
trial 8 of 10...
trial 9 of 10...
trial 10 of 10...
Problem type: sort - 6/7
trial 1 of 10...

=== PROMPT ===

System message: You are able to solve letter-string analogies

User message: Use the following alphabet to complete the pattern.

a b c d m f g h i j k l e n o p q r s t u v w x y z

First, describe 3 relevant exemplars that are distinct from this problem, then give the final answer. Answer with only the examples and the final answer with no further explanation. Put your final answer between double brackets. Note that the alphabet may be in an unfamiliar order. Complete the pattern using this order.

[i f g h m] [m f g h i]
[i j e l k] [


--- TARGET LETTERS ---

['i', 'j', 'k', 'l', 'e']
Full Qwen output: **Exemplars:**
1. [a b c] [c b a]  
2. [d m f] [f m d]  
3. [e n o] [o n e]  

**Final Answer:**  
[[i j e l k] [k l e j i]]  

[[k l e j i]]
Filtered Qwen output: i j e l k] [k l e j i
trial 2 of 10...
trial 3 of 10...
trial 4 of 10...
trial 5 of 10...
trial 6 of 10...
trial 7 of 10...
trial 8 of 10...
trial 9 of 10...
trial 10 of 10...
Saved ./Qwen_Qwen3-8B_prob_predictions_multi_alph/nogen/Qwen_Qwen3-8B_letterstring_results_2_multi_alph_gptprobs_analogical.npz
Total time: 983.442910194397 seconds.
Loading model Qwen/Qwen3-8B...
GPU memory available: 39.49 GB
`torch_dtype` is deprecated! Use `dtype` instead!
Flash Attention 2 not available (FlashAttention2 has been toggled on, but it cannot be used due to the following error: the package flash_attn seems to be not installed. Please refer to the documentation of https://huggingface.co/docs/transformers/perf_infer_gpu_one#flashattention-2 to install Flash Attention 2.), using default attention
Loading checkpoint shards:   0%|          | 0/5 [00:00<?, ?it/s]Loading checkpoint shards:  20%|██        | 1/5 [00:04<00:17,  4.43s/it]Loading checkpoint shards:  40%|████      | 2/5 [00:08<00:13,  4.43s/it]Loading checkpoint shards:  60%|██████    | 3/5 [00:13<00:08,  4.41s/it]Loading checkpoint shards:  80%|████████  | 4/5 [00:16<00:04,  4.06s/it]Loading checkpoint shards: 100%|██████████| 5/5 [00:18<00:00,  3.09s/it]Loading checkpoint shards: 100%|██████████| 5/5 [00:18<00:00,  3.63s/it]
Model loaded with default attention
Model device: cuda:0
GPU memory allocated: 15.26 GB, reserved: 15.26 GB
Model loaded. Loading tokenizer...
Model Qwen/Qwen3-8B and tokenizer loaded.
alph_0
a n c d e f g h i j k l m b q p u r s t o v w x y z
Problem type: succ - 1/7
trial 1 of 10...

=== PROMPT ===

System message: You are able to solve letter-string analogies

User message: Use the following alphabet to complete the pattern.

a n c d e f g h i j k l m b q p u r s t o v w x y z

First, describe 3 relevant exemplars that are distinct from this problem, then give the final answer. Answer with only the examples and the final answer with no further explanation. Put your final answer between double brackets. Note that the alphabet may be in an unfamiliar order. Complete the pattern using this order.

[f g h i] [f g h j]
[k l m b] [


--- TARGET LETTERS ---

['k', 'l', 'm', 'q']
The following generation flags are not valid and may be ignored: ['temperature', 'top_k']. Set `TRANSFORMERS_VERBOSITY=info` for more details.
Full Qwen output: **Exemplars:**
1. [a b c d] [a b c e]  
2. [m n o p] [m n o q]  
3. [q r s t] [q r s u]  

**Final Answer:**  
[[k l m c]]
Filtered Qwen output: k l m c
trial 2 of 10...
trial 3 of 10...
trial 4 of 10...
trial 5 of 10...
trial 6 of 10...
trial 7 of 10...
trial 8 of 10...
trial 9 of 10...
trial 10 of 10...
Problem type: pred - 2/7
trial 1 of 10...

=== PROMPT ===

System message: You are able to solve letter-string analogies

User message: Use the following alphabet to complete the pattern.

a n c d e f g h i j k l m b q p u r s t o v w x y z

First, describe 3 relevant exemplars that are distinct from this problem, then give the final answer. Answer with only the examples and the final answer with no further explanation. Put your final answer between double brackets. Note that the alphabet may be in an unfamiliar order. Complete the pattern using this order.

[m b q p] [l b q p]
[e f g h] [


--- TARGET LETTERS ---

['d', 'f', 'g', 'h']
Full Qwen output: [m b q p] [l b q p]  
[e f g h] [e f g h]  
[m b q p] [l b q p]  
[e f g h] [e f g h]  

[[e f g h]]
Filtered Qwen output: e f g h
trial 2 of 10...
trial 3 of 10...
trial 4 of 10...
trial 5 of 10...
trial 6 of 10...
trial 7 of 10...
trial 8 of 10...
trial 9 of 10...
trial 10 of 10...
Problem type: add_letter - 3/7
trial 1 of 10...

=== PROMPT ===

System message: You are able to solve letter-string analogies

User message: Use the following alphabet to complete the pattern.

a n c d e f g h i j k l m b q p u r s t o v w x y z

First, describe 3 relevant exemplars that are distinct from this problem, then give the final answer. Answer with only the examples and the final answer with no further explanation. Put your final answer between double brackets. Note that the alphabet may be in an unfamiliar order. Complete the pattern using this order.

[u r s t] [u r s t o]
[g h i j] [


--- TARGET LETTERS ---

['g', 'h', 'i', 'j', 'k']
Full Qwen output: [u r s t] [u r s t o]  
[g h i j] [g h i j o]  
[m b q p] [m b q p o]  

[[g h i j o]]
Filtered Qwen output: g h i j o
trial 2 of 10...
trial 3 of 10...
trial 4 of 10...
trial 5 of 10...
trial 6 of 10...
trial 7 of 10...
trial 8 of 10...
trial 9 of 10...
trial 10 of 10...
Problem type: remove_redundant - 4/7
trial 1 of 10...

=== PROMPT ===

System message: You are able to solve letter-string analogies

User message: Use the following alphabet to complete the pattern.

a n c d e f g h i j k l m b q p u r s t o v w x y z

First, describe 3 relevant exemplars that are distinct from this problem, then give the final answer. Answer with only the examples and the final answer with no further explanation. Put your final answer between double brackets. Note that the alphabet may be in an unfamiliar order. Complete the pattern using this order.

[j j k l m b] [j k l m b]
[g h i i j k] [


--- TARGET LETTERS ---

['g', 'h', 'i', 'j', 'k']
Full Qwen output: **Examples:**
1. [a a b c d] [a b c d]  
2. [m n o o p q] [m n o p q]  
3. [b c d d e f] [b c d e f]  

**Final Answer:**  
[[g h i j k] [g h i j k]]
Filtered Qwen output: g h i j k] [g h i j k
trial 2 of 10...
trial 3 of 10...
trial 4 of 10...
trial 5 of 10...
trial 6 of 10...
trial 7 of 10...
trial 8 of 10...
trial 9 of 10...
trial 10 of 10...
Problem type: fix_alphabet - 5/7
trial 1 of 10...

=== PROMPT ===

System message: You are able to solve letter-string analogies

User message: Use the following alphabet to complete the pattern.

a n c d e f g h i j k l m b q p u r s t o v w x y z

First, describe 3 relevant exemplars that are distinct from this problem, then give the final answer. Answer with only the examples and the final answer with no further explanation. Put your final answer between double brackets. Note that the alphabet may be in an unfamiliar order. Complete the pattern using this order.

[q p u r o] [q p u r s]
[j k l m c] [


--- TARGET LETTERS ---

['j', 'k', 'l', 'm', 'b']
Full Qwen output: [q p u r o] [q p u r s]  
[j k l m c] [j k l m s]  

[[j k l m s]]
Filtered Qwen output: j k l m s
trial 2 of 10...
trial 3 of 10...
trial 4 of 10...
trial 5 of 10...
trial 6 of 10...
trial 7 of 10...
trial 8 of 10...
trial 9 of 10...
trial 10 of 10...
Problem type: sort - 6/7
trial 1 of 10...

=== PROMPT ===

System message: You are able to solve letter-string analogies

User message: Use the following alphabet to complete the pattern.

a n c d e f g h i j k l m b q p u r s t o v w x y z

First, describe 3 relevant exemplars that are distinct from this problem, then give the final answer. Answer with only the examples and the final answer with no further explanation. Put your final answer between double brackets. Note that the alphabet may be in an unfamiliar order. Complete the pattern using this order.

[e c d n f] [n c d e f]
[u b q p m] [


--- TARGET LETTERS ---

['m', 'b', 'q', 'p', 'u']
Full Qwen output: **Examples:**
1. [a b c] [b c d]  
2. [m n o] [n o p]  
3. [q r s] [r s t]  

**Final Answer:**  
[[u b q p m] [b q p u r]]
Filtered Qwen output: u b q p m] [b q p u r
trial 2 of 10...
trial 3 of 10...
trial 4 of 10...
trial 5 of 10...
trial 6 of 10...
trial 7 of 10...
trial 8 of 10...
trial 9 of 10...
trial 10 of 10...
alph_1
a b c d o f g h i j k r m n l p q x s t u v w e y z
Problem type: succ - 1/7
trial 1 of 10...

=== PROMPT ===

System message: You are able to solve letter-string analogies

User message: Use the following alphabet to complete the pattern.

a b c d o f g h i j k r m n l p q x s t u v w e y z

First, describe 3 relevant exemplars that are distinct from this problem, then give the final answer. Answer with only the examples and the final answer with no further explanation. Put your final answer between double brackets. Note that the alphabet may be in an unfamiliar order. Complete the pattern using this order.

[d o f g] [d o f h]
[q x s t] [


--- TARGET LETTERS ---

['q', 'x', 's', 'u']
Full Qwen output: [d o f g] [d o f h]  
[q x s t] [q x s u]  

[[q x s u]]
Filtered Qwen output: q x s u
trial 2 of 10...
trial 3 of 10...
trial 4 of 10...
trial 5 of 10...
trial 6 of 10...
trial 7 of 10...
trial 8 of 10...
trial 9 of 10...
trial 10 of 10...
Problem type: pred - 2/7
trial 1 of 10...

=== PROMPT ===

System message: You are able to solve letter-string analogies

User message: Use the following alphabet to complete the pattern.

a b c d o f g h i j k r m n l p q x s t u v w e y z

First, describe 3 relevant exemplars that are distinct from this problem, then give the final answer. Answer with only the examples and the final answer with no further explanation. Put your final answer between double brackets. Note that the alphabet may be in an unfamiliar order. Complete the pattern using this order.

[p q x s] [l q x s]
[d o f g] [


--- TARGET LETTERS ---

['c', 'o', 'f', 'g']
Full Qwen output: **Examples:**
1. [a b c d] [a b c d]  
2. [o f g h] [o f g h]  
3. [m n l p] [m n l p]  

**Final Answer:**  
[[d o f g] [d o f g]]
Filtered Qwen output: d o f g] [d o f g
trial 2 of 10...
trial 3 of 10...
trial 4 of 10...
trial 5 of 10...
trial 6 of 10...
trial 7 of 10...
trial 8 of 10...
trial 9 of 10...
trial 10 of 10...
Problem type: add_letter - 3/7
trial 1 of 10...

=== PROMPT ===

System message: You are able to solve letter-string analogies

User message: Use the following alphabet to complete the pattern.

a b c d o f g h i j k r m n l p q x s t u v w e y z

First, describe 3 relevant exemplars that are distinct from this problem, then give the final answer. Answer with only the examples and the final answer with no further explanation. Put your final answer between double brackets. Note that the alphabet may be in an unfamiliar order. Complete the pattern using this order.

[a b c d] [a b c d o]
[g h i j] [


--- TARGET LETTERS ---

['g', 'h', 'i', 'j', 'k']
Full Qwen output: Example 1: [a b c d] [a b c d o]  
Example 2: [g h i j] [g h i j k]  
Example 3: [m n l p] [m n l p q]  

[[g h i j k]]
Filtered Qwen output: g h i j k
trial 2 of 10...
trial 3 of 10...
trial 4 of 10...
trial 5 of 10...
trial 6 of 10...
trial 7 of 10...
trial 8 of 10...
trial 9 of 10...
trial 10 of 10...
Problem type: remove_redundant - 4/7
trial 1 of 10...

=== PROMPT ===

System message: You are able to solve letter-string analogies

User message: Use the following alphabet to complete the pattern.

a b c d o f g h i j k r m n l p q x s t u v w e y z

First, describe 3 relevant exemplars that are distinct from this problem, then give the final answer. Answer with only the examples and the final answer with no further explanation. Put your final answer between double brackets. Note that the alphabet may be in an unfamiliar order. Complete the pattern using this order.

[q q x s t u] [q x s t u]
[s t u v v w] [


--- TARGET LETTERS ---

['s', 't', 'u', 'v', 'w']
Full Qwen output: **Examples:**
1. [a b c d] [a b c]  
2. [f g h i] [f g]  
3. [m n l p] [m n]  

**Final Answer:**  
[[s t u v w]]
Filtered Qwen output: s t u v w
trial 2 of 10...
trial 3 of 10...
trial 4 of 10...
trial 5 of 10...
trial 6 of 10...
trial 7 of 10...
trial 8 of 10...
trial 9 of 10...
trial 10 of 10...
Problem type: fix_alphabet - 5/7
trial 1 of 10...

=== PROMPT ===

System message: You are able to solve letter-string analogies

User message: Use the following alphabet to complete the pattern.

a b c d o f g h i j k r m n l p q x s t u v w e y z

First, describe 3 relevant exemplars that are distinct from this problem, then give the final answer. Answer with only the examples and the final answer with no further explanation. Put your final answer between double brackets. Note that the alphabet may be in an unfamiliar order. Complete the pattern using this order.

[e i j k r] [h i j k r]
[a b c z o] [


--- TARGET LETTERS ---

['a', 'b', 'c', 'd', 'o']
Full Qwen output: **Examples:**
1. [a b c d o] [e f g h i]  
2. [d o f g h] [i j k r m]  
3. [n l p q x] [s t u v w]  

**Final Answer:**  
[[a b c z o] [e f g h i]]
Filtered Qwen output: a b c z o] [e f g h i
trial 2 of 10...
trial 3 of 10...
trial 4 of 10...
trial 5 of 10...
trial 6 of 10...
trial 7 of 10...
trial 8 of 10...
trial 9 of 10...
trial 10 of 10...
Problem type: sort - 6/7
trial 1 of 10...

=== PROMPT ===

System message: You are able to solve letter-string analogies

User message: Use the following alphabet to complete the pattern.

a b c d o f g h i j k r m n l p q x s t u v w e y z

First, describe 3 relevant exemplars that are distinct from this problem, then give the final answer. Answer with only the examples and the final answer with no further explanation. Put your final answer between double brackets. Note that the alphabet may be in an unfamiliar order. Complete the pattern using this order.

[o f i h g] [o f g h i]
[v u w e y] [


--- TARGET LETTERS ---

['u', 'v', 'w', 'e', 'y']
Full Qwen output: **Examples:**
1. [a b c d] [a b d c]  
2. [r m n l] [r m l n]  
3. [x s t u] [x s u t]  

**Final Answer:**  
[[v u e y w]]
Filtered Qwen output: v u e y w
trial 2 of 10...
trial 3 of 10...
trial 4 of 10...
trial 5 of 10...
trial 6 of 10...
trial 7 of 10...
trial 8 of 10...
trial 9 of 10...
trial 10 of 10...
alph_2
q b c d e f g o i j k l a n h p m r s t u v w x y z
Problem type: succ - 1/7
trial 1 of 10...

=== PROMPT ===

System message: You are able to solve letter-string analogies

User message: Use the following alphabet to complete the pattern.

q b c d e f g o i j k l a n h p m r s t u v w x y z

First, describe 3 relevant exemplars that are distinct from this problem, then give the final answer. Answer with only the examples and the final answer with no further explanation. Put your final answer between double brackets. Note that the alphabet may be in an unfamiliar order. Complete the pattern using this order.

[g o i j] [g o i k]
[v w x y] [


--- TARGET LETTERS ---

['v', 'w', 'x', 'z']
Full Qwen output: **Examples:**
1. [a n h p] [a n h q]  
2. [q b c d] [q b c e]  
3. [r s t u] [r s t v]  

**Final Answer:**  
[[v w x z]]
Filtered Qwen output: v w x z
trial 2 of 10...
trial 3 of 10...
trial 4 of 10...
trial 5 of 10...
trial 6 of 10...
trial 7 of 10...
trial 8 of 10...
trial 9 of 10...
trial 10 of 10...
Problem type: pred - 2/7
trial 1 of 10...

=== PROMPT ===

System message: You are able to solve letter-string analogies

User message: Use the following alphabet to complete the pattern.

q b c d e f g o i j k l a n h p m r s t u v w x y z

First, describe 3 relevant exemplars that are distinct from this problem, then give the final answer. Answer with only the examples and the final answer with no further explanation. Put your final answer between double brackets. Note that the alphabet may be in an unfamiliar order. Complete the pattern using this order.

[i j k l] [o j k l]
[t u v w] [


--- TARGET LETTERS ---

['s', 'u', 'v', 'w']
Full Qwen output: [i j k l] [o j k l]  
[t u v w] [s u v w]  
[a n h p] [a n h p]  

[[s u v w]]
Filtered Qwen output: s u v w
trial 2 of 10...
trial 3 of 10...
trial 4 of 10...
trial 5 of 10...
trial 6 of 10...
trial 7 of 10...
trial 8 of 10...
trial 9 of 10...
trial 10 of 10...
Problem type: add_letter - 3/7
trial 1 of 10...

=== PROMPT ===

System message: You are able to solve letter-string analogies

User message: Use the following alphabet to complete the pattern.

q b c d e f g o i j k l a n h p m r s t u v w x y z

First, describe 3 relevant exemplars that are distinct from this problem, then give the final answer. Answer with only the examples and the final answer with no further explanation. Put your final answer between double brackets. Note that the alphabet may be in an unfamiliar order. Complete the pattern using this order.

[a n h p] [a n h p m]
[g o i j] [


--- TARGET LETTERS ---

['g', 'o', 'i', 'j', 'k']
Full Qwen output: **Exemplars:**  
1. [a n h p] [a n h p m]  
2. [g o i j] [g o i j k]  
3. [q b c d] [q b c d e]  

**Final Answer:**  
[[g o i j k]]
Filtered Qwen output: g o i j k
trial 2 of 10...
trial 3 of 10...
trial 4 of 10...
trial 5 of 10...
trial 6 of 10...
trial 7 of 10...
trial 8 of 10...
trial 9 of 10...
trial 10 of 10...
Problem type: remove_redundant - 4/7
trial 1 of 10...

=== PROMPT ===

System message: You are able to solve letter-string analogies

User message: Use the following alphabet to complete the pattern.

q b c d e f g o i j k l a n h p m r s t u v w x y z

First, describe 3 relevant exemplars that are distinct from this problem, then give the final answer. Answer with only the examples and the final answer with no further explanation. Put your final answer between double brackets. Note that the alphabet may be in an unfamiliar order. Complete the pattern using this order.

[n h p p m r] [n h p m r]
[h p m m r s] [


--- TARGET LETTERS ---

['h', 'p', 'm', 'r', 's']
Full Qwen output: **Exemplars:**
1. [a b c] [a b]
2. [d e f] [d]
3. [g h i] [g h]

**Final Answer:**  
[[h p m r s]]
Filtered Qwen output: h p m r s
trial 2 of 10...
trial 3 of 10...
trial 4 of 10...
trial 5 of 10...
trial 6 of 10...
trial 7 of 10...
trial 8 of 10...
trial 9 of 10...
trial 10 of 10...
Problem type: fix_alphabet - 5/7
trial 1 of 10...

=== PROMPT ===

System message: You are able to solve letter-string analogies

User message: Use the following alphabet to complete the pattern.

q b c d e f g o i j k l a n h p m r s t u v w x y z

First, describe 3 relevant exemplars that are distinct from this problem, then give the final answer. Answer with only the examples and the final answer with no further explanation. Put your final answer between double brackets. Note that the alphabet may be in an unfamiliar order. Complete the pattern using this order.

[n h p w r] [n h p m r]
[d e q g o] [


--- TARGET LETTERS ---

['d', 'e', 'f', 'g', 'o']
Full Qwen output: **Exemplars:**
1. [a b c d] [a b c]
2. [x y z a] [x y z]
3. [m n o p] [m n o]

**Final Answer:**  
[[d e q g] [d e q]]
Filtered Qwen output: d e q g] [d e q
trial 2 of 10...
trial 3 of 10...
trial 4 of 10...
trial 5 of 10...
trial 6 of 10...
trial 7 of 10...
trial 8 of 10...
trial 9 of 10...
trial 10 of 10...
Problem type: sort - 6/7
trial 1 of 10...

=== PROMPT ===

System message: You are able to solve letter-string analogies

User message: Use the following alphabet to complete the pattern.

q b c d e f g o i j k l a n h p m r s t u v w x y z

First, describe 3 relevant exemplars that are distinct from this problem, then give the final answer. Answer with only the examples and the final answer with no further explanation. Put your final answer between double brackets. Note that the alphabet may be in an unfamiliar order. Complete the pattern using this order.

[m h p n r] [n h p m r]
[t u v x w] [


--- TARGET LETTERS ---

['t', 'u', 'v', 'w', 'x']
Full Qwen output: **Exemplars:**
1. [a b c] [b c d]  
2. [x y z] [y z a]  
3. [p q r] [q r s]  

**Final Answer:**  
[[t u v x w] [u v x w y]]  

[[t u v x w] [u v x w y]]
Filtered Qwen output: t u v x w] [u v x w y
trial 2 of 10...
trial 3 of 10...
trial 4 of 10...
trial 5 of 10...
trial 6 of 10...
trial 7 of 10...
trial 8 of 10...
trial 9 of 10...
trial 10 of 10...
alph_3
a g c d e f q h i j k l m z o p n r s t u v w x y b
Problem type: succ - 1/7
trial 1 of 10...

=== PROMPT ===

System message: You are able to solve letter-string analogies

User message: Use the following alphabet to complete the pattern.

a g c d e f q h i j k l m z o p n r s t u v w x y b

First, describe 3 relevant exemplars that are distinct from this problem, then give the final answer. Answer with only the examples and the final answer with no further explanation. Put your final answer between double brackets. Note that the alphabet may be in an unfamiliar order. Complete the pattern using this order.

[m z o p] [m z o n]
[t u v w] [


--- TARGET LETTERS ---

['t', 'u', 'v', 'x']
Full Qwen output: [m z o p] [m z o n]  
[t u v w] [t u v n]  

[[t u v n]]
Filtered Qwen output: t u v n
trial 2 of 10...
trial 3 of 10...
trial 4 of 10...
trial 5 of 10...
trial 6 of 10...
trial 7 of 10...
trial 8 of 10...
trial 9 of 10...
trial 10 of 10...
Problem type: pred - 2/7
trial 1 of 10...

=== PROMPT ===

System message: You are able to solve letter-string analogies

User message: Use the following alphabet to complete the pattern.

a g c d e f q h i j k l m z o p n r s t u v w x y b

First, describe 3 relevant exemplars that are distinct from this problem, then give the final answer. Answer with only the examples and the final answer with no further explanation. Put your final answer between double brackets. Note that the alphabet may be in an unfamiliar order. Complete the pattern using this order.

[g c d e] [a c d e]
[d e f q] [


--- TARGET LETTERS ---

['c', 'e', 'f', 'q']
Full Qwen output: **Examples:**
1. [a c d e] [a c d e]  
2. [d e f q] [d e f q]  
3. [g c d e] [g c d e]  

**Final Answer:**  
[[g c d e] [g c d e]]
Filtered Qwen output: g c d e] [g c d e
trial 2 of 10...
trial 3 of 10...
trial 4 of 10...
trial 5 of 10...
trial 6 of 10...
trial 7 of 10...
trial 8 of 10...
trial 9 of 10...
trial 10 of 10...
Problem type: add_letter - 3/7
trial 1 of 10...

=== PROMPT ===

System message: You are able to solve letter-string analogies

User message: Use the following alphabet to complete the pattern.

a g c d e f q h i j k l m z o p n r s t u v w x y b

First, describe 3 relevant exemplars that are distinct from this problem, then give the final answer. Answer with only the examples and the final answer with no further explanation. Put your final answer between double brackets. Note that the alphabet may be in an unfamiliar order. Complete the pattern using this order.

[l m z o] [l m z o p]
[u v w x] [


--- TARGET LETTERS ---

['u', 'v', 'w', 'x', 'y']
Full Qwen output: **Examples:**
1. [a g c] [a g c d]  
2. [q h i] [q h i j]  
3. [b y x] [b y x z]  

**Final Answer:**  
[[u v w x y]]
Filtered Qwen output: u v w x y
trial 2 of 10...
trial 3 of 10...
trial 4 of 10...
trial 5 of 10...
trial 6 of 10...
trial 7 of 10...
trial 8 of 10...
trial 9 of 10...
trial 10 of 10...
Problem type: remove_redundant - 4/7
trial 1 of 10...

=== PROMPT ===

System message: You are able to solve letter-string analogies

User message: Use the following alphabet to complete the pattern.

a g c d e f q h i j k l m z o p n r s t u v w x y b

First, describe 3 relevant exemplars that are distinct from this problem, then give the final answer. Answer with only the examples and the final answer with no further explanation. Put your final answer between double brackets. Note that the alphabet may be in an unfamiliar order. Complete the pattern using this order.

[o p n r r s] [o p n r s]
[e f q h i i] [


--- TARGET LETTERS ---

['e', 'f', 'q', 'h', 'i']
Full Qwen output: **Examples:**
1. [a g c] [a g]  
2. [d e f q] [d e f]  
3. [m z o] [m z]  

**Final Answer:**  
[[e f q h i] [e f q]]
Filtered Qwen output: e f q h i] [e f q
trial 2 of 10...
trial 3 of 10...
trial 4 of 10...
trial 5 of 10...
trial 6 of 10...
trial 7 of 10...
trial 8 of 10...
trial 9 of 10...
trial 10 of 10...
Problem type: fix_alphabet - 5/7
trial 1 of 10...

=== PROMPT ===

System message: You are able to solve letter-string analogies

User message: Use the following alphabet to complete the pattern.

a g c d e f q h i j k l m z o p n r s t u v w x y b

First, describe 3 relevant exemplars that are distinct from this problem, then give the final answer. Answer with only the examples and the final answer with no further explanation. Put your final answer between double brackets. Note that the alphabet may be in an unfamiliar order. Complete the pattern using this order.

[l m z o h] [l m z o p]
[y t u v w] [


--- TARGET LETTERS ---

['s', 't', 'u', 'v', 'w']
Full Qwen output: **Examples:**
1. [a g c d] [a g c d e]  
2. [q h i j] [q h i j k]  
3. [b y x w v] [b y x w]  

**Final Answer:**  
[[y t u v w] [y t u v w x]]
Filtered Qwen output: y t u v w] [y t u v w x
trial 2 of 10...
trial 3 of 10...
trial 4 of 10...
trial 5 of 10...
trial 6 of 10...
trial 7 of 10...
trial 8 of 10...
trial 9 of 10...
trial 10 of 10...
Problem type: sort - 6/7
trial 1 of 10...

=== PROMPT ===

System message: You are able to solve letter-string analogies

User message: Use the following alphabet to complete the pattern.

a g c d e f q h i j k l m z o p n r s t u v w x y b

First, describe 3 relevant exemplars that are distinct from this problem, then give the final answer. Answer with only the examples and the final answer with no further explanation. Put your final answer between double brackets. Note that the alphabet may be in an unfamiliar order. Complete the pattern using this order.

[z r p n o] [z o p n r]
[i l k j m] [


--- TARGET LETTERS ---

['i', 'j', 'k', 'l', 'm']
Full Qwen output: **Exemplars:**
1. [a g c d] [a c d g]  
2. [b y z x] [b x z y]  
3. [f q h i] [f h i q]  

**Final Answer:**  
[[i k j l m]]
Filtered Qwen output: i k j l m
trial 2 of 10...
trial 3 of 10...
trial 4 of 10...
trial 5 of 10...
trial 6 of 10...
trial 7 of 10...
trial 8 of 10...
trial 9 of 10...
trial 10 of 10...
alph_4
a b c d f k g h i j r l m n o e q p s t u v w x y z
Problem type: succ - 1/7
trial 1 of 10...

=== PROMPT ===

System message: You are able to solve letter-string analogies

User message: Use the following alphabet to complete the pattern.

a b c d f k g h i j r l m n o e q p s t u v w x y z

First, describe 3 relevant exemplars that are distinct from this problem, then give the final answer. Answer with only the examples and the final answer with no further explanation. Put your final answer between double brackets. Note that the alphabet may be in an unfamiliar order. Complete the pattern using this order.

[o e q p] [o e q s]
[f k g h] [


--- TARGET LETTERS ---

['f', 'k', 'g', 'i']
Full Qwen output: **Exemplars:**
1. [a b c d] [a b c e]  
2. [f k g h] [f k g i]  
3. [l m n o] [l m n p]  

**Final Answer:**  
[[f k g i]]
Filtered Qwen output: f k g i
trial 2 of 10...
trial 3 of 10...
trial 4 of 10...
trial 5 of 10...
trial 6 of 10...
trial 7 of 10...
trial 8 of 10...
trial 9 of 10...
trial 10 of 10...
Problem type: pred - 2/7
trial 1 of 10...

=== PROMPT ===

System message: You are able to solve letter-string analogies

User message: Use the following alphabet to complete the pattern.

a b c d f k g h i j r l m n o e q p s t u v w x y z

First, describe 3 relevant exemplars that are distinct from this problem, then give the final answer. Answer with only the examples and the final answer with no further explanation. Put your final answer between double brackets. Note that the alphabet may be in an unfamiliar order. Complete the pattern using this order.

[o e q p] [n e q p]
[s t u v] [


--- TARGET LETTERS ---

['p', 't', 'u', 'v']
Full Qwen output: **Examples:**
1. [a b c d] [a b c d]  
2. [f k g h] [f k g h]  
3. [r l m n] [r l m n]  

**Final Answer:**  
[[s t u v] [s t u v]]
Filtered Qwen output: s t u v] [s t u v
trial 2 of 10...
trial 3 of 10...
trial 4 of 10...
trial 5 of 10...
trial 6 of 10...
trial 7 of 10...
trial 8 of 10...
trial 9 of 10...
trial 10 of 10...
Problem type: add_letter - 3/7
trial 1 of 10...

=== PROMPT ===

System message: You are able to solve letter-string analogies

User message: Use the following alphabet to complete the pattern.

a b c d f k g h i j r l m n o e q p s t u v w x y z

First, describe 3 relevant exemplars that are distinct from this problem, then give the final answer. Answer with only the examples and the final answer with no further explanation. Put your final answer between double brackets. Note that the alphabet may be in an unfamiliar order. Complete the pattern using this order.

[r l m n] [r l m n o]
[j r l m] [


--- TARGET LETTERS ---

['j', 'r', 'l', 'm', 'n']
Full Qwen output: [r l m n] [r l m n o]  
[j r l m] [j r l m n]  
[j r l m n o]  
[j r l m n o e]  

[[j r l m n o e]]
Filtered Qwen output: j r l m n o e
trial 2 of 10...
trial 3 of 10...
trial 4 of 10...
trial 5 of 10...
trial 6 of 10...
trial 7 of 10...
trial 8 of 10...
trial 9 of 10...
trial 10 of 10...
Problem type: remove_redundant - 4/7
trial 1 of 10...

=== PROMPT ===

System message: You are able to solve letter-string analogies

User message: Use the following alphabet to complete the pattern.

a b c d f k g h i j r l m n o e q p s t u v w x y z

First, describe 3 relevant exemplars that are distinct from this problem, then give the final answer. Answer with only the examples and the final answer with no further explanation. Put your final answer between double brackets. Note that the alphabet may be in an unfamiliar order. Complete the pattern using this order.

[o e q q p s] [o e q p s]
[d f k k g h] [


--- TARGET LETTERS ---

['d', 'f', 'k', 'g', 'h']
Full Qwen output: **Examples:**
1. [a b c] [a b]  
2. [d f k] [d]  
3. [g h i j] [g h i]  

**Final Answer:**  
[[d f k g h]]
Filtered Qwen output: d f k g h
trial 2 of 10...
trial 3 of 10...
trial 4 of 10...
trial 5 of 10...
trial 6 of 10...
trial 7 of 10...
trial 8 of 10...
trial 9 of 10...
trial 10 of 10...
Problem type: fix_alphabet - 5/7
trial 1 of 10...

=== PROMPT ===

System message: You are able to solve letter-string analogies

User message: Use the following alphabet to complete the pattern.

a b c d f k g h i j r l m n o e q p s t u v w x y z

First, describe 3 relevant exemplars that are distinct from this problem, then give the final answer. Answer with only the examples and the final answer with no further explanation. Put your final answer between double brackets. Note that the alphabet may be in an unfamiliar order. Complete the pattern using this order.

[l m n g e] [l m n o e]
[o e i p s] [


--- TARGET LETTERS ---

['o', 'e', 'q', 'p', 's']
Full Qwen output: **Exemplars:**
1. [a b c] [a b d]  
2. [d f k] [d f l]  
3. [g h i] [g h j]  

**Final Answer:**  
[[o e i p t]]
Filtered Qwen output: o e i p t
trial 2 of 10...
trial 3 of 10...
trial 4 of 10...
trial 5 of 10...
trial 6 of 10...
trial 7 of 10...
trial 8 of 10...
trial 9 of 10...
trial 10 of 10...
Problem type: sort - 6/7
trial 1 of 10...

=== PROMPT ===

System message: You are able to solve letter-string analogies

User message: Use the following alphabet to complete the pattern.

a b c d f k g h i j r l m n o e q p s t u v w x y z

First, describe 3 relevant exemplars that are distinct from this problem, then give the final answer. Answer with only the examples and the final answer with no further explanation. Put your final answer between double brackets. Note that the alphabet may be in an unfamiliar order. Complete the pattern using this order.

[w u v t x] [t u v w x]
[e q t s p] [


--- TARGET LETTERS ---

['e', 'q', 'p', 's', 't']
Full Qwen output: **Exemplars:**
1. [a b c d] [b c d a]  
2. [f k g h] [k g h f]  
3. [r l m n] [l m n r]  

**Final Answer:**  
[[e q p s r]]
Filtered Qwen output: e q p s r
trial 2 of 10...
trial 3 of 10...
trial 4 of 10...
trial 5 of 10...
trial 6 of 10...
trial 7 of 10...
trial 8 of 10...
trial 9 of 10...
trial 10 of 10...
alph_5
a b c d e f g h k j z l m n o p q r s t u y w x v i
Problem type: succ - 1/7
trial 1 of 10...

=== PROMPT ===

System message: You are able to solve letter-string analogies

User message: Use the following alphabet to complete the pattern.

a b c d e f g h k j z l m n o p q r s t u y w x v i

First, describe 3 relevant exemplars that are distinct from this problem, then give the final answer. Answer with only the examples and the final answer with no further explanation. Put your final answer between double brackets. Note that the alphabet may be in an unfamiliar order. Complete the pattern using this order.

[r s t u] [r s t y]
[y w x v] [


--- TARGET LETTERS ---

['y', 'w', 'x', 'i']
Full Qwen output: [r s t u] [r s t y]  
[y w x v] [y w x y]  
[r s t u] [r s t y]  
[y w x v] [y w x y]  
[r s t u] [r s t y]  

[[y w x y]]
Filtered Qwen output: y w x y
trial 2 of 10...
trial 3 of 10...
trial 4 of 10...
trial 5 of 10...
trial 6 of 10...
trial 7 of 10...
trial 8 of 10...
trial 9 of 10...
trial 10 of 10...
Problem type: pred - 2/7
trial 1 of 10...

=== PROMPT ===

System message: You are able to solve letter-string analogies

User message: Use the following alphabet to complete the pattern.

a b c d e f g h k j z l m n o p q r s t u y w x v i

First, describe 3 relevant exemplars that are distinct from this problem, then give the final answer. Answer with only the examples and the final answer with no further explanation. Put your final answer between double brackets. Note that the alphabet may be in an unfamiliar order. Complete the pattern using this order.

[d e f g] [c e f g]
[w x v i] [


--- TARGET LETTERS ---

['y', 'x', 'v', 'i']
Full Qwen output: **Exemplars:**
1. [a b c] [b c d]  
2. [h k j] [k j l]  
3. [m n o] [n o p]  

**Final Answer:**  
[[w x v] [x v w]]  

[[w x v i] [x v w i]]
Filtered Qwen output: w x v] [x v w
trial 2 of 10...
trial 3 of 10...
trial 4 of 10...
trial 5 of 10...
trial 6 of 10...
trial 7 of 10...
trial 8 of 10...
trial 9 of 10...
trial 10 of 10...
Problem type: add_letter - 3/7
trial 1 of 10...

=== PROMPT ===

System message: You are able to solve letter-string analogies

User message: Use the following alphabet to complete the pattern.

a b c d e f g h k j z l m n o p q r s t u y w x v i

First, describe 3 relevant exemplars that are distinct from this problem, then give the final answer. Answer with only the examples and the final answer with no further explanation. Put your final answer between double brackets. Note that the alphabet may be in an unfamiliar order. Complete the pattern using this order.

[h k j z] [h k j z l]
[o p q r] [


--- TARGET LETTERS ---

['o', 'p', 'q', 'r', 's']
Full Qwen output: [h k j z] [h k j z l]  
[o p q r] [o p q r s]  
[m n o p] [m n o p q]  

[[o p q r s]]
Filtered Qwen output: o p q r s
trial 2 of 10...
trial 3 of 10...
trial 4 of 10...
trial 5 of 10...
trial 6 of 10...
trial 7 of 10...
trial 8 of 10...
trial 9 of 10...
trial 10 of 10...
Problem type: remove_redundant - 4/7
trial 1 of 10...

=== PROMPT ===

System message: You are able to solve letter-string analogies

User message: Use the following alphabet to complete the pattern.

a b c d e f g h k j z l m n o p q r s t u y w x v i

First, describe 3 relevant exemplars that are distinct from this problem, then give the final answer. Answer with only the examples and the final answer with no further explanation. Put your final answer between double brackets. Note that the alphabet may be in an unfamiliar order. Complete the pattern using this order.

[y w w x v i] [y w x v i]
[u y y w x v] [


--- TARGET LETTERS ---

['u', 'y', 'w', 'x', 'v']
Full Qwen output: **Exemplars:**  
1. [a b c] [a b]  
2. [d e f g] [d e f]  
3. [h k j z] [h k j]  

**Final Answer:**  
[[u y w x v]]
Filtered Qwen output: u y w x v
trial 2 of 10...
trial 3 of 10...
trial 4 of 10...
trial 5 of 10...
trial 6 of 10...
trial 7 of 10...
trial 8 of 10...
trial 9 of 10...
trial 10 of 10...
Problem type: fix_alphabet - 5/7
trial 1 of 10...

=== PROMPT ===

System message: You are able to solve letter-string analogies

User message: Use the following alphabet to complete the pattern.

a b c d e f g h k j z l m n o p q r s t u y w x v i

First, describe 3 relevant exemplars that are distinct from this problem, then give the final answer. Answer with only the examples and the final answer with no further explanation. Put your final answer between double brackets. Note that the alphabet may be in an unfamiliar order. Complete the pattern using this order.

[h k j z e] [h k j z l]
[y w h v i] [


--- TARGET LETTERS ---

['y', 'w', 'x', 'v', 'i']
Full Qwen output: **Exemplars:**
1. [a b c d e] [a b c d f]  
2. [f g h i j] [f g h i k]  
3. [m n o p q] [m n o p r]  

**Final Answer:**  
[[y w h v k]]
Filtered Qwen output: y w h v k
trial 2 of 10...
trial 3 of 10...
trial 4 of 10...
trial 5 of 10...
trial 6 of 10...
trial 7 of 10...
trial 8 of 10...
trial 9 of 10...
trial 10 of 10...
Problem type: sort - 6/7
trial 1 of 10...

=== PROMPT ===

System message: You are able to solve letter-string analogies

User message: Use the following alphabet to complete the pattern.

a b c d e f g h k j z l m n o p q r s t u y w x v i

First, describe 3 relevant exemplars that are distinct from this problem, then give the final answer. Answer with only the examples and the final answer with no further explanation. Put your final answer between double brackets. Note that the alphabet may be in an unfamiliar order. Complete the pattern using this order.

[y i x v w] [y w x v i]
[j z n m l] [


--- TARGET LETTERS ---

['j', 'z', 'l', 'm', 'n']
Full Qwen output: **Exemplars:**
1. [a b c d] [a d c b]  
2. [f g h k] [f k h g]  
3. [m n o p] [m p o n]  

**Final Answer:**  
[[j z l m n]]
Filtered Qwen output: j z l m n
trial 2 of 10...
trial 3 of 10...
trial 4 of 10...
trial 5 of 10...
trial 6 of 10...
trial 7 of 10...
trial 8 of 10...
trial 9 of 10...
trial 10 of 10...
alph_6
n b c d e f g h i j r l m a k p q o s t u v w x y z
Problem type: succ - 1/7
trial 1 of 10...

=== PROMPT ===

System message: You are able to solve letter-string analogies

User message: Use the following alphabet to complete the pattern.

n b c d e f g h i j r l m a k p q o s t u v w x y z

First, describe 3 relevant exemplars that are distinct from this problem, then give the final answer. Answer with only the examples and the final answer with no further explanation. Put your final answer between double brackets. Note that the alphabet may be in an unfamiliar order. Complete the pattern using this order.

[s t u v] [s t u w]
[m a k p] [


--- TARGET LETTERS ---

['m', 'a', 'k', 'q']
Full Qwen output: **Examples:**
1. [a b c d] [a b c e]  
2. [x y z a] [x y z b]  
3. [p q r s] [p q r t]  

**Final Answer:**  
[[m a k q]]
Filtered Qwen output: m a k q
trial 2 of 10...
trial 3 of 10...
trial 4 of 10...
trial 5 of 10...
trial 6 of 10...
trial 7 of 10...
trial 8 of 10...
trial 9 of 10...
trial 10 of 10...
Problem type: pred - 2/7
trial 1 of 10...

=== PROMPT ===

System message: You are able to solve letter-string analogies

User message: Use the following alphabet to complete the pattern.

n b c d e f g h i j r l m a k p q o s t u v w x y z

First, describe 3 relevant exemplars that are distinct from this problem, then give the final answer. Answer with only the examples and the final answer with no further explanation. Put your final answer between double brackets. Note that the alphabet may be in an unfamiliar order. Complete the pattern using this order.

[o s t u] [q s t u]
[i j r l] [


--- TARGET LETTERS ---

['h', 'j', 'r', 'l']
Full Qwen output: **Exemplars:**  
1. [a b c] [b c d]  
2. [x y z] [y z x]  
3. [m n o] [n o p]  

**Final Answer:**  
[[i j r l] [j r l m]]
Filtered Qwen output: i j r l] [j r l m
trial 2 of 10...
trial 3 of 10...
trial 4 of 10...
trial 5 of 10...
trial 6 of 10...
trial 7 of 10...
trial 8 of 10...
trial 9 of 10...
trial 10 of 10...
Problem type: add_letter - 3/7
trial 1 of 10...

=== PROMPT ===

System message: You are able to solve letter-string analogies

User message: Use the following alphabet to complete the pattern.

n b c d e f g h i j r l m a k p q o s t u v w x y z

First, describe 3 relevant exemplars that are distinct from this problem, then give the final answer. Answer with only the examples and the final answer with no further explanation. Put your final answer between double brackets. Note that the alphabet may be in an unfamiliar order. Complete the pattern using this order.

[p q o s] [p q o s t]
[v w x y] [


--- TARGET LETTERS ---

['v', 'w', 'x', 'y', 'z']
Full Qwen output: **Exemplars:**  
1. [a b c] [a b c d]  
2. [d e f] [d e f g]  
3. [g h i] [g h i j]  

**Final Answer:**  
[[v w x y z]]
Filtered Qwen output: v w x y z
trial 2 of 10...
trial 3 of 10...
trial 4 of 10...
trial 5 of 10...
trial 6 of 10...
trial 7 of 10...
trial 8 of 10...
trial 9 of 10...
trial 10 of 10...
Problem type: remove_redundant - 4/7
trial 1 of 10...

=== PROMPT ===

System message: You are able to solve letter-string analogies

User message: Use the following alphabet to complete the pattern.

n b c d e f g h i j r l m a k p q o s t u v w x y z

First, describe 3 relevant exemplars that are distinct from this problem, then give the final answer. Answer with only the examples and the final answer with no further explanation. Put your final answer between double brackets. Note that the alphabet may be in an unfamiliar order. Complete the pattern using this order.

[m a k k p q] [m a k p q]
[e e f g h i] [


--- TARGET LETTERS ---

['e', 'f', 'g', 'h', 'i']
Full Qwen output: **Exemplars:**
1. [a b c] [a b]  
2. [x y z] [x y]  
3. [p q r] [p]  

**Final Answer:**  
[[e e f g h]]
Filtered Qwen output: e e f g h
trial 2 of 10...
trial 3 of 10...
trial 4 of 10...
trial 5 of 10...
trial 6 of 10...
trial 7 of 10...
trial 8 of 10...
trial 9 of 10...
trial 10 of 10...
Problem type: fix_alphabet - 5/7
trial 1 of 10...

=== PROMPT ===

System message: You are able to solve letter-string analogies

User message: Use the following alphabet to complete the pattern.

n b c d e f g h i j r l m a k p q o s t u v w x y z

First, describe 3 relevant exemplars that are distinct from this problem, then give the final answer. Answer with only the examples and the final answer with no further explanation. Put your final answer between double brackets. Note that the alphabet may be in an unfamiliar order. Complete the pattern using this order.

[k b q o s] [k p q o s]
[g l i j r] [


--- TARGET LETTERS ---

['g', 'h', 'i', 'j', 'r']
Full Qwen output: **Exemplars:**
1. [a b c] [a d c]  
2. [x y z] [x z y]  
3. [m n o] [m p o]  

**Final Answer:**  
[[g l j r]]
Filtered Qwen output: g l j r
trial 2 of 10...
trial 3 of 10...
trial 4 of 10...
trial 5 of 10...
trial 6 of 10...
trial 7 of 10...
trial 8 of 10...
trial 9 of 10...
trial 10 of 10...
Problem type: sort - 6/7
trial 1 of 10...

=== PROMPT ===

System message: You are able to solve letter-string analogies

User message: Use the following alphabet to complete the pattern.

n b c d e f g h i j r l m a k p q o s t u v w x y z

First, describe 3 relevant exemplars that are distinct from this problem, then give the final answer. Answer with only the examples and the final answer with no further explanation. Put your final answer between double brackets. Note that the alphabet may be in an unfamiliar order. Complete the pattern using this order.

[o v t u s] [o s t u v]
[t o s q u] [


--- TARGET LETTERS ---

['q', 'o', 's', 't', 'u']
Full Qwen output: **Exemplars:**
1. [a b c] [b c d]  
2. [x y z] [y z x]  
3. [m n o] [n o p]  

**Final Answer:**  
[[t o s q u] [o q s u t]]
Filtered Qwen output: t o s q u] [o q s u t
trial 2 of 10...
trial 3 of 10...
trial 4 of 10...
trial 5 of 10...
trial 6 of 10...
trial 7 of 10...
trial 8 of 10...
trial 9 of 10...
trial 10 of 10...
Saved ./Qwen_Qwen3-8B_prob_predictions_multi_alph/nogen/Qwen_Qwen3-8B_letterstring_results_5_multi_alph_gptprobs_analogical.npz
Total time: 979.1595623493195 seconds.
Loading model Qwen/Qwen3-8B...
GPU memory available: 39.49 GB
`torch_dtype` is deprecated! Use `dtype` instead!
Flash Attention 2 not available (FlashAttention2 has been toggled on, but it cannot be used due to the following error: the package flash_attn seems to be not installed. Please refer to the documentation of https://huggingface.co/docs/transformers/perf_infer_gpu_one#flashattention-2 to install Flash Attention 2.), using default attention
Loading checkpoint shards:   0%|          | 0/5 [00:00<?, ?it/s]Loading checkpoint shards:  20%|██        | 1/5 [00:04<00:18,  4.55s/it]Loading checkpoint shards:  40%|████      | 2/5 [00:08<00:13,  4.47s/it]Loading checkpoint shards:  60%|██████    | 3/5 [00:13<00:08,  4.42s/it]Loading checkpoint shards:  80%|████████  | 4/5 [00:16<00:04,  4.07s/it]Loading checkpoint shards: 100%|██████████| 5/5 [00:18<00:00,  3.09s/it]Loading checkpoint shards: 100%|██████████| 5/5 [00:18<00:00,  3.64s/it]
Model loaded with default attention
Model device: cuda:0
GPU memory allocated: 15.26 GB, reserved: 15.26 GB
Model loaded. Loading tokenizer...
Model Qwen/Qwen3-8B and tokenizer loaded.
alph_0
a q c d e o g h i n k l m u f p y r s t w v b x z j
Problem type: succ - 1/7
trial 1 of 10...

=== PROMPT ===

System message: You are able to solve letter-string analogies

User message: Use the following alphabet to complete the pattern.

a q c d e o g h i n k l m u f p y r s t w v b x z j

First, describe 3 relevant exemplars that are distinct from this problem, then give the final answer. Answer with only the examples and the final answer with no further explanation. Put your final answer between double brackets. Note that the alphabet may be in an unfamiliar order. Complete the pattern using this order.

[o g h i] [o g h n]
[v b x z] [


--- TARGET LETTERS ---

['v', 'b', 'x', 'j']
The following generation flags are not valid and may be ignored: ['temperature', 'top_k']. Set `TRANSFORMERS_VERBOSITY=info` for more details.
Full Qwen output: **Examples:**
1. [a q c] [a q d]  
2. [f p y] [f p z]  
3. [r s t] [r s u]  

**Final Answer:**  
[[v b x] [v b y]]
Filtered Qwen output: v b x] [v b y
trial 2 of 10...
trial 3 of 10...
trial 4 of 10...
trial 5 of 10...
trial 6 of 10...
trial 7 of 10...
trial 8 of 10...
trial 9 of 10...
trial 10 of 10...
Problem type: pred - 2/7
trial 1 of 10...

=== PROMPT ===

System message: You are able to solve letter-string analogies

User message: Use the following alphabet to complete the pattern.

a q c d e o g h i n k l m u f p y r s t w v b x z j

First, describe 3 relevant exemplars that are distinct from this problem, then give the final answer. Answer with only the examples and the final answer with no further explanation. Put your final answer between double brackets. Note that the alphabet may be in an unfamiliar order. Complete the pattern using this order.

[b x z j] [v x z j]
[e o g h] [


--- TARGET LETTERS ---

['d', 'o', 'g', 'h']
Full Qwen output: **Examples:**
1. [a q c d] [e o g h]  
2. [f p y r] [s t w v]  
3. [k l m u] [n k l m]  

**Final Answer:**  
[[n k l m]]
Filtered Qwen output: n k l m
trial 2 of 10...
trial 3 of 10...
trial 4 of 10...
trial 5 of 10...
trial 6 of 10...
trial 7 of 10...
trial 8 of 10...
trial 9 of 10...
trial 10 of 10...
Problem type: add_letter - 3/7
trial 1 of 10...

=== PROMPT ===

System message: You are able to solve letter-string analogies

User message: Use the following alphabet to complete the pattern.

a q c d e o g h i n k l m u f p y r s t w v b x z j

First, describe 3 relevant exemplars that are distinct from this problem, then give the final answer. Answer with only the examples and the final answer with no further explanation. Put your final answer between double brackets. Note that the alphabet may be in an unfamiliar order. Complete the pattern using this order.

[u f p y] [u f p y r]
[d e o g] [


--- TARGET LETTERS ---

['d', 'e', 'o', 'g', 'h']
Full Qwen output: **Examples:**
1. [a q c] [a q c d]  
2. [g h i n] [g h i n k]  
3. [b x z j] [b x z j r]  

**Final Answer:**  
[[d e o g] [d e o g h]]
Filtered Qwen output: d e o g] [d e o g h
trial 2 of 10...
trial 3 of 10...
trial 4 of 10...
trial 5 of 10...
trial 6 of 10...
trial 7 of 10...
trial 8 of 10...
trial 9 of 10...
trial 10 of 10...
Problem type: remove_redundant - 4/7
trial 1 of 10...

=== PROMPT ===

System message: You are able to solve letter-string analogies

User message: Use the following alphabet to complete the pattern.

a q c d e o g h i n k l m u f p y r s t w v b x z j

First, describe 3 relevant exemplars that are distinct from this problem, then give the final answer. Answer with only the examples and the final answer with no further explanation. Put your final answer between double brackets. Note that the alphabet may be in an unfamiliar order. Complete the pattern using this order.

[t t w v b x] [t w v b x]
[e e o g h i] [


--- TARGET LETTERS ---

['e', 'o', 'g', 'h', 'i']
Full Qwen output: **Examples:**
1. [a a q c] [a q c]  
2. [c d e o] [c d e]  
3. [g h i n] [g h i]  

**Final Answer:**  
[[e e o g h i] [e o g h i]]
Filtered Qwen output: e e o g h i] [e o g h i
trial 2 of 10...
trial 3 of 10...
trial 4 of 10...
trial 5 of 10...
trial 6 of 10...
trial 7 of 10...
trial 8 of 10...
trial 9 of 10...
trial 10 of 10...
Problem type: fix_alphabet - 5/7
trial 1 of 10...

=== PROMPT ===

System message: You are able to solve letter-string analogies

User message: Use the following alphabet to complete the pattern.

a q c d e o g h i n k l m u f p y r s t w v b x z j

First, describe 3 relevant exemplars that are distinct from this problem, then give the final answer. Answer with only the examples and the final answer with no further explanation. Put your final answer between double brackets. Note that the alphabet may be in an unfamiliar order. Complete the pattern using this order.

[k s m u f] [k l m u f]
[g r i n k] [


--- TARGET LETTERS ---

['g', 'h', 'i', 'n', 'k']
Full Qwen output: **Examples:**
1. [a q c d e] [a q c d e]  
2. [g h i n k] [g h i n k]  
3. [r s t w v] [r s t w v]  

**Final Answer:**  
[[g r i n k] [g r i n k]]
Filtered Qwen output: g r i n k] [g r i n k
trial 2 of 10...
trial 3 of 10...
trial 4 of 10...
trial 5 of 10...
trial 6 of 10...
trial 7 of 10...
trial 8 of 10...
trial 9 of 10...
trial 10 of 10...
Problem type: sort - 6/7
trial 1 of 10...

=== PROMPT ===

System message: You are able to solve letter-string analogies

User message: Use the following alphabet to complete the pattern.

a q c d e o g h i n k l m u f p y r s t w v b x z j

First, describe 3 relevant exemplars that are distinct from this problem, then give the final answer. Answer with only the examples and the final answer with no further explanation. Put your final answer between double brackets. Note that the alphabet may be in an unfamiliar order. Complete the pattern using this order.

[e c d q o] [q c d e o]
[j b x z v] [


--- TARGET LETTERS ---

['v', 'b', 'x', 'z', 'j']
Full Qwen output: **Examples:**
1. [a q c d] [q c d a]  
2. [g h i n] [h i n g]  
3. [f p y r] [p y r f]  

**Final Answer:**  
[[j b x z v] [b x z v j]]
Filtered Qwen output: j b x z v] [b x z v j
trial 2 of 10...
trial 3 of 10...
trial 4 of 10...
trial 5 of 10...
trial 6 of 10...
trial 7 of 10...
trial 8 of 10...
trial 9 of 10...
trial 10 of 10...
alph_1
a b c q e f g y i o k l t n x p h r s u d v w m j z
Problem type: succ - 1/7
trial 1 of 10...

=== PROMPT ===

System message: You are able to solve letter-string analogies

User message: Use the following alphabet to complete the pattern.

a b c q e f g y i o k l t n x p h r s u d v w m j z

First, describe 3 relevant exemplars that are distinct from this problem, then give the final answer. Answer with only the examples and the final answer with no further explanation. Put your final answer between double brackets. Note that the alphabet may be in an unfamiliar order. Complete the pattern using this order.

[p h r s] [p h r u]
[r s u d] [


--- TARGET LETTERS ---

['r', 's', 'u', 'v']
Full Qwen output: **Examples:**
1. [a b c q] [a b c q]  
2. [e f g y] [e f g y]  
3. [i o k l] [i o k l]  

**Final Answer:**  
[[r s u d] [r s u d]]
Filtered Qwen output: r s u d] [r s u d
trial 2 of 10...
trial 3 of 10...
trial 4 of 10...
trial 5 of 10...
trial 6 of 10...
trial 7 of 10...
trial 8 of 10...
trial 9 of 10...
trial 10 of 10...
Problem type: pred - 2/7
trial 1 of 10...

=== PROMPT ===

System message: You are able to solve letter-string analogies

User message: Use the following alphabet to complete the pattern.

a b c q e f g y i o k l t n x p h r s u d v w m j z

First, describe 3 relevant exemplars that are distinct from this problem, then give the final answer. Answer with only the examples and the final answer with no further explanation. Put your final answer between double brackets. Note that the alphabet may be in an unfamiliar order. Complete the pattern using this order.

[y i o k] [g i o k]
[p h r s] [


--- TARGET LETTERS ---

['x', 'h', 'r', 's']
Full Qwen output: [y i o k] [g i o k]  
[p h r s] [n x p h]  
[m j z a] [d v w m]  

[[n x p h]]
Filtered Qwen output: n x p h
trial 2 of 10...
trial 3 of 10...
trial 4 of 10...
trial 5 of 10...
trial 6 of 10...
trial 7 of 10...
trial 8 of 10...
trial 9 of 10...
trial 10 of 10...
Problem type: add_letter - 3/7
trial 1 of 10...

=== PROMPT ===

System message: You are able to solve letter-string analogies

User message: Use the following alphabet to complete the pattern.

a b c q e f g y i o k l t n x p h r s u d v w m j z

First, describe 3 relevant exemplars that are distinct from this problem, then give the final answer. Answer with only the examples and the final answer with no further explanation. Put your final answer between double brackets. Note that the alphabet may be in an unfamiliar order. Complete the pattern using this order.

[i o k l] [i o k l t]
[x p h r] [


--- TARGET LETTERS ---

['x', 'p', 'h', 'r', 's']
Full Qwen output: **Examples:**
1. [a b c] [a b c q]  
2. [e f g] [e f g y]  
3. [i o k] [i o k l]  

**Final Answer:**  
[[x p h r] [x p h r s]]
Filtered Qwen output: x p h r] [x p h r s
trial 2 of 10...
trial 3 of 10...
trial 4 of 10...
trial 5 of 10...
trial 6 of 10...
trial 7 of 10...
trial 8 of 10...
trial 9 of 10...
trial 10 of 10...
Problem type: remove_redundant - 4/7
trial 1 of 10...

=== PROMPT ===

System message: You are able to solve letter-string analogies

User message: Use the following alphabet to complete the pattern.

a b c q e f g y i o k l t n x p h r s u d v w m j z

First, describe 3 relevant exemplars that are distinct from this problem, then give the final answer. Answer with only the examples and the final answer with no further explanation. Put your final answer between double brackets. Note that the alphabet may be in an unfamiliar order. Complete the pattern using this order.

[v w m j z z] [v w m j z]
[p h r s u u] [


--- TARGET LETTERS ---

['p', 'h', 'r', 's', 'u']
Full Qwen output: **Examples:**
1. [a b c q e f g y i o k l t n x p h r s u d v w m j z] [a b c q e f g y i o k l t n x p h r s u d v w m j z]  
2. [v w m j z z] [v w m j z]  
3. [p h r s u u] [p h r s u]  

**Final Answer:**  
[[p h r s u u] [p h r s u]]
Filtered Qwen output: p h r s u u] [p h r s u
trial 2 of 10...
trial 3 of 10...
trial 4 of 10...
trial 5 of 10...
trial 6 of 10...
trial 7 of 10...
trial 8 of 10...
trial 9 of 10...
trial 10 of 10...
Problem type: fix_alphabet - 5/7
trial 1 of 10...

=== PROMPT ===

System message: You are able to solve letter-string analogies

User message: Use the following alphabet to complete the pattern.

a b c q e f g y i o k l t n x p h r s u d v w m j z

First, describe 3 relevant exemplars that are distinct from this problem, then give the final answer. Answer with only the examples and the final answer with no further explanation. Put your final answer between double brackets. Note that the alphabet may be in an unfamiliar order. Complete the pattern using this order.

[g n i o k] [g y i o k]
[m l t n x] [


--- TARGET LETTERS ---

['k', 'l', 't', 'n', 'x']
Full Qwen output: **Examples:**
1. [a b c q e] [a b c q e]  
2. [d v w m j] [d v w m j]  
3. [r s u d v] [r s u d v]  

**Final Answer:**  
[[m l t n x] [m l t n x]]
Filtered Qwen output: m l t n x] [m l t n x
trial 2 of 10...
trial 3 of 10...
trial 4 of 10...
trial 5 of 10...
trial 6 of 10...
trial 7 of 10...
trial 8 of 10...
trial 9 of 10...
trial 10 of 10...
Problem type: sort - 6/7
trial 1 of 10...

=== PROMPT ===

System message: You are able to solve letter-string analogies

User message: Use the following alphabet to complete the pattern.

a b c q e f g y i o k l t n x p h r s u d v w m j z

First, describe 3 relevant exemplars that are distinct from this problem, then give the final answer. Answer with only the examples and the final answer with no further explanation. Put your final answer between double brackets. Note that the alphabet may be in an unfamiliar order. Complete the pattern using this order.

[h p x r s] [x p h r s]
[g f y i o] [


--- TARGET LETTERS ---

['f', 'g', 'y', 'i', 'o']
Full Qwen output: **Examples:**
1. [a b c q e f g y i o] [c q e f g y i o]  
2. [k l t n x p h r s] [l t n x p h r s]  
3. [m j z a b c q e f] [j z a b c q e f]  

**Final Answer:**  
[[g f y i o] [f y i o]]
Filtered Qwen output: g f y i o] [f y i o
trial 2 of 10...
trial 3 of 10...
trial 4 of 10...
trial 5 of 10...
trial 6 of 10...
trial 7 of 10...
trial 8 of 10...
trial 9 of 10...
trial 10 of 10...
alph_2
c b v h e f g d r j k l m n o p q y s t u x a w i z
Problem type: succ - 1/7
trial 1 of 10...

=== PROMPT ===

System message: You are able to solve letter-string analogies

User message: Use the following alphabet to complete the pattern.

c b v h e f g d r j k l m n o p q y s t u x a w i z

First, describe 3 relevant exemplars that are distinct from this problem, then give the final answer. Answer with only the examples and the final answer with no further explanation. Put your final answer between double brackets. Note that the alphabet may be in an unfamiliar order. Complete the pattern using this order.

[f g d r] [f g d j]
[b v h e] [


--- TARGET LETTERS ---

['b', 'v', 'h', 'f']
Full Qwen output: **Examples:**
1. [a w i z] [a w i x]  
2. [c b v h] [c b v j]  
3. [k l m n] [k l m o]  

**Final Answer:**  
[[b v h j]]
Filtered Qwen output: b v h j
trial 2 of 10...
trial 3 of 10...
trial 4 of 10...
trial 5 of 10...
trial 6 of 10...
trial 7 of 10...
trial 8 of 10...
trial 9 of 10...
trial 10 of 10...
Problem type: pred - 2/7
trial 1 of 10...

=== PROMPT ===

System message: You are able to solve letter-string analogies

User message: Use the following alphabet to complete the pattern.

c b v h e f g d r j k l m n o p q y s t u x a w i z

First, describe 3 relevant exemplars that are distinct from this problem, then give the final answer. Answer with only the examples and the final answer with no further explanation. Put your final answer between double brackets. Note that the alphabet may be in an unfamiliar order. Complete the pattern using this order.

[u x a w] [t x a w]
[d r j k] [


--- TARGET LETTERS ---

['g', 'r', 'j', 'k']
Full Qwen output: **Examples:**
1. [c b v h] [e f g d]  
2. [y s t u] [x a w i]  
3. [q y s t] [u x a w]  

**Final Answer:**  
[[d r j k] [l m n o]]
Filtered Qwen output: d r j k] [l m n o
trial 2 of 10...
trial 3 of 10...
trial 4 of 10...
trial 5 of 10...
trial 6 of 10...
trial 7 of 10...
trial 8 of 10...
trial 9 of 10...
trial 10 of 10...
Problem type: add_letter - 3/7
trial 1 of 10...

=== PROMPT ===

System message: You are able to solve letter-string analogies

User message: Use the following alphabet to complete the pattern.

c b v h e f g d r j k l m n o p q y s t u x a w i z

First, describe 3 relevant exemplars that are distinct from this problem, then give the final answer. Answer with only the examples and the final answer with no further explanation. Put your final answer between double brackets. Note that the alphabet may be in an unfamiliar order. Complete the pattern using this order.

[s t u x] [s t u x a]
[u x a w] [


--- TARGET LETTERS ---

['u', 'x', 'a', 'w', 'i']
Full Qwen output: **Examples:**
1. [a b c] [a b c d]  
2. [d e f] [d e f g]  
3. [g h i] [g h i j]  

**Final Answer:**  
[[u x a w] [u x a w s]]
Filtered Qwen output: u x a w] [u x a w s
trial 2 of 10...
trial 3 of 10...
trial 4 of 10...
trial 5 of 10...
trial 6 of 10...
trial 7 of 10...
trial 8 of 10...
trial 9 of 10...
trial 10 of 10...
Problem type: remove_redundant - 4/7
trial 1 of 10...

=== PROMPT ===

System message: You are able to solve letter-string analogies

User message: Use the following alphabet to complete the pattern.

c b v h e f g d r j k l m n o p q y s t u x a w i z

First, describe 3 relevant exemplars that are distinct from this problem, then give the final answer. Answer with only the examples and the final answer with no further explanation. Put your final answer between double brackets. Note that the alphabet may be in an unfamiliar order. Complete the pattern using this order.

[s t t u x a] [s t u x a]
[x a w i i z] [


--- TARGET LETTERS ---

['x', 'a', 'w', 'i', 'z']
Full Qwen output: **Examples:**
1. [a b c] [a b]  
2. [d e f] [d e]  
3. [g h i] [g h]  

**Final Answer:**  
[[x a w i z]]
Filtered Qwen output: x a w i z
trial 2 of 10...
trial 3 of 10...
trial 4 of 10...
trial 5 of 10...
trial 6 of 10...
trial 7 of 10...
trial 8 of 10...
trial 9 of 10...
trial 10 of 10...
Problem type: fix_alphabet - 5/7
trial 1 of 10...

=== PROMPT ===

System message: You are able to solve letter-string analogies

User message: Use the following alphabet to complete the pattern.

c b v h e f g d r j k l m n o p q y s t u x a w i z

First, describe 3 relevant exemplars that are distinct from this problem, then give the final answer. Answer with only the examples and the final answer with no further explanation. Put your final answer between double brackets. Note that the alphabet may be in an unfamiliar order. Complete the pattern using this order.

[k s m n o] [k l m n o]
[x c w i z] [


--- TARGET LETTERS ---

['x', 'a', 'w', 'i', 'z']
Full Qwen output: **Exemplars:**
1. [a b c] [a b c]
2. [d e f] [d e f]
3. [g h i] [g h i]

**Final Answer:**  
[[x c w i z] [x c w i z]]
Filtered Qwen output: x c w i z] [x c w i z
trial 2 of 10...
trial 3 of 10...
trial 4 of 10...
trial 5 of 10...
trial 6 of 10...
trial 7 of 10...
trial 8 of 10...
trial 9 of 10...
trial 10 of 10...
Problem type: sort - 6/7
trial 1 of 10...

=== PROMPT ===

System message: You are able to solve letter-string analogies

User message: Use the following alphabet to complete the pattern.

c b v h e f g d r j k l m n o p q y s t u x a w i z

First, describe 3 relevant exemplars that are distinct from this problem, then give the final answer. Answer with only the examples and the final answer with no further explanation. Put your final answer between double brackets. Note that the alphabet may be in an unfamiliar order. Complete the pattern using this order.

[v e h f g] [v h e f g]
[q s y t u] [


--- TARGET LETTERS ---

['q', 'y', 's', 't', 'u']
Full Qwen output: **Examples:**
1. [a w i z] [a i w z]  
2. [c b v h] [c h b v]  
3. [k l m n] [k n l m]  

**Final Answer:**  
[[q y s t u]]
Filtered Qwen output: q y s t u
trial 2 of 10...
trial 3 of 10...
trial 4 of 10...
trial 5 of 10...
trial 6 of 10...
trial 7 of 10...
trial 8 of 10...
trial 9 of 10...
trial 10 of 10...
alph_3
a m c p z f g h i b d k j n o l q r s t u v w x e y
Problem type: succ - 1/7
trial 1 of 10...

=== PROMPT ===

System message: You are able to solve letter-string analogies

User message: Use the following alphabet to complete the pattern.

a m c p z f g h i b d k j n o l q r s t u v w x e y

First, describe 3 relevant exemplars that are distinct from this problem, then give the final answer. Answer with only the examples and the final answer with no further explanation. Put your final answer between double brackets. Note that the alphabet may be in an unfamiliar order. Complete the pattern using this order.

[z f g h] [z f g i]
[q r s t] [


--- TARGET LETTERS ---

['q', 'r', 's', 'u']
Full Qwen output: **Examples:**
1. [a m c] [a m d]  
2. [b d k] [b d l]  
3. [j n o] [j n p]  

**Final Answer:**  
[[q r s u]]
Filtered Qwen output: q r s u
trial 2 of 10...
trial 3 of 10...
trial 4 of 10...
trial 5 of 10...
trial 6 of 10...
trial 7 of 10...
trial 8 of 10...
trial 9 of 10...
trial 10 of 10...
Problem type: pred - 2/7
trial 1 of 10...

=== PROMPT ===

System message: You are able to solve letter-string analogies

User message: Use the following alphabet to complete the pattern.

a m c p z f g h i b d k j n o l q r s t u v w x e y

First, describe 3 relevant exemplars that are distinct from this problem, then give the final answer. Answer with only the examples and the final answer with no further explanation. Put your final answer between double brackets. Note that the alphabet may be in an unfamiliar order. Complete the pattern using this order.

[m c p z] [a c p z]
[o l q r] [


--- TARGET LETTERS ---

['n', 'l', 'q', 'r']
Full Qwen output: [m c p z] [a c p z]  
[o l q r] [a l q r]  
[b d k j] [b d k j]  
[n o l q] [n o l q]  

[[a l q r]]
Filtered Qwen output: a l q r
trial 2 of 10...
trial 3 of 10...
trial 4 of 10...
trial 5 of 10...
trial 6 of 10...
trial 7 of 10...
trial 8 of 10...
trial 9 of 10...
trial 10 of 10...
Problem type: add_letter - 3/7
trial 1 of 10...

=== PROMPT ===

System message: You are able to solve letter-string analogies

User message: Use the following alphabet to complete the pattern.

a m c p z f g h i b d k j n o l q r s t u v w x e y

First, describe 3 relevant exemplars that are distinct from this problem, then give the final answer. Answer with only the examples and the final answer with no further explanation. Put your final answer between double brackets. Note that the alphabet may be in an unfamiliar order. Complete the pattern using this order.

[a m c p] [a m c p z]
[t u v w] [


--- TARGET LETTERS ---

['t', 'u', 'v', 'w', 'x']
Full Qwen output: **Examples:**
1. [a m c p] [a m c p z]  
2. [t u v w] [t u v w x]  
3. [b d k j] [b d k j n]  

**Final Answer:**  
[[t u v w x]]
Filtered Qwen output: t u v w x
trial 2 of 10...
trial 3 of 10...
trial 4 of 10...
trial 5 of 10...
trial 6 of 10...
trial 7 of 10...
trial 8 of 10...
trial 9 of 10...
trial 10 of 10...
Problem type: remove_redundant - 4/7
trial 1 of 10...

=== PROMPT ===

System message: You are able to solve letter-string analogies

User message: Use the following alphabet to complete the pattern.

a m c p z f g h i b d k j n o l q r s t u v w x e y

First, describe 3 relevant exemplars that are distinct from this problem, then give the final answer. Answer with only the examples and the final answer with no further explanation. Put your final answer between double brackets. Note that the alphabet may be in an unfamiliar order. Complete the pattern using this order.

[z f g h h i] [z f g h i]
[c p z z f g] [


--- TARGET LETTERS ---

['c', 'p', 'z', 'f', 'g']
Full Qwen output: **Examples:**
1. [a m c p] [a m c p z]  
2. [b d k j] [b d k j n]  
3. [q r s t] [q r s t u]  

**Final Answer:**  
[[c p z f g h]]
Filtered Qwen output: c p z f g h
trial 2 of 10...
trial 3 of 10...
trial 4 of 10...
trial 5 of 10...
trial 6 of 10...
trial 7 of 10...
trial 8 of 10...
trial 9 of 10...
trial 10 of 10...
Problem type: fix_alphabet - 5/7
trial 1 of 10...

=== PROMPT ===

System message: You are able to solve letter-string analogies

User message: Use the following alphabet to complete the pattern.

a m c p z f g h i b d k j n o l q r s t u v w x e y

First, describe 3 relevant exemplars that are distinct from this problem, then give the final answer. Answer with only the examples and the final answer with no further explanation. Put your final answer between double brackets. Note that the alphabet may be in an unfamiliar order. Complete the pattern using this order.

[b f k j n] [b d k j n]
[n y l q r] [


--- TARGET LETTERS ---

['n', 'o', 'l', 'q', 'r']
Full Qwen output: **Examples:**
1. [a m c] [a c]  
2. [z f g] [z g]  
3. [h i b] [h b]  

**Final Answer:**  
[[n y l q r] [n r]]
Filtered Qwen output: n y l q r] [n r
trial 2 of 10...
trial 3 of 10...
trial 4 of 10...
trial 5 of 10...
trial 6 of 10...
trial 7 of 10...
trial 8 of 10...
trial 9 of 10...
trial 10 of 10...
Problem type: sort - 6/7
trial 1 of 10...

=== PROMPT ===

System message: You are able to solve letter-string analogies

User message: Use the following alphabet to complete the pattern.

a m c p z f g h i b d k j n o l q r s t u v w x e y

First, describe 3 relevant exemplars that are distinct from this problem, then give the final answer. Answer with only the examples and the final answer with no further explanation. Put your final answer between double brackets. Note that the alphabet may be in an unfamiliar order. Complete the pattern using this order.

[v e x w y] [v w x e y]
[b i d k j] [


--- TARGET LETTERS ---

['i', 'b', 'd', 'k', 'j']
Full Qwen output: **Examples:**
1. [a m c] [a c m]  
2. [z f g] [z g f]  
3. [b d k] [b k d]  

**Final Answer:**  
[[b k j]]
Filtered Qwen output: b k j
trial 2 of 10...
trial 3 of 10...
trial 4 of 10...
trial 5 of 10...
trial 6 of 10...
trial 7 of 10...
trial 8 of 10...
trial 9 of 10...
trial 10 of 10...
alph_4
g b c d e f a q i t k z m l o p h n s j u v w x y r
Problem type: succ - 1/7
trial 1 of 10...

=== PROMPT ===

System message: You are able to solve letter-string analogies

User message: Use the following alphabet to complete the pattern.

g b c d e f a q i t k z m l o p h n s j u v w x y r

First, describe 3 relevant exemplars that are distinct from this problem, then give the final answer. Answer with only the examples and the final answer with no further explanation. Put your final answer between double brackets. Note that the alphabet may be in an unfamiliar order. Complete the pattern using this order.

[l o p h] [l o p n]
[z m l o] [


--- TARGET LETTERS ---

['z', 'm', 'l', 'p']
Full Qwen output: **Examples:**
1. [a q i t] [a q i s]  
2. [f a q i] [f a q h]  
3. [k z m l] [k z m k]  

**Final Answer:**  
[[z m l o] [z m l n]]
Filtered Qwen output: z m l o] [z m l n
trial 2 of 10...
trial 3 of 10...
trial 4 of 10...
trial 5 of 10...
trial 6 of 10...
trial 7 of 10...
trial 8 of 10...
trial 9 of 10...
trial 10 of 10...
Problem type: pred - 2/7
trial 1 of 10...

=== PROMPT ===

System message: You are able to solve letter-string analogies

User message: Use the following alphabet to complete the pattern.

g b c d e f a q i t k z m l o p h n s j u v w x y r

First, describe 3 relevant exemplars that are distinct from this problem, then give the final answer. Answer with only the examples and the final answer with no further explanation. Put your final answer between double brackets. Note that the alphabet may be in an unfamiliar order. Complete the pattern using this order.

[o p h n] [l p h n]
[p h n s] [


--- TARGET LETTERS ---

['o', 'h', 'n', 's']
Full Qwen output: **Examples:**
1. [a q i t] [q i t k]  
2. [m l o p] [l o p h]  
3. [s j u v] [j u v w]  

**Final Answer:**  
[[p h n s] [h n s j]]
Filtered Qwen output: p h n s] [h n s j
trial 2 of 10...
trial 3 of 10...
trial 4 of 10...
trial 5 of 10...
trial 6 of 10...
trial 7 of 10...
trial 8 of 10...
trial 9 of 10...
trial 10 of 10...
Problem type: add_letter - 3/7
trial 1 of 10...

=== PROMPT ===

System message: You are able to solve letter-string analogies

User message: Use the following alphabet to complete the pattern.

g b c d e f a q i t k z m l o p h n s j u v w x y r

First, describe 3 relevant exemplars that are distinct from this problem, then give the final answer. Answer with only the examples and the final answer with no further explanation. Put your final answer between double brackets. Note that the alphabet may be in an unfamiliar order. Complete the pattern using this order.

[j u v w] [j u v w x]
[e f a q] [


--- TARGET LETTERS ---

['e', 'f', 'a', 'q', 'i']
Full Qwen output: **Examples:**
1. [a q i t] [a q i t k]  
2. [m l o p] [m l o p h]  
3. [s j u v] [s j u v w]  

**Final Answer:**  
[[e f a q] [e f a q i]]
Filtered Qwen output: e f a q] [e f a q i
trial 2 of 10...
trial 3 of 10...
trial 4 of 10...
trial 5 of 10...
trial 6 of 10...
trial 7 of 10...
trial 8 of 10...
trial 9 of 10...
trial 10 of 10...
Problem type: remove_redundant - 4/7
trial 1 of 10...

=== PROMPT ===

System message: You are able to solve letter-string analogies

User message: Use the following alphabet to complete the pattern.

g b c d e f a q i t k z m l o p h n s j u v w x y r

First, describe 3 relevant exemplars that are distinct from this problem, then give the final answer. Answer with only the examples and the final answer with no further explanation. Put your final answer between double brackets. Note that the alphabet may be in an unfamiliar order. Complete the pattern using this order.

[k z m m l o] [k z m l o]
[i t k z z m] [


--- TARGET LETTERS ---

['i', 't', 'k', 'z', 'm']
Full Qwen output: **Examples:**
1. [a q i t] [a q i]  
2. [h n s j] [h n s]  
3. [v w x y] [v w x]  

**Final Answer:**  
[[i t k z]]
Filtered Qwen output: i t k z
trial 2 of 10...
trial 3 of 10...
trial 4 of 10...
trial 5 of 10...
trial 6 of 10...
trial 7 of 10...
trial 8 of 10...
trial 9 of 10...
trial 10 of 10...
Problem type: fix_alphabet - 5/7
trial 1 of 10...

=== PROMPT ===

System message: You are able to solve letter-string analogies

User message: Use the following alphabet to complete the pattern.

g b c d e f a q i t k z m l o p h n s j u v w x y r

First, describe 3 relevant exemplars that are distinct from this problem, then give the final answer. Answer with only the examples and the final answer with no further explanation. Put your final answer between double brackets. Note that the alphabet may be in an unfamiliar order. Complete the pattern using this order.

[i n k z m] [i t k z m]
[v w k y r] [


--- TARGET LETTERS ---

['v', 'w', 'x', 'y', 'r']
Full Qwen output: **Examples:**
1. [a b c] [a c]  
2. [d e f] [d f]  
3. [g h i] [g i]  

**Final Answer:**  
[[v w k y r] [v y r]]
Filtered Qwen output: v w k y r] [v y r
trial 2 of 10...
trial 3 of 10...
trial 4 of 10...
trial 5 of 10...
trial 6 of 10...
trial 7 of 10...
trial 8 of 10...
trial 9 of 10...
trial 10 of 10...
Problem type: sort - 6/7
trial 1 of 10...

=== PROMPT ===

System message: You are able to solve letter-string analogies

User message: Use the following alphabet to complete the pattern.

g b c d e f a q i t k z m l o p h n s j u v w x y r

First, describe 3 relevant exemplars that are distinct from this problem, then give the final answer. Answer with only the examples and the final answer with no further explanation. Put your final answer between double brackets. Note that the alphabet may be in an unfamiliar order. Complete the pattern using this order.

[w j u v s] [s j u v w]
[l o h p n] [


--- TARGET LETTERS ---

['l', 'o', 'p', 'h', 'n']
Full Qwen output: **Examples:**
1. [a q i t] [t i q a]  
2. [f a q h] [h q a f]  
3. [m l o p] [p o l m]  

**Final Answer:**  
[[l o h p n] [n p h o l]]
Filtered Qwen output: l o h p n] [n p h o l
trial 2 of 10...
trial 3 of 10...
trial 4 of 10...
trial 5 of 10...
trial 6 of 10...
trial 7 of 10...
trial 8 of 10...
trial 9 of 10...
trial 10 of 10...
alph_5
e a c d b f g r i j k w m p n h q l s t u v o x y z
Problem type: succ - 1/7
trial 1 of 10...

=== PROMPT ===

System message: You are able to solve letter-string analogies

User message: Use the following alphabet to complete the pattern.

e a c d b f g r i j k w m p n h q l s t u v o x y z

First, describe 3 relevant exemplars that are distinct from this problem, then give the final answer. Answer with only the examples and the final answer with no further explanation. Put your final answer between double brackets. Note that the alphabet may be in an unfamiliar order. Complete the pattern using this order.

[r i j k] [r i j w]
[e a c d] [


--- TARGET LETTERS ---

['e', 'a', 'c', 'b']
Full Qwen output: [r i j k] [r i j w]  
[e a c d] [e a c w]  
[m p n h] [m p n w]  
[r i j k] [r i j w]  
[e a c d] [e a c w]  
[m p n h] [m p n w]  

[[e a c w]]
Filtered Qwen output: e a c w
trial 2 of 10...
trial 3 of 10...
trial 4 of 10...
trial 5 of 10...
trial 6 of 10...
trial 7 of 10...
trial 8 of 10...
trial 9 of 10...
trial 10 of 10...
Problem type: pred - 2/7
trial 1 of 10...

=== PROMPT ===

System message: You are able to solve letter-string analogies

User message: Use the following alphabet to complete the pattern.

e a c d b f g r i j k w m p n h q l s t u v o x y z

First, describe 3 relevant exemplars that are distinct from this problem, then give the final answer. Answer with only the examples and the final answer with no further explanation. Put your final answer between double brackets. Note that the alphabet may be in an unfamiliar order. Complete the pattern using this order.

[c d b f] [a d b f]
[p n h q] [


--- TARGET LETTERS ---

['m', 'n', 'h', 'q']
Full Qwen output: **Examples:**
1. [a b c] [b c d]  
2. [x y z] [y z x]  
3. [m n o] [n o p]  

**Final Answer:**  
[[p n h q] [n h q p]]
Filtered Qwen output: p n h q] [n h q p
trial 2 of 10...
trial 3 of 10...
trial 4 of 10...
trial 5 of 10...
trial 6 of 10...
trial 7 of 10...
trial 8 of 10...
trial 9 of 10...
trial 10 of 10...
Problem type: add_letter - 3/7
trial 1 of 10...

=== PROMPT ===

System message: You are able to solve letter-string analogies

User message: Use the following alphabet to complete the pattern.

e a c d b f g r i j k w m p n h q l s t u v o x y z

First, describe 3 relevant exemplars that are distinct from this problem, then give the final answer. Answer with only the examples and the final answer with no further explanation. Put your final answer between double brackets. Note that the alphabet may be in an unfamiliar order. Complete the pattern using this order.

[w m p n] [w m p n h]
[m p n h] [


--- TARGET LETTERS ---

['m', 'p', 'n', 'h', 'q']
Full Qwen output: **Examples:**
1. [a c d] [a c d b]  
2. [f g r] [f g r i]  
3. [j k w] [j k w m]  

**Final Answer:**  
[[m p n h] [m p n h q]]
Filtered Qwen output: m p n h] [m p n h q
trial 2 of 10...
trial 3 of 10...
trial 4 of 10...
trial 5 of 10...
trial 6 of 10...
trial 7 of 10...
trial 8 of 10...
trial 9 of 10...
trial 10 of 10...
Problem type: remove_redundant - 4/7
trial 1 of 10...

=== PROMPT ===

System message: You are able to solve letter-string analogies

User message: Use the following alphabet to complete the pattern.

e a c d b f g r i j k w m p n h q l s t u v o x y z

First, describe 3 relevant exemplars that are distinct from this problem, then give the final answer. Answer with only the examples and the final answer with no further explanation. Put your final answer between double brackets. Note that the alphabet may be in an unfamiliar order. Complete the pattern using this order.

[a c c d b f] [a c d b f]
[k w m p p n] [


--- TARGET LETTERS ---

['k', 'w', 'm', 'p', 'n']
Full Qwen output: **Exemplars:**
1. [a b c] [a b]
2. [d e f] [d e]
3. [g h i] [g]

**Final Answer:**  
[[k w m p n]]
Filtered Qwen output: k w m p n
trial 2 of 10...
trial 3 of 10...
trial 4 of 10...
trial 5 of 10...
trial 6 of 10...
trial 7 of 10...
trial 8 of 10...
trial 9 of 10...
trial 10 of 10...
Problem type: fix_alphabet - 5/7
trial 1 of 10...

=== PROMPT ===

System message: You are able to solve letter-string analogies

User message: Use the following alphabet to complete the pattern.

e a c d b f g r i j k w m p n h q l s t u v o x y z

First, describe 3 relevant exemplars that are distinct from this problem, then give the final answer. Answer with only the examples and the final answer with no further explanation. Put your final answer between double brackets. Note that the alphabet may be in an unfamiliar order. Complete the pattern using this order.

[r i j k b] [r i j k w]
[k w r p n] [


--- TARGET LETTERS ---

['k', 'w', 'm', 'p', 'n']
Full Qwen output: [r i j k b] [r i j k w]  
[k w r p n] [k w r p n]  

[[k w r p n]]
Filtered Qwen output: k w r p n
trial 2 of 10...
trial 3 of 10...
trial 4 of 10...
trial 5 of 10...
trial 6 of 10...
trial 7 of 10...
trial 8 of 10...
trial 9 of 10...
trial 10 of 10...
Problem type: sort - 6/7
trial 1 of 10...

=== PROMPT ===

System message: You are able to solve letter-string analogies

User message: Use the following alphabet to complete the pattern.

e a c d b f g r i j k w m p n h q l s t u v o x y z

First, describe 3 relevant exemplars that are distinct from this problem, then give the final answer. Answer with only the examples and the final answer with no further explanation. Put your final answer between double brackets. Note that the alphabet may be in an unfamiliar order. Complete the pattern using this order.

[c f b d g] [c d b f g]
[b a c d e] [


--- TARGET LETTERS ---

['e', 'a', 'c', 'd', 'b']
Full Qwen output: **Exemplars:**
1. [a b c] [a c b]  
2. [d e f] [d f e]  
3. [g h i] [g i h]  

**Final Answer:**  
[[b a c d e] [b d a c e]]  

[[b d a c e]]
Filtered Qwen output: b a c d e] [b d a c e
trial 2 of 10...
trial 3 of 10...
trial 4 of 10...
trial 5 of 10...
trial 6 of 10...
trial 7 of 10...
trial 8 of 10...
trial 9 of 10...
trial 10 of 10...
alph_6
a b s d e f g o i j k c x n h p q t y r u v w l m z
Problem type: succ - 1/7
trial 1 of 10...

=== PROMPT ===

System message: You are able to solve letter-string analogies

User message: Use the following alphabet to complete the pattern.

a b s d e f g o i j k c x n h p q t y r u v w l m z

First, describe 3 relevant exemplars that are distinct from this problem, then give the final answer. Answer with only the examples and the final answer with no further explanation. Put your final answer between double brackets. Note that the alphabet may be in an unfamiliar order. Complete the pattern using this order.

[t y r u] [t y r v]
[f g o i] [


--- TARGET LETTERS ---

['f', 'g', 'o', 'j']
Full Qwen output: **Examples:**
1. [a b s d] [a b s e]  
2. [f g o i] [f g o j]  
3. [c x n h] [c x n i]  

**Final Answer:**  
[[f g o j]]
Filtered Qwen output: f g o j
trial 2 of 10...
trial 3 of 10...
trial 4 of 10...
trial 5 of 10...
trial 6 of 10...
trial 7 of 10...
trial 8 of 10...
trial 9 of 10...
trial 10 of 10...
Problem type: pred - 2/7
trial 1 of 10...

=== PROMPT ===

System message: You are able to solve letter-string analogies

User message: Use the following alphabet to complete the pattern.

a b s d e f g o i j k c x n h p q t y r u v w l m z

First, describe 3 relevant exemplars that are distinct from this problem, then give the final answer. Answer with only the examples and the final answer with no further explanation. Put your final answer between double brackets. Note that the alphabet may be in an unfamiliar order. Complete the pattern using this order.

[t y r u] [q y r u]
[w l m z] [


--- TARGET LETTERS ---

['v', 'l', 'm', 'z']
Full Qwen output: **Examples:**
1. [a b s d] [a b s d]  
2. [c x n h] [c x n h]  
3. [p q t y] [p q t y]  

**Final Answer:**  
[[w l m z] [w l m z]]
Filtered Qwen output: w l m z] [w l m z
trial 2 of 10...
trial 3 of 10...
trial 4 of 10...
trial 5 of 10...
trial 6 of 10...
trial 7 of 10...
trial 8 of 10...
trial 9 of 10...
trial 10 of 10...
Problem type: add_letter - 3/7
trial 1 of 10...

=== PROMPT ===

System message: You are able to solve letter-string analogies

User message: Use the following alphabet to complete the pattern.

a b s d e f g o i j k c x n h p q t y r u v w l m z

First, describe 3 relevant exemplars that are distinct from this problem, then give the final answer. Answer with only the examples and the final answer with no further explanation. Put your final answer between double brackets. Note that the alphabet may be in an unfamiliar order. Complete the pattern using this order.

[h p q t] [h p q t y]
[q t y r] [


--- TARGET LETTERS ---

['q', 't', 'y', 'r', 'u']
Full Qwen output: [h p q t] [h p q t y]  
[q t y r] [q t y r u]  
[r u v w] [r u v w l]  

[[q t y r u]]
Filtered Qwen output: q t y r u
trial 2 of 10...
trial 3 of 10...
trial 4 of 10...
trial 5 of 10...
trial 6 of 10...
trial 7 of 10...
trial 8 of 10...
trial 9 of 10...
trial 10 of 10...
Problem type: remove_redundant - 4/7
trial 1 of 10...

=== PROMPT ===

System message: You are able to solve letter-string analogies

User message: Use the following alphabet to complete the pattern.

a b s d e f g o i j k c x n h p q t y r u v w l m z

First, describe 3 relevant exemplars that are distinct from this problem, then give the final answer. Answer with only the examples and the final answer with no further explanation. Put your final answer between double brackets. Note that the alphabet may be in an unfamiliar order. Complete the pattern using this order.

[g o o i j k] [g o i j k]
[d e f g g o] [


--- TARGET LETTERS ---

['d', 'e', 'f', 'g', 'o']
Full Qwen output: **Examples:**
1. [a b s] [a b]  
2. [c x n h] [c x n]  
3. [r u v w] [r u v]  

**Final Answer:**  
[[d e f g g o] [d e f g]]
Filtered Qwen output: d e f g g o] [d e f g
trial 2 of 10...
trial 3 of 10...
trial 4 of 10...
trial 5 of 10...
trial 6 of 10...
trial 7 of 10...
trial 8 of 10...
trial 9 of 10...
trial 10 of 10...
Problem type: fix_alphabet - 5/7
trial 1 of 10...

=== PROMPT ===

System message: You are able to solve letter-string analogies

User message: Use the following alphabet to complete the pattern.

a b s d e f g o i j k c x n h p q t y r u v w l m z

First, describe 3 relevant exemplars that are distinct from this problem, then give the final answer. Answer with only the examples and the final answer with no further explanation. Put your final answer between double brackets. Note that the alphabet may be in an unfamiliar order. Complete the pattern using this order.

[c x n e p] [c x n h p]
[v b l m z] [


--- TARGET LETTERS ---

['v', 'w', 'l', 'm', 'z']
Full Qwen output: **Examples:**
1. [a b s d] [a b s e]  
2. [g o i j] [g o i k]  
3. [r u v w] [r u v x]  

**Final Answer:**  
[[v b l m] [v b l n]]
Filtered Qwen output: v b l m] [v b l n
trial 2 of 10...
trial 3 of 10...
trial 4 of 10...
trial 5 of 10...
trial 6 of 10...
trial 7 of 10...
trial 8 of 10...
trial 9 of 10...
trial 10 of 10...
Problem type: sort - 6/7
trial 1 of 10...

=== PROMPT ===

System message: You are able to solve letter-string analogies

User message: Use the following alphabet to complete the pattern.

a b s d e f g o i j k c x n h p q t y r u v w l m z

First, describe 3 relevant exemplars that are distinct from this problem, then give the final answer. Answer with only the examples and the final answer with no further explanation. Put your final answer between double brackets. Note that the alphabet may be in an unfamiliar order. Complete the pattern using this order.

[t v r u y] [t y r u v]
[m w l v z] [


--- TARGET LETTERS ---

['v', 'w', 'l', 'm', 'z']
Full Qwen output: **Examples:**
1. [a b s d] [a d s b]  
2. [c x n h] [c h n x]  
3. [p q t y] [p y t q]  

**Final Answer:**  
[[m w z v l]]
Filtered Qwen output: m w z v l
trial 2 of 10...
trial 3 of 10...
trial 4 of 10...
trial 5 of 10...
trial 6 of 10...
trial 7 of 10...
trial 8 of 10...
trial 9 of 10...
trial 10 of 10...
Saved ./Qwen_Qwen3-8B_prob_predictions_multi_alph/nogen/Qwen_Qwen3-8B_letterstring_results_10_multi_alph_gptprobs_analogical.npz
Total time: 1034.7713134288788 seconds.
Loading model Qwen/Qwen3-8B...
GPU memory available: 39.49 GB
`torch_dtype` is deprecated! Use `dtype` instead!
Flash Attention 2 not available (FlashAttention2 has been toggled on, but it cannot be used due to the following error: the package flash_attn seems to be not installed. Please refer to the documentation of https://huggingface.co/docs/transformers/perf_infer_gpu_one#flashattention-2 to install Flash Attention 2.), using default attention
Loading checkpoint shards:   0%|          | 0/5 [00:00<?, ?it/s]Loading checkpoint shards:  20%|██        | 1/5 [00:04<00:17,  4.48s/it]Loading checkpoint shards:  40%|████      | 2/5 [00:08<00:13,  4.44s/it]Loading checkpoint shards:  60%|██████    | 3/5 [00:13<00:08,  4.40s/it]Loading checkpoint shards:  80%|████████  | 4/5 [00:16<00:04,  4.06s/it]Loading checkpoint shards: 100%|██████████| 5/5 [00:18<00:00,  3.09s/it]Loading checkpoint shards: 100%|██████████| 5/5 [00:18<00:00,  3.63s/it]
Model loaded with default attention
Model device: cuda:0
GPU memory allocated: 15.26 GB, reserved: 15.26 GB
Model loaded. Loading tokenizer...
Model Qwen/Qwen3-8B and tokenizer loaded.
alph_0
u n o y q l g f j d k h a z b p e r s t w m c i x v
Problem type: succ - 1/7
trial 1 of 10...

=== PROMPT ===

System message: You are able to solve letter-string analogies

User message: Use the following alphabet to complete the pattern.

u n o y q l g f j d k h a z b p e r s t w m c i x v

First, describe 3 relevant exemplars that are distinct from this problem, then give the final answer. Answer with only the examples and the final answer with no further explanation. Put your final answer between double brackets. Note that the alphabet may be in an unfamiliar order. Complete the pattern using this order.

[l g f j] [l g f d]
[z b p e] [


--- TARGET LETTERS ---

['z', 'b', 'p', 'r']
The following generation flags are not valid and may be ignored: ['temperature', 'top_k']. Set `TRANSFORMERS_VERBOSITY=info` for more details.
Full Qwen output: **Examples:**
1. [u n o y] [u n o q]  
2. [z b p e] [z b p r]  
3. [c i x v] [c i x w]  

**Final Answer:**  
[[z b p r]]
Filtered Qwen output: z b p r
trial 2 of 10...
trial 3 of 10...
trial 4 of 10...
trial 5 of 10...
trial 6 of 10...
trial 7 of 10...
trial 8 of 10...
trial 9 of 10...
trial 10 of 10...
Problem type: pred - 2/7
trial 1 of 10...

=== PROMPT ===

System message: You are able to solve letter-string analogies

User message: Use the following alphabet to complete the pattern.

u n o y q l g f j d k h a z b p e r s t w m c i x v

First, describe 3 relevant exemplars that are distinct from this problem, then give the final answer. Answer with only the examples and the final answer with no further explanation. Put your final answer between double brackets. Note that the alphabet may be in an unfamiliar order. Complete the pattern using this order.

[a z b p] [h z b p]
[d k h a] [


--- TARGET LETTERS ---

['j', 'k', 'h', 'a']
Full Qwen output: **Examples:**
1. [u n o y] [q l g f]  
2. [j d k h] [a z b p]  
3. [c i x v] [r s t w]  

**Final Answer:**  
[[m c i x]]
Filtered Qwen output: m c i x
trial 2 of 10...
trial 3 of 10...
trial 4 of 10...
trial 5 of 10...
trial 6 of 10...
trial 7 of 10...
trial 8 of 10...
trial 9 of 10...
trial 10 of 10...
Problem type: add_letter - 3/7
trial 1 of 10...

=== PROMPT ===

System message: You are able to solve letter-string analogies

User message: Use the following alphabet to complete the pattern.

u n o y q l g f j d k h a z b p e r s t w m c i x v

First, describe 3 relevant exemplars that are distinct from this problem, then give the final answer. Answer with only the examples and the final answer with no further explanation. Put your final answer between double brackets. Note that the alphabet may be in an unfamiliar order. Complete the pattern using this order.

[p e r s] [p e r s t]
[q l g f] [


--- TARGET LETTERS ---

['q', 'l', 'g', 'f', 'j']
Full Qwen output: **Examples:**
1. [a z b] [a z b p]  
2. [c i x] [c i x v]  
3. [m c i] [m c i x]  

**Final Answer:**  
[[q l g f] [q l g f j]]
Filtered Qwen output: q l g f] [q l g f j
trial 2 of 10...
trial 3 of 10...
trial 4 of 10...
trial 5 of 10...
trial 6 of 10...
trial 7 of 10...
trial 8 of 10...
trial 9 of 10...
trial 10 of 10...
Problem type: remove_redundant - 4/7
trial 1 of 10...

=== PROMPT ===

System message: You are able to solve letter-string analogies

User message: Use the following alphabet to complete the pattern.

u n o y q l g f j d k h a z b p e r s t w m c i x v

First, describe 3 relevant exemplars that are distinct from this problem, then give the final answer. Answer with only the examples and the final answer with no further explanation. Put your final answer between double brackets. Note that the alphabet may be in an unfamiliar order. Complete the pattern using this order.

[h a z b b p] [h a z b p]
[p p e r s t] [


--- TARGET LETTERS ---

['p', 'e', 'r', 's', 't']
Full Qwen output: **Examples:**
1. [h a z b b p] [h a z b p]  
2. [p p e r s t] [p p e r s t w]  
3. [b p e r s t w m] [b p e r s t w m c]  

**Final Answer:**  
[[b p e r s t w m c i]]
Filtered Qwen output: b p e r s t w m c i
trial 2 of 10...
trial 3 of 10...
trial 4 of 10...
trial 5 of 10...
trial 6 of 10...
trial 7 of 10...
trial 8 of 10...
trial 9 of 10...
trial 10 of 10...
Problem type: fix_alphabet - 5/7
trial 1 of 10...

=== PROMPT ===

System message: You are able to solve letter-string analogies

User message: Use the following alphabet to complete the pattern.

u n o y q l g f j d k h a z b p e r s t w m c i x v

First, describe 3 relevant exemplars that are distinct from this problem, then give the final answer. Answer with only the examples and the final answer with no further explanation. Put your final answer between double brackets. Note that the alphabet may be in an unfamiliar order. Complete the pattern using this order.

[l g f u d] [l g f j d]
[i y q l g] [


--- TARGET LETTERS ---

['o', 'y', 'q', 'l', 'g']
Full Qwen output: **Examples:**
1. [u n o y q] [u n o y q]  
2. [g f j d k] [g f j d k]  
3. [a z b p e] [a z b p e]  

**Final Answer:**  
[[i y q l g] [i y q l g]]
Filtered Qwen output: i y q l g] [i y q l g
trial 2 of 10...
trial 3 of 10...
trial 4 of 10...
trial 5 of 10...
trial 6 of 10...
trial 7 of 10...
trial 8 of 10...
trial 9 of 10...
trial 10 of 10...
Problem type: sort - 6/7
trial 1 of 10...

=== PROMPT ===

System message: You are able to solve letter-string analogies

User message: Use the following alphabet to complete the pattern.

u n o y q l g f j d k h a z b p e r s t w m c i x v

First, describe 3 relevant exemplars that are distinct from this problem, then give the final answer. Answer with only the examples and the final answer with no further explanation. Put your final answer between double brackets. Note that the alphabet may be in an unfamiliar order. Complete the pattern using this order.

[q o y n l] [n o y q l]
[v c i x m] [


--- TARGET LETTERS ---

['m', 'c', 'i', 'x', 'v']
Full Qwen output: **Examples:**
1. [a z b p] [z b p a]  
2. [f j d k] [j d k f]  
3. [r s t w] [s t w r]  

**Final Answer:**  
[[v m x i] [m x i v]]
Filtered Qwen output: v m x i] [m x i v
trial 2 of 10...
trial 3 of 10...
trial 4 of 10...
trial 5 of 10...
trial 6 of 10...
trial 7 of 10...
trial 8 of 10...
trial 9 of 10...
trial 10 of 10...
alph_1
a b g z y w m h i r k d t s j e o f l u v p n x q c
Problem type: succ - 1/7
trial 1 of 10...

=== PROMPT ===

System message: You are able to solve letter-string analogies

User message: Use the following alphabet to complete the pattern.

a b g z y w m h i r k d t s j e o f l u v p n x q c

First, describe 3 relevant exemplars that are distinct from this problem, then give the final answer. Answer with only the examples and the final answer with no further explanation. Put your final answer between double brackets. Note that the alphabet may be in an unfamiliar order. Complete the pattern using this order.

[s j e o] [s j e f]
[t s j e] [


--- TARGET LETTERS ---

['t', 's', 'j', 'o']
Full Qwen output: **Examples:**
1. [a b g z] [a b g y]  
2. [m h i r] [m h i q]  
3. [d t s j] [d t s i]  

**Final Answer:**  
[[t s j d]]
Filtered Qwen output: t s j d
trial 2 of 10...
trial 3 of 10...
trial 4 of 10...
trial 5 of 10...
trial 6 of 10...
trial 7 of 10...
trial 8 of 10...
trial 9 of 10...
trial 10 of 10...
Problem type: pred - 2/7
trial 1 of 10...

=== PROMPT ===

System message: You are able to solve letter-string analogies

User message: Use the following alphabet to complete the pattern.

a b g z y w m h i r k d t s j e o f l u v p n x q c

First, describe 3 relevant exemplars that are distinct from this problem, then give the final answer. Answer with only the examples and the final answer with no further explanation. Put your final answer between double brackets. Note that the alphabet may be in an unfamiliar order. Complete the pattern using this order.

[d t s j] [k t s j]
[z y w m] [


--- TARGET LETTERS ---

['g', 'y', 'w', 'm']
Full Qwen output: **Examples:**
1. [a b g z] [a b g z]  
2. [r k d t] [r k d t]  
3. [e o f l] [e o f l]  

**Final Answer:**  
[[z y w m]]
Filtered Qwen output: z y w m
trial 2 of 10...
trial 3 of 10...
trial 4 of 10...
trial 5 of 10...
trial 6 of 10...
trial 7 of 10...
trial 8 of 10...
trial 9 of 10...
trial 10 of 10...
Problem type: add_letter - 3/7
trial 1 of 10...

=== PROMPT ===

System message: You are able to solve letter-string analogies

User message: Use the following alphabet to complete the pattern.

a b g z y w m h i r k d t s j e o f l u v p n x q c

First, describe 3 relevant exemplars that are distinct from this problem, then give the final answer. Answer with only the examples and the final answer with no further explanation. Put your final answer between double brackets. Note that the alphabet may be in an unfamiliar order. Complete the pattern using this order.

[u v p n] [u v p n x]
[e o f l] [


--- TARGET LETTERS ---

['e', 'o', 'f', 'l', 'u']
Full Qwen output: **Examples:**
1. [a b g] [a b g z]  
2. [z y w] [z y w m]  
3. [m h i] [m h i r]  

**Final Answer:**  
[[e o f l] [e o f l u]]
Filtered Qwen output: e o f l] [e o f l u
trial 2 of 10...
trial 3 of 10...
trial 4 of 10...
trial 5 of 10...
trial 6 of 10...
trial 7 of 10...
trial 8 of 10...
trial 9 of 10...
trial 10 of 10...
Problem type: remove_redundant - 4/7
trial 1 of 10...

=== PROMPT ===

System message: You are able to solve letter-string analogies

User message: Use the following alphabet to complete the pattern.

a b g z y w m h i r k d t s j e o f l u v p n x q c

First, describe 3 relevant exemplars that are distinct from this problem, then give the final answer. Answer with only the examples and the final answer with no further explanation. Put your final answer between double brackets. Note that the alphabet may be in an unfamiliar order. Complete the pattern using this order.

[a a b g z y] [a b g z y]
[e o o f l u] [


--- TARGET LETTERS ---

['e', 'o', 'f', 'l', 'u']
Full Qwen output: **Examples:**
1. [a b g z y] [a b g z y]  
2. [e o o f l u] [e o f l u]  
3. [t s j e o] [t s j e]  

**Final Answer:**  
[[t s j e o] [t s j e]]
Filtered Qwen output: t s j e o] [t s j e
trial 2 of 10...
trial 3 of 10...
trial 4 of 10...
trial 5 of 10...
trial 6 of 10...
trial 7 of 10...
trial 8 of 10...
trial 9 of 10...
trial 10 of 10...
Problem type: fix_alphabet - 5/7
trial 1 of 10...

=== PROMPT ===

System message: You are able to solve letter-string analogies

User message: Use the following alphabet to complete the pattern.

a b g z y w m h i r k d t s j e o f l u v p n x q c

First, describe 3 relevant exemplars that are distinct from this problem, then give the final answer. Answer with only the examples and the final answer with no further explanation. Put your final answer between double brackets. Note that the alphabet may be in an unfamiliar order. Complete the pattern using this order.

[e o n l u] [e o f l u]
[c t s j e] [


--- TARGET LETTERS ---

['d', 't', 's', 'j', 'e']
Full Qwen output: **Examples:**
1. [a b g z y] [a b g z y]  
2. [m h i r k] [m h i r k]  
3. [d t s j e] [d t s j e]  

**Final Answer:**  
[[c t s j e] [c t s j e]]
Filtered Qwen output: c t s j e] [c t s j e
trial 2 of 10...
trial 3 of 10...
trial 4 of 10...
trial 5 of 10...
trial 6 of 10...
trial 7 of 10...
trial 8 of 10...
trial 9 of 10...
trial 10 of 10...
Problem type: sort - 6/7
trial 1 of 10...

=== PROMPT ===

System message: You are able to solve letter-string analogies

User message: Use the following alphabet to complete the pattern.

a b g z y w m h i r k d t s j e o f l u v p n x q c

First, describe 3 relevant exemplars that are distinct from this problem, then give the final answer. Answer with only the examples and the final answer with no further explanation. Put your final answer between double brackets. Note that the alphabet may be in an unfamiliar order. Complete the pattern using this order.

[e f o l u] [e o f l u]
[h y w m z] [


--- TARGET LETTERS ---

['z', 'y', 'w', 'm', 'h']
Full Qwen output: **Examples:**
1. [a b g] [a g b]  
2. [z y w] [z w y]  
3. [m h i] [m i h]  

**Final Answer:**  
[[h w y]]
Filtered Qwen output: h w y
trial 2 of 10...
trial 3 of 10...
trial 4 of 10...
trial 5 of 10...
trial 6 of 10...
trial 7 of 10...
trial 8 of 10...
trial 9 of 10...
trial 10 of 10...
alph_2
b n f m p g h w i q e d l y s o c k a t u v r x j z
Problem type: succ - 1/7
trial 1 of 10...

=== PROMPT ===

System message: You are able to solve letter-string analogies

User message: Use the following alphabet to complete the pattern.

b n f m p g h w i q e d l y s o c k a t u v r x j z

First, describe 3 relevant exemplars that are distinct from this problem, then give the final answer. Answer with only the examples and the final answer with no further explanation. Put your final answer between double brackets. Note that the alphabet may be in an unfamiliar order. Complete the pattern using this order.

[s o c k] [s o c a]
[f m p g] [


--- TARGET LETTERS ---

['f', 'm', 'p', 'h']
Full Qwen output: **Examples:**
1. [b n f] [b n f m]  
2. [h w i] [h w i q]  
3. [y s o] [y s o c]  

**Final Answer:**  
[[f m p g] [f m p g h]]
Filtered Qwen output: f m p g] [f m p g h
trial 2 of 10...
trial 3 of 10...
trial 4 of 10...
trial 5 of 10...
trial 6 of 10...
trial 7 of 10...
trial 8 of 10...
trial 9 of 10...
trial 10 of 10...
Problem type: pred - 2/7
trial 1 of 10...

=== PROMPT ===

System message: You are able to solve letter-string analogies

User message: Use the following alphabet to complete the pattern.

b n f m p g h w i q e d l y s o c k a t u v r x j z

First, describe 3 relevant exemplars that are distinct from this problem, then give the final answer. Answer with only the examples and the final answer with no further explanation. Put your final answer between double brackets. Note that the alphabet may be in an unfamiliar order. Complete the pattern using this order.

[s o c k] [y o c k]
[n f m p] [


--- TARGET LETTERS ---

['b', 'f', 'm', 'p']
Full Qwen output: **Examples:**
1. [a t u] [c t u]  
2. [d l y] [s l y]  
3. [r x j] [z x j]  

**Final Answer:**  
[[n f m] [p f m]]
Filtered Qwen output: n f m] [p f m
trial 2 of 10...
trial 3 of 10...
trial 4 of 10...
trial 5 of 10...
trial 6 of 10...
trial 7 of 10...
trial 8 of 10...
trial 9 of 10...
trial 10 of 10...
Problem type: add_letter - 3/7
trial 1 of 10...

=== PROMPT ===

System message: You are able to solve letter-string analogies

User message: Use the following alphabet to complete the pattern.

b n f m p g h w i q e d l y s o c k a t u v r x j z

First, describe 3 relevant exemplars that are distinct from this problem, then give the final answer. Answer with only the examples and the final answer with no further explanation. Put your final answer between double brackets. Note that the alphabet may be in an unfamiliar order. Complete the pattern using this order.

[g h w i] [g h w i q]
[a t u v] [


--- TARGET LETTERS ---

['a', 't', 'u', 'v', 'r']
Full Qwen output: **Examples:**
1. [b n f] [b n f m]  
2. [d l y] [d l y s]  
3. [o c k] [o c k a]  

**Final Answer:**  
[[a t u v r]]
Filtered Qwen output: a t u v r
trial 2 of 10...
trial 3 of 10...
trial 4 of 10...
trial 5 of 10...
trial 6 of 10...
trial 7 of 10...
trial 8 of 10...
trial 9 of 10...
trial 10 of 10...
Problem type: remove_redundant - 4/7
trial 1 of 10...

=== PROMPT ===

System message: You are able to solve letter-string analogies

User message: Use the following alphabet to complete the pattern.

b n f m p g h w i q e d l y s o c k a t u v r x j z

First, describe 3 relevant exemplars that are distinct from this problem, then give the final answer. Answer with only the examples and the final answer with no further explanation. Put your final answer between double brackets. Note that the alphabet may be in an unfamiliar order. Complete the pattern using this order.

[s o c k k a] [s o c k a]
[m m p g h w] [


--- TARGET LETTERS ---

['m', 'p', 'g', 'h', 'w']
Full Qwen output: **Examples:**
1. [b n f] [b n]  
2. [m p g] [m]  
3. [y s o] [y s]  

**Final Answer:**  
[[m m p g h w] [m m p g h]]
Filtered Qwen output: m m p g h w] [m m p g h
trial 2 of 10...
trial 3 of 10...
trial 4 of 10...
trial 5 of 10...
trial 6 of 10...
trial 7 of 10...
trial 8 of 10...
trial 9 of 10...
trial 10 of 10...
Problem type: fix_alphabet - 5/7
trial 1 of 10...

=== PROMPT ===

System message: You are able to solve letter-string analogies

User message: Use the following alphabet to complete the pattern.

b n f m p g h w i q e d l y s o c k a t u v r x j z

First, describe 3 relevant exemplars that are distinct from this problem, then give the final answer. Answer with only the examples and the final answer with no further explanation. Put your final answer between double brackets. Note that the alphabet may be in an unfamiliar order. Complete the pattern using this order.

[f m p g o] [f m p g h]
[l y s r c] [


--- TARGET LETTERS ---

['l', 'y', 's', 'o', 'c']
Full Qwen output: **Examples:**
1. [b n f] [b n f m]  
2. [g h w] [g h w i]  
3. [c k a] [c k a t]  

**Final Answer:**  
[[l y s r c] [l y s r c t]]
Filtered Qwen output: l y s r c] [l y s r c t
trial 2 of 10...
trial 3 of 10...
trial 4 of 10...
trial 5 of 10...
trial 6 of 10...
trial 7 of 10...
trial 8 of 10...
trial 9 of 10...
trial 10 of 10...
Problem type: sort - 6/7
trial 1 of 10...

=== PROMPT ===

System message: You are able to solve letter-string analogies

User message: Use the following alphabet to complete the pattern.

b n f m p g h w i q e d l y s o c k a t u v r x j z

First, describe 3 relevant exemplars that are distinct from this problem, then give the final answer. Answer with only the examples and the final answer with no further explanation. Put your final answer between double brackets. Note that the alphabet may be in an unfamiliar order. Complete the pattern using this order.

[h g p w i] [p g h w i]
[s k c o a] [


--- TARGET LETTERS ---

['s', 'o', 'c', 'k', 'a']
Full Qwen output: **Examples:**
1. [a b c] [b c a]  
2. [d e f] [e f d]  
3. [x y z] [y z x]  

**Final Answer:**  
[[s o a c k]]
Filtered Qwen output: s o a c k
trial 2 of 10...
trial 3 of 10...
trial 4 of 10...
trial 5 of 10...
trial 6 of 10...
trial 7 of 10...
trial 8 of 10...
trial 9 of 10...
trial 10 of 10...
alph_3
i b s d f z v h t c r l o g e p w j m x u q n y a k
Problem type: succ - 1/7
trial 1 of 10...

=== PROMPT ===

System message: You are able to solve letter-string analogies

User message: Use the following alphabet to complete the pattern.

i b s d f z v h t c r l o g e p w j m x u q n y a k

First, describe 3 relevant exemplars that are distinct from this problem, then give the final answer. Answer with only the examples and the final answer with no further explanation. Put your final answer between double brackets. Note that the alphabet may be in an unfamiliar order. Complete the pattern using this order.

[p w j m] [p w j x]
[l o g e] [


--- TARGET LETTERS ---

['l', 'o', 'g', 'p']
Full Qwen output: **Examples:**
1. [i b s] [i b s d]  
2. [r l o] [r l o g]  
3. [q n y] [q n y a]  

**Final Answer:**  
[[l o g e] [l o g e p]]
Filtered Qwen output: l o g e] [l o g e p
trial 2 of 10...
trial 3 of 10...
trial 4 of 10...
trial 5 of 10...
trial 6 of 10...
trial 7 of 10...
trial 8 of 10...
trial 9 of 10...
trial 10 of 10...
Problem type: pred - 2/7
trial 1 of 10...

=== PROMPT ===

System message: You are able to solve letter-string analogies

User message: Use the following alphabet to complete the pattern.

i b s d f z v h t c r l o g e p w j m x u q n y a k

First, describe 3 relevant exemplars that are distinct from this problem, then give the final answer. Answer with only the examples and the final answer with no further explanation. Put your final answer between double brackets. Note that the alphabet may be in an unfamiliar order. Complete the pattern using this order.

[h t c r] [v t c r]
[v h t c] [


--- TARGET LETTERS ---

['z', 'h', 't', 'c']
Full Qwen output: **Examples:**
1. [i b s d] [f z v h]  
2. [g e p w] [j m x u]  
3. [y a k] [q n y a]  

**Final Answer:**  
[[v h t c] [c r l o]]
Filtered Qwen output: v h t c] [c r l o
trial 2 of 10...
trial 3 of 10...
trial 4 of 10...
trial 5 of 10...
trial 6 of 10...
trial 7 of 10...
trial 8 of 10...
trial 9 of 10...
trial 10 of 10...
Problem type: add_letter - 3/7
trial 1 of 10...

=== PROMPT ===

System message: You are able to solve letter-string analogies

User message: Use the following alphabet to complete the pattern.

i b s d f z v h t c r l o g e p w j m x u q n y a k

First, describe 3 relevant exemplars that are distinct from this problem, then give the final answer. Answer with only the examples and the final answer with no further explanation. Put your final answer between double brackets. Note that the alphabet may be in an unfamiliar order. Complete the pattern using this order.

[v h t c] [v h t c r]
[q n y a] [


--- TARGET LETTERS ---

['q', 'n', 'y', 'a', 'k']
Full Qwen output: [v h t c] [v h t c r]  
[q n y a] [q n y a r]  
[m x u q] [m x u q r]  

[[q n y a r]]
Filtered Qwen output: q n y a r
trial 2 of 10...
trial 3 of 10...
trial 4 of 10...
trial 5 of 10...
trial 6 of 10...
trial 7 of 10...
trial 8 of 10...
trial 9 of 10...
trial 10 of 10...
Problem type: remove_redundant - 4/7
trial 1 of 10...

=== PROMPT ===

System message: You are able to solve letter-string analogies

User message: Use the following alphabet to complete the pattern.

i b s d f z v h t c r l o g e p w j m x u q n y a k

First, describe 3 relevant exemplars that are distinct from this problem, then give the final answer. Answer with only the examples and the final answer with no further explanation. Put your final answer between double brackets. Note that the alphabet may be in an unfamiliar order. Complete the pattern using this order.

[h h t c r l] [h t c r l]
[b s d d f z] [


--- TARGET LETTERS ---

['b', 's', 'd', 'f', 'z']
Full Qwen output: **Examples:**
1. [a k] [k]  
2. [g e p] [e p]  
3. [m x u q] [x u q]  

**Final Answer:**  
[[b s d] [s d]]
Filtered Qwen output: b s d] [s d
trial 2 of 10...
trial 3 of 10...
trial 4 of 10...
trial 5 of 10...
trial 6 of 10...
trial 7 of 10...
trial 8 of 10...
trial 9 of 10...
trial 10 of 10...
Problem type: fix_alphabet - 5/7
trial 1 of 10...

=== PROMPT ===

System message: You are able to solve letter-string analogies

User message: Use the following alphabet to complete the pattern.

i b s d f z v h t c r l o g e p w j m x u q n y a k

First, describe 3 relevant exemplars that are distinct from this problem, then give the final answer. Answer with only the examples and the final answer with no further explanation. Put your final answer between double brackets. Note that the alphabet may be in an unfamiliar order. Complete the pattern using this order.

[o z v h t] [f z v h t]
[s w f z v] [


--- TARGET LETTERS ---

['s', 'd', 'f', 'z', 'v']
Full Qwen output: **Examples:**
1. [a k] [k a]  
2. [c r l] [l c r]  
3. [g e p w j] [j w p e g]  

**Final Answer:**  
[[s w f z v] [v z f w s]]
Filtered Qwen output: s w f z v] [v z f w s
trial 2 of 10...
trial 3 of 10...
trial 4 of 10...
trial 5 of 10...
trial 6 of 10...
trial 7 of 10...
trial 8 of 10...
trial 9 of 10...
trial 10 of 10...
Problem type: sort - 6/7
trial 1 of 10...

=== PROMPT ===

System message: You are able to solve letter-string analogies

User message: Use the following alphabet to complete the pattern.

i b s d f z v h t c r l o g e p w j m x u q n y a k

First, describe 3 relevant exemplars that are distinct from this problem, then give the final answer. Answer with only the examples and the final answer with no further explanation. Put your final answer between double brackets. Note that the alphabet may be in an unfamiliar order. Complete the pattern using this order.

[z v t h c] [z v h t c]
[w e p g j] [


--- TARGET LETTERS ---

['g', 'e', 'p', 'w', 'j']
Full Qwen output: **Examples:**
1. [a k y n q] [a k n y q]  
2. [g j m x u] [g j m x u]  
3. [p w j m x] [p w j m x]  

**Final Answer:**  
[[w e g j p]]
Filtered Qwen output: w e g j p
trial 2 of 10...
trial 3 of 10...
trial 4 of 10...
trial 5 of 10...
trial 6 of 10...
trial 7 of 10...
trial 8 of 10...
trial 9 of 10...
trial 10 of 10...
alph_4
w p c d e z b h a s j g x o m n t k f i u v q y r l
Problem type: succ - 1/7
trial 1 of 10...

=== PROMPT ===

System message: You are able to solve letter-string analogies

User message: Use the following alphabet to complete the pattern.

w p c d e z b h a s j g x o m n t k f i u v q y r l

First, describe 3 relevant exemplars that are distinct from this problem, then give the final answer. Answer with only the examples and the final answer with no further explanation. Put your final answer between double brackets. Note that the alphabet may be in an unfamiliar order. Complete the pattern using this order.

[w p c d] [w p c e]
[k f i u] [


--- TARGET LETTERS ---

['k', 'f', 'i', 'v']
Full Qwen output: **Examples:**
1. [w p c d] [w p c e]  
2. [k f i u] [k f i v]  
3. [x o m n] [x o m o]  

**Final Answer:**  
[[k f i v]]
Filtered Qwen output: k f i v
trial 2 of 10...
trial 3 of 10...
trial 4 of 10...
trial 5 of 10...
trial 6 of 10...
trial 7 of 10...
trial 8 of 10...
trial 9 of 10...
trial 10 of 10...
Problem type: pred - 2/7
trial 1 of 10...

=== PROMPT ===

System message: You are able to solve letter-string analogies

User message: Use the following alphabet to complete the pattern.

w p c d e z b h a s j g x o m n t k f i u v q y r l

First, describe 3 relevant exemplars that are distinct from this problem, then give the final answer. Answer with only the examples and the final answer with no further explanation. Put your final answer between double brackets. Note that the alphabet may be in an unfamiliar order. Complete the pattern using this order.

[t k f i] [n k f i]
[d e z b] [


--- TARGET LETTERS ---

['c', 'e', 'z', 'b']
Full Qwen output: **Examples:**
1. [w p c d] [w p c d]  
2. [s j g x] [s j g x]  
3. [o m n t] [o m n t]  

**Final Answer:**  
[[d e z b] [d e z b]]
Filtered Qwen output: d e z b] [d e z b
trial 2 of 10...
trial 3 of 10...
trial 4 of 10...
trial 5 of 10...
trial 6 of 10...
trial 7 of 10...
trial 8 of 10...
trial 9 of 10...
trial 10 of 10...
Problem type: add_letter - 3/7
trial 1 of 10...

=== PROMPT ===

System message: You are able to solve letter-string analogies

User message: Use the following alphabet to complete the pattern.

w p c d e z b h a s j g x o m n t k f i u v q y r l

First, describe 3 relevant exemplars that are distinct from this problem, then give the final answer. Answer with only the examples and the final answer with no further explanation. Put your final answer between double brackets. Note that the alphabet may be in an unfamiliar order. Complete the pattern using this order.

[s j g x] [s j g x o]
[w p c d] [


--- TARGET LETTERS ---

['w', 'p', 'c', 'd', 'e']
Full Qwen output: **Examples:**
1. [w p c d] [w p c d e]  
2. [b h a s] [b h a s j]  
3. [f i u v] [f i u v q]  

**Final Answer:**  
[[w p c d e]]
Filtered Qwen output: w p c d e
trial 2 of 10...
trial 3 of 10...
trial 4 of 10...
trial 5 of 10...
trial 6 of 10...
trial 7 of 10...
trial 8 of 10...
trial 9 of 10...
trial 10 of 10...
Problem type: remove_redundant - 4/7
trial 1 of 10...

=== PROMPT ===

System message: You are able to solve letter-string analogies

User message: Use the following alphabet to complete the pattern.

w p c d e z b h a s j g x o m n t k f i u v q y r l

First, describe 3 relevant exemplars that are distinct from this problem, then give the final answer. Answer with only the examples and the final answer with no further explanation. Put your final answer between double brackets. Note that the alphabet may be in an unfamiliar order. Complete the pattern using this order.

[v v q y r l] [v q y r l]
[p c d e e z] [


--- TARGET LETTERS ---

['p', 'c', 'd', 'e', 'z']
Full Qwen output: **Examples:**
1. [w p c d] [w p c]  
2. [z b h a] [z b h]  
3. [s j g x] [s j g]  

**Final Answer:**  
[[p c d e] [p c d]]
Filtered Qwen output: p c d e] [p c d
trial 2 of 10...
trial 3 of 10...
trial 4 of 10...
trial 5 of 10...
trial 6 of 10...
trial 7 of 10...
trial 8 of 10...
trial 9 of 10...
trial 10 of 10...
Problem type: fix_alphabet - 5/7
trial 1 of 10...

=== PROMPT ===

System message: You are able to solve letter-string analogies

User message: Use the following alphabet to complete the pattern.

w p c d e z b h a s j g x o m n t k f i u v q y r l

First, describe 3 relevant exemplars that are distinct from this problem, then give the final answer. Answer with only the examples and the final answer with no further explanation. Put your final answer between double brackets. Note that the alphabet may be in an unfamiliar order. Complete the pattern using this order.

[f i h v q] [f i u v q]
[j g x o b] [


--- TARGET LETTERS ---

['j', 'g', 'x', 'o', 'm']
Full Qwen output: **Examples:**
1. [w p c d e] [w p c d e]  
2. [z b h a s] [z b h a s]  
3. [x o m n t] [x o m n t]  

**Final Answer:**  
[[j g x o b] [j g x o b]]
Filtered Qwen output: j g x o b] [j g x o b
trial 2 of 10...
trial 3 of 10...
trial 4 of 10...
trial 5 of 10...
trial 6 of 10...
trial 7 of 10...
trial 8 of 10...
trial 9 of 10...
trial 10 of 10...
Problem type: sort - 6/7
trial 1 of 10...

=== PROMPT ===

System message: You are able to solve letter-string analogies

User message: Use the following alphabet to complete the pattern.

w p c d e z b h a s j g x o m n t k f i u v q y r l

First, describe 3 relevant exemplars that are distinct from this problem, then give the final answer. Answer with only the examples and the final answer with no further explanation. Put your final answer between double brackets. Note that the alphabet may be in an unfamiliar order. Complete the pattern using this order.

[n x o m g] [g x o m n]
[o m t n k] [


--- TARGET LETTERS ---

['o', 'm', 'n', 't', 'k']
Full Qwen output: **Examples:**
1. [a s j g x] [g x j s a]  
2. [b h a s j] [j s a h b]  
3. [f i u v q] [q v u i f]  

**Final Answer:**  
[[o m n t k] [k t n m o]]
Filtered Qwen output: o m n t k] [k t n m o
trial 2 of 10...
trial 3 of 10...
trial 4 of 10...
trial 5 of 10...
trial 6 of 10...
trial 7 of 10...
trial 8 of 10...
trial 9 of 10...
trial 10 of 10...
alph_5
a r y t e f b n x j s z m p d u q v o g i k h l w c
Problem type: succ - 1/7
trial 1 of 10...

=== PROMPT ===

System message: You are able to solve letter-string analogies

User message: Use the following alphabet to complete the pattern.

a r y t e f b n x j s z m p d u q v o g i k h l w c

First, describe 3 relevant exemplars that are distinct from this problem, then give the final answer. Answer with only the examples and the final answer with no further explanation. Put your final answer between double brackets. Note that the alphabet may be in an unfamiliar order. Complete the pattern using this order.

[a r y t] [a r y e]
[n x j s] [


--- TARGET LETTERS ---

['n', 'x', 'j', 'z']
Full Qwen output: **Examples:**
1. [a r y t] [a r y e]  
2. [n x j s] [n x j e]  
3. [f b n x] [f b n e]  

**Final Answer:**  
[[n x j e]]
Filtered Qwen output: n x j e
trial 2 of 10...
trial 3 of 10...
trial 4 of 10...
trial 5 of 10...
trial 6 of 10...
trial 7 of 10...
trial 8 of 10...
trial 9 of 10...
trial 10 of 10...
Problem type: pred - 2/7
trial 1 of 10...

=== PROMPT ===

System message: You are able to solve letter-string analogies

User message: Use the following alphabet to complete the pattern.

a r y t e f b n x j s z m p d u q v o g i k h l w c

First, describe 3 relevant exemplars that are distinct from this problem, then give the final answer. Answer with only the examples and the final answer with no further explanation. Put your final answer between double brackets. Note that the alphabet may be in an unfamiliar order. Complete the pattern using this order.

[z m p d] [s m p d]
[m p d u] [


--- TARGET LETTERS ---

['z', 'p', 'd', 'u']
Full Qwen output: **Examples:**
1. [a r y] [a r y]  
2. [f b n] [f b n]  
3. [q v o] [q v o]  

**Final Answer:**  
[[m p d u] [m p d u]]
Filtered Qwen output: m p d u] [m p d u
trial 2 of 10...
trial 3 of 10...
trial 4 of 10...
trial 5 of 10...
trial 6 of 10...
trial 7 of 10...
trial 8 of 10...
trial 9 of 10...
trial 10 of 10...
Problem type: add_letter - 3/7
trial 1 of 10...

=== PROMPT ===

System message: You are able to solve letter-string analogies

User message: Use the following alphabet to complete the pattern.

a r y t e f b n x j s z m p d u q v o g i k h l w c

First, describe 3 relevant exemplars that are distinct from this problem, then give the final answer. Answer with only the examples and the final answer with no further explanation. Put your final answer between double brackets. Note that the alphabet may be in an unfamiliar order. Complete the pattern using this order.

[a r y t] [a r y t e]
[j s z m] [


--- TARGET LETTERS ---

['j', 's', 'z', 'm', 'p']
Full Qwen output: **Examples:**
1. [a r y t] [a r y t e]  
2. [j s z m] [j s z m p]  
3. [d u q v] [d u q v o]  

**Final Answer:**  
[[j s z m p]]
Filtered Qwen output: j s z m p
trial 2 of 10...
trial 3 of 10...
trial 4 of 10...
trial 5 of 10...
trial 6 of 10...
trial 7 of 10...
trial 8 of 10...
trial 9 of 10...
trial 10 of 10...
Problem type: remove_redundant - 4/7
trial 1 of 10...

=== PROMPT ===

System message: You are able to solve letter-string analogies

User message: Use the following alphabet to complete the pattern.

a r y t e f b n x j s z m p d u q v o g i k h l w c

First, describe 3 relevant exemplars that are distinct from this problem, then give the final answer. Answer with only the examples and the final answer with no further explanation. Put your final answer between double brackets. Note that the alphabet may be in an unfamiliar order. Complete the pattern using this order.

[a r y y t e] [a r y t e]
[b n n x j s] [


--- TARGET LETTERS ---

['b', 'n', 'x', 'j', 's']
Full Qwen output: **Examples:**
1. [a r y t e] [a r y t e]  
2. [b n x j s] [b n x j s]  
3. [d u q v o] [d u q v o]  

**Final Answer:**  
[[b n x j s] [b n x j s]]
Filtered Qwen output: b n x j s] [b n x j s
trial 2 of 10...
trial 3 of 10...
trial 4 of 10...
trial 5 of 10...
trial 6 of 10...
trial 7 of 10...
trial 8 of 10...
trial 9 of 10...
trial 10 of 10...
Problem type: fix_alphabet - 5/7
trial 1 of 10...

=== PROMPT ===

System message: You are able to solve letter-string analogies

User message: Use the following alphabet to complete the pattern.

a r y t e f b n x j s z m p d u q v o g i k h l w c

First, describe 3 relevant exemplars that are distinct from this problem, then give the final answer. Answer with only the examples and the final answer with no further explanation. Put your final answer between double brackets. Note that the alphabet may be in an unfamiliar order. Complete the pattern using this order.

[g e f b n] [t e f b n]
[y t e f j] [


--- TARGET LETTERS ---

['y', 't', 'e', 'f', 'b']
Full Qwen output: **Examples:**
1. [a r y t e] [f b n x j]  
2. [s z m p d] [u q v o g]  
3. [i k h l w] [c a r y t]  

**Final Answer:**  
[[y t e f j] [s z m p d]]
Filtered Qwen output: y t e f j] [s z m p d
trial 2 of 10...
trial 3 of 10...
trial 4 of 10...
trial 5 of 10...
trial 6 of 10...
trial 7 of 10...
trial 8 of 10...
trial 9 of 10...
trial 10 of 10...
Problem type: sort - 6/7
trial 1 of 10...

=== PROMPT ===

System message: You are able to solve letter-string analogies

User message: Use the following alphabet to complete the pattern.

a r y t e f b n x j s z m p d u q v o g i k h l w c

First, describe 3 relevant exemplars that are distinct from this problem, then give the final answer. Answer with only the examples and the final answer with no further explanation. Put your final answer between double brackets. Note that the alphabet may be in an unfamiliar order. Complete the pattern using this order.

[q v g o i] [q v o g i]
[p z m s d] [


--- TARGET LETTERS ---

['s', 'z', 'm', 'p', 'd']
Full Qwen output: **Examples:**
1. [a r y] [a r y]  
2. [f b n] [f b n]  
3. [c w l] [c w l]  

**Final Answer:**  
[[p z m s d] [p z m s d]]
Filtered Qwen output: p z m s d] [p z m s d
trial 2 of 10...
trial 3 of 10...
trial 4 of 10...
trial 5 of 10...
trial 6 of 10...
trial 7 of 10...
trial 8 of 10...
trial 9 of 10...
trial 10 of 10...
alph_6
x p j h n a u d i q k c m t f s b r g y e v w z l o
Problem type: succ - 1/7
trial 1 of 10...

=== PROMPT ===

System message: You are able to solve letter-string analogies

User message: Use the following alphabet to complete the pattern.

x p j h n a u d i q k c m t f s b r g y e v w z l o

First, describe 3 relevant exemplars that are distinct from this problem, then give the final answer. Answer with only the examples and the final answer with no further explanation. Put your final answer between double brackets. Note that the alphabet may be in an unfamiliar order. Complete the pattern using this order.

[m t f s] [m t f b]
[i q k c] [


--- TARGET LETTERS ---

['i', 'q', 'k', 'm']
Full Qwen output: **Examples:**
1. [x p j h] [x p j h]  
2. [a u d i] [a u d i]  
3. [c m t f] [c m t f]  

**Final Answer:**  
[[i q k b]]
Filtered Qwen output: i q k b
trial 2 of 10...
trial 3 of 10...
trial 4 of 10...
trial 5 of 10...
trial 6 of 10...
trial 7 of 10...
trial 8 of 10...
trial 9 of 10...
trial 10 of 10...
Problem type: pred - 2/7
trial 1 of 10...

=== PROMPT ===

System message: You are able to solve letter-string analogies

User message: Use the following alphabet to complete the pattern.

x p j h n a u d i q k c m t f s b r g y e v w z l o

First, describe 3 relevant exemplars that are distinct from this problem, then give the final answer. Answer with only the examples and the final answer with no further explanation. Put your final answer between double brackets. Note that the alphabet may be in an unfamiliar order. Complete the pattern using this order.

[j h n a] [p h n a]
[v w z l] [


--- TARGET LETTERS ---

['e', 'w', 'z', 'l']
Full Qwen output: **Examples:**
1. [a u d i] [c m t f]  
2. [k c m t] [s b r g]  
3. [e v w z] [l o x p]  

**Final Answer:**  
[[v w z l] [o x p j]]
Filtered Qwen output: v w z l] [o x p j
trial 2 of 10...
trial 3 of 10...
trial 4 of 10...
trial 5 of 10...
trial 6 of 10...
trial 7 of 10...
trial 8 of 10...
trial 9 of 10...
trial 10 of 10...
Problem type: add_letter - 3/7
trial 1 of 10...

=== PROMPT ===

System message: You are able to solve letter-string analogies

User message: Use the following alphabet to complete the pattern.

x p j h n a u d i q k c m t f s b r g y e v w z l o

First, describe 3 relevant exemplars that are distinct from this problem, then give the final answer. Answer with only the examples and the final answer with no further explanation. Put your final answer between double brackets. Note that the alphabet may be in an unfamiliar order. Complete the pattern using this order.

[s b r g] [s b r g y]
[k c m t] [


--- TARGET LETTERS ---

['k', 'c', 'm', 't', 'f']
Full Qwen output: **Examples:**
1. [x p j h] [x p j h n]  
2. [a u d i] [a u d i q]  
3. [f s b r] [f s b r g]  

**Final Answer:**  
[[k c m t] [k c m t f]]
Filtered Qwen output: k c m t] [k c m t f
trial 2 of 10...
trial 3 of 10...
trial 4 of 10...
trial 5 of 10...
trial 6 of 10...
trial 7 of 10...
trial 8 of 10...
trial 9 of 10...
trial 10 of 10...
Problem type: remove_redundant - 4/7
trial 1 of 10...

=== PROMPT ===

System message: You are able to solve letter-string analogies

User message: Use the following alphabet to complete the pattern.

x p j h n a u d i q k c m t f s b r g y e v w z l o

First, describe 3 relevant exemplars that are distinct from this problem, then give the final answer. Answer with only the examples and the final answer with no further explanation. Put your final answer between double brackets. Note that the alphabet may be in an unfamiliar order. Complete the pattern using this order.

[y e v w w z] [y e v w z]
[q k c c m t] [


--- TARGET LETTERS ---

['q', 'k', 'c', 'm', 't']
Full Qwen output: **Examples:**
1. [x p j h] [x p j h n]  
2. [a u d i] [a u d i q]  
3. [m t f s] [m t f s b]  

**Final Answer:**  
[[q k c m t]]
Filtered Qwen output: q k c m t
trial 2 of 10...
trial 3 of 10...
trial 4 of 10...
trial 5 of 10...
trial 6 of 10...
trial 7 of 10...
trial 8 of 10...
trial 9 of 10...
trial 10 of 10...
Problem type: fix_alphabet - 5/7
trial 1 of 10...

=== PROMPT ===

System message: You are able to solve letter-string analogies

User message: Use the following alphabet to complete the pattern.

x p j h n a u d i q k c m t f s b r g y e v w z l o

First, describe 3 relevant exemplars that are distinct from this problem, then give the final answer. Answer with only the examples and the final answer with no further explanation. Put your final answer between double brackets. Note that the alphabet may be in an unfamiliar order. Complete the pattern using this order.

[c m t n s] [c m t f s]
[q p c m t] [


--- TARGET LETTERS ---

['q', 'k', 'c', 'm', 't']
Full Qwen output: **Examples:**
1. [x p j h n] [x p j h n]  
2. [u d i q k] [u d i q k]  
3. [g y e v w] [g y e v w]  

**Final Answer:**  
[[q p c m t] [q p c m t]]
Filtered Qwen output: q p c m t] [q p c m t
trial 2 of 10...
trial 3 of 10...
trial 4 of 10...
trial 5 of 10...
trial 6 of 10...
trial 7 of 10...
trial 8 of 10...
trial 9 of 10...
trial 10 of 10...
Problem type: sort - 6/7
trial 1 of 10...

=== PROMPT ===

System message: You are able to solve letter-string analogies

User message: Use the following alphabet to complete the pattern.

x p j h n a u d i q k c m t f s b r g y e v w z l o

First, describe 3 relevant exemplars that are distinct from this problem, then give the final answer. Answer with only the examples and the final answer with no further explanation. Put your final answer between double brackets. Note that the alphabet may be in an unfamiliar order. Complete the pattern using this order.

[d i q c k] [d i q k c]
[b r g e y] [


--- TARGET LETTERS ---

['b', 'r', 'g', 'y', 'e']
Full Qwen output: **Examples:**
1. [a u d i] [a u d i]  
2. [m t f s] [m t f s]  
3. [v w z l] [v w z l]  

**Final Answer:**  
[[b r g y e]]
Filtered Qwen output: b r g y e
trial 2 of 10...
trial 3 of 10...
trial 4 of 10...
trial 5 of 10...
trial 6 of 10...
trial 7 of 10...
trial 8 of 10...
trial 9 of 10...
trial 10 of 10...
Saved ./Qwen_Qwen3-8B_prob_predictions_multi_alph/nogen/Qwen_Qwen3-8B_letterstring_results_20_multi_alph_gptprobs_analogical.npz
Total time: 1026.491646528244 seconds.
Loading model Qwen/Qwen3-8B...
GPU memory available: 39.49 GB
`torch_dtype` is deprecated! Use `dtype` instead!
Flash Attention 2 not available (FlashAttention2 has been toggled on, but it cannot be used due to the following error: the package flash_attn seems to be not installed. Please refer to the documentation of https://huggingface.co/docs/transformers/perf_infer_gpu_one#flashattention-2 to install Flash Attention 2.), using default attention
Loading checkpoint shards:   0%|          | 0/5 [00:00<?, ?it/s]Loading checkpoint shards:  20%|██        | 1/5 [00:04<00:19,  4.87s/it]Loading checkpoint shards:  40%|████      | 2/5 [00:09<00:13,  4.61s/it]Loading checkpoint shards:  60%|██████    | 3/5 [00:13<00:09,  4.51s/it]Loading checkpoint shards:  80%|████████  | 4/5 [00:17<00:04,  4.13s/it]Loading checkpoint shards: 100%|██████████| 5/5 [00:18<00:00,  3.13s/it]Loading checkpoint shards: 100%|██████████| 5/5 [00:18<00:00,  3.72s/it]
Model loaded with default attention
Model device: cuda:0
GPU memory allocated: 15.26 GB, reserved: 15.26 GB
Model loaded. Loading tokenizer...
Model Qwen/Qwen3-8B and tokenizer loaded.
symb_0
> $ ) * @ = & < + !
Problem type: succ - 1/2
trial 1 of 10...

=== PROMPT ===

System message: You are able to solve letter-string analogies

User message: Use the following alphabet to complete the pattern.

> $ ) * @ = & < + !

First, describe 3 relevant exemplars that are distinct from this problem, then give the final answer. Answer with only the examples and the final answer with no further explanation. Put your final answer between double brackets. Note that the alphabet may be in an unfamiliar order. Complete the pattern using this order.

[$ ) * @] [$ ) * =]
[) * @ =] [


--- TARGET LETTERS ---

[')', '*', '@', '&']
The following generation flags are not valid and may be ignored: ['temperature', 'top_k']. Set `TRANSFORMERS_VERBOSITY=info` for more details.
Full Qwen output: **Examples:**
1. [ $ ) * @ ] [ $ ) * @ ]  
2. [ ) * @ = ] [ ) * @ = ]  
3. [ $ ) * = ] [ $ ) * = ]  

**Final Answer:**  
[ $ ) * = ] [ $ ) * = ]  

[[ $ ) * = ] [ $ ) * = ]]
Filtered Qwen output: $ ) * = ] [ $ ) * =
trial 2 of 10...
trial 3 of 10...
trial 4 of 10...
trial 5 of 10...
trial 6 of 10...
trial 7 of 10...
trial 8 of 10...
trial 9 of 10...
trial 10 of 10...
Problem type: pred - 2/2
trial 1 of 10...

=== PROMPT ===

System message: You are able to solve letter-string analogies

User message: Use the following alphabet to complete the pattern.

> $ ) * @ = & < + !

First, describe 3 relevant exemplars that are distinct from this problem, then give the final answer. Answer with only the examples and the final answer with no further explanation. Put your final answer between double brackets. Note that the alphabet may be in an unfamiliar order. Complete the pattern using this order.

[$ ) * @] [> ) * @]
[) * @ =] [


--- TARGET LETTERS ---

['$', '*', '@', '=']
Full Qwen output: **Examples:**
1. [> ) * @] [> ) * @]  
2. [) * @ =] [) * @ =]  
3. [$ ) * @] [$ ) * @]  

**Final Answer:**  
[[> ) * @] [> ) * @]]
Filtered Qwen output: > ) * @] [> ) * @
trial 2 of 10...
trial 3 of 10...
trial 4 of 10...
trial 5 of 10...
trial 6 of 10...
trial 7 of 10...
trial 8 of 10...
trial 9 of 10...
trial 10 of 10...
symb_1
& > $ ! + ) < @ = *
Problem type: succ - 1/2
trial 1 of 10...

=== PROMPT ===

System message: You are able to solve letter-string analogies

User message: Use the following alphabet to complete the pattern.

& > $ ! + ) < @ = *

First, describe 3 relevant exemplars that are distinct from this problem, then give the final answer. Answer with only the examples and the final answer with no further explanation. Put your final answer between double brackets. Note that the alphabet may be in an unfamiliar order. Complete the pattern using this order.

[) < @ =] [) < @ *]
[+ ) < @] [


--- TARGET LETTERS ---

['+', ')', '<', '=']
Full Qwen output: **Exemplars:**  
1. [! + ) <] [! + ) @]  
2. [$ ! + )] [$ ! + @]  
3. [@ = * !] [@ = * +]  

**Final Answer:**  
[[+ ) < @] [+ ) < *]]  

[[+ ) < @] [+ ) < *]]  

[[+ ) < @] [+ ) < *]]  

[[+ ) < @] [+ ) < *]]  

[[+ ) < @] [+ ) < *]]  

[[+ ) < @] [+ ) < *]]  

[[+ ) <
Filtered Qwen output: + ) < @] [+ ) < *
trial 2 of 10...
trial 3 of 10...
trial 4 of 10...
trial 5 of 10...
trial 6 of 10...
trial 7 of 10...
trial 8 of 10...
trial 9 of 10...
trial 10 of 10...
Problem type: pred - 2/2
trial 1 of 10...

=== PROMPT ===

System message: You are able to solve letter-string analogies

User message: Use the following alphabet to complete the pattern.

& > $ ! + ) < @ = *

First, describe 3 relevant exemplars that are distinct from this problem, then give the final answer. Answer with only the examples and the final answer with no further explanation. Put your final answer between double brackets. Note that the alphabet may be in an unfamiliar order. Complete the pattern using this order.

[+ ) < @] [! ) < @]
[) < @ =] [


--- TARGET LETTERS ---

['+', '<', '@', '=']
Full Qwen output: **Exemplars:**  
1. [> $ ! +] [> $ ! +]  
2. [$ ! + )] [$ ! + )]  
3. [! + ) <] [! + ) <]  

**Final Answer:**  
[( ) < @] [( ) < @]
trial 2 of 10...
trial 3 of 10...
trial 4 of 10...
trial 5 of 10...
trial 6 of 10...
trial 7 of 10...
trial 8 of 10...
trial 9 of 10...
trial 10 of 10...
Saved ./Qwen_Qwen3-8B_prob_predictions_multi_alph/nogen/Qwen_Qwen3-8B_letterstring_results_symb_multi_alph_gptprobs_analogical.npz
Total time: 135.75759840011597 seconds.
